[INFO] Scanning for projects...
[INFO] 
[INFO] -----------------------< com.example:oulearning >-----------------------
[INFO] Building  0.0.1-SNAPSHOT
[INFO]   from pom.xml
[INFO] --------------------------------[ jar ]---------------------------------
[INFO] 
[INFO] --- failsafe:3.2.5:integration-test (default-cli) @ oulearning ---
[INFO] Using auto detected provider org.apache.maven.surefire.junitplatform.JUnitPlatformProvider
[INFO] 
[INFO] -------------------------------------------------------
[INFO]  T E S T S
[INFO] -------------------------------------------------------
[INFO] Running com.example.oulearning.organization.OrganizationWorkflowIT
17:43:01.329 [main] INFO org.springframework.test.context.support.AnnotationConfigContextLoaderUtils -- Could not detect default configuration classes for test class [com.example.oulearning.organization.OrganizationWorkflowIT]: OrganizationWorkflowIT does not declare any static, non-private, non-final, nested classes annotated with @Configuration.
17:43:01.506 [main] INFO org.springframework.boot.test.context.SpringBootTestContextBootstrapper -- Found @SpringBootConfiguration com.example.oulearning.OulearningApplication for test class com.example.oulearning.organization.OrganizationWorkflowIT
17:43:01.631 [main] INFO org.testcontainers.images.PullPolicy -- Image pull policy will be performed by: DefaultPullPolicy()
17:43:01.635 [main] INFO org.testcontainers.utility.ImageNameSubstitutor -- Image name substitution will be performed by: DefaultImageNameSubstitutor (composite of 'ConfigurationFileImageNameSubstitutor' and 'PrefixingImageNameSubstitutor')
17:43:01.661 [main] INFO org.testcontainers.DockerClientFactory -- Testcontainers version: 1.20.4
17:43:02.153 [main] INFO org.testcontainers.dockerclient.DockerClientProviderStrategy -- Found Docker environment with Docker accessed via Unix socket (/Users/erik/.docker/run/docker.sock)
17:43:02.155 [main] INFO org.testcontainers.DockerClientFactory -- Docker host IP address is localhost
17:43:02.178 [main] INFO org.testcontainers.DockerClientFactory -- Connected to docker: 
  Server Version: 29.7.2
  API Version: 1.55
  Operating System: Docker Desktop
  Total Memory: 7931 MB
  Labels: 
    com.docker.desktop.address=unix:///Users/erik/Library/Containers/com.docker.docker/Data/docker-cli.sock
17:43:02.182 [main] WARN org.testcontainers.utility.ResourceReaper -- 
********************************************************************************
Ryuk has been disabled. This can cause unexpected behavior in your environment.
********************************************************************************
17:43:02.185 [main] INFO org.testcontainers.DockerClientFactory -- Checking the system...
17:43:02.186 [main] INFO org.testcontainers.DockerClientFactory -- ✔︎ Docker server version should be at least 1.6.0
17:43:02.274 [main] INFO tc.gvenzl/oracle-free:23-slim-faststart -- Creating container for image: gvenzl/oracle-free:23-slim-faststart
17:43:02.509 [main] INFO tc.gvenzl/oracle-free:23-slim-faststart -- Container gvenzl/oracle-free:23-slim-faststart is starting: 44383d39bd15fb1f59983f909de854b3826ec7f23acffdd3fca801be48a77fc7
17:43:11.893 [main] INFO tc.gvenzl/oracle-free:23-slim-faststart -- Container gvenzl/oracle-free:23-slim-faststart started in PT9.619044S

  .   ____          _            __ _ _
 /\\ / ___'_ __ _ _(_)_ __  __ _ \ \ \ \
( ( )\___ | '_ | '_| | '_ \/ _` | \ \ \ \
 \\/  ___)| |_)| | | | | || (_| |  ) ) ) )
  '  |____| .__|_| |_|_| |_\__, | / / / /
 =========|_|==============|___/=/_/_/_/

 :: Spring Boot ::                (v3.4.0)

2026-08-27T17:43:12.160+01:00  INFO 74676 --- [oulearning] [           main] c.e.o.o.OrganizationWorkflowIT           : Starting OrganizationWorkflowIT using Java 25.0.3 with PID 74676 (started by erik in /Users/erik/dev/oulearning)
2026-08-27T17:43:12.161+01:00  INFO 74676 --- [oulearning] [           main] c.e.o.o.OrganizationWorkflowIT           : No active profile set, falling back to 1 default profile: "default"
2026-08-27T17:43:12.701+01:00  INFO 74676 --- [oulearning] [           main] .s.d.r.c.RepositoryConfigurationDelegate : Bootstrapping Spring Data JPA repositories in DEFAULT mode.
2026-08-27T17:43:12.731+01:00  INFO 74676 --- [oulearning] [           main] .s.d.r.c.RepositoryConfigurationDelegate : Finished Spring Data repository scanning in 23 ms. Found 0 JPA repository interfaces.
2026-08-27T17:43:13.183+01:00  INFO 74676 --- [oulearning] [           main] o.s.b.w.embedded.tomcat.TomcatWebServer  : Tomcat initialized with port 0 (http)
2026-08-27T17:43:13.194+01:00  INFO 74676 --- [oulearning] [           main] o.apache.catalina.core.StandardService   : Starting service [Tomcat]
2026-08-27T17:43:13.195+01:00  INFO 74676 --- [oulearning] [           main] o.apache.catalina.core.StandardEngine    : Starting Servlet engine: [Apache Tomcat/10.1.33]
2026-08-27T17:43:13.243+01:00  INFO 74676 --- [oulearning] [           main] o.a.c.c.C.[Tomcat].[localhost].[/]       : Initializing Spring embedded WebApplicationContext
2026-08-27T17:43:13.243+01:00  INFO 74676 --- [oulearning] [           main] w.s.c.ServletWebServerApplicationContext : Root WebApplicationContext: initialization completed in 1071 ms
2026-08-27T17:43:13.940+01:00  INFO 74676 --- [oulearning] [           main] org.flywaydb.core.FlywayExecutor         : Database: jdbc:oracle:thin:@localhost:61973/FREEPDB1 (Oracle 23.26)
2026-08-27T17:43:14.171+01:00  WARN 74676 --- [oulearning] [           main] o.f.c.internal.database.base.Database    : Flyway upgrade recommended: Oracle 23.26 is newer than this version of Flyway and support has not been tested. The latest supported version of Oracle is 21.3.
2026-08-27T17:43:14.332+01:00  INFO 74676 --- [oulearning] [           main] o.f.c.i.s.JdbcTableSchemaHistory         : Schema history table "TEST"."flyway_schema_history" does not exist yet
2026-08-27T17:43:14.336+01:00  INFO 74676 --- [oulearning] [           main] o.f.core.internal.command.DbValidate     : Successfully validated 3 migrations (execution time 00:00.145s)
2026-08-27T17:43:15.053+01:00  INFO 74676 --- [oulearning] [           main] o.f.c.i.s.JdbcTableSchemaHistory         : Creating Schema History table "TEST"."flyway_schema_history" ...
2026-08-27T17:43:15.405+01:00  INFO 74676 --- [oulearning] [           main] o.f.core.internal.command.DbMigrate      : Current version of schema "TEST": << Empty Schema >>
2026-08-27T17:43:15.418+01:00  INFO 74676 --- [oulearning] [           main] o.f.core.internal.command.DbMigrate      : Migrating schema "TEST" to version "202608241431 - initial schema"
2026-08-27T17:43:16.170+01:00  INFO 74676 --- [oulearning] [           main] o.f.core.internal.command.DbMigrate      : Migrating schema "TEST" to version "202608251000 - add active column"
2026-08-27T17:43:16.299+01:00  INFO 74676 --- [oulearning] [           main] o.f.core.internal.command.DbMigrate      : Migrating schema "TEST" to version "202608251220 - normalize external provider"
2026-08-27T17:43:16.716+01:00  INFO 74676 --- [oulearning] [           main] o.f.core.internal.command.DbMigrate      : Successfully applied 3 migrations to schema "TEST", now at version v202608251220 (execution time 00:00.692s)
2026-08-27T17:43:16.804+01:00  INFO 74676 --- [oulearning] [           main] o.hibernate.jpa.internal.util.LogHelper  : HHH000204: Processing PersistenceUnitInfo [name: default]
2026-08-27T17:43:16.847+01:00  INFO 74676 --- [oulearning] [           main] org.hibernate.Version                    : HHH000412: Hibernate ORM core version 6.6.2.Final
2026-08-27T17:43:16.870+01:00  INFO 74676 --- [oulearning] [           main] o.h.c.internal.RegionFactoryInitiator    : HHH000026: Second-level cache disabled
2026-08-27T17:43:17.119+01:00  INFO 74676 --- [oulearning] [           main] o.s.o.j.p.SpringPersistenceUnitInfo      : No LoadTimeWeaver setup: ignoring JPA class transformer
2026-08-27T17:43:17.146+01:00  INFO 74676 --- [oulearning] [           main] com.zaxxer.hikari.HikariDataSource       : HikariPool-1 - Starting...
2026-08-27T17:43:17.209+01:00  INFO 74676 --- [oulearning] [           main] com.zaxxer.hikari.pool.HikariPool        : HikariPool-1 - Added connection oracle.jdbc.driver.T4CConnection@d082916
2026-08-27T17:43:17.211+01:00  INFO 74676 --- [oulearning] [           main] com.zaxxer.hikari.HikariDataSource       : HikariPool-1 - Start completed.
2026-08-27T17:43:17.248+01:00  WARN 74676 --- [oulearning] [           main] org.hibernate.orm.deprecation            : HHH90000025: OracleDialect does not need to be specified explicitly using 'hibernate.dialect' (remove the property setting and it will be selected by default)
2026-08-27T17:43:17.275+01:00  INFO 74676 --- [oulearning] [           main] org.hibernate.orm.connections.pooling    : HHH10001005: Database info:
	Database JDBC URL [Connecting through datasource 'HikariDataSource (HikariPool-1)']
	Database driver: undefined/unknown
	Database version: 23.26
	Autocommit mode: undefined/unknown
	Isolation level: undefined/unknown
	Minimum pool size: undefined/unknown
	Maximum pool size: undefined/unknown
2026-08-27T17:43:17.574+01:00  INFO 74676 --- [oulearning] [           main] o.h.e.t.j.p.i.JtaPlatformInitiator       : HHH000489: No JTA platform available (set 'hibernate.transaction.jta.platform' to enable JTA platform integration)
2026-08-27T17:43:17.577+01:00  INFO 74676 --- [oulearning] [           main] j.LocalContainerEntityManagerFactoryBean : Initialized JPA EntityManagerFactory for persistence unit 'default'
2026-08-27T17:43:17.879+01:00  WARN 74676 --- [oulearning] [           main] JpaBaseConfiguration$JpaWebConfiguration : spring.jpa.open-in-view is enabled by default. Therefore, database queries may be performed during view rendering. Explicitly configure spring.jpa.open-in-view to disable this warning
2026-08-27T17:43:18.329+01:00  INFO 74676 --- [oulearning] [           main] o.s.b.w.embedded.tomcat.TomcatWebServer  : Tomcat started on port 61987 (http) with context path '/'
2026-08-27T17:43:18.337+01:00  INFO 74676 --- [oulearning] [           main] c.e.o.o.OrganizationWorkflowIT           : Started OrganizationWorkflowIT in 6.419 seconds (process running for 17.9)
2026-08-27T17:43:19.204+01:00  INFO 74676 --- [oulearning] [o-auto-1-exec-1] o.a.c.c.C.[Tomcat].[localhost].[/]       : Initializing Spring DispatcherServlet 'dispatcherServlet'
2026-08-27T17:43:19.204+01:00  INFO 74676 --- [oulearning] [o-auto-1-exec-1] o.s.web.servlet.DispatcherServlet        : Initializing Servlet 'dispatcherServlet'
2026-08-27T17:43:19.205+01:00  INFO 74676 --- [oulearning] [o-auto-1-exec-1] o.s.web.servlet.DispatcherServlet        : Completed initialization in 1 ms
[INFO] Tests run: 2, Failures: 0, Errors: 0, Skipped: 0, Time elapsed: 18.90 s -- in com.example.oulearning.organization.OrganizationWorkflowIT
[INFO] Running com.example.oulearning.organization.infrastructure.web.EmployeeControllerIT
2026-08-27T17:43:20.135+01:00  INFO 74676 --- [oulearning] [           main] t.c.s.AnnotationConfigContextLoaderUtils : Could not detect default configuration classes for test class [com.example.oulearning.organization.infrastructure.web.EmployeeControllerIT]: EmployeeControllerIT does not declare any static, non-private, non-final, nested classes annotated with @Configuration.
2026-08-27T17:43:20.169+01:00  INFO 74676 --- [oulearning] [           main] .b.t.c.SpringBootTestContextBootstrapper : Found @SpringBootConfiguration com.example.oulearning.OulearningApplication for test class com.example.oulearning.organization.infrastructure.web.EmployeeControllerIT

  .   ____          _            __ _ _
 /\\ / ___'_ __ _ _(_)_ __  __ _ \ \ \ \
( ( )\___ | '_ | '_| | '_ \/ _` | \ \ \ \
 \\/  ___)| |_)| | | | | || (_| |  ) ) ) )
  '  |____| .__|_| |_|_| |_\__, | / / / /
 =========|_|==============|___/=/_/_/_/

 :: Spring Boot ::                (v3.4.0)

2026-08-27T17:43:20.203+01:00  INFO 74676 --- [oulearning] [           main] c.e.o.o.i.web.EmployeeControllerIT       : Starting EmployeeControllerIT using Java 25.0.3 with PID 74676 (started by erik in /Users/erik/dev/oulearning)
2026-08-27T17:43:20.203+01:00  INFO 74676 --- [oulearning] [           main] c.e.o.o.i.web.EmployeeControllerIT       : No active profile set, falling back to 1 default profile: "default"
2026-08-27T17:43:20.673+01:00  INFO 74676 --- [oulearning] [           main] o.s.b.t.m.w.SpringBootMockServletContext : Initializing Spring TestDispatcherServlet ''
2026-08-27T17:43:20.673+01:00  INFO 74676 --- [oulearning] [           main] o.s.t.web.servlet.TestDispatcherServlet  : Initializing Servlet ''
2026-08-27T17:43:20.674+01:00  INFO 74676 --- [oulearning] [           main] o.s.t.web.servlet.TestDispatcherServlet  : Completed initialization in 1 ms
2026-08-27T17:43:20.683+01:00  INFO 74676 --- [oulearning] [           main] c.e.o.o.i.web.EmployeeControllerIT       : Started EmployeeControllerIT in 0.506 seconds (process running for 20.246)
[INFO] Tests run: 4, Failures: 0, Errors: 0, Skipped: 0, Time elapsed: 0.677 s -- in com.example.oulearning.organization.infrastructure.web.EmployeeControllerIT
[INFO] Running com.example.oulearning.organization.infrastructure.web.OrganizationalUnitControllerIT
2026-08-27T17:43:20.814+01:00  INFO 74676 --- [oulearning] [           main] t.c.s.AnnotationConfigContextLoaderUtils : Could not detect default configuration classes for test class [com.example.oulearning.organization.infrastructure.web.OrganizationalUnitControllerIT]: OrganizationalUnitControllerIT does not declare any static, non-private, non-final, nested classes annotated with @Configuration.
2026-08-27T17:43:20.821+01:00  INFO 74676 --- [oulearning] [           main] .b.t.c.SpringBootTestContextBootstrapper : Found @SpringBootConfiguration com.example.oulearning.OulearningApplication for test class com.example.oulearning.organization.infrastructure.web.OrganizationalUnitControllerIT

  .   ____          _            __ _ _
 /\\ / ___'_ __ _ _(_)_ __  __ _ \ \ \ \
( ( )\___ | '_ | '_| | '_ \/ _` | \ \ \ \
 \\/  ___)| |_)| | | | | || (_| |  ) ) ) )
  '  |____| .__|_| |_|_| |_\__, | / / / /
 =========|_|==============|___/=/_/_/_/

 :: Spring Boot ::                (v3.4.0)

2026-08-27T17:43:20.840+01:00  INFO 74676 --- [oulearning] [           main] e.o.o.i.w.OrganizationalUnitControllerIT : Starting OrganizationalUnitControllerIT using Java 25.0.3 with PID 74676 (started by erik in /Users/erik/dev/oulearning)
2026-08-27T17:43:20.840+01:00  INFO 74676 --- [oulearning] [           main] e.o.o.i.w.OrganizationalUnitControllerIT : No active profile set, falling back to 1 default profile: "default"
2026-08-27T17:43:21.416+01:00  INFO 74676 --- [oulearning] [           main] o.s.b.t.m.w.SpringBootMockServletContext : Initializing Spring TestDispatcherServlet ''
2026-08-27T17:43:21.416+01:00  INFO 74676 --- [oulearning] [           main] o.s.t.web.servlet.TestDispatcherServlet  : Initializing Servlet ''
2026-08-27T17:43:21.416+01:00  INFO 74676 --- [oulearning] [           main] o.s.t.web.servlet.TestDispatcherServlet  : Completed initialization in 0 ms
2026-08-27T17:43:21.419+01:00  INFO 74676 --- [oulearning] [           main] e.o.o.i.w.OrganizationalUnitControllerIT : Started OrganizationalUnitControllerIT in 0.595 seconds (process running for 20.982)
[INFO] Tests run: 5, Failures: 0, Errors: 0, Skipped: 0, Time elapsed: 0.660 s -- in com.example.oulearning.organization.infrastructure.web.OrganizationalUnitControllerIT
[INFO] Running com.example.oulearning.organization.infrastructure.persistence.hierarchy.MyBatisOrganizationalUnitRepositoryIT
2026-08-27T17:43:21.475+01:00  INFO 74676 --- [oulearning] [           main] t.c.s.AnnotationConfigContextLoaderUtils : Could not detect default configuration classes for test class [com.example.oulearning.organization.infrastructure.persistence.hierarchy.MyBatisOrganizationalUnitRepositoryIT]: MyBatisOrganizationalUnitRepositoryIT does not declare any static, non-private, non-final, nested classes annotated with @Configuration.
2026-08-27T17:43:21.501+01:00  INFO 74676 --- [oulearning] [           main] .b.t.c.SpringBootTestContextBootstrapper : Found @SpringBootConfiguration com.example.oulearning.OulearningApplication for test class com.example.oulearning.organization.infrastructure.persistence.hierarchy.MyBatisOrganizationalUnitRepositoryIT
2026-08-27T17:43:21.504+01:00  INFO 74676 --- [oulearning] [           main] t.gvenzl/oracle-free:23-slim-faststart   : Creating container for image: gvenzl/oracle-free:23-slim-faststart
2026-08-27T17:43:21.569+01:00  INFO 74676 --- [oulearning] [           main] t.gvenzl/oracle-free:23-slim-faststart   : Container gvenzl/oracle-free:23-slim-faststart is starting: 8743a043ef16075b88a1cd6396bfc0c30821020cc07a493ce577d7356d72e428
2026-08-27T17:44:21.828+01:00 ERROR 74676 --- [oulearning] [           main] t.gvenzl/oracle-free:23-slim-faststart   : Could not start container

org.testcontainers.containers.ContainerLaunchException: Timed out waiting for log output matching '.*DATABASE IS READY TO USE!.*\s'
	at org.testcontainers.containers.wait.strategy.LogMessageWaitStrategy.waitUntilReady(LogMessageWaitStrategy.java:47) ~[testcontainers-1.20.4.jar:1.20.4]
	at org.testcontainers.containers.wait.strategy.AbstractWaitStrategy.waitUntilReady(AbstractWaitStrategy.java:52) ~[testcontainers-1.20.4.jar:1.20.4]
	at org.testcontainers.containers.GenericContainer.waitUntilContainerStarted(GenericContainer.java:909) ~[testcontainers-1.20.4.jar:1.20.4]
	at org.testcontainers.containers.GenericContainer.tryStart(GenericContainer.java:492) ~[testcontainers-1.20.4.jar:1.20.4]
	at org.testcontainers.containers.GenericContainer.lambda$doStart$0(GenericContainer.java:346) ~[testcontainers-1.20.4.jar:1.20.4]
	at org.rnorth.ducttape.unreliables.Unreliables.retryUntilSuccess(Unreliables.java:81) ~[duct-tape-1.0.8.jar:na]
	at org.testcontainers.containers.GenericContainer.doStart(GenericContainer.java:336) ~[testcontainers-1.20.4.jar:1.20.4]
	at org.testcontainers.containers.GenericContainer.start(GenericContainer.java:322) ~[testcontainers-1.20.4.jar:1.20.4]
	at org.testcontainers.junit.jupiter.TestcontainersExtension$StoreAdapter.start(TestcontainersExtension.java:276) ~[junit-jupiter-1.20.4.jar:na]
	at org.testcontainers.junit.jupiter.TestcontainersExtension$StoreAdapter.access$200(TestcontainersExtension.java:263) ~[junit-jupiter-1.20.4.jar:na]
	at org.testcontainers.junit.jupiter.TestcontainersExtension.lambda$null$4(TestcontainersExtension.java:83) ~[junit-jupiter-1.20.4.jar:na]
	at org.junit.platform.engine.support.store.NamespacedHierarchicalStore.lambda$getOrComputeIfAbsent$5(NamespacedHierarchicalStore.java:182) ~[junit-platform-engine-1.11.3.jar:1.11.3]
	at org.junit.platform.engine.support.store.NamespacedHierarchicalStore$MemoizingSupplier.computeValue(NamespacedHierarchicalStore.java:422) ~[junit-platform-engine-1.11.3.jar:1.11.3]
	at org.junit.platform.engine.support.store.NamespacedHierarchicalStore$MemoizingSupplier.get(NamespacedHierarchicalStore.java:411) ~[junit-platform-engine-1.11.3.jar:1.11.3]
	at org.junit.platform.engine.support.store.NamespacedHierarchicalStore$StoredValue.evaluate(NamespacedHierarchicalStore.java:358) ~[junit-platform-engine-1.11.3.jar:1.11.3]
	at org.junit.platform.engine.support.store.NamespacedHierarchicalStore$StoredValue.access$200(NamespacedHierarchicalStore.java:337) ~[junit-platform-engine-1.11.3.jar:1.11.3]
	at org.junit.platform.engine.support.store.NamespacedHierarchicalStore.getOrComputeIfAbsent(NamespacedHierarchicalStore.java:185) ~[junit-platform-engine-1.11.3.jar:1.11.3]
	at org.junit.jupiter.engine.execution.NamespaceAwareStore.lambda$getOrComputeIfAbsent$2(NamespaceAwareStore.java:57) ~[junit-jupiter-engine-5.11.3.jar:5.11.3]
	at org.junit.jupiter.engine.execution.NamespaceAwareStore.accessStore(NamespaceAwareStore.java:90) ~[junit-jupiter-engine-5.11.3.jar:5.11.3]
	at org.junit.jupiter.engine.execution.NamespaceAwareStore.getOrComputeIfAbsent(NamespaceAwareStore.java:57) ~[junit-jupiter-engine-5.11.3.jar:5.11.3]
	at org.testcontainers.junit.jupiter.TestcontainersExtension.lambda$startContainers$5(TestcontainersExtension.java:83) ~[junit-jupiter-1.20.4.jar:na]
	at java.base/java.util.ArrayList.forEach(ArrayList.java:1604) ~[na:na]
	at org.testcontainers.junit.jupiter.TestcontainersExtension.startContainers(TestcontainersExtension.java:83) ~[junit-jupiter-1.20.4.jar:na]
	at org.testcontainers.junit.jupiter.TestcontainersExtension.beforeAll(TestcontainersExtension.java:57) ~[junit-jupiter-1.20.4.jar:na]
	at org.junit.jupiter.engine.descriptor.ClassBasedTestDescriptor.lambda$invokeBeforeAllCallbacks$13(ClassBasedTestDescriptor.java:396) ~[junit-jupiter-engine-5.11.3.jar:5.11.3]
	at org.junit.platform.engine.support.hierarchical.ThrowableCollector.execute(ThrowableCollector.java:73) ~[junit-platform-engine-1.11.3.jar:1.11.3]
	at org.junit.jupiter.engine.descriptor.ClassBasedTestDescriptor.invokeBeforeAllCallbacks(ClassBasedTestDescriptor.java:396) ~[junit-jupiter-engine-5.11.3.jar:5.11.3]
	at org.junit.jupiter.engine.descriptor.ClassBasedTestDescriptor.before(ClassBasedTestDescriptor.java:212) ~[junit-jupiter-engine-5.11.3.jar:5.11.3]
	at org.junit.jupiter.engine.descriptor.ClassBasedTestDescriptor.before(ClassBasedTestDescriptor.java:85) ~[junit-jupiter-engine-5.11.3.jar:5.11.3]
	at org.junit.platform.engine.support.hierarchical.NodeTestTask.lambda$executeRecursively$6(NodeTestTask.java:153) ~[junit-platform-engine-1.11.3.jar:1.11.3]
	at org.junit.platform.engine.support.hierarchical.ThrowableCollector.execute(ThrowableCollector.java:73) ~[junit-platform-engine-1.11.3.jar:1.11.3]
	at org.junit.platform.engine.support.hierarchical.NodeTestTask.lambda$executeRecursively$8(NodeTestTask.java:146) ~[junit-platform-engine-1.11.3.jar:1.11.3]
	at org.junit.platform.engine.support.hierarchical.Node.around(Node.java:137) ~[junit-platform-engine-1.11.3.jar:1.11.3]
	at org.junit.platform.engine.support.hierarchical.NodeTestTask.lambda$executeRecursively$9(NodeTestTask.java:144) ~[junit-platform-engine-1.11.3.jar:1.11.3]
	at org.junit.platform.engine.support.hierarchical.ThrowableCollector.execute(ThrowableCollector.java:73) ~[junit-platform-engine-1.11.3.jar:1.11.3]
	at org.junit.platform.engine.support.hierarchical.NodeTestTask.executeRecursively(NodeTestTask.java:143) ~[junit-platform-engine-1.11.3.jar:1.11.3]
	at org.junit.platform.engine.support.hierarchical.NodeTestTask.execute(NodeTestTask.java:100) ~[junit-platform-engine-1.11.3.jar:1.11.3]
	at java.base/java.util.ArrayList.forEach(ArrayList.java:1604) ~[na:na]
	at org.junit.platform.engine.support.hierarchical.SameThreadHierarchicalTestExecutorService.invokeAll(SameThreadHierarchicalTestExecutorService.java:41) ~[junit-platform-engine-1.11.3.jar:1.11.3]
	at org.junit.platform.engine.support.hierarchical.NodeTestTask.lambda$executeRecursively$6(NodeTestTask.java:160) ~[junit-platform-engine-1.11.3.jar:1.11.3]
	at org.junit.platform.engine.support.hierarchical.ThrowableCollector.execute(ThrowableCollector.java:73) ~[junit-platform-engine-1.11.3.jar:1.11.3]
	at org.junit.platform.engine.support.hierarchical.NodeTestTask.lambda$executeRecursively$8(NodeTestTask.java:146) ~[junit-platform-engine-1.11.3.jar:1.11.3]
	at org.junit.platform.engine.support.hierarchical.Node.around(Node.java:137) ~[junit-platform-engine-1.11.3.jar:1.11.3]
	at org.junit.platform.engine.support.hierarchical.NodeTestTask.lambda$executeRecursively$9(NodeTestTask.java:144) ~[junit-platform-engine-1.11.3.jar:1.11.3]
	at org.junit.platform.engine.support.hierarchical.ThrowableCollector.execute(ThrowableCollector.java:73) ~[junit-platform-engine-1.11.3.jar:1.11.3]
	at org.junit.platform.engine.support.hierarchical.NodeTestTask.executeRecursively(NodeTestTask.java:143) ~[junit-platform-engine-1.11.3.jar:1.11.3]
	at org.junit.platform.engine.support.hierarchical.NodeTestTask.execute(NodeTestTask.java:100) ~[junit-platform-engine-1.11.3.jar:1.11.3]
	at org.junit.platform.engine.support.hierarchical.SameThreadHierarchicalTestExecutorService.submit(SameThreadHierarchicalTestExecutorService.java:35) ~[junit-platform-engine-1.11.3.jar:1.11.3]
	at org.junit.platform.engine.support.hierarchical.HierarchicalTestExecutor.execute(HierarchicalTestExecutor.java:57) ~[junit-platform-engine-1.11.3.jar:1.11.3]
	at org.junit.platform.engine.support.hierarchical.HierarchicalTestEngine.execute(HierarchicalTestEngine.java:54) ~[junit-platform-engine-1.11.3.jar:1.11.3]
	at org.junit.platform.launcher.core.EngineExecutionOrchestrator.execute(EngineExecutionOrchestrator.java:198) ~[junit-platform-launcher-1.11.3.jar:1.11.3]
	at org.junit.platform.launcher.core.EngineExecutionOrchestrator.execute(EngineExecutionOrchestrator.java:169) ~[junit-platform-launcher-1.11.3.jar:1.11.3]
	at org.junit.platform.launcher.core.EngineExecutionOrchestrator.execute(EngineExecutionOrchestrator.java:93) ~[junit-platform-launcher-1.11.3.jar:1.11.3]
	at org.junit.platform.launcher.core.EngineExecutionOrchestrator.lambda$execute$0(EngineExecutionOrchestrator.java:58) ~[junit-platform-launcher-1.11.3.jar:1.11.3]
	at org.junit.platform.launcher.core.EngineExecutionOrchestrator.withInterceptedStreams(EngineExecutionOrchestrator.java:141) ~[junit-platform-launcher-1.11.3.jar:1.11.3]
	at org.junit.platform.launcher.core.EngineExecutionOrchestrator.execute(EngineExecutionOrchestrator.java:57) ~[junit-platform-launcher-1.11.3.jar:1.11.3]
	at org.junit.platform.launcher.core.DefaultLauncher.execute(DefaultLauncher.java:103) ~[junit-platform-launcher-1.11.3.jar:1.11.3]
	at org.junit.platform.launcher.core.DefaultLauncher.execute(DefaultLauncher.java:85) ~[junit-platform-launcher-1.11.3.jar:1.11.3]
	at org.junit.platform.launcher.core.DelegatingLauncher.execute(DelegatingLauncher.java:47) ~[junit-platform-launcher-1.11.3.jar:1.11.3]
	at org.apache.maven.surefire.junitplatform.LazyLauncher.execute(LazyLauncher.java:56) ~[surefire-junit-platform-3.2.5.jar:3.2.5]
	at org.apache.maven.surefire.junitplatform.JUnitPlatformProvider.execute(JUnitPlatformProvider.java:184) ~[surefire-junit-platform-3.2.5.jar:3.2.5]
	at org.apache.maven.surefire.junitplatform.JUnitPlatformProvider.invokeAllTests(JUnitPlatformProvider.java:148) ~[surefire-junit-platform-3.2.5.jar:3.2.5]
	at org.apache.maven.surefire.junitplatform.JUnitPlatformProvider.invoke(JUnitPlatformProvider.java:122) ~[surefire-junit-platform-3.2.5.jar:3.2.5]
	at org.apache.maven.surefire.booter.ForkedBooter.runSuitesInProcess(ForkedBooter.java:385) ~[surefire-booter-3.2.5.jar:3.2.5]
	at org.apache.maven.surefire.booter.ForkedBooter.execute(ForkedBooter.java:162) ~[surefire-booter-3.2.5.jar:3.2.5]
	at org.apache.maven.surefire.booter.ForkedBooter.run(ForkedBooter.java:507) ~[surefire-booter-3.2.5.jar:3.2.5]
	at org.apache.maven.surefire.booter.ForkedBooter.main(ForkedBooter.java:495) ~[surefire-booter-3.2.5.jar:3.2.5]

2026-08-27T17:44:21.860+01:00 ERROR 74676 --- [oulearning] [           main] t.gvenzl/oracle-free:23-slim-faststart   : Log output from the failed container:
CONTAINER: starting up...
CONTAINER: first database startup, initializing...
CONTAINER: starting up Oracle Database...

LSNRCTL for Linux: Version 23.26.2.0.0 - Production on 27-AUG-2026 16:43:21

Copyright (c) 1991, 2026, Oracle.  All rights reserved.

Starting /opt/oracle/product/26ai/dbhomeFree/bin/tnslsnr: please wait...

TNSLSNR for Linux: Version 23.26.2.0.0 - Production
System parameter file is /opt/oracle/product/26ai/dbhomeFree/network/admin/listener.ora
Log messages written to /opt/oracle/diag/tnslsnr/8743a043ef16/listener/alert/log.xml
Listening on: (DESCRIPTION=(ADDRESS=(PROTOCOL=ipc)(KEY=EXTPROC_FOR_FREE)))
Listening on: (DESCRIPTION=(ADDRESS=(PROTOCOL=tcp)(HOST=8743a043ef16)(PORT=1521)))

Connecting to (DESCRIPTION=(ADDRESS=(PROTOCOL=IPC)(KEY=EXTPROC_FOR_FREE)))
STATUS of the LISTENER
------------------------
Alias                     LISTENER
Version                   TNSLSNR for Linux: Version 23.26.2.0.0 - Production
Start Date                27-AUG-2026 16:43:21
Uptime                    0 days 0 hr. 0 min. 0 sec
Trace Level               off
Security                  ON: Local OS Authentication
SNMP                      OFF
Default Service           FREE
Listener Parameter File   /opt/oracle/product/26ai/dbhomeFree/network/admin/listener.ora
Listener Log File         /opt/oracle/diag/tnslsnr/8743a043ef16/listener/alert/log.xml
Listening Endpoints Summary...
  (DESCRIPTION=(ADDRESS=(PROTOCOL=ipc)(KEY=EXTPROC_FOR_FREE)))
  (DESCRIPTION=(ADDRESS=(PROTOCOL=tcp)(HOST=8743a043ef16)(PORT=1521)))
The listener supports no services
The command completed successfully

[ERROR] Tests run: 1, Failures: 0, Errors: 1, Skipped: 0, Time elapsed: 60.65 s <<< FAILURE! -- in com.example.oulearning.organization.infrastructure.persistence.hierarchy.MyBatisOrganizationalUnitRepositoryIT
[ERROR] com.example.oulearning.organization.infrastructure.persistence.hierarchy.MyBatisOrganizationalUnitRepositoryIT -- Time elapsed: 60.65 s <<< ERROR!
org.testcontainers.containers.ContainerLaunchException: Container startup failed for image gvenzl/oracle-free:23-slim-faststart
	at org.testcontainers.containers.GenericContainer.doStart(GenericContainer.java:351)
	at org.testcontainers.containers.GenericContainer.start(GenericContainer.java:322)
	at org.testcontainers.junit.jupiter.TestcontainersExtension$StoreAdapter.start(TestcontainersExtension.java:276)
	at org.testcontainers.junit.jupiter.TestcontainersExtension$StoreAdapter.access$200(TestcontainersExtension.java:263)
	at org.testcontainers.junit.jupiter.TestcontainersExtension.lambda$null$4(TestcontainersExtension.java:83)
	at org.testcontainers.junit.jupiter.TestcontainersExtension.lambda$startContainers$5(TestcontainersExtension.java:83)
	at java.base/java.util.ArrayList.forEach(ArrayList.java:1604)
	at org.testcontainers.junit.jupiter.TestcontainersExtension.startContainers(TestcontainersExtension.java:83)
	at org.testcontainers.junit.jupiter.TestcontainersExtension.beforeAll(TestcontainersExtension.java:57)
	at java.base/java.util.ArrayList.forEach(ArrayList.java:1604)
Caused by: org.rnorth.ducttape.RetryCountExceededException: Retry limit hit with exception
	at org.rnorth.ducttape.unreliables.Unreliables.retryUntilSuccess(Unreliables.java:88)
	at org.testcontainers.containers.GenericContainer.doStart(GenericContainer.java:336)
	... 9 more
Caused by: org.testcontainers.containers.ContainerLaunchException: Could not create/start container
	at org.testcontainers.containers.GenericContainer.tryStart(GenericContainer.java:556)
	at org.testcontainers.containers.GenericContainer.lambda$doStart$0(GenericContainer.java:346)
	at org.rnorth.ducttape.unreliables.Unreliables.retryUntilSuccess(Unreliables.java:81)
	... 10 more
Caused by: org.testcontainers.containers.ContainerLaunchException: Timed out waiting for log output matching '.*DATABASE IS READY TO USE!.*\s'
	at org.testcontainers.containers.wait.strategy.LogMessageWaitStrategy.waitUntilReady(LogMessageWaitStrategy.java:47)
	at org.testcontainers.containers.wait.strategy.AbstractWaitStrategy.waitUntilReady(AbstractWaitStrategy.java:52)
	at org.testcontainers.containers.GenericContainer.waitUntilContainerStarted(GenericContainer.java:909)
	at org.testcontainers.containers.GenericContainer.tryStart(GenericContainer.java:492)
	... 12 more

[INFO] Running com.example.oulearning.organization.infrastructure.persistence.employee.MyBatisEmployeeRepositoryIT
2026-08-27T17:44:22.124+01:00  INFO 74676 --- [oulearning] [           main] t.c.s.AnnotationConfigContextLoaderUtils : Could not detect default configuration classes for test class [com.example.oulearning.organization.infrastructure.persistence.employee.MyBatisEmployeeRepositoryIT]: MyBatisEmployeeRepositoryIT does not declare any static, non-private, non-final, nested classes annotated with @Configuration.
2026-08-27T17:44:22.145+01:00  INFO 74676 --- [oulearning] [           main] .b.t.c.SpringBootTestContextBootstrapper : Found @SpringBootConfiguration com.example.oulearning.OulearningApplication for test class com.example.oulearning.organization.infrastructure.persistence.employee.MyBatisEmployeeRepositoryIT
2026-08-27T17:44:22.147+01:00  INFO 74676 --- [oulearning] [           main] t.gvenzl/oracle-free:23-slim-faststart   : Creating container for image: gvenzl/oracle-free:23-slim-faststart
2026-08-27T17:44:22.198+01:00  INFO 74676 --- [oulearning] [           main] t.gvenzl/oracle-free:23-slim-faststart   : Container gvenzl/oracle-free:23-slim-faststart is starting: b50932726d0469fb928c67bdd11b85765db979ee288ee4f50a08d9b1475d62be
2026-08-27T17:44:31.345+01:00  INFO 74676 --- [oulearning] [           main] t.gvenzl/oracle-free:23-slim-faststart   : Container gvenzl/oracle-free:23-slim-faststart started in PT9.197317S

  .   ____          _            __ _ _
 /\\ / ___'_ __ _ _(_)_ __  __ _ \ \ \ \
( ( )\___ | '_ | '_| | '_ \/ _` | \ \ \ \
 \\/  ___)| |_)| | | | | || (_| |  ) ) ) )
  '  |____| .__|_| |_|_| |_\__, | / / / /
 =========|_|==============|___/=/_/_/_/

 :: Spring Boot ::                (v3.4.0)

2026-08-27T17:44:31.361+01:00  INFO 74676 --- [oulearning] [           main] .e.o.o.i.p.e.MyBatisEmployeeRepositoryIT : Starting MyBatisEmployeeRepositoryIT using Java 25.0.3 with PID 74676 (started by erik in /Users/erik/dev/oulearning)
2026-08-27T17:44:31.361+01:00  INFO 74676 --- [oulearning] [           main] .e.o.o.i.p.e.MyBatisEmployeeRepositoryIT : No active profile set, falling back to 1 default profile: "default"
2026-08-27T17:44:31.565+01:00  INFO 74676 --- [oulearning] [           main] org.flywaydb.core.FlywayExecutor         : Database: jdbc:oracle:thin:@localhost:61998/FREEPDB1 (Oracle 23.26)
2026-08-27T17:44:31.596+01:00  WARN 74676 --- [oulearning] [           main] o.f.c.internal.database.base.Database    : Flyway upgrade recommended: Oracle 23.26 is newer than this version of Flyway and support has not been tested. The latest supported version of Oracle is 21.3.
2026-08-27T17:44:31.693+01:00  INFO 74676 --- [oulearning] [           main] o.f.c.i.s.JdbcTableSchemaHistory         : Schema history table "TEST"."flyway_schema_history" does not exist yet
2026-08-27T17:44:31.694+01:00  INFO 74676 --- [oulearning] [           main] o.f.core.internal.command.DbValidate     : Successfully validated 3 migrations (execution time 00:00.094s)
2026-08-27T17:44:32.367+01:00  INFO 74676 --- [oulearning] [           main] o.f.c.i.s.JdbcTableSchemaHistory         : Creating Schema History table "TEST"."flyway_schema_history" ...
2026-08-27T17:44:32.643+01:00  INFO 74676 --- [oulearning] [           main] o.f.core.internal.command.DbMigrate      : Current version of schema "TEST": << Empty Schema >>
2026-08-27T17:44:32.649+01:00  INFO 74676 --- [oulearning] [           main] o.f.core.internal.command.DbMigrate      : Migrating schema "TEST" to version "202608241431 - initial schema"
2026-08-27T17:44:33.378+01:00  INFO 74676 --- [oulearning] [           main] o.f.core.internal.command.DbMigrate      : Migrating schema "TEST" to version "202608251000 - add active column"
2026-08-27T17:44:33.501+01:00  INFO 74676 --- [oulearning] [           main] o.f.core.internal.command.DbMigrate      : Migrating schema "TEST" to version "202608251220 - normalize external provider"
2026-08-27T17:44:34.005+01:00  INFO 74676 --- [oulearning] [           main] o.f.core.internal.command.DbMigrate      : Successfully applied 3 migrations to schema "TEST", now at version v202608251220 (execution time 00:00.770s)
2026-08-27T17:44:34.044+01:00  INFO 74676 --- [oulearning] [           main] .e.o.o.i.p.e.MyBatisEmployeeRepositoryIT : Started MyBatisEmployeeRepositoryIT in 2.698 seconds (process running for 93.606)
2026-08-27T17:44:34.049+01:00  INFO 74676 --- [oulearning] [           main] com.zaxxer.hikari.HikariDataSource       : HikariPool-2 - Starting...
2026-08-27T17:44:34.077+01:00  INFO 74676 --- [oulearning] [           main] com.zaxxer.hikari.pool.HikariPool        : HikariPool-2 - Added connection oracle.jdbc.driver.T4CConnection@2e1437aa
2026-08-27T17:44:34.077+01:00  INFO 74676 --- [oulearning] [           main] com.zaxxer.hikari.HikariDataSource       : HikariPool-2 - Start completed.
2026-08-27T17:44:34.183+01:00  INFO 74676 --- [oulearning] [onnection adder] oracle.jdbc                              : entering args (oracle.jdbc.internal.AbstractConnectionBuilder$1@3974dad2)
2026-08-27T17:44:34.184+01:00  INFO 74676 --- [oulearning] [onnection adder] oracle.jdbc                              : traceId=1B637423. 
2026-08-27T17:44:34.185+01:00  INFO 74676 --- [oulearning] [onnection adder] oracle.jdbc                              : Session Attributes: 
sdu=8192, tdu=2097152
nt: host=localhost, port=61998, socketOptions={0=YES, 1=NO, 17=0, 18=false, 2=30000, 20=true, 38=TLS, 23=40, 24=50, 40=false, 25=0}
    socket=null
client profile={oracle.net.encryption_types_client=(), oracle.net.crypto_seed=, oracle.net.authentication_services=(), oracle.net.setFIPSMode=false, oracle.net.kerberos5_mutual_authentication=false, oracle.net.encryption_client=ACCEPTED, oracle.net.crypto_checksum_client=ACCEPTED, oracle.net.crypto_checksum_types_client=()}
onBreakReset=false, dataEOF=false, negotiatedOptions=0x0, connected=false
TTIINIT enabled=false, TTC cookie enabled=false

2026-08-27T17:44:34.185+01:00  INFO 74676 --- [oulearning] [onnection adder] oracle.jdbc                              : traceId=1B637423, anoEnabled=true. 
2026-08-27T17:44:34.186+01:00  INFO 74676 --- [oulearning] [onnection adder] oracle.jdbc                              : Connection establishment failed due to IOException, will be trying with next available connect option.
2026-08-27T17:44:34.186+01:00  INFO 74676 --- [oulearning] [onnection adder] oracle.jdbc                              : Got Refused, SessionTraceId = 1B637423
2026-08-27T17:44:34.187+01:00  INFO 74676 --- [oulearning] [onnection adder] oracle.jdbc                              : Outbound interrupt timer cancelled null
2026-08-27T17:44:34.187+01:00  INFO 74676 --- [oulearning] [onnection adder] oracle.jdbc                              : Session Attributes: 
sdu=8192, tdu=2097152
nt: host=localhost, port=61998, socketOptions={0=YES, 1=NO, 17=0, 18=false, 2=30000, 20=true, 38=TLS, 23=40, 24=50, 40=false, 25=0}
    socket=null
client profile={oracle.net.encryption_types_client=(), oracle.net.crypto_seed=, oracle.net.authentication_services=(), oracle.net.setFIPSMode=false, oracle.net.kerberos5_mutual_authentication=false, oracle.net.encryption_client=ACCEPTED, oracle.net.crypto_checksum_client=ACCEPTED, oracle.net.crypto_checksum_types_client=()}
onBreakReset=false, dataEOF=false, negotiatedOptions=0x0, connected=false
TTIINIT enabled=false, TTC cookie enabled=false

2026-08-27T17:44:34.187+01:00  INFO 74676 --- [oulearning] [onnection adder] oracle.jdbc                              : Connection establishment failed due to IOException, will be trying with next available connect option.
2026-08-27T17:44:34.187+01:00  INFO 74676 --- [oulearning] [onnection adder] oracle.jdbc                              : Got Refused, SessionTraceId = 1B637423
2026-08-27T17:44:34.187+01:00  INFO 74676 --- [oulearning] [onnection adder] oracle.jdbc                              : Outbound interrupt timer cancelled null
2026-08-27T17:44:34.187+01:00  INFO 74676 --- [oulearning] [onnection adder] oracle.jdbc                              : throwing

java.sql.SQLRecoverableException: ORA-17002: I/O error: Connection reset, connect lapse 1 ms., Authentication lapse 0 ms.
https://docs.oracle.com/error-help/db/ora-17002/
	at oracle.jdbc.driver.T4CConnection.handleLogonIOException(T4CConnection.java:1660) ~[ojdbc11-23.5.0.24.07.jar:23.5.0.24.07]
	at oracle.jdbc.driver.T4CConnection.logon(T4CConnection.java:1142) ~[ojdbc11-23.5.0.24.07.jar:23.5.0.24.07]
	at oracle.jdbc.driver.PhysicalConnection.connect(PhysicalConnection.java:1206) ~[ojdbc11-23.5.0.24.07.jar:23.5.0.24.07]
	at oracle.jdbc.driver.T4CDriverExtension.getConnection(T4CDriverExtension.java:105) ~[ojdbc11-23.5.0.24.07.jar:23.5.0.24.07]
	at oracle.jdbc.driver.OracleDriver.connect(OracleDriver.java:886) ~[ojdbc11-23.5.0.24.07.jar:23.5.0.24.07]
	at oracle.jdbc.driver.OracleDriver.connect(OracleDriver.java:693) ~[ojdbc11-23.5.0.24.07.jar:23.5.0.24.07]
	at com.zaxxer.hikari.util.DriverDataSource.getConnection(DriverDataSource.java:137) ~[HikariCP-5.1.0.jar:na]
	at com.zaxxer.hikari.pool.PoolBase.newConnection(PoolBase.java:360) ~[HikariCP-5.1.0.jar:na]
	at com.zaxxer.hikari.pool.PoolBase.newPoolEntry(PoolBase.java:202) ~[HikariCP-5.1.0.jar:na]
	at com.zaxxer.hikari.pool.HikariPool.createPoolEntry(HikariPool.java:461) ~[HikariCP-5.1.0.jar:na]
	at com.zaxxer.hikari.pool.HikariPool$PoolEntryCreator.call(HikariPool.java:724) ~[HikariCP-5.1.0.jar:na]
	at com.zaxxer.hikari.pool.HikariPool$PoolEntryCreator.call(HikariPool.java:703) ~[HikariCP-5.1.0.jar:na]
	at java.base/java.util.concurrent.FutureTask.run(FutureTask.java:328) ~[na:na]
	at java.base/java.util.concurrent.ThreadPoolExecutor.runWorker(ThreadPoolExecutor.java:1090) ~[na:na]
	at java.base/java.util.concurrent.ThreadPoolExecutor$Worker.run(ThreadPoolExecutor.java:614) ~[na:na]
	at java.base/java.lang.Thread.run(Thread.java:1474) ~[na:na]
Caused by: java.io.IOException: Connection reset, connect lapse 1 ms., Authentication lapse 0 ms.
	at oracle.jdbc.driver.T4CConnection.handleLogonIOException(T4CConnection.java:1655) ~[ojdbc11-23.5.0.24.07.jar:23.5.0.24.07]
	... 15 common frames omitted
Caused by: java.io.IOException: Connection reset, connect lapse 1 ms.
	at oracle.net.ns.NSProtocolNIO.negotiateConnection(NSProtocolNIO.java:263) ~[ojdbc11-23.5.0.24.07.jar:23.5.0.24.07]
	at oracle.net.ns.NSProtocol.connect(NSProtocol.java:352) ~[ojdbc11-23.5.0.24.07.jar:23.5.0.24.07]
	at oracle.jdbc.driver.T4CConnection.connectNetworkSessionProtocol(T4CConnection.java:3419) ~[ojdbc11-23.5.0.24.07.jar:23.5.0.24.07]
	at oracle.jdbc.driver.T4CConnection.logon(T4CConnection.java:1018) ~[ojdbc11-23.5.0.24.07.jar:23.5.0.24.07]
	... 14 common frames omitted
Caused by: java.net.SocketException: Connection reset
	at java.base/sun.nio.ch.SocketChannelImpl.throwConnectionReset(SocketChannelImpl.java:399) ~[na:na]
	at java.base/sun.nio.ch.SocketChannelImpl.blockingRead(SocketChannelImpl.java:1420) ~[na:na]
	at java.base/sun.nio.ch.SocketInputStream.implRead(SocketInputStream.java:70) ~[na:na]
	at java.base/sun.nio.ch.SocketInputStream.read(SocketInputStream.java:78) ~[na:na]
	at oracle.net.nt.TimeoutSocketChannel.doBlockedRead(TimeoutSocketChannel.java:600) ~[ojdbc11-23.5.0.24.07.jar:23.5.0.24.07]
	at oracle.net.nt.TimeoutSocketChannel.read(TimeoutSocketChannel.java:536) ~[ojdbc11-23.5.0.24.07.jar:23.5.0.24.07]
	at oracle.net.ns.NSProtocolNIO.doSocketRead(NSProtocolNIO.java:1224) ~[ojdbc11-23.5.0.24.07.jar:23.5.0.24.07]
	at oracle.net.ns.NIOPacket.readNIOPacket(NIOPacket.java:436) ~[ojdbc11-23.5.0.24.07.jar:23.5.0.24.07]
	at oracle.net.ns.NSProtocolNIO.negotiateConnection(NSProtocolNIO.java:216) ~[ojdbc11-23.5.0.24.07.jar:23.5.0.24.07]
	... 17 common frames omitted

2026-08-27T17:44:34.188+01:00  INFO 74676 --- [oulearning] [onnection adder] oracle.jdbc                              : properties={LOCALE=en_US, DriverVersion=23.5.0.24.07, java.library.path: =/Users/erik/Library/Java/Extensions:/Library/Java/Extensions:/Network/Library/Java/Extensions:/System/Library/Java/Extensions:/usr/lib/java:., java.class.path: =/Users/erik/dev/oulearning/target/test-classes:/Users/erik/dev/oulearning/target/classes:/Users/erik/.m2/repository/org/springframework/boot/spring-boot-starter-data-jpa/3.4.0/spring-boot-starter-data-jpa-3.4.0.jar:/Users/erik/.m2/repository/org/springframework/boot/spring-boot-starter-jdbc/3.4.0/spring-boot-starter-jdbc-3.4.0.jar:/Users/erik/.m2/repository/com/zaxxer/HikariCP/5.1.0/HikariCP-5.1.0.jar:/Users/erik/.m2/repository/org/springframework/spring-jdbc/6.2.0/spring-jdbc-6.2.0.jar:/Users/erik/.m2/repository/org/hibernate/orm/hibernate-core/6.6.2.Final/hibernate-core-6.6.2.Final.jar:/Users/erik/.m2/repository/jakarta/persistence/jakarta.persistence-api/3.1.0/jakarta.persistence-api-3.1.0.jar:/Users/erik/.m2/repository/jakarta/transaction/jakarta.transaction-api/2.0.1/jakarta.transaction-api-2.0.1.jar:/Users/erik/.m2/repository/org/jboss/logging/jboss-logging/3.6.1.Final/jboss-logging-3.6.1.Final.jar:/Users/erik/.m2/repository/org/hibernate/common/hibernate-commons-annotations/7.0.3.Final/hibernate-commons-annotations-7.0.3.Final.jar:/Users/erik/.m2/repository/io/smallrye/jandex/3.2.0/jandex-3.2.0.jar:/Users/erik/.m2/repository/com/fasterxml/classmate/1.7.0/classmate-1.7.0.jar:/Users/erik/.m2/repository/net/bytebuddy/byte-buddy/1.15.10/byte-buddy-1.15.10.jar:/Users/erik/.m2/repository/org/glassfish/jaxb/jaxb-runtime/4.0.5/jaxb-runtime-4.0.5.jar:/Users/erik/.m2/repository/org/glassfish/jaxb/jaxb-core/4.0.5/jaxb-core-4.0.5.jar:/Users/erik/.m2/repository/org/eclipse/angus/angus-activation/2.0.2/angus-activation-2.0.2.jar:/Users/erik/.m2/repository/org/glassfish/jaxb/txw2/4.0.5/txw2-4.0.5.jar:/Users/erik/.m2/repository/com/sun/istack/istack-commons-runtime/4.1.2/istack-commons-runtime-4.1.2.jar:/Users/erik/.m2/repository/jakarta/inject/jakarta.inject-api/2.0.1/jakarta.inject-api-2.0.1.jar:/Users/erik/.m2/repository/org/antlr/antlr4-runtime/4.13.0/antlr4-runtime-4.13.0.jar:/Users/erik/.m2/repository/org/springframework/data/spring-data-jpa/3.4.0/spring-data-jpa-3.4.0.jar:/Users/erik/.m2/repository/org/springframework/data/spring-data-commons/3.4.0/spring-data-commons-3.4.0.jar:/Users/erik/.m2/repository/org/springframework/spring-orm/6.2.0/spring-orm-6.2.0.jar:/Users/erik/.m2/repository/org/springframework/spring-context/6.2.0/spring-context-6.2.0.jar:/Users/erik/.m2/repository/org/springframework/spring-aop/6.2.0/spring-aop-6.2.0.jar:/Users/erik/.m2/repository/org/springframework/spring-tx/6.2.0/spring-tx-6.2.0.jar:/Users/erik/.m2/repository/org/springframework/spring-beans/6.2.0/spring-beans-6.2.0.jar:/Users/erik/.m2/repository/org/slf4j/slf4j-api/2.0.16/slf4j-api-2.0.16.jar:/Users/erik/.m2/repository/org/springframework/spring-aspects/6.2.0/spring-aspects-6.2.0.jar:/Users/erik/.m2/repository/org/aspectj/aspectjweaver/1.9.22.1/aspectjweaver-1.9.22.1.jar:/Users/erik/.m2/repository/org/flywaydb/flyway-core/10.20.1/flyway-core-10.20.1.jar:/Users/erik/.m2/repository/com/fasterxml/jackson/dataformat/jackson-dataformat-toml/2.18.1/jackson-dataformat-toml-2.18.1.jar:/Users/erik/.m2/repository/com/fasterxml/jackson/core/jackson-core/2.18.1/jackson-core-2.18.1.jar:/Users/erik/.m2/repository/com/fasterxml/jackson/datatype/jackson-datatype-jsr310/2.18.1/jackson-datatype-jsr310-2.18.1.jar:/Users/erik/.m2/repository/com/fasterxml/jackson/core/jackson-annotations/2.18.1/jackson-annotations-2.18.1.jar:/Users/erik/.m2/repository/org/flywaydb/flyway-database-oracle/10.20.1/flyway-database-oracle-10.20.1.jar:/Users/erik/.m2/repository/com/oracle/database/jdbc/ojdbc11/23.5.0.24.07/ojdbc11-23.5.0.24.07.jar:/Users/erik/.m2/repository/org/springframework/boot/spring-boot-starter/3.4.0/spring-boot-starter-3.4.0.jar:/Users/erik/.m2/repository/org/springframework/boot/spring-boot/3.4.0/spring-boot-3.4.0.jar:/Users/erik/.m2/repository/org/springframework/boot/spring-boot-autoconfigure/3.4.0/spring-boot-autoconfigure-3.4.0.jar:/Users/erik/.m2/repository/org/springframework/boot/spring-boot-starter-logging/3.4.0/spring-boot-starter-logging-3.4.0.jar:/Users/erik/.m2/repository/ch/qos/logback/logback-classic/1.5.12/logback-classic-1.5.12.jar:/Users/erik/.m2/repository/ch/qos/logback/logback-core/1.5.12/logback-core-1.5.12.jar:/Users/erik/.m2/repository/org/apache/logging/log4j/log4j-to-slf4j/2.24.1/log4j-to-slf4j-2.24.1.jar:/Users/erik/.m2/repository/org/apache/logging/log4j/log4j-api/2.24.1/log4j-api-2.24.1.jar:/Users/erik/.m2/repository/org/slf4j/jul-to-slf4j/2.0.16/jul-to-slf4j-2.0.16.jar:/Users/erik/.m2/repository/jakarta/annotation/jakarta.annotation-api/2.1.1/jakarta.annotation-api-2.1.1.jar:/Users/erik/.m2/repository/org/springframework/spring-core/6.2.0/spring-core-6.2.0.jar:/Users/erik/.m2/repository/org/springframework/spring-jcl/6.2.0/spring-jcl-6.2.0.jar:/Users/erik/.m2/repository/org/yaml/snakeyaml/2.3/snakeyaml-2.3.jar:/Users/erik/.m2/repository/org/mybatis/spring/boot/mybatis-spring-boot-starter/3.0.3/mybatis-spring-boot-starter-3.0.3.jar:/Users/erik/.m2/repository/org/mybatis/spring/boot/mybatis-spring-boot-autoconfigure/3.0.3/mybatis-spring-boot-autoconfigure-3.0.3.jar:/Users/erik/.m2/repository/org/mybatis/mybatis/3.5.14/mybatis-3.5.14.jar:/Users/erik/.m2/repository/org/mybatis/mybatis-spring/3.0.3/mybatis-spring-3.0.3.jar:/Users/erik/.m2/repository/org/mybatis/spring/boot/mybatis-spring-boot-starter-test/3.0.3/mybatis-spring-boot-starter-test-3.0.3.jar:/Users/erik/.m2/repository/org/mybatis/spring/boot/mybatis-spring-boot-test-autoconfigure/3.0.3/mybatis-spring-boot-test-autoconfigure-3.0.3.jar:/Users/erik/.m2/repository/org/springframework/boot/spring-boot-starter-web/3.4.0/spring-boot-starter-web-3.4.0.jar:/Users/erik/.m2/repository/org/springframework/boot/spring-boot-starter-json/3.4.0/spring-boot-starter-json-3.4.0.jar:/Users/erik/.m2/repository/com/fasterxml/jackson/datatype/jackson-datatype-jdk8/2.18.1/jackson-datatype-jdk8-2.18.1.jar:/Users/erik/.m2/repository/com/fasterxml/jackson/module/jackson-module-parameter-names/2.18.1/jackson-module-parameter-names-2.18.1.jar:/Users/erik/.m2/repository/org/springframework/boot/spring-boot-starter-tomcat/3.4.0/spring-boot-starter-tomcat-3.4.0.jar:/Users/erik/.m2/repository/org/apache/tomcat/embed/tomcat-embed-core/10.1.33/tomcat-embed-core-10.1.33.jar:/Users/erik/.m2/repository/org/apache/tomcat/embed/tomcat-embed-websocket/10.1.33/tomcat-embed-websocket-10.1.33.jar:/Users/erik/.m2/repository/org/springframework/spring-web/6.2.0/spring-web-6.2.0.jar:/Users/erik/.m2/repository/io/micrometer/micrometer-observation/1.14.1/micrometer-observation-1.14.1.jar:/Users/erik/.m2/repository/io/micrometer/micrometer-commons/1.14.1/micrometer-commons-1.14.1.jar:/Users/erik/.m2/repository/org/springframework/spring-webmvc/6.2.0/spring-webmvc-6.2.0.jar:/Users/erik/.m2/repository/org/springframework/spring-expression/6.2.0/spring-expression-6.2.0.jar:/Users/erik/.m2/repository/org/springframework/boot/spring-boot-starter-validation/3.4.0/spring-boot-starter-validation-3.4.0.jar:/Users/erik/.m2/repository/org/apache/tomcat/embed/tomcat-embed-el/10.1.33/tomcat-embed-el-10.1.33.jar:/Users/erik/.m2/repository/org/hibernate/validator/hibernate-validator/8.0.1.Final/hibernate-validator-8.0.1.Final.jar:/Users/erik/.m2/repository/jakarta/validation/jakarta.validation-api/3.0.2/jakarta.validation-api-3.0.2.jar:/Users/erik/.m2/repository/io/swagger/core/v3/swagger-annotations/2.2.22/swagger-annotations-2.2.22.jar:/Users/erik/.m2/repository/org/openapitools/jackson-databind-nullable/0.2.6/jackson-databind-nullable-0.2.6.jar:/Users/erik/.m2/repository/com/fasterxml/jackson/core/jackson-databind/2.18.1/jackson-databind-2.18.1.jar:/Users/erik/.m2/repository/org/javamoney/moneta/moneta-core/1.4.4/moneta-core-1.4.4.jar:/Users/erik/.m2/repository/javax/money/money-api/1.1/money-api-1.1.jar:/Users/erik/.m2/repository/com/squareup/okhttp3/okhttp/4.12.0/okhttp-4.12.0.jar:/Users/erik/.m2/repository/com/squareup/okio/okio/3.6.0/okio-3.6.0.jar:/Users/erik/.m2/repository/com/squareup/okio/okio-jvm/3.6.0/okio-jvm-3.6.0.jar:/Users/erik/.m2/repository/org/jetbrains/kotlin/kotlin-stdlib-common/1.9.25/kotlin-stdlib-common-1.9.25.jar:/Users/erik/.m2/repository/org/jetbrains/kotlin/kotlin-stdlib-jdk8/1.9.25/kotlin-stdlib-jdk8-1.9.25.jar:/Users/erik/.m2/repository/org/jetbrains/kotlin/kotlin-stdlib/1.9.25/kotlin-stdlib-1.9.25.jar:/Users/erik/.m2/repository/org/jetbrains/kotlin/kotlin-stdlib-jdk7/1.9.25/kotlin-stdlib-jdk7-1.9.25.jar:/Users/erik/.m2/repository/org/springframework/boot/spring-boot-starter-test/3.4.0/spring-boot-starter-test-3.4.0.jar:/Users/erik/.m2/repository/org/springframework/boot/spring-boot-test/3.4.0/spring-boot-test-3.4.0.jar:/Users/erik/.m2/repository/org/springframework/boot/spring-boot-test-autoconfigure/3.4.0/spring-boot-test-autoconfigure-3.4.0.jar:/Users/erik/.m2/repository/com/jayway/jsonpath/json-path/2.9.0/json-path-2.9.0.jar:/Users/erik/.m2/repository/jakarta/xml/bind/jakarta.xml.bind-api/4.0.2/jakarta.xml.bind-api-4.0.2.jar:/Users/erik/.m2/repository/jakarta/activation/jakarta.activation-api/2.1.3/jakarta.activation-api-2.1.3.jar:/Users/erik/.m2/repository/net/minidev/json-smart/2.5.1/json-smart-2.5.1.jar:/Users/erik/.m2/repository/net/minidev/accessors-smart/2.5.1/accessors-smart-2.5.1.jar:/Users/erik/.m2/repository/org/ow2/asm/asm/9.6/asm-9.6.jar:/Users/erik/.m2/repository/org/assertj/assertj-core/3.26.3/assertj-core-3.26.3.jar:/Users/erik/.m2/repository/org/awaitility/awaitility/4.2.2/awaitility-4.2.2.jar:/Users/erik/.m2/repository/org/hamcrest/hamcrest/2.2/hamcrest-2.2.jar:/Users/erik/.m2/repository/org/junit/jupiter/junit-jupiter/5.11.3/junit-jupiter-5.11.3.jar:/Users/erik/.m2/repository/org/junit/jupiter/junit-jupiter-api/5.11.3/junit-jupiter-api-5.11.3.jar:/Users/erik/.m2/repository/org/opentest4j/opentest4j/1.3.0/opentest4j-1.3.0.jar:/Users/erik/.m2/repository/org/junit/platform/junit-platform-commons/1.11.3/junit-platform-commons-1.11.3.jar:/Users/erik/.m2/repository/org/apiguardian/apiguardian-api/1.1.2/apiguardian-api-1.1.2.jar:/Users/erik/.m2/repository/org/junit/jupiter/junit-jupiter-params/5.11.3/junit-jupiter-params-5.11.3.jar:/Users/erik/.m2/repository/org/junit/jupiter/junit-jupiter-engine/5.11.3/junit-jupiter-engine-5.11.3.jar:/Users/erik/.m2/repository/org/junit/platform/junit-platform-engine/1.11.3/junit-platform-engine-1.11.3.jar:/Users/erik/.m2/repository/org/mockito/mockito-core/5.14.2/mockito-core-5.14.2.jar:/Users/erik/.m2/repository/net/bytebuddy/byte-buddy-agent/1.15.10/byte-buddy-agent-1.15.10.jar:/Users/erik/.m2/repository/org/objenesis/objenesis/3.3/objenesis-3.3.jar:/Users/erik/.m2/repository/org/mockito/mockito-junit-jupiter/5.14.2/mockito-junit-jupiter-5.14.2.jar:/Users/erik/.m2/repository/org/skyscreamer/jsonassert/1.5.3/jsonassert-1.5.3.jar:/Users/erik/.m2/repository/com/vaadin/external/google/android-json/0.0.20131108.vaadin1/android-json-0.0.20131108.vaadin1.jar:/Users/erik/.m2/repository/org/springframework/spring-test/6.2.0/spring-test-6.2.0.jar:/Users/erik/.m2/repository/org/xmlunit/xmlunit-core/2.10.0/xmlunit-core-2.10.0.jar:/Users/erik/.m2/repository/org/springframework/boot/spring-boot-testcontainers/3.4.0/spring-boot-testcontainers-3.4.0.jar:/Users/erik/.m2/repository/org/testcontainers/testcontainers/1.20.4/testcontainers-1.20.4.jar:/Users/erik/.m2/repository/junit/junit/4.13.2/junit-4.13.2.jar:/Users/erik/.m2/repository/org/hamcrest/hamcrest-core/2.2/hamcrest-core-2.2.jar:/Users/erik/.m2/repository/org/apache/commons/commons-compress/1.24.0/commons-compress-1.24.0.jar:/Users/erik/.m2/repository/org/rnorth/duct-tape/duct-tape/1.0.8/duct-tape-1.0.8.jar:/Users/erik/.m2/repository/org/jetbrains/annotations/17.0.0/annotations-17.0.0.jar:/Users/erik/.m2/repository/com/github/docker-java/docker-java-api/3.4.0/docker-java-api-3.4.0.jar:/Users/erik/.m2/repository/com/github/docker-java/docker-java-transport-zerodep/3.4.0/docker-java-transport-zerodep-3.4.0.jar:/Users/erik/.m2/repository/com/github/docker-java/docker-java-transport/3.4.0/docker-java-transport-3.4.0.jar:/Users/erik/.m2/repository/net/java/dev/jna/jna/5.13.0/jna-5.13.0.jar:/Users/erik/.m2/repository/org/testcontainers/oracle-xe/1.20.4/oracle-xe-1.20.4.jar:/Users/erik/.m2/repository/org/testcontainers/jdbc/1.20.4/jdbc-1.20.4.jar:/Users/erik/.m2/repository/org/testcontainers/database-commons/1.20.4/database-commons-1.20.4.jar:/Users/erik/.m2/repository/org/testcontainers/junit-jupiter/1.20.4/junit-jupiter-1.20.4.jar:/Users/erik/.m2/repository/org/instancio/instancio-junit/5.4.0/instancio-junit-5.4.0.jar:/Users/erik/.m2/repository/org/instancio/instancio-core/5.4.0/instancio-core-5.4.0.jar:/Users/erik/.m2/repository/com/tngtech/archunit/archunit-junit5/1.4.0/archunit-junit5-1.4.0.jar:/Users/erik/.m2/repository/com/tngtech/archunit/archunit-junit5-api/1.4.0/archunit-junit5-api-1.4.0.jar:/Users/erik/.m2/repository/com/tngtech/archunit/archunit/1.4.0/archunit-1.4.0.jar:/Users/erik/.m2/repository/com/tngtech/archunit/archunit-junit5-engine/1.4.0/archunit-junit5-engine-1.4.0.jar:/Users/erik/.m2/repository/com/tngtech/archunit/archunit-junit5-engine-api/1.4.0/archunit-junit5-engine-api-1.4.0.jar:, java.version: =25.0.3}. 
2026-08-27T17:44:34.206+01:00  INFO 74676 --- [oulearning] [onnection adder] oracle.jdbc                              : entering args (oracle.jdbc.internal.AbstractConnectionBuilder$1@a3bc729)
2026-08-27T17:44:34.206+01:00  INFO 74676 --- [oulearning] [onnection adder] oracle.jdbc                              : traceId=209AEDC0. 
2026-08-27T17:44:34.206+01:00  INFO 74676 --- [oulearning] [onnection adder] oracle.jdbc                              : Session Attributes: 
sdu=8192, tdu=2097152
nt: host=localhost, port=61998, socketOptions={0=YES, 1=NO, 17=0, 18=false, 2=30000, 20=true, 38=TLS, 23=40, 24=50, 40=false, 25=0}
    socket=null
client profile={oracle.net.encryption_types_client=(), oracle.net.crypto_seed=, oracle.net.authentication_services=(), oracle.net.setFIPSMode=false, oracle.net.kerberos5_mutual_authentication=false, oracle.net.encryption_client=ACCEPTED, oracle.net.crypto_checksum_client=ACCEPTED, oracle.net.crypto_checksum_types_client=()}
onBreakReset=false, dataEOF=false, negotiatedOptions=0x0, connected=false
TTIINIT enabled=false, TTC cookie enabled=false

2026-08-27T17:44:34.206+01:00  INFO 74676 --- [oulearning] [onnection adder] oracle.jdbc                              : traceId=209AEDC0, anoEnabled=true. 
2026-08-27T17:44:34.206+01:00  INFO 74676 --- [oulearning] [onnection adder] oracle.jdbc                              : Connection establishment failed due to IOException, will be trying with next available connect option.
2026-08-27T17:44:34.206+01:00  INFO 74676 --- [oulearning] [onnection adder] oracle.jdbc                              : Got Refused, SessionTraceId = 209AEDC0
2026-08-27T17:44:34.206+01:00  INFO 74676 --- [oulearning] [onnection adder] oracle.jdbc                              : Outbound interrupt timer cancelled null
2026-08-27T17:44:34.206+01:00  INFO 74676 --- [oulearning] [onnection adder] oracle.jdbc                              : Session Attributes: 
sdu=8192, tdu=2097152
nt: host=localhost, port=61998, socketOptions={0=YES, 1=NO, 17=0, 18=false, 2=30000, 20=true, 38=TLS, 23=40, 24=50, 40=false, 25=0}
    socket=null
client profile={oracle.net.encryption_types_client=(), oracle.net.crypto_seed=, oracle.net.authentication_services=(), oracle.net.setFIPSMode=false, oracle.net.kerberos5_mutual_authentication=false, oracle.net.encryption_client=ACCEPTED, oracle.net.crypto_checksum_client=ACCEPTED, oracle.net.crypto_checksum_types_client=()}
onBreakReset=false, dataEOF=false, negotiatedOptions=0x0, connected=false
TTIINIT enabled=false, TTC cookie enabled=false

2026-08-27T17:44:34.206+01:00  INFO 74676 --- [oulearning] [onnection adder] oracle.jdbc                              : Connection establishment failed due to IOException, will be trying with next available connect option.
2026-08-27T17:44:34.206+01:00  INFO 74676 --- [oulearning] [onnection adder] oracle.jdbc                              : Got Refused, SessionTraceId = 209AEDC0
2026-08-27T17:44:34.206+01:00  INFO 74676 --- [oulearning] [onnection adder] oracle.jdbc                              : Outbound interrupt timer cancelled null
2026-08-27T17:44:34.206+01:00  INFO 74676 --- [oulearning] [onnection adder] oracle.jdbc                              : throwing

java.sql.SQLRecoverableException: ORA-17002: I/O error: Connection reset, connect lapse 1 ms., Authentication lapse 0 ms.
https://docs.oracle.com/error-help/db/ora-17002/
	at oracle.jdbc.driver.T4CConnection.handleLogonIOException(T4CConnection.java:1660) ~[ojdbc11-23.5.0.24.07.jar:23.5.0.24.07]
	at oracle.jdbc.driver.T4CConnection.logon(T4CConnection.java:1142) ~[ojdbc11-23.5.0.24.07.jar:23.5.0.24.07]
	at oracle.jdbc.driver.PhysicalConnection.connect(PhysicalConnection.java:1206) ~[ojdbc11-23.5.0.24.07.jar:23.5.0.24.07]
	at oracle.jdbc.driver.T4CDriverExtension.getConnection(T4CDriverExtension.java:105) ~[ojdbc11-23.5.0.24.07.jar:23.5.0.24.07]
	at oracle.jdbc.driver.OracleDriver.connect(OracleDriver.java:886) ~[ojdbc11-23.5.0.24.07.jar:23.5.0.24.07]
	at oracle.jdbc.driver.OracleDriver.connect(OracleDriver.java:693) ~[ojdbc11-23.5.0.24.07.jar:23.5.0.24.07]
	at com.zaxxer.hikari.util.DriverDataSource.getConnection(DriverDataSource.java:137) ~[HikariCP-5.1.0.jar:na]
	at com.zaxxer.hikari.pool.PoolBase.newConnection(PoolBase.java:360) ~[HikariCP-5.1.0.jar:na]
	at com.zaxxer.hikari.pool.PoolBase.newPoolEntry(PoolBase.java:202) ~[HikariCP-5.1.0.jar:na]
	at com.zaxxer.hikari.pool.HikariPool.createPoolEntry(HikariPool.java:461) ~[HikariCP-5.1.0.jar:na]
	at com.zaxxer.hikari.pool.HikariPool$PoolEntryCreator.call(HikariPool.java:724) ~[HikariCP-5.1.0.jar:na]
	at com.zaxxer.hikari.pool.HikariPool$PoolEntryCreator.call(HikariPool.java:703) ~[HikariCP-5.1.0.jar:na]
	at java.base/java.util.concurrent.FutureTask.run(FutureTask.java:328) ~[na:na]
	at java.base/java.util.concurrent.ThreadPoolExecutor.runWorker(ThreadPoolExecutor.java:1090) ~[na:na]
	at java.base/java.util.concurrent.ThreadPoolExecutor$Worker.run(ThreadPoolExecutor.java:614) ~[na:na]
	at java.base/java.lang.Thread.run(Thread.java:1474) ~[na:na]
Caused by: java.io.IOException: Connection reset, connect lapse 1 ms., Authentication lapse 0 ms.
	at oracle.jdbc.driver.T4CConnection.handleLogonIOException(T4CConnection.java:1655) ~[ojdbc11-23.5.0.24.07.jar:23.5.0.24.07]
	... 15 common frames omitted
Caused by: java.io.IOException: Connection reset, connect lapse 1 ms.
	at oracle.net.ns.NSProtocolNIO.negotiateConnection(NSProtocolNIO.java:263) ~[ojdbc11-23.5.0.24.07.jar:23.5.0.24.07]
	at oracle.net.ns.NSProtocol.connect(NSProtocol.java:352) ~[ojdbc11-23.5.0.24.07.jar:23.5.0.24.07]
	at oracle.jdbc.driver.T4CConnection.connectNetworkSessionProtocol(T4CConnection.java:3419) ~[ojdbc11-23.5.0.24.07.jar:23.5.0.24.07]
	at oracle.jdbc.driver.T4CConnection.logon(T4CConnection.java:1018) ~[ojdbc11-23.5.0.24.07.jar:23.5.0.24.07]
	... 14 common frames omitted
Caused by: java.net.SocketException: Connection reset
	at java.base/sun.nio.ch.SocketChannelImpl.throwConnectionReset(SocketChannelImpl.java:399) ~[na:na]
	at java.base/sun.nio.ch.SocketChannelImpl.blockingRead(SocketChannelImpl.java:1420) ~[na:na]
	at java.base/sun.nio.ch.SocketInputStream.implRead(SocketInputStream.java:70) ~[na:na]
	at java.base/sun.nio.ch.SocketInputStream.read(SocketInputStream.java:78) ~[na:na]
	at oracle.net.nt.TimeoutSocketChannel.doBlockedRead(TimeoutSocketChannel.java:600) ~[ojdbc11-23.5.0.24.07.jar:23.5.0.24.07]
	at oracle.net.nt.TimeoutSocketChannel.read(TimeoutSocketChannel.java:536) ~[ojdbc11-23.5.0.24.07.jar:23.5.0.24.07]
	at oracle.net.ns.NSProtocolNIO.doSocketRead(NSProtocolNIO.java:1224) ~[ojdbc11-23.5.0.24.07.jar:23.5.0.24.07]
	at oracle.net.ns.NIOPacket.readNIOPacket(NIOPacket.java:436) ~[ojdbc11-23.5.0.24.07.jar:23.5.0.24.07]
	at oracle.net.ns.NSProtocolNIO.negotiateConnection(NSProtocolNIO.java:216) ~[ojdbc11-23.5.0.24.07.jar:23.5.0.24.07]
	... 17 common frames omitted

2026-08-27T17:44:34.207+01:00  INFO 74676 --- [oulearning] [onnection adder] oracle.jdbc                              : properties={LOCALE=en_US, DriverVersion=23.5.0.24.07, java.library.path: =/Users/erik/Library/Java/Extensions:/Library/Java/Extensions:/Network/Library/Java/Extensions:/System/Library/Java/Extensions:/usr/lib/java:., java.class.path: =/Users/erik/dev/oulearning/target/test-classes:/Users/erik/dev/oulearning/target/classes:/Users/erik/.m2/repository/org/springframework/boot/spring-boot-starter-data-jpa/3.4.0/spring-boot-starter-data-jpa-3.4.0.jar:/Users/erik/.m2/repository/org/springframework/boot/spring-boot-starter-jdbc/3.4.0/spring-boot-starter-jdbc-3.4.0.jar:/Users/erik/.m2/repository/com/zaxxer/HikariCP/5.1.0/HikariCP-5.1.0.jar:/Users/erik/.m2/repository/org/springframework/spring-jdbc/6.2.0/spring-jdbc-6.2.0.jar:/Users/erik/.m2/repository/org/hibernate/orm/hibernate-core/6.6.2.Final/hibernate-core-6.6.2.Final.jar:/Users/erik/.m2/repository/jakarta/persistence/jakarta.persistence-api/3.1.0/jakarta.persistence-api-3.1.0.jar:/Users/erik/.m2/repository/jakarta/transaction/jakarta.transaction-api/2.0.1/jakarta.transaction-api-2.0.1.jar:/Users/erik/.m2/repository/org/jboss/logging/jboss-logging/3.6.1.Final/jboss-logging-3.6.1.Final.jar:/Users/erik/.m2/repository/org/hibernate/common/hibernate-commons-annotations/7.0.3.Final/hibernate-commons-annotations-7.0.3.Final.jar:/Users/erik/.m2/repository/io/smallrye/jandex/3.2.0/jandex-3.2.0.jar:/Users/erik/.m2/repository/com/fasterxml/classmate/1.7.0/classmate-1.7.0.jar:/Users/erik/.m2/repository/net/bytebuddy/byte-buddy/1.15.10/byte-buddy-1.15.10.jar:/Users/erik/.m2/repository/org/glassfish/jaxb/jaxb-runtime/4.0.5/jaxb-runtime-4.0.5.jar:/Users/erik/.m2/repository/org/glassfish/jaxb/jaxb-core/4.0.5/jaxb-core-4.0.5.jar:/Users/erik/.m2/repository/org/eclipse/angus/angus-activation/2.0.2/angus-activation-2.0.2.jar:/Users/erik/.m2/repository/org/glassfish/jaxb/txw2/4.0.5/txw2-4.0.5.jar:/Users/erik/.m2/repository/com/sun/istack/istack-commons-runtime/4.1.2/istack-commons-runtime-4.1.2.jar:/Users/erik/.m2/repository/jakarta/inject/jakarta.inject-api/2.0.1/jakarta.inject-api-2.0.1.jar:/Users/erik/.m2/repository/org/antlr/antlr4-runtime/4.13.0/antlr4-runtime-4.13.0.jar:/Users/erik/.m2/repository/org/springframework/data/spring-data-jpa/3.4.0/spring-data-jpa-3.4.0.jar:/Users/erik/.m2/repository/org/springframework/data/spring-data-commons/3.4.0/spring-data-commons-3.4.0.jar:/Users/erik/.m2/repository/org/springframework/spring-orm/6.2.0/spring-orm-6.2.0.jar:/Users/erik/.m2/repository/org/springframework/spring-context/6.2.0/spring-context-6.2.0.jar:/Users/erik/.m2/repository/org/springframework/spring-aop/6.2.0/spring-aop-6.2.0.jar:/Users/erik/.m2/repository/org/springframework/spring-tx/6.2.0/spring-tx-6.2.0.jar:/Users/erik/.m2/repository/org/springframework/spring-beans/6.2.0/spring-beans-6.2.0.jar:/Users/erik/.m2/repository/org/slf4j/slf4j-api/2.0.16/slf4j-api-2.0.16.jar:/Users/erik/.m2/repository/org/springframework/spring-aspects/6.2.0/spring-aspects-6.2.0.jar:/Users/erik/.m2/repository/org/aspectj/aspectjweaver/1.9.22.1/aspectjweaver-1.9.22.1.jar:/Users/erik/.m2/repository/org/flywaydb/flyway-core/10.20.1/flyway-core-10.20.1.jar:/Users/erik/.m2/repository/com/fasterxml/jackson/dataformat/jackson-dataformat-toml/2.18.1/jackson-dataformat-toml-2.18.1.jar:/Users/erik/.m2/repository/com/fasterxml/jackson/core/jackson-core/2.18.1/jackson-core-2.18.1.jar:/Users/erik/.m2/repository/com/fasterxml/jackson/datatype/jackson-datatype-jsr310/2.18.1/jackson-datatype-jsr310-2.18.1.jar:/Users/erik/.m2/repository/com/fasterxml/jackson/core/jackson-annotations/2.18.1/jackson-annotations-2.18.1.jar:/Users/erik/.m2/repository/org/flywaydb/flyway-database-oracle/10.20.1/flyway-database-oracle-10.20.1.jar:/Users/erik/.m2/repository/com/oracle/database/jdbc/ojdbc11/23.5.0.24.07/ojdbc11-23.5.0.24.07.jar:/Users/erik/.m2/repository/org/springframework/boot/spring-boot-starter/3.4.0/spring-boot-starter-3.4.0.jar:/Users/erik/.m2/repository/org/springframework/boot/spring-boot/3.4.0/spring-boot-3.4.0.jar:/Users/erik/.m2/repository/org/springframework/boot/spring-boot-autoconfigure/3.4.0/spring-boot-autoconfigure-3.4.0.jar:/Users/erik/.m2/repository/org/springframework/boot/spring-boot-starter-logging/3.4.0/spring-boot-starter-logging-3.4.0.jar:/Users/erik/.m2/repository/ch/qos/logback/logback-classic/1.5.12/logback-classic-1.5.12.jar:/Users/erik/.m2/repository/ch/qos/logback/logback-core/1.5.12/logback-core-1.5.12.jar:/Users/erik/.m2/repository/org/apache/logging/log4j/log4j-to-slf4j/2.24.1/log4j-to-slf4j-2.24.1.jar:/Users/erik/.m2/repository/org/apache/logging/log4j/log4j-api/2.24.1/log4j-api-2.24.1.jar:/Users/erik/.m2/repository/org/slf4j/jul-to-slf4j/2.0.16/jul-to-slf4j-2.0.16.jar:/Users/erik/.m2/repository/jakarta/annotation/jakarta.annotation-api/2.1.1/jakarta.annotation-api-2.1.1.jar:/Users/erik/.m2/repository/org/springframework/spring-core/6.2.0/spring-core-6.2.0.jar:/Users/erik/.m2/repository/org/springframework/spring-jcl/6.2.0/spring-jcl-6.2.0.jar:/Users/erik/.m2/repository/org/yaml/snakeyaml/2.3/snakeyaml-2.3.jar:/Users/erik/.m2/repository/org/mybatis/spring/boot/mybatis-spring-boot-starter/3.0.3/mybatis-spring-boot-starter-3.0.3.jar:/Users/erik/.m2/repository/org/mybatis/spring/boot/mybatis-spring-boot-autoconfigure/3.0.3/mybatis-spring-boot-autoconfigure-3.0.3.jar:/Users/erik/.m2/repository/org/mybatis/mybatis/3.5.14/mybatis-3.5.14.jar:/Users/erik/.m2/repository/org/mybatis/mybatis-spring/3.0.3/mybatis-spring-3.0.3.jar:/Users/erik/.m2/repository/org/mybatis/spring/boot/mybatis-spring-boot-starter-test/3.0.3/mybatis-spring-boot-starter-test-3.0.3.jar:/Users/erik/.m2/repository/org/mybatis/spring/boot/mybatis-spring-boot-test-autoconfigure/3.0.3/mybatis-spring-boot-test-autoconfigure-3.0.3.jar:/Users/erik/.m2/repository/org/springframework/boot/spring-boot-starter-web/3.4.0/spring-boot-starter-web-3.4.0.jar:/Users/erik/.m2/repository/org/springframework/boot/spring-boot-starter-json/3.4.0/spring-boot-starter-json-3.4.0.jar:/Users/erik/.m2/repository/com/fasterxml/jackson/datatype/jackson-datatype-jdk8/2.18.1/jackson-datatype-jdk8-2.18.1.jar:/Users/erik/.m2/repository/com/fasterxml/jackson/module/jackson-module-parameter-names/2.18.1/jackson-module-parameter-names-2.18.1.jar:/Users/erik/.m2/repository/org/springframework/boot/spring-boot-starter-tomcat/3.4.0/spring-boot-starter-tomcat-3.4.0.jar:/Users/erik/.m2/repository/org/apache/tomcat/embed/tomcat-embed-core/10.1.33/tomcat-embed-core-10.1.33.jar:/Users/erik/.m2/repository/org/apache/tomcat/embed/tomcat-embed-websocket/10.1.33/tomcat-embed-websocket-10.1.33.jar:/Users/erik/.m2/repository/org/springframework/spring-web/6.2.0/spring-web-6.2.0.jar:/Users/erik/.m2/repository/io/micrometer/micrometer-observation/1.14.1/micrometer-observation-1.14.1.jar:/Users/erik/.m2/repository/io/micrometer/micrometer-commons/1.14.1/micrometer-commons-1.14.1.jar:/Users/erik/.m2/repository/org/springframework/spring-webmvc/6.2.0/spring-webmvc-6.2.0.jar:/Users/erik/.m2/repository/org/springframework/spring-expression/6.2.0/spring-expression-6.2.0.jar:/Users/erik/.m2/repository/org/springframework/boot/spring-boot-starter-validation/3.4.0/spring-boot-starter-validation-3.4.0.jar:/Users/erik/.m2/repository/org/apache/tomcat/embed/tomcat-embed-el/10.1.33/tomcat-embed-el-10.1.33.jar:/Users/erik/.m2/repository/org/hibernate/validator/hibernate-validator/8.0.1.Final/hibernate-validator-8.0.1.Final.jar:/Users/erik/.m2/repository/jakarta/validation/jakarta.validation-api/3.0.2/jakarta.validation-api-3.0.2.jar:/Users/erik/.m2/repository/io/swagger/core/v3/swagger-annotations/2.2.22/swagger-annotations-2.2.22.jar:/Users/erik/.m2/repository/org/openapitools/jackson-databind-nullable/0.2.6/jackson-databind-nullable-0.2.6.jar:/Users/erik/.m2/repository/com/fasterxml/jackson/core/jackson-databind/2.18.1/jackson-databind-2.18.1.jar:/Users/erik/.m2/repository/org/javamoney/moneta/moneta-core/1.4.4/moneta-core-1.4.4.jar:/Users/erik/.m2/repository/javax/money/money-api/1.1/money-api-1.1.jar:/Users/erik/.m2/repository/com/squareup/okhttp3/okhttp/4.12.0/okhttp-4.12.0.jar:/Users/erik/.m2/repository/com/squareup/okio/okio/3.6.0/okio-3.6.0.jar:/Users/erik/.m2/repository/com/squareup/okio/okio-jvm/3.6.0/okio-jvm-3.6.0.jar:/Users/erik/.m2/repository/org/jetbrains/kotlin/kotlin-stdlib-common/1.9.25/kotlin-stdlib-common-1.9.25.jar:/Users/erik/.m2/repository/org/jetbrains/kotlin/kotlin-stdlib-jdk8/1.9.25/kotlin-stdlib-jdk8-1.9.25.jar:/Users/erik/.m2/repository/org/jetbrains/kotlin/kotlin-stdlib/1.9.25/kotlin-stdlib-1.9.25.jar:/Users/erik/.m2/repository/org/jetbrains/kotlin/kotlin-stdlib-jdk7/1.9.25/kotlin-stdlib-jdk7-1.9.25.jar:/Users/erik/.m2/repository/org/springframework/boot/spring-boot-starter-test/3.4.0/spring-boot-starter-test-3.4.0.jar:/Users/erik/.m2/repository/org/springframework/boot/spring-boot-test/3.4.0/spring-boot-test-3.4.0.jar:/Users/erik/.m2/repository/org/springframework/boot/spring-boot-test-autoconfigure/3.4.0/spring-boot-test-autoconfigure-3.4.0.jar:/Users/erik/.m2/repository/com/jayway/jsonpath/json-path/2.9.0/json-path-2.9.0.jar:/Users/erik/.m2/repository/jakarta/xml/bind/jakarta.xml.bind-api/4.0.2/jakarta.xml.bind-api-4.0.2.jar:/Users/erik/.m2/repository/jakarta/activation/jakarta.activation-api/2.1.3/jakarta.activation-api-2.1.3.jar:/Users/erik/.m2/repository/net/minidev/json-smart/2.5.1/json-smart-2.5.1.jar:/Users/erik/.m2/repository/net/minidev/accessors-smart/2.5.1/accessors-smart-2.5.1.jar:/Users/erik/.m2/repository/org/ow2/asm/asm/9.6/asm-9.6.jar:/Users/erik/.m2/repository/org/assertj/assertj-core/3.26.3/assertj-core-3.26.3.jar:/Users/erik/.m2/repository/org/awaitility/awaitility/4.2.2/awaitility-4.2.2.jar:/Users/erik/.m2/repository/org/hamcrest/hamcrest/2.2/hamcrest-2.2.jar:/Users/erik/.m2/repository/org/junit/jupiter/junit-jupiter/5.11.3/junit-jupiter-5.11.3.jar:/Users/erik/.m2/repository/org/junit/jupiter/junit-jupiter-api/5.11.3/junit-jupiter-api-5.11.3.jar:/Users/erik/.m2/repository/org/opentest4j/opentest4j/1.3.0/opentest4j-1.3.0.jar:/Users/erik/.m2/repository/org/junit/platform/junit-platform-commons/1.11.3/junit-platform-commons-1.11.3.jar:/Users/erik/.m2/repository/org/apiguardian/apiguardian-api/1.1.2/apiguardian-api-1.1.2.jar:/Users/erik/.m2/repository/org/junit/jupiter/junit-jupiter-params/5.11.3/junit-jupiter-params-5.11.3.jar:/Users/erik/.m2/repository/org/junit/jupiter/junit-jupiter-engine/5.11.3/junit-jupiter-engine-5.11.3.jar:/Users/erik/.m2/repository/org/junit/platform/junit-platform-engine/1.11.3/junit-platform-engine-1.11.3.jar:/Users/erik/.m2/repository/org/mockito/mockito-core/5.14.2/mockito-core-5.14.2.jar:/Users/erik/.m2/repository/net/bytebuddy/byte-buddy-agent/1.15.10/byte-buddy-agent-1.15.10.jar:/Users/erik/.m2/repository/org/objenesis/objenesis/3.3/objenesis-3.3.jar:/Users/erik/.m2/repository/org/mockito/mockito-junit-jupiter/5.14.2/mockito-junit-jupiter-5.14.2.jar:/Users/erik/.m2/repository/org/skyscreamer/jsonassert/1.5.3/jsonassert-1.5.3.jar:/Users/erik/.m2/repository/com/vaadin/external/google/android-json/0.0.20131108.vaadin1/android-json-0.0.20131108.vaadin1.jar:/Users/erik/.m2/repository/org/springframework/spring-test/6.2.0/spring-test-6.2.0.jar:/Users/erik/.m2/repository/org/xmlunit/xmlunit-core/2.10.0/xmlunit-core-2.10.0.jar:/Users/erik/.m2/repository/org/springframework/boot/spring-boot-testcontainers/3.4.0/spring-boot-testcontainers-3.4.0.jar:/Users/erik/.m2/repository/org/testcontainers/testcontainers/1.20.4/testcontainers-1.20.4.jar:/Users/erik/.m2/repository/junit/junit/4.13.2/junit-4.13.2.jar:/Users/erik/.m2/repository/org/hamcrest/hamcrest-core/2.2/hamcrest-core-2.2.jar:/Users/erik/.m2/repository/org/apache/commons/commons-compress/1.24.0/commons-compress-1.24.0.jar:/Users/erik/.m2/repository/org/rnorth/duct-tape/duct-tape/1.0.8/duct-tape-1.0.8.jar:/Users/erik/.m2/repository/org/jetbrains/annotations/17.0.0/annotations-17.0.0.jar:/Users/erik/.m2/repository/com/github/docker-java/docker-java-api/3.4.0/docker-java-api-3.4.0.jar:/Users/erik/.m2/repository/com/github/docker-java/docker-java-transport-zerodep/3.4.0/docker-java-transport-zerodep-3.4.0.jar:/Users/erik/.m2/repository/com/github/docker-java/docker-java-transport/3.4.0/docker-java-transport-3.4.0.jar:/Users/erik/.m2/repository/net/java/dev/jna/jna/5.13.0/jna-5.13.0.jar:/Users/erik/.m2/repository/org/testcontainers/oracle-xe/1.20.4/oracle-xe-1.20.4.jar:/Users/erik/.m2/repository/org/testcontainers/jdbc/1.20.4/jdbc-1.20.4.jar:/Users/erik/.m2/repository/org/testcontainers/database-commons/1.20.4/database-commons-1.20.4.jar:/Users/erik/.m2/repository/org/testcontainers/junit-jupiter/1.20.4/junit-jupiter-1.20.4.jar:/Users/erik/.m2/repository/org/instancio/instancio-junit/5.4.0/instancio-junit-5.4.0.jar:/Users/erik/.m2/repository/org/instancio/instancio-core/5.4.0/instancio-core-5.4.0.jar:/Users/erik/.m2/repository/com/tngtech/archunit/archunit-junit5/1.4.0/archunit-junit5-1.4.0.jar:/Users/erik/.m2/repository/com/tngtech/archunit/archunit-junit5-api/1.4.0/archunit-junit5-api-1.4.0.jar:/Users/erik/.m2/repository/com/tngtech/archunit/archunit/1.4.0/archunit-1.4.0.jar:/Users/erik/.m2/repository/com/tngtech/archunit/archunit-junit5-engine/1.4.0/archunit-junit5-engine-1.4.0.jar:/Users/erik/.m2/repository/com/tngtech/archunit/archunit-junit5-engine-api/1.4.0/archunit-junit5-engine-api-1.4.0.jar:, java.version: =25.0.3}. 
2026-08-27T17:44:34.231+01:00  INFO 74676 --- [oulearning] [onnection adder] oracle.jdbc                              : entering args (oracle.jdbc.internal.AbstractConnectionBuilder$1@58bd1596)
2026-08-27T17:44:34.231+01:00  INFO 74676 --- [oulearning] [onnection adder] oracle.jdbc                              : traceId=7400E55B. 
2026-08-27T17:44:34.231+01:00  INFO 74676 --- [oulearning] [onnection adder] oracle.jdbc                              : Session Attributes: 
sdu=8192, tdu=2097152
nt: host=localhost, port=61998, socketOptions={0=YES, 1=NO, 17=0, 18=false, 2=30000, 20=true, 38=TLS, 23=40, 24=50, 40=false, 25=0}
    socket=null
client profile={oracle.net.encryption_types_client=(), oracle.net.crypto_seed=, oracle.net.authentication_services=(), oracle.net.setFIPSMode=false, oracle.net.kerberos5_mutual_authentication=false, oracle.net.encryption_client=ACCEPTED, oracle.net.crypto_checksum_client=ACCEPTED, oracle.net.crypto_checksum_types_client=()}
onBreakReset=false, dataEOF=false, negotiatedOptions=0x0, connected=false
TTIINIT enabled=false, TTC cookie enabled=false

2026-08-27T17:44:34.231+01:00  INFO 74676 --- [oulearning] [onnection adder] oracle.jdbc                              : traceId=7400E55B, anoEnabled=true. 
2026-08-27T17:44:34.231+01:00  INFO 74676 --- [oulearning] [onnection adder] oracle.jdbc                              : Connection establishment failed due to IOException, will be trying with next available connect option.
2026-08-27T17:44:34.231+01:00  INFO 74676 --- [oulearning] [onnection adder] oracle.jdbc                              : Got Refused, SessionTraceId = 7400E55B
2026-08-27T17:44:34.231+01:00  INFO 74676 --- [oulearning] [onnection adder] oracle.jdbc                              : Outbound interrupt timer cancelled null
2026-08-27T17:44:34.231+01:00  INFO 74676 --- [oulearning] [onnection adder] oracle.jdbc                              : Session Attributes: 
sdu=8192, tdu=2097152
nt: host=localhost, port=61998, socketOptions={0=YES, 1=NO, 17=0, 18=false, 2=30000, 20=true, 38=TLS, 23=40, 24=50, 40=false, 25=0}
    socket=null
client profile={oracle.net.encryption_types_client=(), oracle.net.crypto_seed=, oracle.net.authentication_services=(), oracle.net.setFIPSMode=false, oracle.net.kerberos5_mutual_authentication=false, oracle.net.encryption_client=ACCEPTED, oracle.net.crypto_checksum_client=ACCEPTED, oracle.net.crypto_checksum_types_client=()}
onBreakReset=false, dataEOF=false, negotiatedOptions=0x0, connected=false
TTIINIT enabled=false, TTC cookie enabled=false

2026-08-27T17:44:34.231+01:00  INFO 74676 --- [oulearning] [onnection adder] oracle.jdbc                              : Connection establishment failed due to IOException, will be trying with next available connect option.
2026-08-27T17:44:34.231+01:00  INFO 74676 --- [oulearning] [onnection adder] oracle.jdbc                              : Got Refused, SessionTraceId = 7400E55B
2026-08-27T17:44:34.231+01:00  INFO 74676 --- [oulearning] [onnection adder] oracle.jdbc                              : Outbound interrupt timer cancelled null
2026-08-27T17:44:34.231+01:00  INFO 74676 --- [oulearning] [onnection adder] oracle.jdbc                              : throwing

java.sql.SQLRecoverableException: ORA-17002: I/O error: Connection reset, connect lapse 0 ms., Authentication lapse 0 ms.
https://docs.oracle.com/error-help/db/ora-17002/
	at oracle.jdbc.driver.T4CConnection.handleLogonIOException(T4CConnection.java:1660) ~[ojdbc11-23.5.0.24.07.jar:23.5.0.24.07]
	at oracle.jdbc.driver.T4CConnection.logon(T4CConnection.java:1142) ~[ojdbc11-23.5.0.24.07.jar:23.5.0.24.07]
	at oracle.jdbc.driver.PhysicalConnection.connect(PhysicalConnection.java:1206) ~[ojdbc11-23.5.0.24.07.jar:23.5.0.24.07]
	at oracle.jdbc.driver.T4CDriverExtension.getConnection(T4CDriverExtension.java:105) ~[ojdbc11-23.5.0.24.07.jar:23.5.0.24.07]
	at oracle.jdbc.driver.OracleDriver.connect(OracleDriver.java:886) ~[ojdbc11-23.5.0.24.07.jar:23.5.0.24.07]
	at oracle.jdbc.driver.OracleDriver.connect(OracleDriver.java:693) ~[ojdbc11-23.5.0.24.07.jar:23.5.0.24.07]
	at com.zaxxer.hikari.util.DriverDataSource.getConnection(DriverDataSource.java:137) ~[HikariCP-5.1.0.jar:na]
	at com.zaxxer.hikari.pool.PoolBase.newConnection(PoolBase.java:360) ~[HikariCP-5.1.0.jar:na]
	at com.zaxxer.hikari.pool.PoolBase.newPoolEntry(PoolBase.java:202) ~[HikariCP-5.1.0.jar:na]
	at com.zaxxer.hikari.pool.HikariPool.createPoolEntry(HikariPool.java:461) ~[HikariCP-5.1.0.jar:na]
	at com.zaxxer.hikari.pool.HikariPool$PoolEntryCreator.call(HikariPool.java:724) ~[HikariCP-5.1.0.jar:na]
	at com.zaxxer.hikari.pool.HikariPool$PoolEntryCreator.call(HikariPool.java:703) ~[HikariCP-5.1.0.jar:na]
	at java.base/java.util.concurrent.FutureTask.run(FutureTask.java:328) ~[na:na]
	at java.base/java.util.concurrent.ThreadPoolExecutor.runWorker(ThreadPoolExecutor.java:1090) ~[na:na]
	at java.base/java.util.concurrent.ThreadPoolExecutor$Worker.run(ThreadPoolExecutor.java:614) ~[na:na]
	at java.base/java.lang.Thread.run(Thread.java:1474) ~[na:na]
Caused by: java.io.IOException: Connection reset, connect lapse 0 ms., Authentication lapse 0 ms.
	at oracle.jdbc.driver.T4CConnection.handleLogonIOException(T4CConnection.java:1655) ~[ojdbc11-23.5.0.24.07.jar:23.5.0.24.07]
	... 15 common frames omitted
Caused by: java.io.IOException: Connection reset, connect lapse 0 ms.
	at oracle.net.ns.NSProtocolNIO.negotiateConnection(NSProtocolNIO.java:263) ~[ojdbc11-23.5.0.24.07.jar:23.5.0.24.07]
	at oracle.net.ns.NSProtocol.connect(NSProtocol.java:352) ~[ojdbc11-23.5.0.24.07.jar:23.5.0.24.07]
	at oracle.jdbc.driver.T4CConnection.connectNetworkSessionProtocol(T4CConnection.java:3419) ~[ojdbc11-23.5.0.24.07.jar:23.5.0.24.07]
	at oracle.jdbc.driver.T4CConnection.logon(T4CConnection.java:1018) ~[ojdbc11-23.5.0.24.07.jar:23.5.0.24.07]
	... 14 common frames omitted
Caused by: java.net.SocketException: Connection reset
	at java.base/sun.nio.ch.SocketChannelImpl.throwConnectionReset(SocketChannelImpl.java:399) ~[na:na]
	at java.base/sun.nio.ch.SocketChannelImpl.blockingRead(SocketChannelImpl.java:1420) ~[na:na]
	at java.base/sun.nio.ch.SocketInputStream.implRead(SocketInputStream.java:70) ~[na:na]
	at java.base/sun.nio.ch.SocketInputStream.read(SocketInputStream.java:78) ~[na:na]
	at oracle.net.nt.TimeoutSocketChannel.doBlockedRead(TimeoutSocketChannel.java:600) ~[ojdbc11-23.5.0.24.07.jar:23.5.0.24.07]
	at oracle.net.nt.TimeoutSocketChannel.read(TimeoutSocketChannel.java:536) ~[ojdbc11-23.5.0.24.07.jar:23.5.0.24.07]
	at oracle.net.ns.NSProtocolNIO.doSocketRead(NSProtocolNIO.java:1224) ~[ojdbc11-23.5.0.24.07.jar:23.5.0.24.07]
	at oracle.net.ns.NIOPacket.readNIOPacket(NIOPacket.java:436) ~[ojdbc11-23.5.0.24.07.jar:23.5.0.24.07]
	at oracle.net.ns.NSProtocolNIO.negotiateConnection(NSProtocolNIO.java:216) ~[ojdbc11-23.5.0.24.07.jar:23.5.0.24.07]
	... 17 common frames omitted

2026-08-27T17:44:34.232+01:00  INFO 74676 --- [oulearning] [onnection adder] oracle.jdbc                              : properties={LOCALE=en_US, DriverVersion=23.5.0.24.07, java.library.path: =/Users/erik/Library/Java/Extensions:/Library/Java/Extensions:/Network/Library/Java/Extensions:/System/Library/Java/Extensions:/usr/lib/java:., java.class.path: =/Users/erik/dev/oulearning/target/test-classes:/Users/erik/dev/oulearning/target/classes:/Users/erik/.m2/repository/org/springframework/boot/spring-boot-starter-data-jpa/3.4.0/spring-boot-starter-data-jpa-3.4.0.jar:/Users/erik/.m2/repository/org/springframework/boot/spring-boot-starter-jdbc/3.4.0/spring-boot-starter-jdbc-3.4.0.jar:/Users/erik/.m2/repository/com/zaxxer/HikariCP/5.1.0/HikariCP-5.1.0.jar:/Users/erik/.m2/repository/org/springframework/spring-jdbc/6.2.0/spring-jdbc-6.2.0.jar:/Users/erik/.m2/repository/org/hibernate/orm/hibernate-core/6.6.2.Final/hibernate-core-6.6.2.Final.jar:/Users/erik/.m2/repository/jakarta/persistence/jakarta.persistence-api/3.1.0/jakarta.persistence-api-3.1.0.jar:/Users/erik/.m2/repository/jakarta/transaction/jakarta.transaction-api/2.0.1/jakarta.transaction-api-2.0.1.jar:/Users/erik/.m2/repository/org/jboss/logging/jboss-logging/3.6.1.Final/jboss-logging-3.6.1.Final.jar:/Users/erik/.m2/repository/org/hibernate/common/hibernate-commons-annotations/7.0.3.Final/hibernate-commons-annotations-7.0.3.Final.jar:/Users/erik/.m2/repository/io/smallrye/jandex/3.2.0/jandex-3.2.0.jar:/Users/erik/.m2/repository/com/fasterxml/classmate/1.7.0/classmate-1.7.0.jar:/Users/erik/.m2/repository/net/bytebuddy/byte-buddy/1.15.10/byte-buddy-1.15.10.jar:/Users/erik/.m2/repository/org/glassfish/jaxb/jaxb-runtime/4.0.5/jaxb-runtime-4.0.5.jar:/Users/erik/.m2/repository/org/glassfish/jaxb/jaxb-core/4.0.5/jaxb-core-4.0.5.jar:/Users/erik/.m2/repository/org/eclipse/angus/angus-activation/2.0.2/angus-activation-2.0.2.jar:/Users/erik/.m2/repository/org/glassfish/jaxb/txw2/4.0.5/txw2-4.0.5.jar:/Users/erik/.m2/repository/com/sun/istack/istack-commons-runtime/4.1.2/istack-commons-runtime-4.1.2.jar:/Users/erik/.m2/repository/jakarta/inject/jakarta.inject-api/2.0.1/jakarta.inject-api-2.0.1.jar:/Users/erik/.m2/repository/org/antlr/antlr4-runtime/4.13.0/antlr4-runtime-4.13.0.jar:/Users/erik/.m2/repository/org/springframework/data/spring-data-jpa/3.4.0/spring-data-jpa-3.4.0.jar:/Users/erik/.m2/repository/org/springframework/data/spring-data-commons/3.4.0/spring-data-commons-3.4.0.jar:/Users/erik/.m2/repository/org/springframework/spring-orm/6.2.0/spring-orm-6.2.0.jar:/Users/erik/.m2/repository/org/springframework/spring-context/6.2.0/spring-context-6.2.0.jar:/Users/erik/.m2/repository/org/springframework/spring-aop/6.2.0/spring-aop-6.2.0.jar:/Users/erik/.m2/repository/org/springframework/spring-tx/6.2.0/spring-tx-6.2.0.jar:/Users/erik/.m2/repository/org/springframework/spring-beans/6.2.0/spring-beans-6.2.0.jar:/Users/erik/.m2/repository/org/slf4j/slf4j-api/2.0.16/slf4j-api-2.0.16.jar:/Users/erik/.m2/repository/org/springframework/spring-aspects/6.2.0/spring-aspects-6.2.0.jar:/Users/erik/.m2/repository/org/aspectj/aspectjweaver/1.9.22.1/aspectjweaver-1.9.22.1.jar:/Users/erik/.m2/repository/org/flywaydb/flyway-core/10.20.1/flyway-core-10.20.1.jar:/Users/erik/.m2/repository/com/fasterxml/jackson/dataformat/jackson-dataformat-toml/2.18.1/jackson-dataformat-toml-2.18.1.jar:/Users/erik/.m2/repository/com/fasterxml/jackson/core/jackson-core/2.18.1/jackson-core-2.18.1.jar:/Users/erik/.m2/repository/com/fasterxml/jackson/datatype/jackson-datatype-jsr310/2.18.1/jackson-datatype-jsr310-2.18.1.jar:/Users/erik/.m2/repository/com/fasterxml/jackson/core/jackson-annotations/2.18.1/jackson-annotations-2.18.1.jar:/Users/erik/.m2/repository/org/flywaydb/flyway-database-oracle/10.20.1/flyway-database-oracle-10.20.1.jar:/Users/erik/.m2/repository/com/oracle/database/jdbc/ojdbc11/23.5.0.24.07/ojdbc11-23.5.0.24.07.jar:/Users/erik/.m2/repository/org/springframework/boot/spring-boot-starter/3.4.0/spring-boot-starter-3.4.0.jar:/Users/erik/.m2/repository/org/springframework/boot/spring-boot/3.4.0/spring-boot-3.4.0.jar:/Users/erik/.m2/repository/org/springframework/boot/spring-boot-autoconfigure/3.4.0/spring-boot-autoconfigure-3.4.0.jar:/Users/erik/.m2/repository/org/springframework/boot/spring-boot-starter-logging/3.4.0/spring-boot-starter-logging-3.4.0.jar:/Users/erik/.m2/repository/ch/qos/logback/logback-classic/1.5.12/logback-classic-1.5.12.jar:/Users/erik/.m2/repository/ch/qos/logback/logback-core/1.5.12/logback-core-1.5.12.jar:/Users/erik/.m2/repository/org/apache/logging/log4j/log4j-to-slf4j/2.24.1/log4j-to-slf4j-2.24.1.jar:/Users/erik/.m2/repository/org/apache/logging/log4j/log4j-api/2.24.1/log4j-api-2.24.1.jar:/Users/erik/.m2/repository/org/slf4j/jul-to-slf4j/2.0.16/jul-to-slf4j-2.0.16.jar:/Users/erik/.m2/repository/jakarta/annotation/jakarta.annotation-api/2.1.1/jakarta.annotation-api-2.1.1.jar:/Users/erik/.m2/repository/org/springframework/spring-core/6.2.0/spring-core-6.2.0.jar:/Users/erik/.m2/repository/org/springframework/spring-jcl/6.2.0/spring-jcl-6.2.0.jar:/Users/erik/.m2/repository/org/yaml/snakeyaml/2.3/snakeyaml-2.3.jar:/Users/erik/.m2/repository/org/mybatis/spring/boot/mybatis-spring-boot-starter/3.0.3/mybatis-spring-boot-starter-3.0.3.jar:/Users/erik/.m2/repository/org/mybatis/spring/boot/mybatis-spring-boot-autoconfigure/3.0.3/mybatis-spring-boot-autoconfigure-3.0.3.jar:/Users/erik/.m2/repository/org/mybatis/mybatis/3.5.14/mybatis-3.5.14.jar:/Users/erik/.m2/repository/org/mybatis/mybatis-spring/3.0.3/mybatis-spring-3.0.3.jar:/Users/erik/.m2/repository/org/mybatis/spring/boot/mybatis-spring-boot-starter-test/3.0.3/mybatis-spring-boot-starter-test-3.0.3.jar:/Users/erik/.m2/repository/org/mybatis/spring/boot/mybatis-spring-boot-test-autoconfigure/3.0.3/mybatis-spring-boot-test-autoconfigure-3.0.3.jar:/Users/erik/.m2/repository/org/springframework/boot/spring-boot-starter-web/3.4.0/spring-boot-starter-web-3.4.0.jar:/Users/erik/.m2/repository/org/springframework/boot/spring-boot-starter-json/3.4.0/spring-boot-starter-json-3.4.0.jar:/Users/erik/.m2/repository/com/fasterxml/jackson/datatype/jackson-datatype-jdk8/2.18.1/jackson-datatype-jdk8-2.18.1.jar:/Users/erik/.m2/repository/com/fasterxml/jackson/module/jackson-module-parameter-names/2.18.1/jackson-module-parameter-names-2.18.1.jar:/Users/erik/.m2/repository/org/springframework/boot/spring-boot-starter-tomcat/3.4.0/spring-boot-starter-tomcat-3.4.0.jar:/Users/erik/.m2/repository/org/apache/tomcat/embed/tomcat-embed-core/10.1.33/tomcat-embed-core-10.1.33.jar:/Users/erik/.m2/repository/org/apache/tomcat/embed/tomcat-embed-websocket/10.1.33/tomcat-embed-websocket-10.1.33.jar:/Users/erik/.m2/repository/org/springframework/spring-web/6.2.0/spring-web-6.2.0.jar:/Users/erik/.m2/repository/io/micrometer/micrometer-observation/1.14.1/micrometer-observation-1.14.1.jar:/Users/erik/.m2/repository/io/micrometer/micrometer-commons/1.14.1/micrometer-commons-1.14.1.jar:/Users/erik/.m2/repository/org/springframework/spring-webmvc/6.2.0/spring-webmvc-6.2.0.jar:/Users/erik/.m2/repository/org/springframework/spring-expression/6.2.0/spring-expression-6.2.0.jar:/Users/erik/.m2/repository/org/springframework/boot/spring-boot-starter-validation/3.4.0/spring-boot-starter-validation-3.4.0.jar:/Users/erik/.m2/repository/org/apache/tomcat/embed/tomcat-embed-el/10.1.33/tomcat-embed-el-10.1.33.jar:/Users/erik/.m2/repository/org/hibernate/validator/hibernate-validator/8.0.1.Final/hibernate-validator-8.0.1.Final.jar:/Users/erik/.m2/repository/jakarta/validation/jakarta.validation-api/3.0.2/jakarta.validation-api-3.0.2.jar:/Users/erik/.m2/repository/io/swagger/core/v3/swagger-annotations/2.2.22/swagger-annotations-2.2.22.jar:/Users/erik/.m2/repository/org/openapitools/jackson-databind-nullable/0.2.6/jackson-databind-nullable-0.2.6.jar:/Users/erik/.m2/repository/com/fasterxml/jackson/core/jackson-databind/2.18.1/jackson-databind-2.18.1.jar:/Users/erik/.m2/repository/org/javamoney/moneta/moneta-core/1.4.4/moneta-core-1.4.4.jar:/Users/erik/.m2/repository/javax/money/money-api/1.1/money-api-1.1.jar:/Users/erik/.m2/repository/com/squareup/okhttp3/okhttp/4.12.0/okhttp-4.12.0.jar:/Users/erik/.m2/repository/com/squareup/okio/okio/3.6.0/okio-3.6.0.jar:/Users/erik/.m2/repository/com/squareup/okio/okio-jvm/3.6.0/okio-jvm-3.6.0.jar:/Users/erik/.m2/repository/org/jetbrains/kotlin/kotlin-stdlib-common/1.9.25/kotlin-stdlib-common-1.9.25.jar:/Users/erik/.m2/repository/org/jetbrains/kotlin/kotlin-stdlib-jdk8/1.9.25/kotlin-stdlib-jdk8-1.9.25.jar:/Users/erik/.m2/repository/org/jetbrains/kotlin/kotlin-stdlib/1.9.25/kotlin-stdlib-1.9.25.jar:/Users/erik/.m2/repository/org/jetbrains/kotlin/kotlin-stdlib-jdk7/1.9.25/kotlin-stdlib-jdk7-1.9.25.jar:/Users/erik/.m2/repository/org/springframework/boot/spring-boot-starter-test/3.4.0/spring-boot-starter-test-3.4.0.jar:/Users/erik/.m2/repository/org/springframework/boot/spring-boot-test/3.4.0/spring-boot-test-3.4.0.jar:/Users/erik/.m2/repository/org/springframework/boot/spring-boot-test-autoconfigure/3.4.0/spring-boot-test-autoconfigure-3.4.0.jar:/Users/erik/.m2/repository/com/jayway/jsonpath/json-path/2.9.0/json-path-2.9.0.jar:/Users/erik/.m2/repository/jakarta/xml/bind/jakarta.xml.bind-api/4.0.2/jakarta.xml.bind-api-4.0.2.jar:/Users/erik/.m2/repository/jakarta/activation/jakarta.activation-api/2.1.3/jakarta.activation-api-2.1.3.jar:/Users/erik/.m2/repository/net/minidev/json-smart/2.5.1/json-smart-2.5.1.jar:/Users/erik/.m2/repository/net/minidev/accessors-smart/2.5.1/accessors-smart-2.5.1.jar:/Users/erik/.m2/repository/org/ow2/asm/asm/9.6/asm-9.6.jar:/Users/erik/.m2/repository/org/assertj/assertj-core/3.26.3/assertj-core-3.26.3.jar:/Users/erik/.m2/repository/org/awaitility/awaitility/4.2.2/awaitility-4.2.2.jar:/Users/erik/.m2/repository/org/hamcrest/hamcrest/2.2/hamcrest-2.2.jar:/Users/erik/.m2/repository/org/junit/jupiter/junit-jupiter/5.11.3/junit-jupiter-5.11.3.jar:/Users/erik/.m2/repository/org/junit/jupiter/junit-jupiter-api/5.11.3/junit-jupiter-api-5.11.3.jar:/Users/erik/.m2/repository/org/opentest4j/opentest4j/1.3.0/opentest4j-1.3.0.jar:/Users/erik/.m2/repository/org/junit/platform/junit-platform-commons/1.11.3/junit-platform-commons-1.11.3.jar:/Users/erik/.m2/repository/org/apiguardian/apiguardian-api/1.1.2/apiguardian-api-1.1.2.jar:/Users/erik/.m2/repository/org/junit/jupiter/junit-jupiter-params/5.11.3/junit-jupiter-params-5.11.3.jar:/Users/erik/.m2/repository/org/junit/jupiter/junit-jupiter-engine/5.11.3/junit-jupiter-engine-5.11.3.jar:/Users/erik/.m2/repository/org/junit/platform/junit-platform-engine/1.11.3/junit-platform-engine-1.11.3.jar:/Users/erik/.m2/repository/org/mockito/mockito-core/5.14.2/mockito-core-5.14.2.jar:/Users/erik/.m2/repository/net/bytebuddy/byte-buddy-agent/1.15.10/byte-buddy-agent-1.15.10.jar:/Users/erik/.m2/repository/org/objenesis/objenesis/3.3/objenesis-3.3.jar:/Users/erik/.m2/repository/org/mockito/mockito-junit-jupiter/5.14.2/mockito-junit-jupiter-5.14.2.jar:/Users/erik/.m2/repository/org/skyscreamer/jsonassert/1.5.3/jsonassert-1.5.3.jar:/Users/erik/.m2/repository/com/vaadin/external/google/android-json/0.0.20131108.vaadin1/android-json-0.0.20131108.vaadin1.jar:/Users/erik/.m2/repository/org/springframework/spring-test/6.2.0/spring-test-6.2.0.jar:/Users/erik/.m2/repository/org/xmlunit/xmlunit-core/2.10.0/xmlunit-core-2.10.0.jar:/Users/erik/.m2/repository/org/springframework/boot/spring-boot-testcontainers/3.4.0/spring-boot-testcontainers-3.4.0.jar:/Users/erik/.m2/repository/org/testcontainers/testcontainers/1.20.4/testcontainers-1.20.4.jar:/Users/erik/.m2/repository/junit/junit/4.13.2/junit-4.13.2.jar:/Users/erik/.m2/repository/org/hamcrest/hamcrest-core/2.2/hamcrest-core-2.2.jar:/Users/erik/.m2/repository/org/apache/commons/commons-compress/1.24.0/commons-compress-1.24.0.jar:/Users/erik/.m2/repository/org/rnorth/duct-tape/duct-tape/1.0.8/duct-tape-1.0.8.jar:/Users/erik/.m2/repository/org/jetbrains/annotations/17.0.0/annotations-17.0.0.jar:/Users/erik/.m2/repository/com/github/docker-java/docker-java-api/3.4.0/docker-java-api-3.4.0.jar:/Users/erik/.m2/repository/com/github/docker-java/docker-java-transport-zerodep/3.4.0/docker-java-transport-zerodep-3.4.0.jar:/Users/erik/.m2/repository/com/github/docker-java/docker-java-transport/3.4.0/docker-java-transport-3.4.0.jar:/Users/erik/.m2/repository/net/java/dev/jna/jna/5.13.0/jna-5.13.0.jar:/Users/erik/.m2/repository/org/testcontainers/oracle-xe/1.20.4/oracle-xe-1.20.4.jar:/Users/erik/.m2/repository/org/testcontainers/jdbc/1.20.4/jdbc-1.20.4.jar:/Users/erik/.m2/repository/org/testcontainers/database-commons/1.20.4/database-commons-1.20.4.jar:/Users/erik/.m2/repository/org/testcontainers/junit-jupiter/1.20.4/junit-jupiter-1.20.4.jar:/Users/erik/.m2/repository/org/instancio/instancio-junit/5.4.0/instancio-junit-5.4.0.jar:/Users/erik/.m2/repository/org/instancio/instancio-core/5.4.0/instancio-core-5.4.0.jar:/Users/erik/.m2/repository/com/tngtech/archunit/archunit-junit5/1.4.0/archunit-junit5-1.4.0.jar:/Users/erik/.m2/repository/com/tngtech/archunit/archunit-junit5-api/1.4.0/archunit-junit5-api-1.4.0.jar:/Users/erik/.m2/repository/com/tngtech/archunit/archunit/1.4.0/archunit-1.4.0.jar:/Users/erik/.m2/repository/com/tngtech/archunit/archunit-junit5-engine/1.4.0/archunit-junit5-engine-1.4.0.jar:/Users/erik/.m2/repository/com/tngtech/archunit/archunit-junit5-engine-api/1.4.0/archunit-junit5-engine-api-1.4.0.jar:, java.version: =25.0.3}. 
2026-08-27T17:44:34.277+01:00  INFO 74676 --- [oulearning] [onnection adder] oracle.jdbc                              : entering args (oracle.jdbc.internal.AbstractConnectionBuilder$1@24b69c6c)
2026-08-27T17:44:34.277+01:00  INFO 74676 --- [oulearning] [onnection adder] oracle.jdbc                              : traceId=661C389D. 
2026-08-27T17:44:34.277+01:00  INFO 74676 --- [oulearning] [onnection adder] oracle.jdbc                              : Session Attributes: 
sdu=8192, tdu=2097152
nt: host=localhost, port=61998, socketOptions={0=YES, 1=NO, 17=0, 18=false, 2=30000, 20=true, 38=TLS, 23=40, 24=50, 40=false, 25=0}
    socket=null
client profile={oracle.net.encryption_types_client=(), oracle.net.crypto_seed=, oracle.net.authentication_services=(), oracle.net.setFIPSMode=false, oracle.net.kerberos5_mutual_authentication=false, oracle.net.encryption_client=ACCEPTED, oracle.net.crypto_checksum_client=ACCEPTED, oracle.net.crypto_checksum_types_client=()}
onBreakReset=false, dataEOF=false, negotiatedOptions=0x0, connected=false
TTIINIT enabled=false, TTC cookie enabled=false

2026-08-27T17:44:34.277+01:00  INFO 74676 --- [oulearning] [onnection adder] oracle.jdbc                              : traceId=661C389D, anoEnabled=true. 
2026-08-27T17:44:34.278+01:00  INFO 74676 --- [oulearning] [onnection adder] oracle.jdbc                              : Connection establishment failed due to IOException, will be trying with next available connect option.
2026-08-27T17:44:34.278+01:00  INFO 74676 --- [oulearning] [onnection adder] oracle.jdbc                              : Got Refused, SessionTraceId = 661C389D
2026-08-27T17:44:34.278+01:00  INFO 74676 --- [oulearning] [onnection adder] oracle.jdbc                              : Outbound interrupt timer cancelled null
2026-08-27T17:44:34.278+01:00  INFO 74676 --- [oulearning] [onnection adder] oracle.jdbc                              : Session Attributes: 
sdu=8192, tdu=2097152
nt: host=localhost, port=61998, socketOptions={0=YES, 1=NO, 17=0, 18=false, 2=30000, 20=true, 38=TLS, 23=40, 24=50, 40=false, 25=0}
    socket=null
client profile={oracle.net.encryption_types_client=(), oracle.net.crypto_seed=, oracle.net.authentication_services=(), oracle.net.setFIPSMode=false, oracle.net.kerberos5_mutual_authentication=false, oracle.net.encryption_client=ACCEPTED, oracle.net.crypto_checksum_client=ACCEPTED, oracle.net.crypto_checksum_types_client=()}
onBreakReset=false, dataEOF=false, negotiatedOptions=0x0, connected=false
TTIINIT enabled=false, TTC cookie enabled=false

2026-08-27T17:44:34.278+01:00  INFO 74676 --- [oulearning] [onnection adder] oracle.jdbc                              : Connection establishment failed due to IOException, will be trying with next available connect option.
2026-08-27T17:44:34.278+01:00  INFO 74676 --- [oulearning] [onnection adder] oracle.jdbc                              : Got Refused, SessionTraceId = 661C389D
2026-08-27T17:44:34.278+01:00  INFO 74676 --- [oulearning] [onnection adder] oracle.jdbc                              : Outbound interrupt timer cancelled null
2026-08-27T17:44:34.278+01:00  INFO 74676 --- [oulearning] [onnection adder] oracle.jdbc                              : throwing

java.sql.SQLRecoverableException: ORA-17002: I/O error: Connection reset, connect lapse 1 ms., Authentication lapse 0 ms.
https://docs.oracle.com/error-help/db/ora-17002/
	at oracle.jdbc.driver.T4CConnection.handleLogonIOException(T4CConnection.java:1660) ~[ojdbc11-23.5.0.24.07.jar:23.5.0.24.07]
	at oracle.jdbc.driver.T4CConnection.logon(T4CConnection.java:1142) ~[ojdbc11-23.5.0.24.07.jar:23.5.0.24.07]
	at oracle.jdbc.driver.PhysicalConnection.connect(PhysicalConnection.java:1206) ~[ojdbc11-23.5.0.24.07.jar:23.5.0.24.07]
	at oracle.jdbc.driver.T4CDriverExtension.getConnection(T4CDriverExtension.java:105) ~[ojdbc11-23.5.0.24.07.jar:23.5.0.24.07]
	at oracle.jdbc.driver.OracleDriver.connect(OracleDriver.java:886) ~[ojdbc11-23.5.0.24.07.jar:23.5.0.24.07]
	at oracle.jdbc.driver.OracleDriver.connect(OracleDriver.java:693) ~[ojdbc11-23.5.0.24.07.jar:23.5.0.24.07]
	at com.zaxxer.hikari.util.DriverDataSource.getConnection(DriverDataSource.java:137) ~[HikariCP-5.1.0.jar:na]
	at com.zaxxer.hikari.pool.PoolBase.newConnection(PoolBase.java:360) ~[HikariCP-5.1.0.jar:na]
	at com.zaxxer.hikari.pool.PoolBase.newPoolEntry(PoolBase.java:202) ~[HikariCP-5.1.0.jar:na]
	at com.zaxxer.hikari.pool.HikariPool.createPoolEntry(HikariPool.java:461) ~[HikariCP-5.1.0.jar:na]
	at com.zaxxer.hikari.pool.HikariPool$PoolEntryCreator.call(HikariPool.java:724) ~[HikariCP-5.1.0.jar:na]
	at com.zaxxer.hikari.pool.HikariPool$PoolEntryCreator.call(HikariPool.java:703) ~[HikariCP-5.1.0.jar:na]
	at java.base/java.util.concurrent.FutureTask.run(FutureTask.java:328) ~[na:na]
	at java.base/java.util.concurrent.ThreadPoolExecutor.runWorker(ThreadPoolExecutor.java:1090) ~[na:na]
	at java.base/java.util.concurrent.ThreadPoolExecutor$Worker.run(ThreadPoolExecutor.java:614) ~[na:na]
	at java.base/java.lang.Thread.run(Thread.java:1474) ~[na:na]
Caused by: java.io.IOException: Connection reset, connect lapse 1 ms., Authentication lapse 0 ms.
	at oracle.jdbc.driver.T4CConnection.handleLogonIOException(T4CConnection.java:1655) ~[ojdbc11-23.5.0.24.07.jar:23.5.0.24.07]
	... 15 common frames omitted
Caused by: java.io.IOException: Connection reset, connect lapse 1 ms.
	at oracle.net.ns.NSProtocolNIO.negotiateConnection(NSProtocolNIO.java:263) ~[ojdbc11-23.5.0.24.07.jar:23.5.0.24.07]
	at oracle.net.ns.NSProtocol.connect(NSProtocol.java:352) ~[ojdbc11-23.5.0.24.07.jar:23.5.0.24.07]
	at oracle.jdbc.driver.T4CConnection.connectNetworkSessionProtocol(T4CConnection.java:3419) ~[ojdbc11-23.5.0.24.07.jar:23.5.0.24.07]
	at oracle.jdbc.driver.T4CConnection.logon(T4CConnection.java:1018) ~[ojdbc11-23.5.0.24.07.jar:23.5.0.24.07]
	... 14 common frames omitted
Caused by: java.net.SocketException: Connection reset
	at java.base/sun.nio.ch.SocketChannelImpl.throwConnectionReset(SocketChannelImpl.java:399) ~[na:na]
	at java.base/sun.nio.ch.SocketChannelImpl.blockingRead(SocketChannelImpl.java:1420) ~[na:na]
	at java.base/sun.nio.ch.SocketInputStream.implRead(SocketInputStream.java:70) ~[na:na]
	at java.base/sun.nio.ch.SocketInputStream.read(SocketInputStream.java:78) ~[na:na]
	at oracle.net.nt.TimeoutSocketChannel.doBlockedRead(TimeoutSocketChannel.java:600) ~[ojdbc11-23.5.0.24.07.jar:23.5.0.24.07]
	at oracle.net.nt.TimeoutSocketChannel.read(TimeoutSocketChannel.java:536) ~[ojdbc11-23.5.0.24.07.jar:23.5.0.24.07]
	at oracle.net.ns.NSProtocolNIO.doSocketRead(NSProtocolNIO.java:1224) ~[ojdbc11-23.5.0.24.07.jar:23.5.0.24.07]
	at oracle.net.ns.NIOPacket.readNIOPacket(NIOPacket.java:436) ~[ojdbc11-23.5.0.24.07.jar:23.5.0.24.07]
	at oracle.net.ns.NSProtocolNIO.negotiateConnection(NSProtocolNIO.java:216) ~[ojdbc11-23.5.0.24.07.jar:23.5.0.24.07]
	... 17 common frames omitted

2026-08-27T17:44:34.278+01:00  INFO 74676 --- [oulearning] [onnection adder] oracle.jdbc                              : properties={LOCALE=en_US, DriverVersion=23.5.0.24.07, java.library.path: =/Users/erik/Library/Java/Extensions:/Library/Java/Extensions:/Network/Library/Java/Extensions:/System/Library/Java/Extensions:/usr/lib/java:., java.class.path: =/Users/erik/dev/oulearning/target/test-classes:/Users/erik/dev/oulearning/target/classes:/Users/erik/.m2/repository/org/springframework/boot/spring-boot-starter-data-jpa/3.4.0/spring-boot-starter-data-jpa-3.4.0.jar:/Users/erik/.m2/repository/org/springframework/boot/spring-boot-starter-jdbc/3.4.0/spring-boot-starter-jdbc-3.4.0.jar:/Users/erik/.m2/repository/com/zaxxer/HikariCP/5.1.0/HikariCP-5.1.0.jar:/Users/erik/.m2/repository/org/springframework/spring-jdbc/6.2.0/spring-jdbc-6.2.0.jar:/Users/erik/.m2/repository/org/hibernate/orm/hibernate-core/6.6.2.Final/hibernate-core-6.6.2.Final.jar:/Users/erik/.m2/repository/jakarta/persistence/jakarta.persistence-api/3.1.0/jakarta.persistence-api-3.1.0.jar:/Users/erik/.m2/repository/jakarta/transaction/jakarta.transaction-api/2.0.1/jakarta.transaction-api-2.0.1.jar:/Users/erik/.m2/repository/org/jboss/logging/jboss-logging/3.6.1.Final/jboss-logging-3.6.1.Final.jar:/Users/erik/.m2/repository/org/hibernate/common/hibernate-commons-annotations/7.0.3.Final/hibernate-commons-annotations-7.0.3.Final.jar:/Users/erik/.m2/repository/io/smallrye/jandex/3.2.0/jandex-3.2.0.jar:/Users/erik/.m2/repository/com/fasterxml/classmate/1.7.0/classmate-1.7.0.jar:/Users/erik/.m2/repository/net/bytebuddy/byte-buddy/1.15.10/byte-buddy-1.15.10.jar:/Users/erik/.m2/repository/org/glassfish/jaxb/jaxb-runtime/4.0.5/jaxb-runtime-4.0.5.jar:/Users/erik/.m2/repository/org/glassfish/jaxb/jaxb-core/4.0.5/jaxb-core-4.0.5.jar:/Users/erik/.m2/repository/org/eclipse/angus/angus-activation/2.0.2/angus-activation-2.0.2.jar:/Users/erik/.m2/repository/org/glassfish/jaxb/txw2/4.0.5/txw2-4.0.5.jar:/Users/erik/.m2/repository/com/sun/istack/istack-commons-runtime/4.1.2/istack-commons-runtime-4.1.2.jar:/Users/erik/.m2/repository/jakarta/inject/jakarta.inject-api/2.0.1/jakarta.inject-api-2.0.1.jar:/Users/erik/.m2/repository/org/antlr/antlr4-runtime/4.13.0/antlr4-runtime-4.13.0.jar:/Users/erik/.m2/repository/org/springframework/data/spring-data-jpa/3.4.0/spring-data-jpa-3.4.0.jar:/Users/erik/.m2/repository/org/springframework/data/spring-data-commons/3.4.0/spring-data-commons-3.4.0.jar:/Users/erik/.m2/repository/org/springframework/spring-orm/6.2.0/spring-orm-6.2.0.jar:/Users/erik/.m2/repository/org/springframework/spring-context/6.2.0/spring-context-6.2.0.jar:/Users/erik/.m2/repository/org/springframework/spring-aop/6.2.0/spring-aop-6.2.0.jar:/Users/erik/.m2/repository/org/springframework/spring-tx/6.2.0/spring-tx-6.2.0.jar:/Users/erik/.m2/repository/org/springframework/spring-beans/6.2.0/spring-beans-6.2.0.jar:/Users/erik/.m2/repository/org/slf4j/slf4j-api/2.0.16/slf4j-api-2.0.16.jar:/Users/erik/.m2/repository/org/springframework/spring-aspects/6.2.0/spring-aspects-6.2.0.jar:/Users/erik/.m2/repository/org/aspectj/aspectjweaver/1.9.22.1/aspectjweaver-1.9.22.1.jar:/Users/erik/.m2/repository/org/flywaydb/flyway-core/10.20.1/flyway-core-10.20.1.jar:/Users/erik/.m2/repository/com/fasterxml/jackson/dataformat/jackson-dataformat-toml/2.18.1/jackson-dataformat-toml-2.18.1.jar:/Users/erik/.m2/repository/com/fasterxml/jackson/core/jackson-core/2.18.1/jackson-core-2.18.1.jar:/Users/erik/.m2/repository/com/fasterxml/jackson/datatype/jackson-datatype-jsr310/2.18.1/jackson-datatype-jsr310-2.18.1.jar:/Users/erik/.m2/repository/com/fasterxml/jackson/core/jackson-annotations/2.18.1/jackson-annotations-2.18.1.jar:/Users/erik/.m2/repository/org/flywaydb/flyway-database-oracle/10.20.1/flyway-database-oracle-10.20.1.jar:/Users/erik/.m2/repository/com/oracle/database/jdbc/ojdbc11/23.5.0.24.07/ojdbc11-23.5.0.24.07.jar:/Users/erik/.m2/repository/org/springframework/boot/spring-boot-starter/3.4.0/spring-boot-starter-3.4.0.jar:/Users/erik/.m2/repository/org/springframework/boot/spring-boot/3.4.0/spring-boot-3.4.0.jar:/Users/erik/.m2/repository/org/springframework/boot/spring-boot-autoconfigure/3.4.0/spring-boot-autoconfigure-3.4.0.jar:/Users/erik/.m2/repository/org/springframework/boot/spring-boot-starter-logging/3.4.0/spring-boot-starter-logging-3.4.0.jar:/Users/erik/.m2/repository/ch/qos/logback/logback-classic/1.5.12/logback-classic-1.5.12.jar:/Users/erik/.m2/repository/ch/qos/logback/logback-core/1.5.12/logback-core-1.5.12.jar:/Users/erik/.m2/repository/org/apache/logging/log4j/log4j-to-slf4j/2.24.1/log4j-to-slf4j-2.24.1.jar:/Users/erik/.m2/repository/org/apache/logging/log4j/log4j-api/2.24.1/log4j-api-2.24.1.jar:/Users/erik/.m2/repository/org/slf4j/jul-to-slf4j/2.0.16/jul-to-slf4j-2.0.16.jar:/Users/erik/.m2/repository/jakarta/annotation/jakarta.annotation-api/2.1.1/jakarta.annotation-api-2.1.1.jar:/Users/erik/.m2/repository/org/springframework/spring-core/6.2.0/spring-core-6.2.0.jar:/Users/erik/.m2/repository/org/springframework/spring-jcl/6.2.0/spring-jcl-6.2.0.jar:/Users/erik/.m2/repository/org/yaml/snakeyaml/2.3/snakeyaml-2.3.jar:/Users/erik/.m2/repository/org/mybatis/spring/boot/mybatis-spring-boot-starter/3.0.3/mybatis-spring-boot-starter-3.0.3.jar:/Users/erik/.m2/repository/org/mybatis/spring/boot/mybatis-spring-boot-autoconfigure/3.0.3/mybatis-spring-boot-autoconfigure-3.0.3.jar:/Users/erik/.m2/repository/org/mybatis/mybatis/3.5.14/mybatis-3.5.14.jar:/Users/erik/.m2/repository/org/mybatis/mybatis-spring/3.0.3/mybatis-spring-3.0.3.jar:/Users/erik/.m2/repository/org/mybatis/spring/boot/mybatis-spring-boot-starter-test/3.0.3/mybatis-spring-boot-starter-test-3.0.3.jar:/Users/erik/.m2/repository/org/mybatis/spring/boot/mybatis-spring-boot-test-autoconfigure/3.0.3/mybatis-spring-boot-test-autoconfigure-3.0.3.jar:/Users/erik/.m2/repository/org/springframework/boot/spring-boot-starter-web/3.4.0/spring-boot-starter-web-3.4.0.jar:/Users/erik/.m2/repository/org/springframework/boot/spring-boot-starter-json/3.4.0/spring-boot-starter-json-3.4.0.jar:/Users/erik/.m2/repository/com/fasterxml/jackson/datatype/jackson-datatype-jdk8/2.18.1/jackson-datatype-jdk8-2.18.1.jar:/Users/erik/.m2/repository/com/fasterxml/jackson/module/jackson-module-parameter-names/2.18.1/jackson-module-parameter-names-2.18.1.jar:/Users/erik/.m2/repository/org/springframework/boot/spring-boot-starter-tomcat/3.4.0/spring-boot-starter-tomcat-3.4.0.jar:/Users/erik/.m2/repository/org/apache/tomcat/embed/tomcat-embed-core/10.1.33/tomcat-embed-core-10.1.33.jar:/Users/erik/.m2/repository/org/apache/tomcat/embed/tomcat-embed-websocket/10.1.33/tomcat-embed-websocket-10.1.33.jar:/Users/erik/.m2/repository/org/springframework/spring-web/6.2.0/spring-web-6.2.0.jar:/Users/erik/.m2/repository/io/micrometer/micrometer-observation/1.14.1/micrometer-observation-1.14.1.jar:/Users/erik/.m2/repository/io/micrometer/micrometer-commons/1.14.1/micrometer-commons-1.14.1.jar:/Users/erik/.m2/repository/org/springframework/spring-webmvc/6.2.0/spring-webmvc-6.2.0.jar:/Users/erik/.m2/repository/org/springframework/spring-expression/6.2.0/spring-expression-6.2.0.jar:/Users/erik/.m2/repository/org/springframework/boot/spring-boot-starter-validation/3.4.0/spring-boot-starter-validation-3.4.0.jar:/Users/erik/.m2/repository/org/apache/tomcat/embed/tomcat-embed-el/10.1.33/tomcat-embed-el-10.1.33.jar:/Users/erik/.m2/repository/org/hibernate/validator/hibernate-validator/8.0.1.Final/hibernate-validator-8.0.1.Final.jar:/Users/erik/.m2/repository/jakarta/validation/jakarta.validation-api/3.0.2/jakarta.validation-api-3.0.2.jar:/Users/erik/.m2/repository/io/swagger/core/v3/swagger-annotations/2.2.22/swagger-annotations-2.2.22.jar:/Users/erik/.m2/repository/org/openapitools/jackson-databind-nullable/0.2.6/jackson-databind-nullable-0.2.6.jar:/Users/erik/.m2/repository/com/fasterxml/jackson/core/jackson-databind/2.18.1/jackson-databind-2.18.1.jar:/Users/erik/.m2/repository/org/javamoney/moneta/moneta-core/1.4.4/moneta-core-1.4.4.jar:/Users/erik/.m2/repository/javax/money/money-api/1.1/money-api-1.1.jar:/Users/erik/.m2/repository/com/squareup/okhttp3/okhttp/4.12.0/okhttp-4.12.0.jar:/Users/erik/.m2/repository/com/squareup/okio/okio/3.6.0/okio-3.6.0.jar:/Users/erik/.m2/repository/com/squareup/okio/okio-jvm/3.6.0/okio-jvm-3.6.0.jar:/Users/erik/.m2/repository/org/jetbrains/kotlin/kotlin-stdlib-common/1.9.25/kotlin-stdlib-common-1.9.25.jar:/Users/erik/.m2/repository/org/jetbrains/kotlin/kotlin-stdlib-jdk8/1.9.25/kotlin-stdlib-jdk8-1.9.25.jar:/Users/erik/.m2/repository/org/jetbrains/kotlin/kotlin-stdlib/1.9.25/kotlin-stdlib-1.9.25.jar:/Users/erik/.m2/repository/org/jetbrains/kotlin/kotlin-stdlib-jdk7/1.9.25/kotlin-stdlib-jdk7-1.9.25.jar:/Users/erik/.m2/repository/org/springframework/boot/spring-boot-starter-test/3.4.0/spring-boot-starter-test-3.4.0.jar:/Users/erik/.m2/repository/org/springframework/boot/spring-boot-test/3.4.0/spring-boot-test-3.4.0.jar:/Users/erik/.m2/repository/org/springframework/boot/spring-boot-test-autoconfigure/3.4.0/spring-boot-test-autoconfigure-3.4.0.jar:/Users/erik/.m2/repository/com/jayway/jsonpath/json-path/2.9.0/json-path-2.9.0.jar:/Users/erik/.m2/repository/jakarta/xml/bind/jakarta.xml.bind-api/4.0.2/jakarta.xml.bind-api-4.0.2.jar:/Users/erik/.m2/repository/jakarta/activation/jakarta.activation-api/2.1.3/jakarta.activation-api-2.1.3.jar:/Users/erik/.m2/repository/net/minidev/json-smart/2.5.1/json-smart-2.5.1.jar:/Users/erik/.m2/repository/net/minidev/accessors-smart/2.5.1/accessors-smart-2.5.1.jar:/Users/erik/.m2/repository/org/ow2/asm/asm/9.6/asm-9.6.jar:/Users/erik/.m2/repository/org/assertj/assertj-core/3.26.3/assertj-core-3.26.3.jar:/Users/erik/.m2/repository/org/awaitility/awaitility/4.2.2/awaitility-4.2.2.jar:/Users/erik/.m2/repository/org/hamcrest/hamcrest/2.2/hamcrest-2.2.jar:/Users/erik/.m2/repository/org/junit/jupiter/junit-jupiter/5.11.3/junit-jupiter-5.11.3.jar:/Users/erik/.m2/repository/org/junit/jupiter/junit-jupiter-api/5.11.3/junit-jupiter-api-5.11.3.jar:/Users/erik/.m2/repository/org/opentest4j/opentest4j/1.3.0/opentest4j-1.3.0.jar:/Users/erik/.m2/repository/org/junit/platform/junit-platform-commons/1.11.3/junit-platform-commons-1.11.3.jar:/Users/erik/.m2/repository/org/apiguardian/apiguardian-api/1.1.2/apiguardian-api-1.1.2.jar:/Users/erik/.m2/repository/org/junit/jupiter/junit-jupiter-params/5.11.3/junit-jupiter-params-5.11.3.jar:/Users/erik/.m2/repository/org/junit/jupiter/junit-jupiter-engine/5.11.3/junit-jupiter-engine-5.11.3.jar:/Users/erik/.m2/repository/org/junit/platform/junit-platform-engine/1.11.3/junit-platform-engine-1.11.3.jar:/Users/erik/.m2/repository/org/mockito/mockito-core/5.14.2/mockito-core-5.14.2.jar:/Users/erik/.m2/repository/net/bytebuddy/byte-buddy-agent/1.15.10/byte-buddy-agent-1.15.10.jar:/Users/erik/.m2/repository/org/objenesis/objenesis/3.3/objenesis-3.3.jar:/Users/erik/.m2/repository/org/mockito/mockito-junit-jupiter/5.14.2/mockito-junit-jupiter-5.14.2.jar:/Users/erik/.m2/repository/org/skyscreamer/jsonassert/1.5.3/jsonassert-1.5.3.jar:/Users/erik/.m2/repository/com/vaadin/external/google/android-json/0.0.20131108.vaadin1/android-json-0.0.20131108.vaadin1.jar:/Users/erik/.m2/repository/org/springframework/spring-test/6.2.0/spring-test-6.2.0.jar:/Users/erik/.m2/repository/org/xmlunit/xmlunit-core/2.10.0/xmlunit-core-2.10.0.jar:/Users/erik/.m2/repository/org/springframework/boot/spring-boot-testcontainers/3.4.0/spring-boot-testcontainers-3.4.0.jar:/Users/erik/.m2/repository/org/testcontainers/testcontainers/1.20.4/testcontainers-1.20.4.jar:/Users/erik/.m2/repository/junit/junit/4.13.2/junit-4.13.2.jar:/Users/erik/.m2/repository/org/hamcrest/hamcrest-core/2.2/hamcrest-core-2.2.jar:/Users/erik/.m2/repository/org/apache/commons/commons-compress/1.24.0/commons-compress-1.24.0.jar:/Users/erik/.m2/repository/org/rnorth/duct-tape/duct-tape/1.0.8/duct-tape-1.0.8.jar:/Users/erik/.m2/repository/org/jetbrains/annotations/17.0.0/annotations-17.0.0.jar:/Users/erik/.m2/repository/com/github/docker-java/docker-java-api/3.4.0/docker-java-api-3.4.0.jar:/Users/erik/.m2/repository/com/github/docker-java/docker-java-transport-zerodep/3.4.0/docker-java-transport-zerodep-3.4.0.jar:/Users/erik/.m2/repository/com/github/docker-java/docker-java-transport/3.4.0/docker-java-transport-3.4.0.jar:/Users/erik/.m2/repository/net/java/dev/jna/jna/5.13.0/jna-5.13.0.jar:/Users/erik/.m2/repository/org/testcontainers/oracle-xe/1.20.4/oracle-xe-1.20.4.jar:/Users/erik/.m2/repository/org/testcontainers/jdbc/1.20.4/jdbc-1.20.4.jar:/Users/erik/.m2/repository/org/testcontainers/database-commons/1.20.4/database-commons-1.20.4.jar:/Users/erik/.m2/repository/org/testcontainers/junit-jupiter/1.20.4/junit-jupiter-1.20.4.jar:/Users/erik/.m2/repository/org/instancio/instancio-junit/5.4.0/instancio-junit-5.4.0.jar:/Users/erik/.m2/repository/org/instancio/instancio-core/5.4.0/instancio-core-5.4.0.jar:/Users/erik/.m2/repository/com/tngtech/archunit/archunit-junit5/1.4.0/archunit-junit5-1.4.0.jar:/Users/erik/.m2/repository/com/tngtech/archunit/archunit-junit5-api/1.4.0/archunit-junit5-api-1.4.0.jar:/Users/erik/.m2/repository/com/tngtech/archunit/archunit/1.4.0/archunit-1.4.0.jar:/Users/erik/.m2/repository/com/tngtech/archunit/archunit-junit5-engine/1.4.0/archunit-junit5-engine-1.4.0.jar:/Users/erik/.m2/repository/com/tngtech/archunit/archunit-junit5-engine-api/1.4.0/archunit-junit5-engine-api-1.4.0.jar:, java.version: =25.0.3}. 
[INFO] Tests run: 3, Failures: 0, Errors: 0, Skipped: 0, Time elapsed: 12.42 s -- in com.example.oulearning.organization.infrastructure.persistence.employee.MyBatisEmployeeRepositoryIT
[INFO] Running com.example.oulearning.training.infrastructure.web.TrainingControllerIT
2026-08-27T17:44:34.545+01:00  INFO 74676 --- [oulearning] [           main] t.c.s.AnnotationConfigContextLoaderUtils : Could not detect default configuration classes for test class [com.example.oulearning.training.infrastructure.web.TrainingControllerIT]: TrainingControllerIT does not declare any static, non-private, non-final, nested classes annotated with @Configuration.
2026-08-27T17:44:34.569+01:00  INFO 74676 --- [oulearning] [           main] .b.t.c.SpringBootTestContextBootstrapper : Found @SpringBootConfiguration com.example.oulearning.OulearningApplication for test class com.example.oulearning.training.infrastructure.web.TrainingControllerIT

  .   ____          _            __ _ _
 /\\ / ___'_ __ _ _(_)_ __  __ _ \ \ \ \
( ( )\___ | '_ | '_| | '_ \/ _` | \ \ \ \
 \\/  ___)| |_)| | | | | || (_| |  ) ) ) )
  '  |____| .__|_| |_|_| |_\__, | / / / /
 =========|_|==============|___/=/_/_/_/

 :: Spring Boot ::                (v3.4.0)

2026-08-27T17:44:34.595+01:00  INFO 74676 --- [oulearning] [           main] c.e.o.t.i.web.TrainingControllerIT       : Starting TrainingControllerIT using Java 25.0.3 with PID 74676 (started by erik in /Users/erik/dev/oulearning)
2026-08-27T17:44:34.595+01:00  INFO 74676 --- [oulearning] [           main] c.e.o.t.i.web.TrainingControllerIT       : No active profile set, falling back to 1 default profile: "default"
2026-08-27T17:44:35.070+01:00  INFO 74676 --- [oulearning] [           main] o.s.b.t.m.w.SpringBootMockServletContext : Initializing Spring TestDispatcherServlet ''
2026-08-27T17:44:35.070+01:00  INFO 74676 --- [oulearning] [           main] o.s.t.web.servlet.TestDispatcherServlet  : Initializing Servlet ''
2026-08-27T17:44:35.070+01:00  INFO 74676 --- [oulearning] [           main] o.s.t.web.servlet.TestDispatcherServlet  : Completed initialization in 0 ms
2026-08-27T17:44:35.074+01:00  INFO 74676 --- [oulearning] [           main] c.e.o.t.i.web.TrainingControllerIT       : Started TrainingControllerIT in 0.501 seconds (process running for 94.636)
[INFO] Tests run: 6, Failures: 0, Errors: 0, Skipped: 0, Time elapsed: 0.685 s -- in com.example.oulearning.training.infrastructure.web.TrainingControllerIT
[INFO] Running com.example.oulearning.training.infrastructure.persistence.MyBatisExternalProviderRepositoryIT
2026-08-27T17:44:35.232+01:00  INFO 74676 --- [oulearning] [           main] t.c.s.AnnotationConfigContextLoaderUtils : Could not detect default configuration classes for test class [com.example.oulearning.training.infrastructure.persistence.MyBatisExternalProviderRepositoryIT]: MyBatisExternalProviderRepositoryIT does not declare any static, non-private, non-final, nested classes annotated with @Configuration.
2026-08-27T17:44:35.254+01:00  INFO 74676 --- [oulearning] [           main] .b.t.c.SpringBootTestContextBootstrapper : Found @SpringBootConfiguration com.example.oulearning.OulearningApplication for test class com.example.oulearning.training.infrastructure.persistence.MyBatisExternalProviderRepositoryIT
2026-08-27T17:44:35.256+01:00  INFO 74676 --- [oulearning] [           main] t.gvenzl/oracle-free:23-slim-faststart   : Creating container for image: gvenzl/oracle-free:23-slim-faststart
2026-08-27T17:44:35.307+01:00  INFO 74676 --- [oulearning] [           main] t.gvenzl/oracle-free:23-slim-faststart   : Container gvenzl/oracle-free:23-slim-faststart is starting: 7da507e36900174405f2a59a453e0f1edafa341b87619fd1e0767d438f1354ea
2026-08-27T17:44:43.748+01:00  INFO 74676 --- [oulearning] [           main] t.gvenzl/oracle-free:23-slim-faststart   : Container gvenzl/oracle-free:23-slim-faststart started in PT8.492245S

  .   ____          _            __ _ _
 /\\ / ___'_ __ _ _(_)_ __  __ _ \ \ \ \
( ( )\___ | '_ | '_| | '_ \/ _` | \ \ \ \
 \\/  ___)| |_)| | | | | || (_| |  ) ) ) )
  '  |____| .__|_| |_|_| |_\__, | / / / /
 =========|_|==============|___/=/_/_/_/

 :: Spring Boot ::                (v3.4.0)

2026-08-27T17:44:43.763+01:00  INFO 74676 --- [oulearning] [           main] .i.p.MyBatisExternalProviderRepositoryIT : Starting MyBatisExternalProviderRepositoryIT using Java 25.0.3 with PID 74676 (started by erik in /Users/erik/dev/oulearning)
2026-08-27T17:44:43.763+01:00  INFO 74676 --- [oulearning] [           main] .i.p.MyBatisExternalProviderRepositoryIT : No active profile set, falling back to 1 default profile: "default"
2026-08-27T17:44:43.974+01:00  INFO 74676 --- [oulearning] [           main] org.flywaydb.core.FlywayExecutor         : Database: jdbc:oracle:thin:@localhost:62016/FREEPDB1 (Oracle 23.26)
2026-08-27T17:44:44.029+01:00  WARN 74676 --- [oulearning] [           main] o.f.c.internal.database.base.Database    : Flyway upgrade recommended: Oracle 23.26 is newer than this version of Flyway and support has not been tested. The latest supported version of Oracle is 21.3.
2026-08-27T17:44:44.191+01:00  INFO 74676 --- [oulearning] [           main] o.f.c.i.s.JdbcTableSchemaHistory         : Schema history table "TEST"."flyway_schema_history" does not exist yet
2026-08-27T17:44:44.191+01:00  INFO 74676 --- [oulearning] [           main] o.f.core.internal.command.DbValidate     : Successfully validated 3 migrations (execution time 00:00.156s)
2026-08-27T17:44:44.891+01:00  INFO 74676 --- [oulearning] [           main] o.f.c.i.s.JdbcTableSchemaHistory         : Creating Schema History table "TEST"."flyway_schema_history" ...
2026-08-27T17:44:45.086+01:00  INFO 74676 --- [oulearning] [           main] o.f.core.internal.command.DbMigrate      : Current version of schema "TEST": << Empty Schema >>
2026-08-27T17:44:45.092+01:00  INFO 74676 --- [oulearning] [           main] o.f.core.internal.command.DbMigrate      : Migrating schema "TEST" to version "202608241431 - initial schema"
2026-08-27T17:44:45.802+01:00  INFO 74676 --- [oulearning] [           main] o.f.core.internal.command.DbMigrate      : Migrating schema "TEST" to version "202608251000 - add active column"
2026-08-27T17:44:45.966+01:00  INFO 74676 --- [oulearning] [           main] o.f.core.internal.command.DbMigrate      : Migrating schema "TEST" to version "202608251220 - normalize external provider"
2026-08-27T17:44:46.436+01:00  INFO 74676 --- [oulearning] [           main] o.f.core.internal.command.DbMigrate      : Successfully applied 3 migrations to schema "TEST", now at version v202608251220 (execution time 00:00.774s)
2026-08-27T17:44:46.467+01:00  INFO 74676 --- [oulearning] [           main] .i.p.MyBatisExternalProviderRepositoryIT : Started MyBatisExternalProviderRepositoryIT in 2.717 seconds (process running for 106.029)
2026-08-27T17:44:46.469+01:00  INFO 74676 --- [oulearning] [           main] com.zaxxer.hikari.HikariDataSource       : HikariPool-3 - Starting...
2026-08-27T17:44:46.514+01:00  INFO 74676 --- [oulearning] [           main] com.zaxxer.hikari.pool.HikariPool        : HikariPool-3 - Added connection oracle.jdbc.driver.T4CConnection@5679e277
2026-08-27T17:44:46.514+01:00  INFO 74676 --- [oulearning] [           main] com.zaxxer.hikari.HikariDataSource       : HikariPool-3 - Start completed.
2026-08-27T17:44:46.621+01:00  INFO 74676 --- [oulearning] [onnection adder] oracle.jdbc                              : entering args (oracle.jdbc.internal.AbstractConnectionBuilder$1@41a8cdc9)
2026-08-27T17:44:46.621+01:00  INFO 74676 --- [oulearning] [onnection adder] oracle.jdbc                              : traceId=455FF57D. 
2026-08-27T17:44:46.621+01:00  INFO 74676 --- [oulearning] [onnection adder] oracle.jdbc                              : Session Attributes: 
sdu=8192, tdu=2097152
nt: host=localhost, port=62016, socketOptions={0=YES, 1=NO, 17=0, 18=false, 2=30000, 20=true, 38=TLS, 23=40, 24=50, 40=false, 25=0}
    socket=null
client profile={oracle.net.encryption_types_client=(), oracle.net.crypto_seed=, oracle.net.authentication_services=(), oracle.net.setFIPSMode=false, oracle.net.kerberos5_mutual_authentication=false, oracle.net.encryption_client=ACCEPTED, oracle.net.crypto_checksum_client=ACCEPTED, oracle.net.crypto_checksum_types_client=()}
onBreakReset=false, dataEOF=false, negotiatedOptions=0x0, connected=false
TTIINIT enabled=false, TTC cookie enabled=false

2026-08-27T17:44:46.621+01:00  INFO 74676 --- [oulearning] [onnection adder] oracle.jdbc                              : traceId=455FF57D, anoEnabled=true. 
2026-08-27T17:44:46.621+01:00  INFO 74676 --- [oulearning] [onnection adder] oracle.jdbc                              : Connection establishment failed due to IOException, will be trying with next available connect option.
2026-08-27T17:44:46.621+01:00  INFO 74676 --- [oulearning] [onnection adder] oracle.jdbc                              : Got Refused, SessionTraceId = 455FF57D
2026-08-27T17:44:46.621+01:00  INFO 74676 --- [oulearning] [onnection adder] oracle.jdbc                              : Outbound interrupt timer cancelled null
2026-08-27T17:44:46.621+01:00  INFO 74676 --- [oulearning] [onnection adder] oracle.jdbc                              : Session Attributes: 
sdu=8192, tdu=2097152
nt: host=localhost, port=62016, socketOptions={0=YES, 1=NO, 17=0, 18=false, 2=30000, 20=true, 38=TLS, 23=40, 24=50, 40=false, 25=0}
    socket=null
client profile={oracle.net.encryption_types_client=(), oracle.net.crypto_seed=, oracle.net.authentication_services=(), oracle.net.setFIPSMode=false, oracle.net.kerberos5_mutual_authentication=false, oracle.net.encryption_client=ACCEPTED, oracle.net.crypto_checksum_client=ACCEPTED, oracle.net.crypto_checksum_types_client=()}
onBreakReset=false, dataEOF=false, negotiatedOptions=0x0, connected=false
TTIINIT enabled=false, TTC cookie enabled=false

2026-08-27T17:44:46.621+01:00  INFO 74676 --- [oulearning] [onnection adder] oracle.jdbc                              : Connection establishment failed due to IOException, will be trying with next available connect option.
2026-08-27T17:44:46.621+01:00  INFO 74676 --- [oulearning] [onnection adder] oracle.jdbc                              : Got Refused, SessionTraceId = 455FF57D
2026-08-27T17:44:46.621+01:00  INFO 74676 --- [oulearning] [onnection adder] oracle.jdbc                              : Outbound interrupt timer cancelled null
2026-08-27T17:44:46.621+01:00  INFO 74676 --- [oulearning] [onnection adder] oracle.jdbc                              : throwing

java.sql.SQLRecoverableException: ORA-17002: I/O error: Connection reset, connect lapse 1 ms., Authentication lapse 0 ms.
https://docs.oracle.com/error-help/db/ora-17002/
	at oracle.jdbc.driver.T4CConnection.handleLogonIOException(T4CConnection.java:1660) ~[ojdbc11-23.5.0.24.07.jar:23.5.0.24.07]
	at oracle.jdbc.driver.T4CConnection.logon(T4CConnection.java:1142) ~[ojdbc11-23.5.0.24.07.jar:23.5.0.24.07]
	at oracle.jdbc.driver.PhysicalConnection.connect(PhysicalConnection.java:1206) ~[ojdbc11-23.5.0.24.07.jar:23.5.0.24.07]
	at oracle.jdbc.driver.T4CDriverExtension.getConnection(T4CDriverExtension.java:105) ~[ojdbc11-23.5.0.24.07.jar:23.5.0.24.07]
	at oracle.jdbc.driver.OracleDriver.connect(OracleDriver.java:886) ~[ojdbc11-23.5.0.24.07.jar:23.5.0.24.07]
	at oracle.jdbc.driver.OracleDriver.connect(OracleDriver.java:693) ~[ojdbc11-23.5.0.24.07.jar:23.5.0.24.07]
	at com.zaxxer.hikari.util.DriverDataSource.getConnection(DriverDataSource.java:137) ~[HikariCP-5.1.0.jar:na]
	at com.zaxxer.hikari.pool.PoolBase.newConnection(PoolBase.java:360) ~[HikariCP-5.1.0.jar:na]
	at com.zaxxer.hikari.pool.PoolBase.newPoolEntry(PoolBase.java:202) ~[HikariCP-5.1.0.jar:na]
	at com.zaxxer.hikari.pool.HikariPool.createPoolEntry(HikariPool.java:461) ~[HikariCP-5.1.0.jar:na]
	at com.zaxxer.hikari.pool.HikariPool$PoolEntryCreator.call(HikariPool.java:724) ~[HikariCP-5.1.0.jar:na]
	at com.zaxxer.hikari.pool.HikariPool$PoolEntryCreator.call(HikariPool.java:703) ~[HikariCP-5.1.0.jar:na]
	at java.base/java.util.concurrent.FutureTask.run(FutureTask.java:328) ~[na:na]
	at java.base/java.util.concurrent.ThreadPoolExecutor.runWorker(ThreadPoolExecutor.java:1090) ~[na:na]
	at java.base/java.util.concurrent.ThreadPoolExecutor$Worker.run(ThreadPoolExecutor.java:614) ~[na:na]
	at java.base/java.lang.Thread.run(Thread.java:1474) ~[na:na]
Caused by: java.io.IOException: Connection reset, connect lapse 1 ms., Authentication lapse 0 ms.
	at oracle.jdbc.driver.T4CConnection.handleLogonIOException(T4CConnection.java:1655) ~[ojdbc11-23.5.0.24.07.jar:23.5.0.24.07]
	... 15 common frames omitted
Caused by: java.io.IOException: Connection reset, connect lapse 1 ms.
	at oracle.net.ns.NSProtocolNIO.negotiateConnection(NSProtocolNIO.java:263) ~[ojdbc11-23.5.0.24.07.jar:23.5.0.24.07]
	at oracle.net.ns.NSProtocol.connect(NSProtocol.java:352) ~[ojdbc11-23.5.0.24.07.jar:23.5.0.24.07]
	at oracle.jdbc.driver.T4CConnection.connectNetworkSessionProtocol(T4CConnection.java:3419) ~[ojdbc11-23.5.0.24.07.jar:23.5.0.24.07]
	at oracle.jdbc.driver.T4CConnection.logon(T4CConnection.java:1018) ~[ojdbc11-23.5.0.24.07.jar:23.5.0.24.07]
	... 14 common frames omitted
Caused by: java.net.SocketException: Connection reset
	at java.base/sun.nio.ch.SocketChannelImpl.throwConnectionReset(SocketChannelImpl.java:399) ~[na:na]
	at java.base/sun.nio.ch.SocketChannelImpl.blockingRead(SocketChannelImpl.java:1420) ~[na:na]
	at java.base/sun.nio.ch.SocketInputStream.implRead(SocketInputStream.java:70) ~[na:na]
	at java.base/sun.nio.ch.SocketInputStream.read(SocketInputStream.java:78) ~[na:na]
	at oracle.net.nt.TimeoutSocketChannel.doBlockedRead(TimeoutSocketChannel.java:600) ~[ojdbc11-23.5.0.24.07.jar:23.5.0.24.07]
	at oracle.net.nt.TimeoutSocketChannel.read(TimeoutSocketChannel.java:536) ~[ojdbc11-23.5.0.24.07.jar:23.5.0.24.07]
	at oracle.net.ns.NSProtocolNIO.doSocketRead(NSProtocolNIO.java:1224) ~[ojdbc11-23.5.0.24.07.jar:23.5.0.24.07]
	at oracle.net.ns.NIOPacket.readNIOPacket(NIOPacket.java:436) ~[ojdbc11-23.5.0.24.07.jar:23.5.0.24.07]
	at oracle.net.ns.NSProtocolNIO.negotiateConnection(NSProtocolNIO.java:216) ~[ojdbc11-23.5.0.24.07.jar:23.5.0.24.07]
	... 17 common frames omitted

2026-08-27T17:44:46.622+01:00  INFO 74676 --- [oulearning] [onnection adder] oracle.jdbc                              : properties={LOCALE=en_US, DriverVersion=23.5.0.24.07, java.library.path: =/Users/erik/Library/Java/Extensions:/Library/Java/Extensions:/Network/Library/Java/Extensions:/System/Library/Java/Extensions:/usr/lib/java:., java.class.path: =/Users/erik/dev/oulearning/target/test-classes:/Users/erik/dev/oulearning/target/classes:/Users/erik/.m2/repository/org/springframework/boot/spring-boot-starter-data-jpa/3.4.0/spring-boot-starter-data-jpa-3.4.0.jar:/Users/erik/.m2/repository/org/springframework/boot/spring-boot-starter-jdbc/3.4.0/spring-boot-starter-jdbc-3.4.0.jar:/Users/erik/.m2/repository/com/zaxxer/HikariCP/5.1.0/HikariCP-5.1.0.jar:/Users/erik/.m2/repository/org/springframework/spring-jdbc/6.2.0/spring-jdbc-6.2.0.jar:/Users/erik/.m2/repository/org/hibernate/orm/hibernate-core/6.6.2.Final/hibernate-core-6.6.2.Final.jar:/Users/erik/.m2/repository/jakarta/persistence/jakarta.persistence-api/3.1.0/jakarta.persistence-api-3.1.0.jar:/Users/erik/.m2/repository/jakarta/transaction/jakarta.transaction-api/2.0.1/jakarta.transaction-api-2.0.1.jar:/Users/erik/.m2/repository/org/jboss/logging/jboss-logging/3.6.1.Final/jboss-logging-3.6.1.Final.jar:/Users/erik/.m2/repository/org/hibernate/common/hibernate-commons-annotations/7.0.3.Final/hibernate-commons-annotations-7.0.3.Final.jar:/Users/erik/.m2/repository/io/smallrye/jandex/3.2.0/jandex-3.2.0.jar:/Users/erik/.m2/repository/com/fasterxml/classmate/1.7.0/classmate-1.7.0.jar:/Users/erik/.m2/repository/net/bytebuddy/byte-buddy/1.15.10/byte-buddy-1.15.10.jar:/Users/erik/.m2/repository/org/glassfish/jaxb/jaxb-runtime/4.0.5/jaxb-runtime-4.0.5.jar:/Users/erik/.m2/repository/org/glassfish/jaxb/jaxb-core/4.0.5/jaxb-core-4.0.5.jar:/Users/erik/.m2/repository/org/eclipse/angus/angus-activation/2.0.2/angus-activation-2.0.2.jar:/Users/erik/.m2/repository/org/glassfish/jaxb/txw2/4.0.5/txw2-4.0.5.jar:/Users/erik/.m2/repository/com/sun/istack/istack-commons-runtime/4.1.2/istack-commons-runtime-4.1.2.jar:/Users/erik/.m2/repository/jakarta/inject/jakarta.inject-api/2.0.1/jakarta.inject-api-2.0.1.jar:/Users/erik/.m2/repository/org/antlr/antlr4-runtime/4.13.0/antlr4-runtime-4.13.0.jar:/Users/erik/.m2/repository/org/springframework/data/spring-data-jpa/3.4.0/spring-data-jpa-3.4.0.jar:/Users/erik/.m2/repository/org/springframework/data/spring-data-commons/3.4.0/spring-data-commons-3.4.0.jar:/Users/erik/.m2/repository/org/springframework/spring-orm/6.2.0/spring-orm-6.2.0.jar:/Users/erik/.m2/repository/org/springframework/spring-context/6.2.0/spring-context-6.2.0.jar:/Users/erik/.m2/repository/org/springframework/spring-aop/6.2.0/spring-aop-6.2.0.jar:/Users/erik/.m2/repository/org/springframework/spring-tx/6.2.0/spring-tx-6.2.0.jar:/Users/erik/.m2/repository/org/springframework/spring-beans/6.2.0/spring-beans-6.2.0.jar:/Users/erik/.m2/repository/org/slf4j/slf4j-api/2.0.16/slf4j-api-2.0.16.jar:/Users/erik/.m2/repository/org/springframework/spring-aspects/6.2.0/spring-aspects-6.2.0.jar:/Users/erik/.m2/repository/org/aspectj/aspectjweaver/1.9.22.1/aspectjweaver-1.9.22.1.jar:/Users/erik/.m2/repository/org/flywaydb/flyway-core/10.20.1/flyway-core-10.20.1.jar:/Users/erik/.m2/repository/com/fasterxml/jackson/dataformat/jackson-dataformat-toml/2.18.1/jackson-dataformat-toml-2.18.1.jar:/Users/erik/.m2/repository/com/fasterxml/jackson/core/jackson-core/2.18.1/jackson-core-2.18.1.jar:/Users/erik/.m2/repository/com/fasterxml/jackson/datatype/jackson-datatype-jsr310/2.18.1/jackson-datatype-jsr310-2.18.1.jar:/Users/erik/.m2/repository/com/fasterxml/jackson/core/jackson-annotations/2.18.1/jackson-annotations-2.18.1.jar:/Users/erik/.m2/repository/org/flywaydb/flyway-database-oracle/10.20.1/flyway-database-oracle-10.20.1.jar:/Users/erik/.m2/repository/com/oracle/database/jdbc/ojdbc11/23.5.0.24.07/ojdbc11-23.5.0.24.07.jar:/Users/erik/.m2/repository/org/springframework/boot/spring-boot-starter/3.4.0/spring-boot-starter-3.4.0.jar:/Users/erik/.m2/repository/org/springframework/boot/spring-boot/3.4.0/spring-boot-3.4.0.jar:/Users/erik/.m2/repository/org/springframework/boot/spring-boot-autoconfigure/3.4.0/spring-boot-autoconfigure-3.4.0.jar:/Users/erik/.m2/repository/org/springframework/boot/spring-boot-starter-logging/3.4.0/spring-boot-starter-logging-3.4.0.jar:/Users/erik/.m2/repository/ch/qos/logback/logback-classic/1.5.12/logback-classic-1.5.12.jar:/Users/erik/.m2/repository/ch/qos/logback/logback-core/1.5.12/logback-core-1.5.12.jar:/Users/erik/.m2/repository/org/apache/logging/log4j/log4j-to-slf4j/2.24.1/log4j-to-slf4j-2.24.1.jar:/Users/erik/.m2/repository/org/apache/logging/log4j/log4j-api/2.24.1/log4j-api-2.24.1.jar:/Users/erik/.m2/repository/org/slf4j/jul-to-slf4j/2.0.16/jul-to-slf4j-2.0.16.jar:/Users/erik/.m2/repository/jakarta/annotation/jakarta.annotation-api/2.1.1/jakarta.annotation-api-2.1.1.jar:/Users/erik/.m2/repository/org/springframework/spring-core/6.2.0/spring-core-6.2.0.jar:/Users/erik/.m2/repository/org/springframework/spring-jcl/6.2.0/spring-jcl-6.2.0.jar:/Users/erik/.m2/repository/org/yaml/snakeyaml/2.3/snakeyaml-2.3.jar:/Users/erik/.m2/repository/org/mybatis/spring/boot/mybatis-spring-boot-starter/3.0.3/mybatis-spring-boot-starter-3.0.3.jar:/Users/erik/.m2/repository/org/mybatis/spring/boot/mybatis-spring-boot-autoconfigure/3.0.3/mybatis-spring-boot-autoconfigure-3.0.3.jar:/Users/erik/.m2/repository/org/mybatis/mybatis/3.5.14/mybatis-3.5.14.jar:/Users/erik/.m2/repository/org/mybatis/mybatis-spring/3.0.3/mybatis-spring-3.0.3.jar:/Users/erik/.m2/repository/org/mybatis/spring/boot/mybatis-spring-boot-starter-test/3.0.3/mybatis-spring-boot-starter-test-3.0.3.jar:/Users/erik/.m2/repository/org/mybatis/spring/boot/mybatis-spring-boot-test-autoconfigure/3.0.3/mybatis-spring-boot-test-autoconfigure-3.0.3.jar:/Users/erik/.m2/repository/org/springframework/boot/spring-boot-starter-web/3.4.0/spring-boot-starter-web-3.4.0.jar:/Users/erik/.m2/repository/org/springframework/boot/spring-boot-starter-json/3.4.0/spring-boot-starter-json-3.4.0.jar:/Users/erik/.m2/repository/com/fasterxml/jackson/datatype/jackson-datatype-jdk8/2.18.1/jackson-datatype-jdk8-2.18.1.jar:/Users/erik/.m2/repository/com/fasterxml/jackson/module/jackson-module-parameter-names/2.18.1/jackson-module-parameter-names-2.18.1.jar:/Users/erik/.m2/repository/org/springframework/boot/spring-boot-starter-tomcat/3.4.0/spring-boot-starter-tomcat-3.4.0.jar:/Users/erik/.m2/repository/org/apache/tomcat/embed/tomcat-embed-core/10.1.33/tomcat-embed-core-10.1.33.jar:/Users/erik/.m2/repository/org/apache/tomcat/embed/tomcat-embed-websocket/10.1.33/tomcat-embed-websocket-10.1.33.jar:/Users/erik/.m2/repository/org/springframework/spring-web/6.2.0/spring-web-6.2.0.jar:/Users/erik/.m2/repository/io/micrometer/micrometer-observation/1.14.1/micrometer-observation-1.14.1.jar:/Users/erik/.m2/repository/io/micrometer/micrometer-commons/1.14.1/micrometer-commons-1.14.1.jar:/Users/erik/.m2/repository/org/springframework/spring-webmvc/6.2.0/spring-webmvc-6.2.0.jar:/Users/erik/.m2/repository/org/springframework/spring-expression/6.2.0/spring-expression-6.2.0.jar:/Users/erik/.m2/repository/org/springframework/boot/spring-boot-starter-validation/3.4.0/spring-boot-starter-validation-3.4.0.jar:/Users/erik/.m2/repository/org/apache/tomcat/embed/tomcat-embed-el/10.1.33/tomcat-embed-el-10.1.33.jar:/Users/erik/.m2/repository/org/hibernate/validator/hibernate-validator/8.0.1.Final/hibernate-validator-8.0.1.Final.jar:/Users/erik/.m2/repository/jakarta/validation/jakarta.validation-api/3.0.2/jakarta.validation-api-3.0.2.jar:/Users/erik/.m2/repository/io/swagger/core/v3/swagger-annotations/2.2.22/swagger-annotations-2.2.22.jar:/Users/erik/.m2/repository/org/openapitools/jackson-databind-nullable/0.2.6/jackson-databind-nullable-0.2.6.jar:/Users/erik/.m2/repository/com/fasterxml/jackson/core/jackson-databind/2.18.1/jackson-databind-2.18.1.jar:/Users/erik/.m2/repository/org/javamoney/moneta/moneta-core/1.4.4/moneta-core-1.4.4.jar:/Users/erik/.m2/repository/javax/money/money-api/1.1/money-api-1.1.jar:/Users/erik/.m2/repository/com/squareup/okhttp3/okhttp/4.12.0/okhttp-4.12.0.jar:/Users/erik/.m2/repository/com/squareup/okio/okio/3.6.0/okio-3.6.0.jar:/Users/erik/.m2/repository/com/squareup/okio/okio-jvm/3.6.0/okio-jvm-3.6.0.jar:/Users/erik/.m2/repository/org/jetbrains/kotlin/kotlin-stdlib-common/1.9.25/kotlin-stdlib-common-1.9.25.jar:/Users/erik/.m2/repository/org/jetbrains/kotlin/kotlin-stdlib-jdk8/1.9.25/kotlin-stdlib-jdk8-1.9.25.jar:/Users/erik/.m2/repository/org/jetbrains/kotlin/kotlin-stdlib/1.9.25/kotlin-stdlib-1.9.25.jar:/Users/erik/.m2/repository/org/jetbrains/kotlin/kotlin-stdlib-jdk7/1.9.25/kotlin-stdlib-jdk7-1.9.25.jar:/Users/erik/.m2/repository/org/springframework/boot/spring-boot-starter-test/3.4.0/spring-boot-starter-test-3.4.0.jar:/Users/erik/.m2/repository/org/springframework/boot/spring-boot-test/3.4.0/spring-boot-test-3.4.0.jar:/Users/erik/.m2/repository/org/springframework/boot/spring-boot-test-autoconfigure/3.4.0/spring-boot-test-autoconfigure-3.4.0.jar:/Users/erik/.m2/repository/com/jayway/jsonpath/json-path/2.9.0/json-path-2.9.0.jar:/Users/erik/.m2/repository/jakarta/xml/bind/jakarta.xml.bind-api/4.0.2/jakarta.xml.bind-api-4.0.2.jar:/Users/erik/.m2/repository/jakarta/activation/jakarta.activation-api/2.1.3/jakarta.activation-api-2.1.3.jar:/Users/erik/.m2/repository/net/minidev/json-smart/2.5.1/json-smart-2.5.1.jar:/Users/erik/.m2/repository/net/minidev/accessors-smart/2.5.1/accessors-smart-2.5.1.jar:/Users/erik/.m2/repository/org/ow2/asm/asm/9.6/asm-9.6.jar:/Users/erik/.m2/repository/org/assertj/assertj-core/3.26.3/assertj-core-3.26.3.jar:/Users/erik/.m2/repository/org/awaitility/awaitility/4.2.2/awaitility-4.2.2.jar:/Users/erik/.m2/repository/org/hamcrest/hamcrest/2.2/hamcrest-2.2.jar:/Users/erik/.m2/repository/org/junit/jupiter/junit-jupiter/5.11.3/junit-jupiter-5.11.3.jar:/Users/erik/.m2/repository/org/junit/jupiter/junit-jupiter-api/5.11.3/junit-jupiter-api-5.11.3.jar:/Users/erik/.m2/repository/org/opentest4j/opentest4j/1.3.0/opentest4j-1.3.0.jar:/Users/erik/.m2/repository/org/junit/platform/junit-platform-commons/1.11.3/junit-platform-commons-1.11.3.jar:/Users/erik/.m2/repository/org/apiguardian/apiguardian-api/1.1.2/apiguardian-api-1.1.2.jar:/Users/erik/.m2/repository/org/junit/jupiter/junit-jupiter-params/5.11.3/junit-jupiter-params-5.11.3.jar:/Users/erik/.m2/repository/org/junit/jupiter/junit-jupiter-engine/5.11.3/junit-jupiter-engine-5.11.3.jar:/Users/erik/.m2/repository/org/junit/platform/junit-platform-engine/1.11.3/junit-platform-engine-1.11.3.jar:/Users/erik/.m2/repository/org/mockito/mockito-core/5.14.2/mockito-core-5.14.2.jar:/Users/erik/.m2/repository/net/bytebuddy/byte-buddy-agent/1.15.10/byte-buddy-agent-1.15.10.jar:/Users/erik/.m2/repository/org/objenesis/objenesis/3.3/objenesis-3.3.jar:/Users/erik/.m2/repository/org/mockito/mockito-junit-jupiter/5.14.2/mockito-junit-jupiter-5.14.2.jar:/Users/erik/.m2/repository/org/skyscreamer/jsonassert/1.5.3/jsonassert-1.5.3.jar:/Users/erik/.m2/repository/com/vaadin/external/google/android-json/0.0.20131108.vaadin1/android-json-0.0.20131108.vaadin1.jar:/Users/erik/.m2/repository/org/springframework/spring-test/6.2.0/spring-test-6.2.0.jar:/Users/erik/.m2/repository/org/xmlunit/xmlunit-core/2.10.0/xmlunit-core-2.10.0.jar:/Users/erik/.m2/repository/org/springframework/boot/spring-boot-testcontainers/3.4.0/spring-boot-testcontainers-3.4.0.jar:/Users/erik/.m2/repository/org/testcontainers/testcontainers/1.20.4/testcontainers-1.20.4.jar:/Users/erik/.m2/repository/junit/junit/4.13.2/junit-4.13.2.jar:/Users/erik/.m2/repository/org/hamcrest/hamcrest-core/2.2/hamcrest-core-2.2.jar:/Users/erik/.m2/repository/org/apache/commons/commons-compress/1.24.0/commons-compress-1.24.0.jar:/Users/erik/.m2/repository/org/rnorth/duct-tape/duct-tape/1.0.8/duct-tape-1.0.8.jar:/Users/erik/.m2/repository/org/jetbrains/annotations/17.0.0/annotations-17.0.0.jar:/Users/erik/.m2/repository/com/github/docker-java/docker-java-api/3.4.0/docker-java-api-3.4.0.jar:/Users/erik/.m2/repository/com/github/docker-java/docker-java-transport-zerodep/3.4.0/docker-java-transport-zerodep-3.4.0.jar:/Users/erik/.m2/repository/com/github/docker-java/docker-java-transport/3.4.0/docker-java-transport-3.4.0.jar:/Users/erik/.m2/repository/net/java/dev/jna/jna/5.13.0/jna-5.13.0.jar:/Users/erik/.m2/repository/org/testcontainers/oracle-xe/1.20.4/oracle-xe-1.20.4.jar:/Users/erik/.m2/repository/org/testcontainers/jdbc/1.20.4/jdbc-1.20.4.jar:/Users/erik/.m2/repository/org/testcontainers/database-commons/1.20.4/database-commons-1.20.4.jar:/Users/erik/.m2/repository/org/testcontainers/junit-jupiter/1.20.4/junit-jupiter-1.20.4.jar:/Users/erik/.m2/repository/org/instancio/instancio-junit/5.4.0/instancio-junit-5.4.0.jar:/Users/erik/.m2/repository/org/instancio/instancio-core/5.4.0/instancio-core-5.4.0.jar:/Users/erik/.m2/repository/com/tngtech/archunit/archunit-junit5/1.4.0/archunit-junit5-1.4.0.jar:/Users/erik/.m2/repository/com/tngtech/archunit/archunit-junit5-api/1.4.0/archunit-junit5-api-1.4.0.jar:/Users/erik/.m2/repository/com/tngtech/archunit/archunit/1.4.0/archunit-1.4.0.jar:/Users/erik/.m2/repository/com/tngtech/archunit/archunit-junit5-engine/1.4.0/archunit-junit5-engine-1.4.0.jar:/Users/erik/.m2/repository/com/tngtech/archunit/archunit-junit5-engine-api/1.4.0/archunit-junit5-engine-api-1.4.0.jar:, java.version: =25.0.3}. 
2026-08-27T17:44:46.635+01:00  INFO 74676 --- [oulearning] [onnection adder] oracle.jdbc                              : entering args (oracle.jdbc.internal.AbstractConnectionBuilder$1@79ddd632)
2026-08-27T17:44:46.635+01:00  INFO 74676 --- [oulearning] [onnection adder] oracle.jdbc                              : traceId=663A4444. 
2026-08-27T17:44:46.636+01:00  INFO 74676 --- [oulearning] [onnection adder] oracle.jdbc                              : Session Attributes: 
sdu=8192, tdu=2097152
nt: host=localhost, port=62016, socketOptions={0=YES, 1=NO, 17=0, 18=false, 2=30000, 20=true, 38=TLS, 23=40, 24=50, 40=false, 25=0}
    socket=null
client profile={oracle.net.encryption_types_client=(), oracle.net.crypto_seed=, oracle.net.authentication_services=(), oracle.net.setFIPSMode=false, oracle.net.kerberos5_mutual_authentication=false, oracle.net.encryption_client=ACCEPTED, oracle.net.crypto_checksum_client=ACCEPTED, oracle.net.crypto_checksum_types_client=()}
onBreakReset=false, dataEOF=false, negotiatedOptions=0x0, connected=false
TTIINIT enabled=false, TTC cookie enabled=false

2026-08-27T17:44:46.636+01:00  INFO 74676 --- [oulearning] [onnection adder] oracle.jdbc                              : traceId=663A4444, anoEnabled=true. 
2026-08-27T17:44:46.636+01:00  INFO 74676 --- [oulearning] [onnection adder] oracle.jdbc                              : Connection establishment failed due to IOException, will be trying with next available connect option.
2026-08-27T17:44:46.636+01:00  INFO 74676 --- [oulearning] [onnection adder] oracle.jdbc                              : Got Refused, SessionTraceId = 663A4444
2026-08-27T17:44:46.636+01:00  INFO 74676 --- [oulearning] [onnection adder] oracle.jdbc                              : Outbound interrupt timer cancelled null
2026-08-27T17:44:46.636+01:00  INFO 74676 --- [oulearning] [onnection adder] oracle.jdbc                              : Session Attributes: 
sdu=8192, tdu=2097152
nt: host=localhost, port=62016, socketOptions={0=YES, 1=NO, 17=0, 18=false, 2=30000, 20=true, 38=TLS, 23=40, 24=50, 40=false, 25=0}
    socket=null
client profile={oracle.net.encryption_types_client=(), oracle.net.crypto_seed=, oracle.net.authentication_services=(), oracle.net.setFIPSMode=false, oracle.net.kerberos5_mutual_authentication=false, oracle.net.encryption_client=ACCEPTED, oracle.net.crypto_checksum_client=ACCEPTED, oracle.net.crypto_checksum_types_client=()}
onBreakReset=false, dataEOF=false, negotiatedOptions=0x0, connected=false
TTIINIT enabled=false, TTC cookie enabled=false

2026-08-27T17:44:46.636+01:00  INFO 74676 --- [oulearning] [onnection adder] oracle.jdbc                              : Connection establishment failed due to IOException, will be trying with next available connect option.
2026-08-27T17:44:46.636+01:00  INFO 74676 --- [oulearning] [onnection adder] oracle.jdbc                              : Got Refused, SessionTraceId = 663A4444
2026-08-27T17:44:46.636+01:00  INFO 74676 --- [oulearning] [onnection adder] oracle.jdbc                              : Outbound interrupt timer cancelled null
2026-08-27T17:44:46.636+01:00  INFO 74676 --- [oulearning] [onnection adder] oracle.jdbc                              : throwing

java.sql.SQLRecoverableException: ORA-17002: I/O error: Connection reset, connect lapse 0 ms., Authentication lapse 0 ms.
https://docs.oracle.com/error-help/db/ora-17002/
	at oracle.jdbc.driver.T4CConnection.handleLogonIOException(T4CConnection.java:1660) ~[ojdbc11-23.5.0.24.07.jar:23.5.0.24.07]
	at oracle.jdbc.driver.T4CConnection.logon(T4CConnection.java:1142) ~[ojdbc11-23.5.0.24.07.jar:23.5.0.24.07]
	at oracle.jdbc.driver.PhysicalConnection.connect(PhysicalConnection.java:1206) ~[ojdbc11-23.5.0.24.07.jar:23.5.0.24.07]
	at oracle.jdbc.driver.T4CDriverExtension.getConnection(T4CDriverExtension.java:105) ~[ojdbc11-23.5.0.24.07.jar:23.5.0.24.07]
	at oracle.jdbc.driver.OracleDriver.connect(OracleDriver.java:886) ~[ojdbc11-23.5.0.24.07.jar:23.5.0.24.07]
	at oracle.jdbc.driver.OracleDriver.connect(OracleDriver.java:693) ~[ojdbc11-23.5.0.24.07.jar:23.5.0.24.07]
	at com.zaxxer.hikari.util.DriverDataSource.getConnection(DriverDataSource.java:137) ~[HikariCP-5.1.0.jar:na]
	at com.zaxxer.hikari.pool.PoolBase.newConnection(PoolBase.java:360) ~[HikariCP-5.1.0.jar:na]
	at com.zaxxer.hikari.pool.PoolBase.newPoolEntry(PoolBase.java:202) ~[HikariCP-5.1.0.jar:na]
	at com.zaxxer.hikari.pool.HikariPool.createPoolEntry(HikariPool.java:461) ~[HikariCP-5.1.0.jar:na]
	at com.zaxxer.hikari.pool.HikariPool$PoolEntryCreator.call(HikariPool.java:724) ~[HikariCP-5.1.0.jar:na]
	at com.zaxxer.hikari.pool.HikariPool$PoolEntryCreator.call(HikariPool.java:703) ~[HikariCP-5.1.0.jar:na]
	at java.base/java.util.concurrent.FutureTask.run(FutureTask.java:328) ~[na:na]
	at java.base/java.util.concurrent.ThreadPoolExecutor.runWorker(ThreadPoolExecutor.java:1090) ~[na:na]
	at java.base/java.util.concurrent.ThreadPoolExecutor$Worker.run(ThreadPoolExecutor.java:614) ~[na:na]
	at java.base/java.lang.Thread.run(Thread.java:1474) ~[na:na]
Caused by: java.io.IOException: Connection reset, connect lapse 0 ms., Authentication lapse 0 ms.
	at oracle.jdbc.driver.T4CConnection.handleLogonIOException(T4CConnection.java:1655) ~[ojdbc11-23.5.0.24.07.jar:23.5.0.24.07]
	... 15 common frames omitted
Caused by: java.io.IOException: Connection reset, connect lapse 0 ms.
	at oracle.net.ns.NSProtocolNIO.negotiateConnection(NSProtocolNIO.java:263) ~[ojdbc11-23.5.0.24.07.jar:23.5.0.24.07]
	at oracle.net.ns.NSProtocol.connect(NSProtocol.java:352) ~[ojdbc11-23.5.0.24.07.jar:23.5.0.24.07]
	at oracle.jdbc.driver.T4CConnection.connectNetworkSessionProtocol(T4CConnection.java:3419) ~[ojdbc11-23.5.0.24.07.jar:23.5.0.24.07]
	at oracle.jdbc.driver.T4CConnection.logon(T4CConnection.java:1018) ~[ojdbc11-23.5.0.24.07.jar:23.5.0.24.07]
	... 14 common frames omitted
Caused by: java.net.SocketException: Connection reset
	at java.base/sun.nio.ch.SocketChannelImpl.throwConnectionReset(SocketChannelImpl.java:399) ~[na:na]
	at java.base/sun.nio.ch.SocketChannelImpl.blockingRead(SocketChannelImpl.java:1420) ~[na:na]
	at java.base/sun.nio.ch.SocketInputStream.implRead(SocketInputStream.java:70) ~[na:na]
	at java.base/sun.nio.ch.SocketInputStream.read(SocketInputStream.java:78) ~[na:na]
	at oracle.net.nt.TimeoutSocketChannel.doBlockedRead(TimeoutSocketChannel.java:600) ~[ojdbc11-23.5.0.24.07.jar:23.5.0.24.07]
	at oracle.net.nt.TimeoutSocketChannel.read(TimeoutSocketChannel.java:536) ~[ojdbc11-23.5.0.24.07.jar:23.5.0.24.07]
	at oracle.net.ns.NSProtocolNIO.doSocketRead(NSProtocolNIO.java:1224) ~[ojdbc11-23.5.0.24.07.jar:23.5.0.24.07]
	at oracle.net.ns.NIOPacket.readNIOPacket(NIOPacket.java:436) ~[ojdbc11-23.5.0.24.07.jar:23.5.0.24.07]
	at oracle.net.ns.NSProtocolNIO.negotiateConnection(NSProtocolNIO.java:216) ~[ojdbc11-23.5.0.24.07.jar:23.5.0.24.07]
	... 17 common frames omitted

2026-08-27T17:44:46.636+01:00  INFO 74676 --- [oulearning] [onnection adder] oracle.jdbc                              : properties={LOCALE=en_US, DriverVersion=23.5.0.24.07, java.library.path: =/Users/erik/Library/Java/Extensions:/Library/Java/Extensions:/Network/Library/Java/Extensions:/System/Library/Java/Extensions:/usr/lib/java:., java.class.path: =/Users/erik/dev/oulearning/target/test-classes:/Users/erik/dev/oulearning/target/classes:/Users/erik/.m2/repository/org/springframework/boot/spring-boot-starter-data-jpa/3.4.0/spring-boot-starter-data-jpa-3.4.0.jar:/Users/erik/.m2/repository/org/springframework/boot/spring-boot-starter-jdbc/3.4.0/spring-boot-starter-jdbc-3.4.0.jar:/Users/erik/.m2/repository/com/zaxxer/HikariCP/5.1.0/HikariCP-5.1.0.jar:/Users/erik/.m2/repository/org/springframework/spring-jdbc/6.2.0/spring-jdbc-6.2.0.jar:/Users/erik/.m2/repository/org/hibernate/orm/hibernate-core/6.6.2.Final/hibernate-core-6.6.2.Final.jar:/Users/erik/.m2/repository/jakarta/persistence/jakarta.persistence-api/3.1.0/jakarta.persistence-api-3.1.0.jar:/Users/erik/.m2/repository/jakarta/transaction/jakarta.transaction-api/2.0.1/jakarta.transaction-api-2.0.1.jar:/Users/erik/.m2/repository/org/jboss/logging/jboss-logging/3.6.1.Final/jboss-logging-3.6.1.Final.jar:/Users/erik/.m2/repository/org/hibernate/common/hibernate-commons-annotations/7.0.3.Final/hibernate-commons-annotations-7.0.3.Final.jar:/Users/erik/.m2/repository/io/smallrye/jandex/3.2.0/jandex-3.2.0.jar:/Users/erik/.m2/repository/com/fasterxml/classmate/1.7.0/classmate-1.7.0.jar:/Users/erik/.m2/repository/net/bytebuddy/byte-buddy/1.15.10/byte-buddy-1.15.10.jar:/Users/erik/.m2/repository/org/glassfish/jaxb/jaxb-runtime/4.0.5/jaxb-runtime-4.0.5.jar:/Users/erik/.m2/repository/org/glassfish/jaxb/jaxb-core/4.0.5/jaxb-core-4.0.5.jar:/Users/erik/.m2/repository/org/eclipse/angus/angus-activation/2.0.2/angus-activation-2.0.2.jar:/Users/erik/.m2/repository/org/glassfish/jaxb/txw2/4.0.5/txw2-4.0.5.jar:/Users/erik/.m2/repository/com/sun/istack/istack-commons-runtime/4.1.2/istack-commons-runtime-4.1.2.jar:/Users/erik/.m2/repository/jakarta/inject/jakarta.inject-api/2.0.1/jakarta.inject-api-2.0.1.jar:/Users/erik/.m2/repository/org/antlr/antlr4-runtime/4.13.0/antlr4-runtime-4.13.0.jar:/Users/erik/.m2/repository/org/springframework/data/spring-data-jpa/3.4.0/spring-data-jpa-3.4.0.jar:/Users/erik/.m2/repository/org/springframework/data/spring-data-commons/3.4.0/spring-data-commons-3.4.0.jar:/Users/erik/.m2/repository/org/springframework/spring-orm/6.2.0/spring-orm-6.2.0.jar:/Users/erik/.m2/repository/org/springframework/spring-context/6.2.0/spring-context-6.2.0.jar:/Users/erik/.m2/repository/org/springframework/spring-aop/6.2.0/spring-aop-6.2.0.jar:/Users/erik/.m2/repository/org/springframework/spring-tx/6.2.0/spring-tx-6.2.0.jar:/Users/erik/.m2/repository/org/springframework/spring-beans/6.2.0/spring-beans-6.2.0.jar:/Users/erik/.m2/repository/org/slf4j/slf4j-api/2.0.16/slf4j-api-2.0.16.jar:/Users/erik/.m2/repository/org/springframework/spring-aspects/6.2.0/spring-aspects-6.2.0.jar:/Users/erik/.m2/repository/org/aspectj/aspectjweaver/1.9.22.1/aspectjweaver-1.9.22.1.jar:/Users/erik/.m2/repository/org/flywaydb/flyway-core/10.20.1/flyway-core-10.20.1.jar:/Users/erik/.m2/repository/com/fasterxml/jackson/dataformat/jackson-dataformat-toml/2.18.1/jackson-dataformat-toml-2.18.1.jar:/Users/erik/.m2/repository/com/fasterxml/jackson/core/jackson-core/2.18.1/jackson-core-2.18.1.jar:/Users/erik/.m2/repository/com/fasterxml/jackson/datatype/jackson-datatype-jsr310/2.18.1/jackson-datatype-jsr310-2.18.1.jar:/Users/erik/.m2/repository/com/fasterxml/jackson/core/jackson-annotations/2.18.1/jackson-annotations-2.18.1.jar:/Users/erik/.m2/repository/org/flywaydb/flyway-database-oracle/10.20.1/flyway-database-oracle-10.20.1.jar:/Users/erik/.m2/repository/com/oracle/database/jdbc/ojdbc11/23.5.0.24.07/ojdbc11-23.5.0.24.07.jar:/Users/erik/.m2/repository/org/springframework/boot/spring-boot-starter/3.4.0/spring-boot-starter-3.4.0.jar:/Users/erik/.m2/repository/org/springframework/boot/spring-boot/3.4.0/spring-boot-3.4.0.jar:/Users/erik/.m2/repository/org/springframework/boot/spring-boot-autoconfigure/3.4.0/spring-boot-autoconfigure-3.4.0.jar:/Users/erik/.m2/repository/org/springframework/boot/spring-boot-starter-logging/3.4.0/spring-boot-starter-logging-3.4.0.jar:/Users/erik/.m2/repository/ch/qos/logback/logback-classic/1.5.12/logback-classic-1.5.12.jar:/Users/erik/.m2/repository/ch/qos/logback/logback-core/1.5.12/logback-core-1.5.12.jar:/Users/erik/.m2/repository/org/apache/logging/log4j/log4j-to-slf4j/2.24.1/log4j-to-slf4j-2.24.1.jar:/Users/erik/.m2/repository/org/apache/logging/log4j/log4j-api/2.24.1/log4j-api-2.24.1.jar:/Users/erik/.m2/repository/org/slf4j/jul-to-slf4j/2.0.16/jul-to-slf4j-2.0.16.jar:/Users/erik/.m2/repository/jakarta/annotation/jakarta.annotation-api/2.1.1/jakarta.annotation-api-2.1.1.jar:/Users/erik/.m2/repository/org/springframework/spring-core/6.2.0/spring-core-6.2.0.jar:/Users/erik/.m2/repository/org/springframework/spring-jcl/6.2.0/spring-jcl-6.2.0.jar:/Users/erik/.m2/repository/org/yaml/snakeyaml/2.3/snakeyaml-2.3.jar:/Users/erik/.m2/repository/org/mybatis/spring/boot/mybatis-spring-boot-starter/3.0.3/mybatis-spring-boot-starter-3.0.3.jar:/Users/erik/.m2/repository/org/mybatis/spring/boot/mybatis-spring-boot-autoconfigure/3.0.3/mybatis-spring-boot-autoconfigure-3.0.3.jar:/Users/erik/.m2/repository/org/mybatis/mybatis/3.5.14/mybatis-3.5.14.jar:/Users/erik/.m2/repository/org/mybatis/mybatis-spring/3.0.3/mybatis-spring-3.0.3.jar:/Users/erik/.m2/repository/org/mybatis/spring/boot/mybatis-spring-boot-starter-test/3.0.3/mybatis-spring-boot-starter-test-3.0.3.jar:/Users/erik/.m2/repository/org/mybatis/spring/boot/mybatis-spring-boot-test-autoconfigure/3.0.3/mybatis-spring-boot-test-autoconfigure-3.0.3.jar:/Users/erik/.m2/repository/org/springframework/boot/spring-boot-starter-web/3.4.0/spring-boot-starter-web-3.4.0.jar:/Users/erik/.m2/repository/org/springframework/boot/spring-boot-starter-json/3.4.0/spring-boot-starter-json-3.4.0.jar:/Users/erik/.m2/repository/com/fasterxml/jackson/datatype/jackson-datatype-jdk8/2.18.1/jackson-datatype-jdk8-2.18.1.jar:/Users/erik/.m2/repository/com/fasterxml/jackson/module/jackson-module-parameter-names/2.18.1/jackson-module-parameter-names-2.18.1.jar:/Users/erik/.m2/repository/org/springframework/boot/spring-boot-starter-tomcat/3.4.0/spring-boot-starter-tomcat-3.4.0.jar:/Users/erik/.m2/repository/org/apache/tomcat/embed/tomcat-embed-core/10.1.33/tomcat-embed-core-10.1.33.jar:/Users/erik/.m2/repository/org/apache/tomcat/embed/tomcat-embed-websocket/10.1.33/tomcat-embed-websocket-10.1.33.jar:/Users/erik/.m2/repository/org/springframework/spring-web/6.2.0/spring-web-6.2.0.jar:/Users/erik/.m2/repository/io/micrometer/micrometer-observation/1.14.1/micrometer-observation-1.14.1.jar:/Users/erik/.m2/repository/io/micrometer/micrometer-commons/1.14.1/micrometer-commons-1.14.1.jar:/Users/erik/.m2/repository/org/springframework/spring-webmvc/6.2.0/spring-webmvc-6.2.0.jar:/Users/erik/.m2/repository/org/springframework/spring-expression/6.2.0/spring-expression-6.2.0.jar:/Users/erik/.m2/repository/org/springframework/boot/spring-boot-starter-validation/3.4.0/spring-boot-starter-validation-3.4.0.jar:/Users/erik/.m2/repository/org/apache/tomcat/embed/tomcat-embed-el/10.1.33/tomcat-embed-el-10.1.33.jar:/Users/erik/.m2/repository/org/hibernate/validator/hibernate-validator/8.0.1.Final/hibernate-validator-8.0.1.Final.jar:/Users/erik/.m2/repository/jakarta/validation/jakarta.validation-api/3.0.2/jakarta.validation-api-3.0.2.jar:/Users/erik/.m2/repository/io/swagger/core/v3/swagger-annotations/2.2.22/swagger-annotations-2.2.22.jar:/Users/erik/.m2/repository/org/openapitools/jackson-databind-nullable/0.2.6/jackson-databind-nullable-0.2.6.jar:/Users/erik/.m2/repository/com/fasterxml/jackson/core/jackson-databind/2.18.1/jackson-databind-2.18.1.jar:/Users/erik/.m2/repository/org/javamoney/moneta/moneta-core/1.4.4/moneta-core-1.4.4.jar:/Users/erik/.m2/repository/javax/money/money-api/1.1/money-api-1.1.jar:/Users/erik/.m2/repository/com/squareup/okhttp3/okhttp/4.12.0/okhttp-4.12.0.jar:/Users/erik/.m2/repository/com/squareup/okio/okio/3.6.0/okio-3.6.0.jar:/Users/erik/.m2/repository/com/squareup/okio/okio-jvm/3.6.0/okio-jvm-3.6.0.jar:/Users/erik/.m2/repository/org/jetbrains/kotlin/kotlin-stdlib-common/1.9.25/kotlin-stdlib-common-1.9.25.jar:/Users/erik/.m2/repository/org/jetbrains/kotlin/kotlin-stdlib-jdk8/1.9.25/kotlin-stdlib-jdk8-1.9.25.jar:/Users/erik/.m2/repository/org/jetbrains/kotlin/kotlin-stdlib/1.9.25/kotlin-stdlib-1.9.25.jar:/Users/erik/.m2/repository/org/jetbrains/kotlin/kotlin-stdlib-jdk7/1.9.25/kotlin-stdlib-jdk7-1.9.25.jar:/Users/erik/.m2/repository/org/springframework/boot/spring-boot-starter-test/3.4.0/spring-boot-starter-test-3.4.0.jar:/Users/erik/.m2/repository/org/springframework/boot/spring-boot-test/3.4.0/spring-boot-test-3.4.0.jar:/Users/erik/.m2/repository/org/springframework/boot/spring-boot-test-autoconfigure/3.4.0/spring-boot-test-autoconfigure-3.4.0.jar:/Users/erik/.m2/repository/com/jayway/jsonpath/json-path/2.9.0/json-path-2.9.0.jar:/Users/erik/.m2/repository/jakarta/xml/bind/jakarta.xml.bind-api/4.0.2/jakarta.xml.bind-api-4.0.2.jar:/Users/erik/.m2/repository/jakarta/activation/jakarta.activation-api/2.1.3/jakarta.activation-api-2.1.3.jar:/Users/erik/.m2/repository/net/minidev/json-smart/2.5.1/json-smart-2.5.1.jar:/Users/erik/.m2/repository/net/minidev/accessors-smart/2.5.1/accessors-smart-2.5.1.jar:/Users/erik/.m2/repository/org/ow2/asm/asm/9.6/asm-9.6.jar:/Users/erik/.m2/repository/org/assertj/assertj-core/3.26.3/assertj-core-3.26.3.jar:/Users/erik/.m2/repository/org/awaitility/awaitility/4.2.2/awaitility-4.2.2.jar:/Users/erik/.m2/repository/org/hamcrest/hamcrest/2.2/hamcrest-2.2.jar:/Users/erik/.m2/repository/org/junit/jupiter/junit-jupiter/5.11.3/junit-jupiter-5.11.3.jar:/Users/erik/.m2/repository/org/junit/jupiter/junit-jupiter-api/5.11.3/junit-jupiter-api-5.11.3.jar:/Users/erik/.m2/repository/org/opentest4j/opentest4j/1.3.0/opentest4j-1.3.0.jar:/Users/erik/.m2/repository/org/junit/platform/junit-platform-commons/1.11.3/junit-platform-commons-1.11.3.jar:/Users/erik/.m2/repository/org/apiguardian/apiguardian-api/1.1.2/apiguardian-api-1.1.2.jar:/Users/erik/.m2/repository/org/junit/jupiter/junit-jupiter-params/5.11.3/junit-jupiter-params-5.11.3.jar:/Users/erik/.m2/repository/org/junit/jupiter/junit-jupiter-engine/5.11.3/junit-jupiter-engine-5.11.3.jar:/Users/erik/.m2/repository/org/junit/platform/junit-platform-engine/1.11.3/junit-platform-engine-1.11.3.jar:/Users/erik/.m2/repository/org/mockito/mockito-core/5.14.2/mockito-core-5.14.2.jar:/Users/erik/.m2/repository/net/bytebuddy/byte-buddy-agent/1.15.10/byte-buddy-agent-1.15.10.jar:/Users/erik/.m2/repository/org/objenesis/objenesis/3.3/objenesis-3.3.jar:/Users/erik/.m2/repository/org/mockito/mockito-junit-jupiter/5.14.2/mockito-junit-jupiter-5.14.2.jar:/Users/erik/.m2/repository/org/skyscreamer/jsonassert/1.5.3/jsonassert-1.5.3.jar:/Users/erik/.m2/repository/com/vaadin/external/google/android-json/0.0.20131108.vaadin1/android-json-0.0.20131108.vaadin1.jar:/Users/erik/.m2/repository/org/springframework/spring-test/6.2.0/spring-test-6.2.0.jar:/Users/erik/.m2/repository/org/xmlunit/xmlunit-core/2.10.0/xmlunit-core-2.10.0.jar:/Users/erik/.m2/repository/org/springframework/boot/spring-boot-testcontainers/3.4.0/spring-boot-testcontainers-3.4.0.jar:/Users/erik/.m2/repository/org/testcontainers/testcontainers/1.20.4/testcontainers-1.20.4.jar:/Users/erik/.m2/repository/junit/junit/4.13.2/junit-4.13.2.jar:/Users/erik/.m2/repository/org/hamcrest/hamcrest-core/2.2/hamcrest-core-2.2.jar:/Users/erik/.m2/repository/org/apache/commons/commons-compress/1.24.0/commons-compress-1.24.0.jar:/Users/erik/.m2/repository/org/rnorth/duct-tape/duct-tape/1.0.8/duct-tape-1.0.8.jar:/Users/erik/.m2/repository/org/jetbrains/annotations/17.0.0/annotations-17.0.0.jar:/Users/erik/.m2/repository/com/github/docker-java/docker-java-api/3.4.0/docker-java-api-3.4.0.jar:/Users/erik/.m2/repository/com/github/docker-java/docker-java-transport-zerodep/3.4.0/docker-java-transport-zerodep-3.4.0.jar:/Users/erik/.m2/repository/com/github/docker-java/docker-java-transport/3.4.0/docker-java-transport-3.4.0.jar:/Users/erik/.m2/repository/net/java/dev/jna/jna/5.13.0/jna-5.13.0.jar:/Users/erik/.m2/repository/org/testcontainers/oracle-xe/1.20.4/oracle-xe-1.20.4.jar:/Users/erik/.m2/repository/org/testcontainers/jdbc/1.20.4/jdbc-1.20.4.jar:/Users/erik/.m2/repository/org/testcontainers/database-commons/1.20.4/database-commons-1.20.4.jar:/Users/erik/.m2/repository/org/testcontainers/junit-jupiter/1.20.4/junit-jupiter-1.20.4.jar:/Users/erik/.m2/repository/org/instancio/instancio-junit/5.4.0/instancio-junit-5.4.0.jar:/Users/erik/.m2/repository/org/instancio/instancio-core/5.4.0/instancio-core-5.4.0.jar:/Users/erik/.m2/repository/com/tngtech/archunit/archunit-junit5/1.4.0/archunit-junit5-1.4.0.jar:/Users/erik/.m2/repository/com/tngtech/archunit/archunit-junit5-api/1.4.0/archunit-junit5-api-1.4.0.jar:/Users/erik/.m2/repository/com/tngtech/archunit/archunit/1.4.0/archunit-1.4.0.jar:/Users/erik/.m2/repository/com/tngtech/archunit/archunit-junit5-engine/1.4.0/archunit-junit5-engine-1.4.0.jar:/Users/erik/.m2/repository/com/tngtech/archunit/archunit-junit5-engine-api/1.4.0/archunit-junit5-engine-api-1.4.0.jar:, java.version: =25.0.3}. 
2026-08-27T17:44:46.672+01:00  INFO 74676 --- [oulearning] [onnection adder] oracle.jdbc                              : entering args (oracle.jdbc.internal.AbstractConnectionBuilder$1@743cf708)
2026-08-27T17:44:46.672+01:00  INFO 74676 --- [oulearning] [onnection adder] oracle.jdbc                              : traceId=D477F9D. 
2026-08-27T17:44:46.672+01:00  INFO 74676 --- [oulearning] [onnection adder] oracle.jdbc                              : Session Attributes: 
sdu=8192, tdu=2097152
nt: host=localhost, port=62016, socketOptions={0=YES, 1=NO, 17=0, 18=false, 2=30000, 20=true, 38=TLS, 23=40, 24=50, 40=false, 25=0}
    socket=null
client profile={oracle.net.encryption_types_client=(), oracle.net.crypto_seed=, oracle.net.authentication_services=(), oracle.net.setFIPSMode=false, oracle.net.kerberos5_mutual_authentication=false, oracle.net.encryption_client=ACCEPTED, oracle.net.crypto_checksum_client=ACCEPTED, oracle.net.crypto_checksum_types_client=()}
onBreakReset=false, dataEOF=false, negotiatedOptions=0x0, connected=false
TTIINIT enabled=false, TTC cookie enabled=false

2026-08-27T17:44:46.672+01:00  INFO 74676 --- [oulearning] [onnection adder] oracle.jdbc                              : traceId=D477F9D, anoEnabled=true. 
2026-08-27T17:44:46.672+01:00  INFO 74676 --- [oulearning] [onnection adder] oracle.jdbc                              : Connection establishment failed due to IOException, will be trying with next available connect option.
2026-08-27T17:44:46.672+01:00  INFO 74676 --- [oulearning] [onnection adder] oracle.jdbc                              : Got Refused, SessionTraceId = D477F9D
2026-08-27T17:44:46.672+01:00  INFO 74676 --- [oulearning] [onnection adder] oracle.jdbc                              : Outbound interrupt timer cancelled null
2026-08-27T17:44:46.673+01:00  INFO 74676 --- [oulearning] [onnection adder] oracle.jdbc                              : Session Attributes: 
sdu=8192, tdu=2097152
nt: host=localhost, port=62016, socketOptions={0=YES, 1=NO, 17=0, 18=false, 2=30000, 20=true, 38=TLS, 23=40, 24=50, 40=false, 25=0}
    socket=null
client profile={oracle.net.encryption_types_client=(), oracle.net.crypto_seed=, oracle.net.authentication_services=(), oracle.net.setFIPSMode=false, oracle.net.kerberos5_mutual_authentication=false, oracle.net.encryption_client=ACCEPTED, oracle.net.crypto_checksum_client=ACCEPTED, oracle.net.crypto_checksum_types_client=()}
onBreakReset=false, dataEOF=false, negotiatedOptions=0x0, connected=false
TTIINIT enabled=false, TTC cookie enabled=false

2026-08-27T17:44:46.673+01:00  INFO 74676 --- [oulearning] [onnection adder] oracle.jdbc                              : Connection establishment failed due to IOException, will be trying with next available connect option.
2026-08-27T17:44:46.673+01:00  INFO 74676 --- [oulearning] [onnection adder] oracle.jdbc                              : Got Refused, SessionTraceId = D477F9D
2026-08-27T17:44:46.673+01:00  INFO 74676 --- [oulearning] [onnection adder] oracle.jdbc                              : Outbound interrupt timer cancelled null
2026-08-27T17:44:46.673+01:00  INFO 74676 --- [oulearning] [onnection adder] oracle.jdbc                              : throwing

java.sql.SQLRecoverableException: ORA-17002: I/O error: Connection reset, connect lapse 1 ms., Authentication lapse 0 ms.
https://docs.oracle.com/error-help/db/ora-17002/
	at oracle.jdbc.driver.T4CConnection.handleLogonIOException(T4CConnection.java:1660) ~[ojdbc11-23.5.0.24.07.jar:23.5.0.24.07]
	at oracle.jdbc.driver.T4CConnection.logon(T4CConnection.java:1142) ~[ojdbc11-23.5.0.24.07.jar:23.5.0.24.07]
	at oracle.jdbc.driver.PhysicalConnection.connect(PhysicalConnection.java:1206) ~[ojdbc11-23.5.0.24.07.jar:23.5.0.24.07]
	at oracle.jdbc.driver.T4CDriverExtension.getConnection(T4CDriverExtension.java:105) ~[ojdbc11-23.5.0.24.07.jar:23.5.0.24.07]
	at oracle.jdbc.driver.OracleDriver.connect(OracleDriver.java:886) ~[ojdbc11-23.5.0.24.07.jar:23.5.0.24.07]
	at oracle.jdbc.driver.OracleDriver.connect(OracleDriver.java:693) ~[ojdbc11-23.5.0.24.07.jar:23.5.0.24.07]
	at com.zaxxer.hikari.util.DriverDataSource.getConnection(DriverDataSource.java:137) ~[HikariCP-5.1.0.jar:na]
	at com.zaxxer.hikari.pool.PoolBase.newConnection(PoolBase.java:360) ~[HikariCP-5.1.0.jar:na]
	at com.zaxxer.hikari.pool.PoolBase.newPoolEntry(PoolBase.java:202) ~[HikariCP-5.1.0.jar:na]
	at com.zaxxer.hikari.pool.HikariPool.createPoolEntry(HikariPool.java:461) ~[HikariCP-5.1.0.jar:na]
	at com.zaxxer.hikari.pool.HikariPool$PoolEntryCreator.call(HikariPool.java:724) ~[HikariCP-5.1.0.jar:na]
	at com.zaxxer.hikari.pool.HikariPool$PoolEntryCreator.call(HikariPool.java:703) ~[HikariCP-5.1.0.jar:na]
	at java.base/java.util.concurrent.FutureTask.run(FutureTask.java:328) ~[na:na]
	at java.base/java.util.concurrent.ThreadPoolExecutor.runWorker(ThreadPoolExecutor.java:1090) ~[na:na]
	at java.base/java.util.concurrent.ThreadPoolExecutor$Worker.run(ThreadPoolExecutor.java:614) ~[na:na]
	at java.base/java.lang.Thread.run(Thread.java:1474) ~[na:na]
Caused by: java.io.IOException: Connection reset, connect lapse 1 ms., Authentication lapse 0 ms.
	at oracle.jdbc.driver.T4CConnection.handleLogonIOException(T4CConnection.java:1655) ~[ojdbc11-23.5.0.24.07.jar:23.5.0.24.07]
	... 15 common frames omitted
Caused by: java.io.IOException: Connection reset, connect lapse 1 ms.
	at oracle.net.ns.NSProtocolNIO.negotiateConnection(NSProtocolNIO.java:263) ~[ojdbc11-23.5.0.24.07.jar:23.5.0.24.07]
	at oracle.net.ns.NSProtocol.connect(NSProtocol.java:352) ~[ojdbc11-23.5.0.24.07.jar:23.5.0.24.07]
	at oracle.jdbc.driver.T4CConnection.connectNetworkSessionProtocol(T4CConnection.java:3419) ~[ojdbc11-23.5.0.24.07.jar:23.5.0.24.07]
	at oracle.jdbc.driver.T4CConnection.logon(T4CConnection.java:1018) ~[ojdbc11-23.5.0.24.07.jar:23.5.0.24.07]
	... 14 common frames omitted
Caused by: java.net.SocketException: Connection reset
	at java.base/sun.nio.ch.SocketChannelImpl.throwConnectionReset(SocketChannelImpl.java:399) ~[na:na]
	at java.base/sun.nio.ch.SocketChannelImpl.blockingRead(SocketChannelImpl.java:1420) ~[na:na]
	at java.base/sun.nio.ch.SocketInputStream.implRead(SocketInputStream.java:70) ~[na:na]
	at java.base/sun.nio.ch.SocketInputStream.read(SocketInputStream.java:78) ~[na:na]
	at oracle.net.nt.TimeoutSocketChannel.doBlockedRead(TimeoutSocketChannel.java:600) ~[ojdbc11-23.5.0.24.07.jar:23.5.0.24.07]
	at oracle.net.nt.TimeoutSocketChannel.read(TimeoutSocketChannel.java:536) ~[ojdbc11-23.5.0.24.07.jar:23.5.0.24.07]
	at oracle.net.ns.NSProtocolNIO.doSocketRead(NSProtocolNIO.java:1224) ~[ojdbc11-23.5.0.24.07.jar:23.5.0.24.07]
	at oracle.net.ns.NIOPacket.readNIOPacket(NIOPacket.java:436) ~[ojdbc11-23.5.0.24.07.jar:23.5.0.24.07]
	at oracle.net.ns.NSProtocolNIO.negotiateConnection(NSProtocolNIO.java:216) ~[ojdbc11-23.5.0.24.07.jar:23.5.0.24.07]
	... 17 common frames omitted

2026-08-27T17:44:46.673+01:00  INFO 74676 --- [oulearning] [onnection adder] oracle.jdbc                              : properties={LOCALE=en_US, DriverVersion=23.5.0.24.07, java.library.path: =/Users/erik/Library/Java/Extensions:/Library/Java/Extensions:/Network/Library/Java/Extensions:/System/Library/Java/Extensions:/usr/lib/java:., java.class.path: =/Users/erik/dev/oulearning/target/test-classes:/Users/erik/dev/oulearning/target/classes:/Users/erik/.m2/repository/org/springframework/boot/spring-boot-starter-data-jpa/3.4.0/spring-boot-starter-data-jpa-3.4.0.jar:/Users/erik/.m2/repository/org/springframework/boot/spring-boot-starter-jdbc/3.4.0/spring-boot-starter-jdbc-3.4.0.jar:/Users/erik/.m2/repository/com/zaxxer/HikariCP/5.1.0/HikariCP-5.1.0.jar:/Users/erik/.m2/repository/org/springframework/spring-jdbc/6.2.0/spring-jdbc-6.2.0.jar:/Users/erik/.m2/repository/org/hibernate/orm/hibernate-core/6.6.2.Final/hibernate-core-6.6.2.Final.jar:/Users/erik/.m2/repository/jakarta/persistence/jakarta.persistence-api/3.1.0/jakarta.persistence-api-3.1.0.jar:/Users/erik/.m2/repository/jakarta/transaction/jakarta.transaction-api/2.0.1/jakarta.transaction-api-2.0.1.jar:/Users/erik/.m2/repository/org/jboss/logging/jboss-logging/3.6.1.Final/jboss-logging-3.6.1.Final.jar:/Users/erik/.m2/repository/org/hibernate/common/hibernate-commons-annotations/7.0.3.Final/hibernate-commons-annotations-7.0.3.Final.jar:/Users/erik/.m2/repository/io/smallrye/jandex/3.2.0/jandex-3.2.0.jar:/Users/erik/.m2/repository/com/fasterxml/classmate/1.7.0/classmate-1.7.0.jar:/Users/erik/.m2/repository/net/bytebuddy/byte-buddy/1.15.10/byte-buddy-1.15.10.jar:/Users/erik/.m2/repository/org/glassfish/jaxb/jaxb-runtime/4.0.5/jaxb-runtime-4.0.5.jar:/Users/erik/.m2/repository/org/glassfish/jaxb/jaxb-core/4.0.5/jaxb-core-4.0.5.jar:/Users/erik/.m2/repository/org/eclipse/angus/angus-activation/2.0.2/angus-activation-2.0.2.jar:/Users/erik/.m2/repository/org/glassfish/jaxb/txw2/4.0.5/txw2-4.0.5.jar:/Users/erik/.m2/repository/com/sun/istack/istack-commons-runtime/4.1.2/istack-commons-runtime-4.1.2.jar:/Users/erik/.m2/repository/jakarta/inject/jakarta.inject-api/2.0.1/jakarta.inject-api-2.0.1.jar:/Users/erik/.m2/repository/org/antlr/antlr4-runtime/4.13.0/antlr4-runtime-4.13.0.jar:/Users/erik/.m2/repository/org/springframework/data/spring-data-jpa/3.4.0/spring-data-jpa-3.4.0.jar:/Users/erik/.m2/repository/org/springframework/data/spring-data-commons/3.4.0/spring-data-commons-3.4.0.jar:/Users/erik/.m2/repository/org/springframework/spring-orm/6.2.0/spring-orm-6.2.0.jar:/Users/erik/.m2/repository/org/springframework/spring-context/6.2.0/spring-context-6.2.0.jar:/Users/erik/.m2/repository/org/springframework/spring-aop/6.2.0/spring-aop-6.2.0.jar:/Users/erik/.m2/repository/org/springframework/spring-tx/6.2.0/spring-tx-6.2.0.jar:/Users/erik/.m2/repository/org/springframework/spring-beans/6.2.0/spring-beans-6.2.0.jar:/Users/erik/.m2/repository/org/slf4j/slf4j-api/2.0.16/slf4j-api-2.0.16.jar:/Users/erik/.m2/repository/org/springframework/spring-aspects/6.2.0/spring-aspects-6.2.0.jar:/Users/erik/.m2/repository/org/aspectj/aspectjweaver/1.9.22.1/aspectjweaver-1.9.22.1.jar:/Users/erik/.m2/repository/org/flywaydb/flyway-core/10.20.1/flyway-core-10.20.1.jar:/Users/erik/.m2/repository/com/fasterxml/jackson/dataformat/jackson-dataformat-toml/2.18.1/jackson-dataformat-toml-2.18.1.jar:/Users/erik/.m2/repository/com/fasterxml/jackson/core/jackson-core/2.18.1/jackson-core-2.18.1.jar:/Users/erik/.m2/repository/com/fasterxml/jackson/datatype/jackson-datatype-jsr310/2.18.1/jackson-datatype-jsr310-2.18.1.jar:/Users/erik/.m2/repository/com/fasterxml/jackson/core/jackson-annotations/2.18.1/jackson-annotations-2.18.1.jar:/Users/erik/.m2/repository/org/flywaydb/flyway-database-oracle/10.20.1/flyway-database-oracle-10.20.1.jar:/Users/erik/.m2/repository/com/oracle/database/jdbc/ojdbc11/23.5.0.24.07/ojdbc11-23.5.0.24.07.jar:/Users/erik/.m2/repository/org/springframework/boot/spring-boot-starter/3.4.0/spring-boot-starter-3.4.0.jar:/Users/erik/.m2/repository/org/springframework/boot/spring-boot/3.4.0/spring-boot-3.4.0.jar:/Users/erik/.m2/repository/org/springframework/boot/spring-boot-autoconfigure/3.4.0/spring-boot-autoconfigure-3.4.0.jar:/Users/erik/.m2/repository/org/springframework/boot/spring-boot-starter-logging/3.4.0/spring-boot-starter-logging-3.4.0.jar:/Users/erik/.m2/repository/ch/qos/logback/logback-classic/1.5.12/logback-classic-1.5.12.jar:/Users/erik/.m2/repository/ch/qos/logback/logback-core/1.5.12/logback-core-1.5.12.jar:/Users/erik/.m2/repository/org/apache/logging/log4j/log4j-to-slf4j/2.24.1/log4j-to-slf4j-2.24.1.jar:/Users/erik/.m2/repository/org/apache/logging/log4j/log4j-api/2.24.1/log4j-api-2.24.1.jar:/Users/erik/.m2/repository/org/slf4j/jul-to-slf4j/2.0.16/jul-to-slf4j-2.0.16.jar:/Users/erik/.m2/repository/jakarta/annotation/jakarta.annotation-api/2.1.1/jakarta.annotation-api-2.1.1.jar:/Users/erik/.m2/repository/org/springframework/spring-core/6.2.0/spring-core-6.2.0.jar:/Users/erik/.m2/repository/org/springframework/spring-jcl/6.2.0/spring-jcl-6.2.0.jar:/Users/erik/.m2/repository/org/yaml/snakeyaml/2.3/snakeyaml-2.3.jar:/Users/erik/.m2/repository/org/mybatis/spring/boot/mybatis-spring-boot-starter/3.0.3/mybatis-spring-boot-starter-3.0.3.jar:/Users/erik/.m2/repository/org/mybatis/spring/boot/mybatis-spring-boot-autoconfigure/3.0.3/mybatis-spring-boot-autoconfigure-3.0.3.jar:/Users/erik/.m2/repository/org/mybatis/mybatis/3.5.14/mybatis-3.5.14.jar:/Users/erik/.m2/repository/org/mybatis/mybatis-spring/3.0.3/mybatis-spring-3.0.3.jar:/Users/erik/.m2/repository/org/mybatis/spring/boot/mybatis-spring-boot-starter-test/3.0.3/mybatis-spring-boot-starter-test-3.0.3.jar:/Users/erik/.m2/repository/org/mybatis/spring/boot/mybatis-spring-boot-test-autoconfigure/3.0.3/mybatis-spring-boot-test-autoconfigure-3.0.3.jar:/Users/erik/.m2/repository/org/springframework/boot/spring-boot-starter-web/3.4.0/spring-boot-starter-web-3.4.0.jar:/Users/erik/.m2/repository/org/springframework/boot/spring-boot-starter-json/3.4.0/spring-boot-starter-json-3.4.0.jar:/Users/erik/.m2/repository/com/fasterxml/jackson/datatype/jackson-datatype-jdk8/2.18.1/jackson-datatype-jdk8-2.18.1.jar:/Users/erik/.m2/repository/com/fasterxml/jackson/module/jackson-module-parameter-names/2.18.1/jackson-module-parameter-names-2.18.1.jar:/Users/erik/.m2/repository/org/springframework/boot/spring-boot-starter-tomcat/3.4.0/spring-boot-starter-tomcat-3.4.0.jar:/Users/erik/.m2/repository/org/apache/tomcat/embed/tomcat-embed-core/10.1.33/tomcat-embed-core-10.1.33.jar:/Users/erik/.m2/repository/org/apache/tomcat/embed/tomcat-embed-websocket/10.1.33/tomcat-embed-websocket-10.1.33.jar:/Users/erik/.m2/repository/org/springframework/spring-web/6.2.0/spring-web-6.2.0.jar:/Users/erik/.m2/repository/io/micrometer/micrometer-observation/1.14.1/micrometer-observation-1.14.1.jar:/Users/erik/.m2/repository/io/micrometer/micrometer-commons/1.14.1/micrometer-commons-1.14.1.jar:/Users/erik/.m2/repository/org/springframework/spring-webmvc/6.2.0/spring-webmvc-6.2.0.jar:/Users/erik/.m2/repository/org/springframework/spring-expression/6.2.0/spring-expression-6.2.0.jar:/Users/erik/.m2/repository/org/springframework/boot/spring-boot-starter-validation/3.4.0/spring-boot-starter-validation-3.4.0.jar:/Users/erik/.m2/repository/org/apache/tomcat/embed/tomcat-embed-el/10.1.33/tomcat-embed-el-10.1.33.jar:/Users/erik/.m2/repository/org/hibernate/validator/hibernate-validator/8.0.1.Final/hibernate-validator-8.0.1.Final.jar:/Users/erik/.m2/repository/jakarta/validation/jakarta.validation-api/3.0.2/jakarta.validation-api-3.0.2.jar:/Users/erik/.m2/repository/io/swagger/core/v3/swagger-annotations/2.2.22/swagger-annotations-2.2.22.jar:/Users/erik/.m2/repository/org/openapitools/jackson-databind-nullable/0.2.6/jackson-databind-nullable-0.2.6.jar:/Users/erik/.m2/repository/com/fasterxml/jackson/core/jackson-databind/2.18.1/jackson-databind-2.18.1.jar:/Users/erik/.m2/repository/org/javamoney/moneta/moneta-core/1.4.4/moneta-core-1.4.4.jar:/Users/erik/.m2/repository/javax/money/money-api/1.1/money-api-1.1.jar:/Users/erik/.m2/repository/com/squareup/okhttp3/okhttp/4.12.0/okhttp-4.12.0.jar:/Users/erik/.m2/repository/com/squareup/okio/okio/3.6.0/okio-3.6.0.jar:/Users/erik/.m2/repository/com/squareup/okio/okio-jvm/3.6.0/okio-jvm-3.6.0.jar:/Users/erik/.m2/repository/org/jetbrains/kotlin/kotlin-stdlib-common/1.9.25/kotlin-stdlib-common-1.9.25.jar:/Users/erik/.m2/repository/org/jetbrains/kotlin/kotlin-stdlib-jdk8/1.9.25/kotlin-stdlib-jdk8-1.9.25.jar:/Users/erik/.m2/repository/org/jetbrains/kotlin/kotlin-stdlib/1.9.25/kotlin-stdlib-1.9.25.jar:/Users/erik/.m2/repository/org/jetbrains/kotlin/kotlin-stdlib-jdk7/1.9.25/kotlin-stdlib-jdk7-1.9.25.jar:/Users/erik/.m2/repository/org/springframework/boot/spring-boot-starter-test/3.4.0/spring-boot-starter-test-3.4.0.jar:/Users/erik/.m2/repository/org/springframework/boot/spring-boot-test/3.4.0/spring-boot-test-3.4.0.jar:/Users/erik/.m2/repository/org/springframework/boot/spring-boot-test-autoconfigure/3.4.0/spring-boot-test-autoconfigure-3.4.0.jar:/Users/erik/.m2/repository/com/jayway/jsonpath/json-path/2.9.0/json-path-2.9.0.jar:/Users/erik/.m2/repository/jakarta/xml/bind/jakarta.xml.bind-api/4.0.2/jakarta.xml.bind-api-4.0.2.jar:/Users/erik/.m2/repository/jakarta/activation/jakarta.activation-api/2.1.3/jakarta.activation-api-2.1.3.jar:/Users/erik/.m2/repository/net/minidev/json-smart/2.5.1/json-smart-2.5.1.jar:/Users/erik/.m2/repository/net/minidev/accessors-smart/2.5.1/accessors-smart-2.5.1.jar:/Users/erik/.m2/repository/org/ow2/asm/asm/9.6/asm-9.6.jar:/Users/erik/.m2/repository/org/assertj/assertj-core/3.26.3/assertj-core-3.26.3.jar:/Users/erik/.m2/repository/org/awaitility/awaitility/4.2.2/awaitility-4.2.2.jar:/Users/erik/.m2/repository/org/hamcrest/hamcrest/2.2/hamcrest-2.2.jar:/Users/erik/.m2/repository/org/junit/jupiter/junit-jupiter/5.11.3/junit-jupiter-5.11.3.jar:/Users/erik/.m2/repository/org/junit/jupiter/junit-jupiter-api/5.11.3/junit-jupiter-api-5.11.3.jar:/Users/erik/.m2/repository/org/opentest4j/opentest4j/1.3.0/opentest4j-1.3.0.jar:/Users/erik/.m2/repository/org/junit/platform/junit-platform-commons/1.11.3/junit-platform-commons-1.11.3.jar:/Users/erik/.m2/repository/org/apiguardian/apiguardian-api/1.1.2/apiguardian-api-1.1.2.jar:/Users/erik/.m2/repository/org/junit/jupiter/junit-jupiter-params/5.11.3/junit-jupiter-params-5.11.3.jar:/Users/erik/.m2/repository/org/junit/jupiter/junit-jupiter-engine/5.11.3/junit-jupiter-engine-5.11.3.jar:/Users/erik/.m2/repository/org/junit/platform/junit-platform-engine/1.11.3/junit-platform-engine-1.11.3.jar:/Users/erik/.m2/repository/org/mockito/mockito-core/5.14.2/mockito-core-5.14.2.jar:/Users/erik/.m2/repository/net/bytebuddy/byte-buddy-agent/1.15.10/byte-buddy-agent-1.15.10.jar:/Users/erik/.m2/repository/org/objenesis/objenesis/3.3/objenesis-3.3.jar:/Users/erik/.m2/repository/org/mockito/mockito-junit-jupiter/5.14.2/mockito-junit-jupiter-5.14.2.jar:/Users/erik/.m2/repository/org/skyscreamer/jsonassert/1.5.3/jsonassert-1.5.3.jar:/Users/erik/.m2/repository/com/vaadin/external/google/android-json/0.0.20131108.vaadin1/android-json-0.0.20131108.vaadin1.jar:/Users/erik/.m2/repository/org/springframework/spring-test/6.2.0/spring-test-6.2.0.jar:/Users/erik/.m2/repository/org/xmlunit/xmlunit-core/2.10.0/xmlunit-core-2.10.0.jar:/Users/erik/.m2/repository/org/springframework/boot/spring-boot-testcontainers/3.4.0/spring-boot-testcontainers-3.4.0.jar:/Users/erik/.m2/repository/org/testcontainers/testcontainers/1.20.4/testcontainers-1.20.4.jar:/Users/erik/.m2/repository/junit/junit/4.13.2/junit-4.13.2.jar:/Users/erik/.m2/repository/org/hamcrest/hamcrest-core/2.2/hamcrest-core-2.2.jar:/Users/erik/.m2/repository/org/apache/commons/commons-compress/1.24.0/commons-compress-1.24.0.jar:/Users/erik/.m2/repository/org/rnorth/duct-tape/duct-tape/1.0.8/duct-tape-1.0.8.jar:/Users/erik/.m2/repository/org/jetbrains/annotations/17.0.0/annotations-17.0.0.jar:/Users/erik/.m2/repository/com/github/docker-java/docker-java-api/3.4.0/docker-java-api-3.4.0.jar:/Users/erik/.m2/repository/com/github/docker-java/docker-java-transport-zerodep/3.4.0/docker-java-transport-zerodep-3.4.0.jar:/Users/erik/.m2/repository/com/github/docker-java/docker-java-transport/3.4.0/docker-java-transport-3.4.0.jar:/Users/erik/.m2/repository/net/java/dev/jna/jna/5.13.0/jna-5.13.0.jar:/Users/erik/.m2/repository/org/testcontainers/oracle-xe/1.20.4/oracle-xe-1.20.4.jar:/Users/erik/.m2/repository/org/testcontainers/jdbc/1.20.4/jdbc-1.20.4.jar:/Users/erik/.m2/repository/org/testcontainers/database-commons/1.20.4/database-commons-1.20.4.jar:/Users/erik/.m2/repository/org/testcontainers/junit-jupiter/1.20.4/junit-jupiter-1.20.4.jar:/Users/erik/.m2/repository/org/instancio/instancio-junit/5.4.0/instancio-junit-5.4.0.jar:/Users/erik/.m2/repository/org/instancio/instancio-core/5.4.0/instancio-core-5.4.0.jar:/Users/erik/.m2/repository/com/tngtech/archunit/archunit-junit5/1.4.0/archunit-junit5-1.4.0.jar:/Users/erik/.m2/repository/com/tngtech/archunit/archunit-junit5-api/1.4.0/archunit-junit5-api-1.4.0.jar:/Users/erik/.m2/repository/com/tngtech/archunit/archunit/1.4.0/archunit-1.4.0.jar:/Users/erik/.m2/repository/com/tngtech/archunit/archunit-junit5-engine/1.4.0/archunit-junit5-engine-1.4.0.jar:/Users/erik/.m2/repository/com/tngtech/archunit/archunit-junit5-engine-api/1.4.0/archunit-junit5-engine-api-1.4.0.jar:, java.version: =25.0.3}. 
2026-08-27T17:44:46.723+01:00  INFO 74676 --- [oulearning] [onnection adder] oracle.jdbc                              : entering args (oracle.jdbc.internal.AbstractConnectionBuilder$1@2a650c5e)
2026-08-27T17:44:46.723+01:00  INFO 74676 --- [oulearning] [onnection adder] oracle.jdbc                              : traceId=4F36184. 
2026-08-27T17:44:46.723+01:00  INFO 74676 --- [oulearning] [onnection adder] oracle.jdbc                              : Session Attributes: 
sdu=8192, tdu=2097152
nt: host=localhost, port=62016, socketOptions={0=YES, 1=NO, 17=0, 18=false, 2=30000, 20=true, 38=TLS, 23=40, 24=50, 40=false, 25=0}
    socket=null
client profile={oracle.net.encryption_types_client=(), oracle.net.crypto_seed=, oracle.net.authentication_services=(), oracle.net.setFIPSMode=false, oracle.net.kerberos5_mutual_authentication=false, oracle.net.encryption_client=ACCEPTED, oracle.net.crypto_checksum_client=ACCEPTED, oracle.net.crypto_checksum_types_client=()}
onBreakReset=false, dataEOF=false, negotiatedOptions=0x0, connected=false
TTIINIT enabled=false, TTC cookie enabled=false

2026-08-27T17:44:46.723+01:00  INFO 74676 --- [oulearning] [onnection adder] oracle.jdbc                              : traceId=4F36184, anoEnabled=true. 
2026-08-27T17:44:46.724+01:00  INFO 74676 --- [oulearning] [onnection adder] oracle.jdbc                              : Connection establishment failed due to IOException, will be trying with next available connect option.
2026-08-27T17:44:46.724+01:00  INFO 74676 --- [oulearning] [onnection adder] oracle.jdbc                              : Got Refused, SessionTraceId = 4F36184
2026-08-27T17:44:46.724+01:00  INFO 74676 --- [oulearning] [onnection adder] oracle.jdbc                              : Outbound interrupt timer cancelled null
2026-08-27T17:44:46.724+01:00  INFO 74676 --- [oulearning] [onnection adder] oracle.jdbc                              : Session Attributes: 
sdu=8192, tdu=2097152
nt: host=localhost, port=62016, socketOptions={0=YES, 1=NO, 17=0, 18=false, 2=30000, 20=true, 38=TLS, 23=40, 24=50, 40=false, 25=0}
    socket=null
client profile={oracle.net.encryption_types_client=(), oracle.net.crypto_seed=, oracle.net.authentication_services=(), oracle.net.setFIPSMode=false, oracle.net.kerberos5_mutual_authentication=false, oracle.net.encryption_client=ACCEPTED, oracle.net.crypto_checksum_client=ACCEPTED, oracle.net.crypto_checksum_types_client=()}
onBreakReset=false, dataEOF=false, negotiatedOptions=0x0, connected=false
TTIINIT enabled=false, TTC cookie enabled=false

2026-08-27T17:44:46.724+01:00  INFO 74676 --- [oulearning] [onnection adder] oracle.jdbc                              : Connection establishment failed due to IOException, will be trying with next available connect option.
2026-08-27T17:44:46.724+01:00  INFO 74676 --- [oulearning] [onnection adder] oracle.jdbc                              : Got Refused, SessionTraceId = 4F36184
2026-08-27T17:44:46.724+01:00  INFO 74676 --- [oulearning] [onnection adder] oracle.jdbc                              : Outbound interrupt timer cancelled null
2026-08-27T17:44:46.724+01:00  INFO 74676 --- [oulearning] [onnection adder] oracle.jdbc                              : throwing

java.sql.SQLRecoverableException: ORA-17002: I/O error: Connection reset, connect lapse 1 ms., Authentication lapse 0 ms.
https://docs.oracle.com/error-help/db/ora-17002/
	at oracle.jdbc.driver.T4CConnection.handleLogonIOException(T4CConnection.java:1660) ~[ojdbc11-23.5.0.24.07.jar:23.5.0.24.07]
	at oracle.jdbc.driver.T4CConnection.logon(T4CConnection.java:1142) ~[ojdbc11-23.5.0.24.07.jar:23.5.0.24.07]
	at oracle.jdbc.driver.PhysicalConnection.connect(PhysicalConnection.java:1206) ~[ojdbc11-23.5.0.24.07.jar:23.5.0.24.07]
	at oracle.jdbc.driver.T4CDriverExtension.getConnection(T4CDriverExtension.java:105) ~[ojdbc11-23.5.0.24.07.jar:23.5.0.24.07]
	at oracle.jdbc.driver.OracleDriver.connect(OracleDriver.java:886) ~[ojdbc11-23.5.0.24.07.jar:23.5.0.24.07]
	at oracle.jdbc.driver.OracleDriver.connect(OracleDriver.java:693) ~[ojdbc11-23.5.0.24.07.jar:23.5.0.24.07]
	at com.zaxxer.hikari.util.DriverDataSource.getConnection(DriverDataSource.java:137) ~[HikariCP-5.1.0.jar:na]
	at com.zaxxer.hikari.pool.PoolBase.newConnection(PoolBase.java:360) ~[HikariCP-5.1.0.jar:na]
	at com.zaxxer.hikari.pool.PoolBase.newPoolEntry(PoolBase.java:202) ~[HikariCP-5.1.0.jar:na]
	at com.zaxxer.hikari.pool.HikariPool.createPoolEntry(HikariPool.java:461) ~[HikariCP-5.1.0.jar:na]
	at com.zaxxer.hikari.pool.HikariPool$PoolEntryCreator.call(HikariPool.java:724) ~[HikariCP-5.1.0.jar:na]
	at com.zaxxer.hikari.pool.HikariPool$PoolEntryCreator.call(HikariPool.java:703) ~[HikariCP-5.1.0.jar:na]
	at java.base/java.util.concurrent.FutureTask.run(FutureTask.java:328) ~[na:na]
	at java.base/java.util.concurrent.ThreadPoolExecutor.runWorker(ThreadPoolExecutor.java:1090) ~[na:na]
	at java.base/java.util.concurrent.ThreadPoolExecutor$Worker.run(ThreadPoolExecutor.java:614) ~[na:na]
	at java.base/java.lang.Thread.run(Thread.java:1474) ~[na:na]
Caused by: java.io.IOException: Connection reset, connect lapse 1 ms., Authentication lapse 0 ms.
	at oracle.jdbc.driver.T4CConnection.handleLogonIOException(T4CConnection.java:1655) ~[ojdbc11-23.5.0.24.07.jar:23.5.0.24.07]
	... 15 common frames omitted
Caused by: java.io.IOException: Connection reset, connect lapse 1 ms.
	at oracle.net.ns.NSProtocolNIO.negotiateConnection(NSProtocolNIO.java:263) ~[ojdbc11-23.5.0.24.07.jar:23.5.0.24.07]
	at oracle.net.ns.NSProtocol.connect(NSProtocol.java:352) ~[ojdbc11-23.5.0.24.07.jar:23.5.0.24.07]
	at oracle.jdbc.driver.T4CConnection.connectNetworkSessionProtocol(T4CConnection.java:3419) ~[ojdbc11-23.5.0.24.07.jar:23.5.0.24.07]
	at oracle.jdbc.driver.T4CConnection.logon(T4CConnection.java:1018) ~[ojdbc11-23.5.0.24.07.jar:23.5.0.24.07]
	... 14 common frames omitted
Caused by: java.net.SocketException: Connection reset
	at java.base/sun.nio.ch.SocketChannelImpl.throwConnectionReset(SocketChannelImpl.java:399) ~[na:na]
	at java.base/sun.nio.ch.SocketChannelImpl.blockingRead(SocketChannelImpl.java:1420) ~[na:na]
	at java.base/sun.nio.ch.SocketInputStream.implRead(SocketInputStream.java:70) ~[na:na]
	at java.base/sun.nio.ch.SocketInputStream.read(SocketInputStream.java:78) ~[na:na]
	at oracle.net.nt.TimeoutSocketChannel.doBlockedRead(TimeoutSocketChannel.java:600) ~[ojdbc11-23.5.0.24.07.jar:23.5.0.24.07]
	at oracle.net.nt.TimeoutSocketChannel.read(TimeoutSocketChannel.java:536) ~[ojdbc11-23.5.0.24.07.jar:23.5.0.24.07]
	at oracle.net.ns.NSProtocolNIO.doSocketRead(NSProtocolNIO.java:1224) ~[ojdbc11-23.5.0.24.07.jar:23.5.0.24.07]
	at oracle.net.ns.NIOPacket.readNIOPacket(NIOPacket.java:436) ~[ojdbc11-23.5.0.24.07.jar:23.5.0.24.07]
	at oracle.net.ns.NSProtocolNIO.negotiateConnection(NSProtocolNIO.java:216) ~[ojdbc11-23.5.0.24.07.jar:23.5.0.24.07]
	... 17 common frames omitted

2026-08-27T17:44:46.724+01:00  INFO 74676 --- [oulearning] [onnection adder] oracle.jdbc                              : properties={LOCALE=en_US, DriverVersion=23.5.0.24.07, java.library.path: =/Users/erik/Library/Java/Extensions:/Library/Java/Extensions:/Network/Library/Java/Extensions:/System/Library/Java/Extensions:/usr/lib/java:., java.class.path: =/Users/erik/dev/oulearning/target/test-classes:/Users/erik/dev/oulearning/target/classes:/Users/erik/.m2/repository/org/springframework/boot/spring-boot-starter-data-jpa/3.4.0/spring-boot-starter-data-jpa-3.4.0.jar:/Users/erik/.m2/repository/org/springframework/boot/spring-boot-starter-jdbc/3.4.0/spring-boot-starter-jdbc-3.4.0.jar:/Users/erik/.m2/repository/com/zaxxer/HikariCP/5.1.0/HikariCP-5.1.0.jar:/Users/erik/.m2/repository/org/springframework/spring-jdbc/6.2.0/spring-jdbc-6.2.0.jar:/Users/erik/.m2/repository/org/hibernate/orm/hibernate-core/6.6.2.Final/hibernate-core-6.6.2.Final.jar:/Users/erik/.m2/repository/jakarta/persistence/jakarta.persistence-api/3.1.0/jakarta.persistence-api-3.1.0.jar:/Users/erik/.m2/repository/jakarta/transaction/jakarta.transaction-api/2.0.1/jakarta.transaction-api-2.0.1.jar:/Users/erik/.m2/repository/org/jboss/logging/jboss-logging/3.6.1.Final/jboss-logging-3.6.1.Final.jar:/Users/erik/.m2/repository/org/hibernate/common/hibernate-commons-annotations/7.0.3.Final/hibernate-commons-annotations-7.0.3.Final.jar:/Users/erik/.m2/repository/io/smallrye/jandex/3.2.0/jandex-3.2.0.jar:/Users/erik/.m2/repository/com/fasterxml/classmate/1.7.0/classmate-1.7.0.jar:/Users/erik/.m2/repository/net/bytebuddy/byte-buddy/1.15.10/byte-buddy-1.15.10.jar:/Users/erik/.m2/repository/org/glassfish/jaxb/jaxb-runtime/4.0.5/jaxb-runtime-4.0.5.jar:/Users/erik/.m2/repository/org/glassfish/jaxb/jaxb-core/4.0.5/jaxb-core-4.0.5.jar:/Users/erik/.m2/repository/org/eclipse/angus/angus-activation/2.0.2/angus-activation-2.0.2.jar:/Users/erik/.m2/repository/org/glassfish/jaxb/txw2/4.0.5/txw2-4.0.5.jar:/Users/erik/.m2/repository/com/sun/istack/istack-commons-runtime/4.1.2/istack-commons-runtime-4.1.2.jar:/Users/erik/.m2/repository/jakarta/inject/jakarta.inject-api/2.0.1/jakarta.inject-api-2.0.1.jar:/Users/erik/.m2/repository/org/antlr/antlr4-runtime/4.13.0/antlr4-runtime-4.13.0.jar:/Users/erik/.m2/repository/org/springframework/data/spring-data-jpa/3.4.0/spring-data-jpa-3.4.0.jar:/Users/erik/.m2/repository/org/springframework/data/spring-data-commons/3.4.0/spring-data-commons-3.4.0.jar:/Users/erik/.m2/repository/org/springframework/spring-orm/6.2.0/spring-orm-6.2.0.jar:/Users/erik/.m2/repository/org/springframework/spring-context/6.2.0/spring-context-6.2.0.jar:/Users/erik/.m2/repository/org/springframework/spring-aop/6.2.0/spring-aop-6.2.0.jar:/Users/erik/.m2/repository/org/springframework/spring-tx/6.2.0/spring-tx-6.2.0.jar:/Users/erik/.m2/repository/org/springframework/spring-beans/6.2.0/spring-beans-6.2.0.jar:/Users/erik/.m2/repository/org/slf4j/slf4j-api/2.0.16/slf4j-api-2.0.16.jar:/Users/erik/.m2/repository/org/springframework/spring-aspects/6.2.0/spring-aspects-6.2.0.jar:/Users/erik/.m2/repository/org/aspectj/aspectjweaver/1.9.22.1/aspectjweaver-1.9.22.1.jar:/Users/erik/.m2/repository/org/flywaydb/flyway-core/10.20.1/flyway-core-10.20.1.jar:/Users/erik/.m2/repository/com/fasterxml/jackson/dataformat/jackson-dataformat-toml/2.18.1/jackson-dataformat-toml-2.18.1.jar:/Users/erik/.m2/repository/com/fasterxml/jackson/core/jackson-core/2.18.1/jackson-core-2.18.1.jar:/Users/erik/.m2/repository/com/fasterxml/jackson/datatype/jackson-datatype-jsr310/2.18.1/jackson-datatype-jsr310-2.18.1.jar:/Users/erik/.m2/repository/com/fasterxml/jackson/core/jackson-annotations/2.18.1/jackson-annotations-2.18.1.jar:/Users/erik/.m2/repository/org/flywaydb/flyway-database-oracle/10.20.1/flyway-database-oracle-10.20.1.jar:/Users/erik/.m2/repository/com/oracle/database/jdbc/ojdbc11/23.5.0.24.07/ojdbc11-23.5.0.24.07.jar:/Users/erik/.m2/repository/org/springframework/boot/spring-boot-starter/3.4.0/spring-boot-starter-3.4.0.jar:/Users/erik/.m2/repository/org/springframework/boot/spring-boot/3.4.0/spring-boot-3.4.0.jar:/Users/erik/.m2/repository/org/springframework/boot/spring-boot-autoconfigure/3.4.0/spring-boot-autoconfigure-3.4.0.jar:/Users/erik/.m2/repository/org/springframework/boot/spring-boot-starter-logging/3.4.0/spring-boot-starter-logging-3.4.0.jar:/Users/erik/.m2/repository/ch/qos/logback/logback-classic/1.5.12/logback-classic-1.5.12.jar:/Users/erik/.m2/repository/ch/qos/logback/logback-core/1.5.12/logback-core-1.5.12.jar:/Users/erik/.m2/repository/org/apache/logging/log4j/log4j-to-slf4j/2.24.1/log4j-to-slf4j-2.24.1.jar:/Users/erik/.m2/repository/org/apache/logging/log4j/log4j-api/2.24.1/log4j-api-2.24.1.jar:/Users/erik/.m2/repository/org/slf4j/jul-to-slf4j/2.0.16/jul-to-slf4j-2.0.16.jar:/Users/erik/.m2/repository/jakarta/annotation/jakarta.annotation-api/2.1.1/jakarta.annotation-api-2.1.1.jar:/Users/erik/.m2/repository/org/springframework/spring-core/6.2.0/spring-core-6.2.0.jar:/Users/erik/.m2/repository/org/springframework/spring-jcl/6.2.0/spring-jcl-6.2.0.jar:/Users/erik/.m2/repository/org/yaml/snakeyaml/2.3/snakeyaml-2.3.jar:/Users/erik/.m2/repository/org/mybatis/spring/boot/mybatis-spring-boot-starter/3.0.3/mybatis-spring-boot-starter-3.0.3.jar:/Users/erik/.m2/repository/org/mybatis/spring/boot/mybatis-spring-boot-autoconfigure/3.0.3/mybatis-spring-boot-autoconfigure-3.0.3.jar:/Users/erik/.m2/repository/org/mybatis/mybatis/3.5.14/mybatis-3.5.14.jar:/Users/erik/.m2/repository/org/mybatis/mybatis-spring/3.0.3/mybatis-spring-3.0.3.jar:/Users/erik/.m2/repository/org/mybatis/spring/boot/mybatis-spring-boot-starter-test/3.0.3/mybatis-spring-boot-starter-test-3.0.3.jar:/Users/erik/.m2/repository/org/mybatis/spring/boot/mybatis-spring-boot-test-autoconfigure/3.0.3/mybatis-spring-boot-test-autoconfigure-3.0.3.jar:/Users/erik/.m2/repository/org/springframework/boot/spring-boot-starter-web/3.4.0/spring-boot-starter-web-3.4.0.jar:/Users/erik/.m2/repository/org/springframework/boot/spring-boot-starter-json/3.4.0/spring-boot-starter-json-3.4.0.jar:/Users/erik/.m2/repository/com/fasterxml/jackson/datatype/jackson-datatype-jdk8/2.18.1/jackson-datatype-jdk8-2.18.1.jar:/Users/erik/.m2/repository/com/fasterxml/jackson/module/jackson-module-parameter-names/2.18.1/jackson-module-parameter-names-2.18.1.jar:/Users/erik/.m2/repository/org/springframework/boot/spring-boot-starter-tomcat/3.4.0/spring-boot-starter-tomcat-3.4.0.jar:/Users/erik/.m2/repository/org/apache/tomcat/embed/tomcat-embed-core/10.1.33/tomcat-embed-core-10.1.33.jar:/Users/erik/.m2/repository/org/apache/tomcat/embed/tomcat-embed-websocket/10.1.33/tomcat-embed-websocket-10.1.33.jar:/Users/erik/.m2/repository/org/springframework/spring-web/6.2.0/spring-web-6.2.0.jar:/Users/erik/.m2/repository/io/micrometer/micrometer-observation/1.14.1/micrometer-observation-1.14.1.jar:/Users/erik/.m2/repository/io/micrometer/micrometer-commons/1.14.1/micrometer-commons-1.14.1.jar:/Users/erik/.m2/repository/org/springframework/spring-webmvc/6.2.0/spring-webmvc-6.2.0.jar:/Users/erik/.m2/repository/org/springframework/spring-expression/6.2.0/spring-expression-6.2.0.jar:/Users/erik/.m2/repository/org/springframework/boot/spring-boot-starter-validation/3.4.0/spring-boot-starter-validation-3.4.0.jar:/Users/erik/.m2/repository/org/apache/tomcat/embed/tomcat-embed-el/10.1.33/tomcat-embed-el-10.1.33.jar:/Users/erik/.m2/repository/org/hibernate/validator/hibernate-validator/8.0.1.Final/hibernate-validator-8.0.1.Final.jar:/Users/erik/.m2/repository/jakarta/validation/jakarta.validation-api/3.0.2/jakarta.validation-api-3.0.2.jar:/Users/erik/.m2/repository/io/swagger/core/v3/swagger-annotations/2.2.22/swagger-annotations-2.2.22.jar:/Users/erik/.m2/repository/org/openapitools/jackson-databind-nullable/0.2.6/jackson-databind-nullable-0.2.6.jar:/Users/erik/.m2/repository/com/fasterxml/jackson/core/jackson-databind/2.18.1/jackson-databind-2.18.1.jar:/Users/erik/.m2/repository/org/javamoney/moneta/moneta-core/1.4.4/moneta-core-1.4.4.jar:/Users/erik/.m2/repository/javax/money/money-api/1.1/money-api-1.1.jar:/Users/erik/.m2/repository/com/squareup/okhttp3/okhttp/4.12.0/okhttp-4.12.0.jar:/Users/erik/.m2/repository/com/squareup/okio/okio/3.6.0/okio-3.6.0.jar:/Users/erik/.m2/repository/com/squareup/okio/okio-jvm/3.6.0/okio-jvm-3.6.0.jar:/Users/erik/.m2/repository/org/jetbrains/kotlin/kotlin-stdlib-common/1.9.25/kotlin-stdlib-common-1.9.25.jar:/Users/erik/.m2/repository/org/jetbrains/kotlin/kotlin-stdlib-jdk8/1.9.25/kotlin-stdlib-jdk8-1.9.25.jar:/Users/erik/.m2/repository/org/jetbrains/kotlin/kotlin-stdlib/1.9.25/kotlin-stdlib-1.9.25.jar:/Users/erik/.m2/repository/org/jetbrains/kotlin/kotlin-stdlib-jdk7/1.9.25/kotlin-stdlib-jdk7-1.9.25.jar:/Users/erik/.m2/repository/org/springframework/boot/spring-boot-starter-test/3.4.0/spring-boot-starter-test-3.4.0.jar:/Users/erik/.m2/repository/org/springframework/boot/spring-boot-test/3.4.0/spring-boot-test-3.4.0.jar:/Users/erik/.m2/repository/org/springframework/boot/spring-boot-test-autoconfigure/3.4.0/spring-boot-test-autoconfigure-3.4.0.jar:/Users/erik/.m2/repository/com/jayway/jsonpath/json-path/2.9.0/json-path-2.9.0.jar:/Users/erik/.m2/repository/jakarta/xml/bind/jakarta.xml.bind-api/4.0.2/jakarta.xml.bind-api-4.0.2.jar:/Users/erik/.m2/repository/jakarta/activation/jakarta.activation-api/2.1.3/jakarta.activation-api-2.1.3.jar:/Users/erik/.m2/repository/net/minidev/json-smart/2.5.1/json-smart-2.5.1.jar:/Users/erik/.m2/repository/net/minidev/accessors-smart/2.5.1/accessors-smart-2.5.1.jar:/Users/erik/.m2/repository/org/ow2/asm/asm/9.6/asm-9.6.jar:/Users/erik/.m2/repository/org/assertj/assertj-core/3.26.3/assertj-core-3.26.3.jar:/Users/erik/.m2/repository/org/awaitility/awaitility/4.2.2/awaitility-4.2.2.jar:/Users/erik/.m2/repository/org/hamcrest/hamcrest/2.2/hamcrest-2.2.jar:/Users/erik/.m2/repository/org/junit/jupiter/junit-jupiter/5.11.3/junit-jupiter-5.11.3.jar:/Users/erik/.m2/repository/org/junit/jupiter/junit-jupiter-api/5.11.3/junit-jupiter-api-5.11.3.jar:/Users/erik/.m2/repository/org/opentest4j/opentest4j/1.3.0/opentest4j-1.3.0.jar:/Users/erik/.m2/repository/org/junit/platform/junit-platform-commons/1.11.3/junit-platform-commons-1.11.3.jar:/Users/erik/.m2/repository/org/apiguardian/apiguardian-api/1.1.2/apiguardian-api-1.1.2.jar:/Users/erik/.m2/repository/org/junit/jupiter/junit-jupiter-params/5.11.3/junit-jupiter-params-5.11.3.jar:/Users/erik/.m2/repository/org/junit/jupiter/junit-jupiter-engine/5.11.3/junit-jupiter-engine-5.11.3.jar:/Users/erik/.m2/repository/org/junit/platform/junit-platform-engine/1.11.3/junit-platform-engine-1.11.3.jar:/Users/erik/.m2/repository/org/mockito/mockito-core/5.14.2/mockito-core-5.14.2.jar:/Users/erik/.m2/repository/net/bytebuddy/byte-buddy-agent/1.15.10/byte-buddy-agent-1.15.10.jar:/Users/erik/.m2/repository/org/objenesis/objenesis/3.3/objenesis-3.3.jar:/Users/erik/.m2/repository/org/mockito/mockito-junit-jupiter/5.14.2/mockito-junit-jupiter-5.14.2.jar:/Users/erik/.m2/repository/org/skyscreamer/jsonassert/1.5.3/jsonassert-1.5.3.jar:/Users/erik/.m2/repository/com/vaadin/external/google/android-json/0.0.20131108.vaadin1/android-json-0.0.20131108.vaadin1.jar:/Users/erik/.m2/repository/org/springframework/spring-test/6.2.0/spring-test-6.2.0.jar:/Users/erik/.m2/repository/org/xmlunit/xmlunit-core/2.10.0/xmlunit-core-2.10.0.jar:/Users/erik/.m2/repository/org/springframework/boot/spring-boot-testcontainers/3.4.0/spring-boot-testcontainers-3.4.0.jar:/Users/erik/.m2/repository/org/testcontainers/testcontainers/1.20.4/testcontainers-1.20.4.jar:/Users/erik/.m2/repository/junit/junit/4.13.2/junit-4.13.2.jar:/Users/erik/.m2/repository/org/hamcrest/hamcrest-core/2.2/hamcrest-core-2.2.jar:/Users/erik/.m2/repository/org/apache/commons/commons-compress/1.24.0/commons-compress-1.24.0.jar:/Users/erik/.m2/repository/org/rnorth/duct-tape/duct-tape/1.0.8/duct-tape-1.0.8.jar:/Users/erik/.m2/repository/org/jetbrains/annotations/17.0.0/annotations-17.0.0.jar:/Users/erik/.m2/repository/com/github/docker-java/docker-java-api/3.4.0/docker-java-api-3.4.0.jar:/Users/erik/.m2/repository/com/github/docker-java/docker-java-transport-zerodep/3.4.0/docker-java-transport-zerodep-3.4.0.jar:/Users/erik/.m2/repository/com/github/docker-java/docker-java-transport/3.4.0/docker-java-transport-3.4.0.jar:/Users/erik/.m2/repository/net/java/dev/jna/jna/5.13.0/jna-5.13.0.jar:/Users/erik/.m2/repository/org/testcontainers/oracle-xe/1.20.4/oracle-xe-1.20.4.jar:/Users/erik/.m2/repository/org/testcontainers/jdbc/1.20.4/jdbc-1.20.4.jar:/Users/erik/.m2/repository/org/testcontainers/database-commons/1.20.4/database-commons-1.20.4.jar:/Users/erik/.m2/repository/org/testcontainers/junit-jupiter/1.20.4/junit-jupiter-1.20.4.jar:/Users/erik/.m2/repository/org/instancio/instancio-junit/5.4.0/instancio-junit-5.4.0.jar:/Users/erik/.m2/repository/org/instancio/instancio-core/5.4.0/instancio-core-5.4.0.jar:/Users/erik/.m2/repository/com/tngtech/archunit/archunit-junit5/1.4.0/archunit-junit5-1.4.0.jar:/Users/erik/.m2/repository/com/tngtech/archunit/archunit-junit5-api/1.4.0/archunit-junit5-api-1.4.0.jar:/Users/erik/.m2/repository/com/tngtech/archunit/archunit/1.4.0/archunit-1.4.0.jar:/Users/erik/.m2/repository/com/tngtech/archunit/archunit-junit5-engine/1.4.0/archunit-junit5-engine-1.4.0.jar:/Users/erik/.m2/repository/com/tngtech/archunit/archunit-junit5-engine-api/1.4.0/archunit-junit5-engine-api-1.4.0.jar:, java.version: =25.0.3}. 
[INFO] Tests run: 3, Failures: 0, Errors: 0, Skipped: 0, Time elapsed: 11.79 s -- in com.example.oulearning.training.infrastructure.persistence.MyBatisExternalProviderRepositoryIT
[INFO] Running com.example.oulearning.training.infrastructure.persistence.MyBatisTrainingRepositoryIT
2026-08-27T17:44:47.018+01:00  INFO 74676 --- [oulearning] [           main] t.c.s.AnnotationConfigContextLoaderUtils : Could not detect default configuration classes for test class [com.example.oulearning.training.infrastructure.persistence.MyBatisTrainingRepositoryIT]: MyBatisTrainingRepositoryIT does not declare any static, non-private, non-final, nested classes annotated with @Configuration.
2026-08-27T17:44:47.027+01:00  INFO 74676 --- [oulearning] [           main] .b.t.c.SpringBootTestContextBootstrapper : Found @SpringBootConfiguration com.example.oulearning.OulearningApplication for test class com.example.oulearning.training.infrastructure.persistence.MyBatisTrainingRepositoryIT
2026-08-27T17:44:47.029+01:00  INFO 74676 --- [oulearning] [           main] t.gvenzl/oracle-free:23-slim-faststart   : Creating container for image: gvenzl/oracle-free:23-slim-faststart
2026-08-27T17:44:47.094+01:00  INFO 74676 --- [oulearning] [           main] t.gvenzl/oracle-free:23-slim-faststart   : Container gvenzl/oracle-free:23-slim-faststart is starting: 98d02b7433754dc61869971633ac5ff576464a45686f4a806fafa20079cff512
2026-08-27T17:44:47.819+01:00  INFO 74676 --- [oulearning] [onnection adder] oracle.jdbc                              : entering args (oracle.jdbc.internal.AbstractConnectionBuilder$1@141cdc7a)
2026-08-27T17:44:47.819+01:00  INFO 74676 --- [oulearning] [onnection adder] oracle.jdbc                              : traceId=41E58648. 
2026-08-27T17:44:47.819+01:00  INFO 74676 --- [oulearning] [onnection adder] oracle.jdbc                              : Session Attributes: 
sdu=8192, tdu=2097152
nt: host=localhost, port=62016, socketOptions={0=YES, 1=NO, 17=0, 18=false, 2=30000, 20=true, 38=TLS, 23=40, 24=50, 40=false, 25=0}
    socket=null
client profile={oracle.net.encryption_types_client=(), oracle.net.crypto_seed=, oracle.net.authentication_services=(), oracle.net.setFIPSMode=false, oracle.net.kerberos5_mutual_authentication=false, oracle.net.encryption_client=ACCEPTED, oracle.net.crypto_checksum_client=ACCEPTED, oracle.net.crypto_checksum_types_client=()}
onBreakReset=false, dataEOF=false, negotiatedOptions=0x0, connected=false
TTIINIT enabled=false, TTC cookie enabled=false

2026-08-27T17:44:47.819+01:00  INFO 74676 --- [oulearning] [onnection adder] oracle.jdbc                              : traceId=41E58648, anoEnabled=true. 
2026-08-27T17:44:47.819+01:00  INFO 74676 --- [oulearning] [onnection adder] oracle.jdbc                              : Got Refused, SessionTraceId = 41E58648
2026-08-27T17:44:47.819+01:00  INFO 74676 --- [oulearning] [onnection adder] oracle.jdbc                              : Outbound interrupt timer cancelled null
2026-08-27T17:44:47.819+01:00  INFO 74676 --- [oulearning] [onnection adder] oracle.jdbc                              : throwing

java.sql.SQLRecoverableException: ORA-12514: Cannot connect to database. Service FREEPDB1 is not registered with the listener at host localhost port 62016. (CONNECTION_ID=TW7EomnzT46x9MLcGOUuIA==)
https://docs.oracle.com/error-help/db/ora-12514/
	at oracle.jdbc.driver.T4CConnection.handleLogonNetException(T4CConnection.java:1617) ~[ojdbc11-23.5.0.24.07.jar:23.5.0.24.07]
	at oracle.jdbc.driver.T4CConnection.logon(T4CConnection.java:1139) ~[ojdbc11-23.5.0.24.07.jar:23.5.0.24.07]
	at oracle.jdbc.driver.PhysicalConnection.connect(PhysicalConnection.java:1206) ~[ojdbc11-23.5.0.24.07.jar:23.5.0.24.07]
	at oracle.jdbc.driver.T4CDriverExtension.getConnection(T4CDriverExtension.java:105) ~[ojdbc11-23.5.0.24.07.jar:23.5.0.24.07]
	at oracle.jdbc.driver.OracleDriver.connect(OracleDriver.java:886) ~[ojdbc11-23.5.0.24.07.jar:23.5.0.24.07]
	at oracle.jdbc.driver.OracleDriver.connect(OracleDriver.java:693) ~[ojdbc11-23.5.0.24.07.jar:23.5.0.24.07]
	at com.zaxxer.hikari.util.DriverDataSource.getConnection(DriverDataSource.java:137) ~[HikariCP-5.1.0.jar:na]
	at com.zaxxer.hikari.pool.PoolBase.newConnection(PoolBase.java:360) ~[HikariCP-5.1.0.jar:na]
	at com.zaxxer.hikari.pool.PoolBase.newPoolEntry(PoolBase.java:202) ~[HikariCP-5.1.0.jar:na]
	at com.zaxxer.hikari.pool.HikariPool.createPoolEntry(HikariPool.java:461) ~[HikariCP-5.1.0.jar:na]
	at com.zaxxer.hikari.pool.HikariPool$PoolEntryCreator.call(HikariPool.java:724) ~[HikariCP-5.1.0.jar:na]
	at com.zaxxer.hikari.pool.HikariPool$PoolEntryCreator.call(HikariPool.java:703) ~[HikariCP-5.1.0.jar:na]
	at java.base/java.util.concurrent.FutureTask.run(FutureTask.java:328) ~[na:na]
	at java.base/java.util.concurrent.ThreadPoolExecutor.runWorker(ThreadPoolExecutor.java:1090) ~[na:na]
	at java.base/java.util.concurrent.ThreadPoolExecutor$Worker.run(ThreadPoolExecutor.java:614) ~[na:na]
	at java.base/java.lang.Thread.run(Thread.java:1474) ~[na:na]
Caused by: oracle.net.ns.NetException: ORA-12514: Cannot connect to database. Service FREEPDB1 is not registered with the listener at host localhost port 62016. (CONNECTION_ID=TW7EomnzT46x9MLcGOUuIA==)
https://docs.oracle.com/error-help/db/ora-12514/
	at oracle.net.ns.NSProtocolNIO.createRefusePacketException(NSProtocolNIO.java:915) ~[ojdbc11-23.5.0.24.07.jar:23.5.0.24.07]
	at oracle.net.ns.NSProtocolNIO.handleConnectPacketResponse(NSProtocolNIO.java:461) ~[ojdbc11-23.5.0.24.07.jar:23.5.0.24.07]
	at oracle.net.ns.NSProtocolNIO.negotiateConnection(NSProtocolNIO.java:269) ~[ojdbc11-23.5.0.24.07.jar:23.5.0.24.07]
	at oracle.net.ns.NSProtocol.connect(NSProtocol.java:352) ~[ojdbc11-23.5.0.24.07.jar:23.5.0.24.07]
	at oracle.jdbc.driver.T4CConnection.connectNetworkSessionProtocol(T4CConnection.java:3419) ~[ojdbc11-23.5.0.24.07.jar:23.5.0.24.07]
	at oracle.jdbc.driver.T4CConnection.logon(T4CConnection.java:1018) ~[ojdbc11-23.5.0.24.07.jar:23.5.0.24.07]
	... 14 common frames omitted

2026-08-27T17:44:47.820+01:00  INFO 74676 --- [oulearning] [onnection adder] oracle.jdbc                              : properties={LOCALE=en_US, DriverVersion=23.5.0.24.07, java.library.path: =/Users/erik/Library/Java/Extensions:/Library/Java/Extensions:/Network/Library/Java/Extensions:/System/Library/Java/Extensions:/usr/lib/java:., java.class.path: =/Users/erik/dev/oulearning/target/test-classes:/Users/erik/dev/oulearning/target/classes:/Users/erik/.m2/repository/org/springframework/boot/spring-boot-starter-data-jpa/3.4.0/spring-boot-starter-data-jpa-3.4.0.jar:/Users/erik/.m2/repository/org/springframework/boot/spring-boot-starter-jdbc/3.4.0/spring-boot-starter-jdbc-3.4.0.jar:/Users/erik/.m2/repository/com/zaxxer/HikariCP/5.1.0/HikariCP-5.1.0.jar:/Users/erik/.m2/repository/org/springframework/spring-jdbc/6.2.0/spring-jdbc-6.2.0.jar:/Users/erik/.m2/repository/org/hibernate/orm/hibernate-core/6.6.2.Final/hibernate-core-6.6.2.Final.jar:/Users/erik/.m2/repository/jakarta/persistence/jakarta.persistence-api/3.1.0/jakarta.persistence-api-3.1.0.jar:/Users/erik/.m2/repository/jakarta/transaction/jakarta.transaction-api/2.0.1/jakarta.transaction-api-2.0.1.jar:/Users/erik/.m2/repository/org/jboss/logging/jboss-logging/3.6.1.Final/jboss-logging-3.6.1.Final.jar:/Users/erik/.m2/repository/org/hibernate/common/hibernate-commons-annotations/7.0.3.Final/hibernate-commons-annotations-7.0.3.Final.jar:/Users/erik/.m2/repository/io/smallrye/jandex/3.2.0/jandex-3.2.0.jar:/Users/erik/.m2/repository/com/fasterxml/classmate/1.7.0/classmate-1.7.0.jar:/Users/erik/.m2/repository/net/bytebuddy/byte-buddy/1.15.10/byte-buddy-1.15.10.jar:/Users/erik/.m2/repository/org/glassfish/jaxb/jaxb-runtime/4.0.5/jaxb-runtime-4.0.5.jar:/Users/erik/.m2/repository/org/glassfish/jaxb/jaxb-core/4.0.5/jaxb-core-4.0.5.jar:/Users/erik/.m2/repository/org/eclipse/angus/angus-activation/2.0.2/angus-activation-2.0.2.jar:/Users/erik/.m2/repository/org/glassfish/jaxb/txw2/4.0.5/txw2-4.0.5.jar:/Users/erik/.m2/repository/com/sun/istack/istack-commons-runtime/4.1.2/istack-commons-runtime-4.1.2.jar:/Users/erik/.m2/repository/jakarta/inject/jakarta.inject-api/2.0.1/jakarta.inject-api-2.0.1.jar:/Users/erik/.m2/repository/org/antlr/antlr4-runtime/4.13.0/antlr4-runtime-4.13.0.jar:/Users/erik/.m2/repository/org/springframework/data/spring-data-jpa/3.4.0/spring-data-jpa-3.4.0.jar:/Users/erik/.m2/repository/org/springframework/data/spring-data-commons/3.4.0/spring-data-commons-3.4.0.jar:/Users/erik/.m2/repository/org/springframework/spring-orm/6.2.0/spring-orm-6.2.0.jar:/Users/erik/.m2/repository/org/springframework/spring-context/6.2.0/spring-context-6.2.0.jar:/Users/erik/.m2/repository/org/springframework/spring-aop/6.2.0/spring-aop-6.2.0.jar:/Users/erik/.m2/repository/org/springframework/spring-tx/6.2.0/spring-tx-6.2.0.jar:/Users/erik/.m2/repository/org/springframework/spring-beans/6.2.0/spring-beans-6.2.0.jar:/Users/erik/.m2/repository/org/slf4j/slf4j-api/2.0.16/slf4j-api-2.0.16.jar:/Users/erik/.m2/repository/org/springframework/spring-aspects/6.2.0/spring-aspects-6.2.0.jar:/Users/erik/.m2/repository/org/aspectj/aspectjweaver/1.9.22.1/aspectjweaver-1.9.22.1.jar:/Users/erik/.m2/repository/org/flywaydb/flyway-core/10.20.1/flyway-core-10.20.1.jar:/Users/erik/.m2/repository/com/fasterxml/jackson/dataformat/jackson-dataformat-toml/2.18.1/jackson-dataformat-toml-2.18.1.jar:/Users/erik/.m2/repository/com/fasterxml/jackson/core/jackson-core/2.18.1/jackson-core-2.18.1.jar:/Users/erik/.m2/repository/com/fasterxml/jackson/datatype/jackson-datatype-jsr310/2.18.1/jackson-datatype-jsr310-2.18.1.jar:/Users/erik/.m2/repository/com/fasterxml/jackson/core/jackson-annotations/2.18.1/jackson-annotations-2.18.1.jar:/Users/erik/.m2/repository/org/flywaydb/flyway-database-oracle/10.20.1/flyway-database-oracle-10.20.1.jar:/Users/erik/.m2/repository/com/oracle/database/jdbc/ojdbc11/23.5.0.24.07/ojdbc11-23.5.0.24.07.jar:/Users/erik/.m2/repository/org/springframework/boot/spring-boot-starter/3.4.0/spring-boot-starter-3.4.0.jar:/Users/erik/.m2/repository/org/springframework/boot/spring-boot/3.4.0/spring-boot-3.4.0.jar:/Users/erik/.m2/repository/org/springframework/boot/spring-boot-autoconfigure/3.4.0/spring-boot-autoconfigure-3.4.0.jar:/Users/erik/.m2/repository/org/springframework/boot/spring-boot-starter-logging/3.4.0/spring-boot-starter-logging-3.4.0.jar:/Users/erik/.m2/repository/ch/qos/logback/logback-classic/1.5.12/logback-classic-1.5.12.jar:/Users/erik/.m2/repository/ch/qos/logback/logback-core/1.5.12/logback-core-1.5.12.jar:/Users/erik/.m2/repository/org/apache/logging/log4j/log4j-to-slf4j/2.24.1/log4j-to-slf4j-2.24.1.jar:/Users/erik/.m2/repository/org/apache/logging/log4j/log4j-api/2.24.1/log4j-api-2.24.1.jar:/Users/erik/.m2/repository/org/slf4j/jul-to-slf4j/2.0.16/jul-to-slf4j-2.0.16.jar:/Users/erik/.m2/repository/jakarta/annotation/jakarta.annotation-api/2.1.1/jakarta.annotation-api-2.1.1.jar:/Users/erik/.m2/repository/org/springframework/spring-core/6.2.0/spring-core-6.2.0.jar:/Users/erik/.m2/repository/org/springframework/spring-jcl/6.2.0/spring-jcl-6.2.0.jar:/Users/erik/.m2/repository/org/yaml/snakeyaml/2.3/snakeyaml-2.3.jar:/Users/erik/.m2/repository/org/mybatis/spring/boot/mybatis-spring-boot-starter/3.0.3/mybatis-spring-boot-starter-3.0.3.jar:/Users/erik/.m2/repository/org/mybatis/spring/boot/mybatis-spring-boot-autoconfigure/3.0.3/mybatis-spring-boot-autoconfigure-3.0.3.jar:/Users/erik/.m2/repository/org/mybatis/mybatis/3.5.14/mybatis-3.5.14.jar:/Users/erik/.m2/repository/org/mybatis/mybatis-spring/3.0.3/mybatis-spring-3.0.3.jar:/Users/erik/.m2/repository/org/mybatis/spring/boot/mybatis-spring-boot-starter-test/3.0.3/mybatis-spring-boot-starter-test-3.0.3.jar:/Users/erik/.m2/repository/org/mybatis/spring/boot/mybatis-spring-boot-test-autoconfigure/3.0.3/mybatis-spring-boot-test-autoconfigure-3.0.3.jar:/Users/erik/.m2/repository/org/springframework/boot/spring-boot-starter-web/3.4.0/spring-boot-starter-web-3.4.0.jar:/Users/erik/.m2/repository/org/springframework/boot/spring-boot-starter-json/3.4.0/spring-boot-starter-json-3.4.0.jar:/Users/erik/.m2/repository/com/fasterxml/jackson/datatype/jackson-datatype-jdk8/2.18.1/jackson-datatype-jdk8-2.18.1.jar:/Users/erik/.m2/repository/com/fasterxml/jackson/module/jackson-module-parameter-names/2.18.1/jackson-module-parameter-names-2.18.1.jar:/Users/erik/.m2/repository/org/springframework/boot/spring-boot-starter-tomcat/3.4.0/spring-boot-starter-tomcat-3.4.0.jar:/Users/erik/.m2/repository/org/apache/tomcat/embed/tomcat-embed-core/10.1.33/tomcat-embed-core-10.1.33.jar:/Users/erik/.m2/repository/org/apache/tomcat/embed/tomcat-embed-websocket/10.1.33/tomcat-embed-websocket-10.1.33.jar:/Users/erik/.m2/repository/org/springframework/spring-web/6.2.0/spring-web-6.2.0.jar:/Users/erik/.m2/repository/io/micrometer/micrometer-observation/1.14.1/micrometer-observation-1.14.1.jar:/Users/erik/.m2/repository/io/micrometer/micrometer-commons/1.14.1/micrometer-commons-1.14.1.jar:/Users/erik/.m2/repository/org/springframework/spring-webmvc/6.2.0/spring-webmvc-6.2.0.jar:/Users/erik/.m2/repository/org/springframework/spring-expression/6.2.0/spring-expression-6.2.0.jar:/Users/erik/.m2/repository/org/springframework/boot/spring-boot-starter-validation/3.4.0/spring-boot-starter-validation-3.4.0.jar:/Users/erik/.m2/repository/org/apache/tomcat/embed/tomcat-embed-el/10.1.33/tomcat-embed-el-10.1.33.jar:/Users/erik/.m2/repository/org/hibernate/validator/hibernate-validator/8.0.1.Final/hibernate-validator-8.0.1.Final.jar:/Users/erik/.m2/repository/jakarta/validation/jakarta.validation-api/3.0.2/jakarta.validation-api-3.0.2.jar:/Users/erik/.m2/repository/io/swagger/core/v3/swagger-annotations/2.2.22/swagger-annotations-2.2.22.jar:/Users/erik/.m2/repository/org/openapitools/jackson-databind-nullable/0.2.6/jackson-databind-nullable-0.2.6.jar:/Users/erik/.m2/repository/com/fasterxml/jackson/core/jackson-databind/2.18.1/jackson-databind-2.18.1.jar:/Users/erik/.m2/repository/org/javamoney/moneta/moneta-core/1.4.4/moneta-core-1.4.4.jar:/Users/erik/.m2/repository/javax/money/money-api/1.1/money-api-1.1.jar:/Users/erik/.m2/repository/com/squareup/okhttp3/okhttp/4.12.0/okhttp-4.12.0.jar:/Users/erik/.m2/repository/com/squareup/okio/okio/3.6.0/okio-3.6.0.jar:/Users/erik/.m2/repository/com/squareup/okio/okio-jvm/3.6.0/okio-jvm-3.6.0.jar:/Users/erik/.m2/repository/org/jetbrains/kotlin/kotlin-stdlib-common/1.9.25/kotlin-stdlib-common-1.9.25.jar:/Users/erik/.m2/repository/org/jetbrains/kotlin/kotlin-stdlib-jdk8/1.9.25/kotlin-stdlib-jdk8-1.9.25.jar:/Users/erik/.m2/repository/org/jetbrains/kotlin/kotlin-stdlib/1.9.25/kotlin-stdlib-1.9.25.jar:/Users/erik/.m2/repository/org/jetbrains/kotlin/kotlin-stdlib-jdk7/1.9.25/kotlin-stdlib-jdk7-1.9.25.jar:/Users/erik/.m2/repository/org/springframework/boot/spring-boot-starter-test/3.4.0/spring-boot-starter-test-3.4.0.jar:/Users/erik/.m2/repository/org/springframework/boot/spring-boot-test/3.4.0/spring-boot-test-3.4.0.jar:/Users/erik/.m2/repository/org/springframework/boot/spring-boot-test-autoconfigure/3.4.0/spring-boot-test-autoconfigure-3.4.0.jar:/Users/erik/.m2/repository/com/jayway/jsonpath/json-path/2.9.0/json-path-2.9.0.jar:/Users/erik/.m2/repository/jakarta/xml/bind/jakarta.xml.bind-api/4.0.2/jakarta.xml.bind-api-4.0.2.jar:/Users/erik/.m2/repository/jakarta/activation/jakarta.activation-api/2.1.3/jakarta.activation-api-2.1.3.jar:/Users/erik/.m2/repository/net/minidev/json-smart/2.5.1/json-smart-2.5.1.jar:/Users/erik/.m2/repository/net/minidev/accessors-smart/2.5.1/accessors-smart-2.5.1.jar:/Users/erik/.m2/repository/org/ow2/asm/asm/9.6/asm-9.6.jar:/Users/erik/.m2/repository/org/assertj/assertj-core/3.26.3/assertj-core-3.26.3.jar:/Users/erik/.m2/repository/org/awaitility/awaitility/4.2.2/awaitility-4.2.2.jar:/Users/erik/.m2/repository/org/hamcrest/hamcrest/2.2/hamcrest-2.2.jar:/Users/erik/.m2/repository/org/junit/jupiter/junit-jupiter/5.11.3/junit-jupiter-5.11.3.jar:/Users/erik/.m2/repository/org/junit/jupiter/junit-jupiter-api/5.11.3/junit-jupiter-api-5.11.3.jar:/Users/erik/.m2/repository/org/opentest4j/opentest4j/1.3.0/opentest4j-1.3.0.jar:/Users/erik/.m2/repository/org/junit/platform/junit-platform-commons/1.11.3/junit-platform-commons-1.11.3.jar:/Users/erik/.m2/repository/org/apiguardian/apiguardian-api/1.1.2/apiguardian-api-1.1.2.jar:/Users/erik/.m2/repository/org/junit/jupiter/junit-jupiter-params/5.11.3/junit-jupiter-params-5.11.3.jar:/Users/erik/.m2/repository/org/junit/jupiter/junit-jupiter-engine/5.11.3/junit-jupiter-engine-5.11.3.jar:/Users/erik/.m2/repository/org/junit/platform/junit-platform-engine/1.11.3/junit-platform-engine-1.11.3.jar:/Users/erik/.m2/repository/org/mockito/mockito-core/5.14.2/mockito-core-5.14.2.jar:/Users/erik/.m2/repository/net/bytebuddy/byte-buddy-agent/1.15.10/byte-buddy-agent-1.15.10.jar:/Users/erik/.m2/repository/org/objenesis/objenesis/3.3/objenesis-3.3.jar:/Users/erik/.m2/repository/org/mockito/mockito-junit-jupiter/5.14.2/mockito-junit-jupiter-5.14.2.jar:/Users/erik/.m2/repository/org/skyscreamer/jsonassert/1.5.3/jsonassert-1.5.3.jar:/Users/erik/.m2/repository/com/vaadin/external/google/android-json/0.0.20131108.vaadin1/android-json-0.0.20131108.vaadin1.jar:/Users/erik/.m2/repository/org/springframework/spring-test/6.2.0/spring-test-6.2.0.jar:/Users/erik/.m2/repository/org/xmlunit/xmlunit-core/2.10.0/xmlunit-core-2.10.0.jar:/Users/erik/.m2/repository/org/springframework/boot/spring-boot-testcontainers/3.4.0/spring-boot-testcontainers-3.4.0.jar:/Users/erik/.m2/repository/org/testcontainers/testcontainers/1.20.4/testcontainers-1.20.4.jar:/Users/erik/.m2/repository/junit/junit/4.13.2/junit-4.13.2.jar:/Users/erik/.m2/repository/org/hamcrest/hamcrest-core/2.2/hamcrest-core-2.2.jar:/Users/erik/.m2/repository/org/apache/commons/commons-compress/1.24.0/commons-compress-1.24.0.jar:/Users/erik/.m2/repository/org/rnorth/duct-tape/duct-tape/1.0.8/duct-tape-1.0.8.jar:/Users/erik/.m2/repository/org/jetbrains/annotations/17.0.0/annotations-17.0.0.jar:/Users/erik/.m2/repository/com/github/docker-java/docker-java-api/3.4.0/docker-java-api-3.4.0.jar:/Users/erik/.m2/repository/com/github/docker-java/docker-java-transport-zerodep/3.4.0/docker-java-transport-zerodep-3.4.0.jar:/Users/erik/.m2/repository/com/github/docker-java/docker-java-transport/3.4.0/docker-java-transport-3.4.0.jar:/Users/erik/.m2/repository/net/java/dev/jna/jna/5.13.0/jna-5.13.0.jar:/Users/erik/.m2/repository/org/testcontainers/oracle-xe/1.20.4/oracle-xe-1.20.4.jar:/Users/erik/.m2/repository/org/testcontainers/jdbc/1.20.4/jdbc-1.20.4.jar:/Users/erik/.m2/repository/org/testcontainers/database-commons/1.20.4/database-commons-1.20.4.jar:/Users/erik/.m2/repository/org/testcontainers/junit-jupiter/1.20.4/junit-jupiter-1.20.4.jar:/Users/erik/.m2/repository/org/instancio/instancio-junit/5.4.0/instancio-junit-5.4.0.jar:/Users/erik/.m2/repository/org/instancio/instancio-core/5.4.0/instancio-core-5.4.0.jar:/Users/erik/.m2/repository/com/tngtech/archunit/archunit-junit5/1.4.0/archunit-junit5-1.4.0.jar:/Users/erik/.m2/repository/com/tngtech/archunit/archunit-junit5-api/1.4.0/archunit-junit5-api-1.4.0.jar:/Users/erik/.m2/repository/com/tngtech/archunit/archunit/1.4.0/archunit-1.4.0.jar:/Users/erik/.m2/repository/com/tngtech/archunit/archunit-junit5-engine/1.4.0/archunit-junit5-engine-1.4.0.jar:/Users/erik/.m2/repository/com/tngtech/archunit/archunit-junit5-engine-api/1.4.0/archunit-junit5-engine-api-1.4.0.jar:, java.version: =25.0.3}. 
2026-08-27T17:44:55.616+01:00  INFO 74676 --- [oulearning] [           main] t.gvenzl/oracle-free:23-slim-faststart   : Container gvenzl/oracle-free:23-slim-faststart started in PT8.586264S

  .   ____          _            __ _ _
 /\\ / ___'_ __ _ _(_)_ __  __ _ \ \ \ \
( ( )\___ | '_ | '_| | '_ \/ _` | \ \ \ \
 \\/  ___)| |_)| | | | | || (_| |  ) ) ) )
  '  |____| .__|_| |_|_| |_\__, | / / / /
 =========|_|==============|___/=/_/_/_/

 :: Spring Boot ::                (v3.4.0)

2026-08-27T17:44:55.630+01:00  INFO 74676 --- [oulearning] [           main] c.e.o.t.i.p.MyBatisTrainingRepositoryIT  : Starting MyBatisTrainingRepositoryIT using Java 25.0.3 with PID 74676 (started by erik in /Users/erik/dev/oulearning)
2026-08-27T17:44:55.630+01:00  INFO 74676 --- [oulearning] [           main] c.e.o.t.i.p.MyBatisTrainingRepositoryIT  : No active profile set, falling back to 1 default profile: "default"
2026-08-27T17:44:55.806+01:00  INFO 74676 --- [oulearning] [           main] org.flywaydb.core.FlywayExecutor         : Database: jdbc:oracle:thin:@localhost:62037/FREEPDB1 (Oracle 23.26)
2026-08-27T17:44:55.848+01:00  WARN 74676 --- [oulearning] [           main] o.f.c.internal.database.base.Database    : Flyway upgrade recommended: Oracle 23.26 is newer than this version of Flyway and support has not been tested. The latest supported version of Oracle is 21.3.
2026-08-27T17:44:55.973+01:00  INFO 74676 --- [oulearning] [           main] o.f.c.i.s.JdbcTableSchemaHistory         : Schema history table "TEST"."flyway_schema_history" does not exist yet
2026-08-27T17:44:55.973+01:00  INFO 74676 --- [oulearning] [           main] o.f.core.internal.command.DbValidate     : Successfully validated 3 migrations (execution time 00:00.120s)
2026-08-27T17:44:56.529+01:00  INFO 74676 --- [oulearning] [           main] o.f.c.i.s.JdbcTableSchemaHistory         : Creating Schema History table "TEST"."flyway_schema_history" ...
2026-08-27T17:44:56.789+01:00  INFO 74676 --- [oulearning] [           main] o.f.core.internal.command.DbMigrate      : Current version of schema "TEST": << Empty Schema >>
2026-08-27T17:44:56.797+01:00  INFO 74676 --- [oulearning] [           main] o.f.core.internal.command.DbMigrate      : Migrating schema "TEST" to version "202608241431 - initial schema"
2026-08-27T17:44:57.602+01:00  INFO 74676 --- [oulearning] [           main] o.f.core.internal.command.DbMigrate      : Migrating schema "TEST" to version "202608251000 - add active column"
2026-08-27T17:44:57.756+01:00  INFO 74676 --- [oulearning] [           main] o.f.core.internal.command.DbMigrate      : Migrating schema "TEST" to version "202608251220 - normalize external provider"
2026-08-27T17:44:58.199+01:00  INFO 74676 --- [oulearning] [           main] o.f.core.internal.command.DbMigrate      : Successfully applied 3 migrations to schema "TEST", now at version v202608251220 (execution time 00:00.765s)
2026-08-27T17:44:58.233+01:00  INFO 74676 --- [oulearning] [           main] c.e.o.t.i.p.MyBatisTrainingRepositoryIT  : Started MyBatisTrainingRepositoryIT in 2.615 seconds (process running for 117.794)
2026-08-27T17:44:58.236+01:00  INFO 74676 --- [oulearning] [           main] com.zaxxer.hikari.HikariDataSource       : HikariPool-4 - Starting...
2026-08-27T17:44:58.282+01:00  INFO 74676 --- [oulearning] [           main] com.zaxxer.hikari.pool.HikariPool        : HikariPool-4 - Added connection oracle.jdbc.driver.T4CConnection@498c3adc
2026-08-27T17:44:58.283+01:00  INFO 74676 --- [oulearning] [           main] com.zaxxer.hikari.HikariDataSource       : HikariPool-4 - Start completed.
2026-08-27T17:44:58.661+01:00  INFO 74676 --- [oulearning] [onnection adder] oracle.jdbc                              : entering args (oracle.jdbc.internal.AbstractConnectionBuilder$1@42eca7fb)
2026-08-27T17:44:58.661+01:00  INFO 74676 --- [oulearning] [onnection adder] oracle.jdbc                              : traceId=5550C5AB. 
2026-08-27T17:44:58.661+01:00  INFO 74676 --- [oulearning] [onnection adder] oracle.jdbc                              : Session Attributes: 
sdu=8192, tdu=2097152
nt: host=localhost, port=62037, socketOptions={0=YES, 1=NO, 17=0, 18=false, 2=30000, 20=true, 38=TLS, 23=40, 24=50, 40=false, 25=0}
    socket=null
client profile={oracle.net.encryption_types_client=(), oracle.net.crypto_seed=, oracle.net.authentication_services=(), oracle.net.setFIPSMode=false, oracle.net.kerberos5_mutual_authentication=false, oracle.net.encryption_client=ACCEPTED, oracle.net.crypto_checksum_client=ACCEPTED, oracle.net.crypto_checksum_types_client=()}
connection options=[host=localhost port=62037 protocol=TCP service_name=FREEPDB1 addr=(ADDRESS=(PROTOCOL=TCP)(HOST=localhost)(PORT=62037)) conn_data=(DESCRIPTION=(ADDRESS=(PROTOCOL=TCP)(PORT=62037)(HOST=127.0.0.1)(HOSTNAME=localhost))(CONNECT_DATA=(CID=(PROGRAM=ForkedBooter)(HOST=Eriks-MacBook-Pro.local)(USER=erik))(SERVICE_NAME=FREEPDB1))) done=true]
onBreakReset=false, dataEOF=false, negotiatedOptions=0x841, connected=false
TTIINIT enabled=true, TTC cookie enabled=true

2026-08-27T17:44:58.661+01:00  INFO 74676 --- [oulearning] [onnection adder] oracle.jdbc                              : traceId=5550C5AB, anoEnabled=true. 
2026-08-27T17:44:58.661+01:00  INFO 74676 --- [oulearning] [onnection adder] oracle.jdbc                              : Connection established. Cleared conn strategy stack
2026-08-27T17:44:58.662+01:00  INFO 74676 --- [oulearning] [onnection adder] oracle.jdbc                              : throwing

java.sql.SQLRecoverableException: ORA-03113: database connection closed by peer (connection_type=client, source=/127.0.0.1:62061, target=localhost:62037, protocol=TCP, service=FREEPDB1, detecting_end=client, server_type=unknown, client_program=ForkedBooter, server_process=null, session=null.null, user=TEST, last_rpc=Generic authentication call, connection_id=HraASVsAQEChF5ISVv2XqQ==, nne_encryption=null, nne_checksumming=null, authentication=O5LOGON) (CONNECTION_ID=HraASVsAQEChF5ISVv2XqQ==)
https://docs.oracle.com/error-help/db/ora-03113/
	at oracle.jdbc.driver.T4CConnection.handleLogonNetException(T4CConnection.java:1617) ~[ojdbc11-23.5.0.24.07.jar:23.5.0.24.07]
	at oracle.jdbc.driver.T4CConnection.logon(T4CConnection.java:1139) ~[ojdbc11-23.5.0.24.07.jar:23.5.0.24.07]
	at oracle.jdbc.driver.PhysicalConnection.connect(PhysicalConnection.java:1206) ~[ojdbc11-23.5.0.24.07.jar:23.5.0.24.07]
	at oracle.jdbc.driver.T4CDriverExtension.getConnection(T4CDriverExtension.java:105) ~[ojdbc11-23.5.0.24.07.jar:23.5.0.24.07]
	at oracle.jdbc.driver.OracleDriver.connect(OracleDriver.java:886) ~[ojdbc11-23.5.0.24.07.jar:23.5.0.24.07]
	at oracle.jdbc.driver.OracleDriver.connect(OracleDriver.java:693) ~[ojdbc11-23.5.0.24.07.jar:23.5.0.24.07]
	at com.zaxxer.hikari.util.DriverDataSource.getConnection(DriverDataSource.java:137) ~[HikariCP-5.1.0.jar:na]
	at com.zaxxer.hikari.pool.PoolBase.newConnection(PoolBase.java:360) ~[HikariCP-5.1.0.jar:na]
	at com.zaxxer.hikari.pool.PoolBase.newPoolEntry(PoolBase.java:202) ~[HikariCP-5.1.0.jar:na]
	at com.zaxxer.hikari.pool.HikariPool.createPoolEntry(HikariPool.java:461) ~[HikariCP-5.1.0.jar:na]
	at com.zaxxer.hikari.pool.HikariPool$PoolEntryCreator.call(HikariPool.java:724) ~[HikariCP-5.1.0.jar:na]
	at com.zaxxer.hikari.pool.HikariPool$PoolEntryCreator.call(HikariPool.java:703) ~[HikariCP-5.1.0.jar:na]
	at java.base/java.util.concurrent.FutureTask.run(FutureTask.java:328) ~[na:na]
	at java.base/java.util.concurrent.ThreadPoolExecutor.runWorker(ThreadPoolExecutor.java:1090) ~[na:na]
	at java.base/java.util.concurrent.ThreadPoolExecutor$Worker.run(ThreadPoolExecutor.java:614) ~[na:na]
	at java.base/java.lang.Thread.run(Thread.java:1474) ~[na:na]
Caused by: oracle.net.ns.NetException: ORA-03113: database connection closed by peer (connection_type=client, source=/127.0.0.1:62061, target=localhost:62037, protocol=TCP, service=FREEPDB1, detecting_end=client, server_type=unknown, client_program=ForkedBooter, server_process=null, session=null.null, user=TEST, last_rpc=Generic authentication call, connection_id=HraASVsAQEChF5ISVv2XqQ==, nne_encryption=null, nne_checksumming=null, authentication=O5LOGON) (CONNECTION_ID=HraASVsAQEChF5ISVv2XqQ==)
https://docs.oracle.com/error-help/db/ora-03113/
	at oracle.jdbc.driver.T4CMAREngineNIO.prepareForUnmarshall(T4CMAREngineNIO.java:1002) ~[ojdbc11-23.5.0.24.07.jar:23.5.0.24.07]
	at oracle.jdbc.driver.T4CMAREngineNIO.unmarshalUB1(T4CMAREngineNIO.java:464) ~[ojdbc11-23.5.0.24.07.jar:23.5.0.24.07]
	at oracle.jdbc.driver.T4CTTIfun.receive(T4CTTIfun.java:945) ~[ojdbc11-23.5.0.24.07.jar:23.5.0.24.07]
	at oracle.jdbc.driver.T4CTTIfun.doRPC(T4CTTIfun.java:408) ~[ojdbc11-23.5.0.24.07.jar:23.5.0.24.07]
	at oracle.jdbc.driver.T4CTTIoauthenticate.doOAUTH(T4CTTIoauthenticate.java:530) ~[ojdbc11-23.5.0.24.07.jar:23.5.0.24.07]
	at oracle.jdbc.driver.T4CTTIoauthenticate.doOAUTHWithO5Logon(T4CTTIoauthenticate.java:1712) ~[ojdbc11-23.5.0.24.07.jar:23.5.0.24.07]
	at oracle.jdbc.driver.T4CTTIoauthenticate.doOAUTH(T4CTTIoauthenticate.java:1459) ~[ojdbc11-23.5.0.24.07.jar:23.5.0.24.07]
	at oracle.jdbc.driver.T4CTTIoauthenticate.doOAUTH(T4CTTIoauthenticate.java:1399) ~[ojdbc11-23.5.0.24.07.jar:23.5.0.24.07]
	at oracle.jdbc.driver.T4CConnection.authenticateWithPassword(T4CConnection.java:2050) ~[ojdbc11-23.5.0.24.07.jar:23.5.0.24.07]
	at oracle.jdbc.driver.T4CConnection.authenticateUserForLogon(T4CConnection.java:1989) ~[ojdbc11-23.5.0.24.07.jar:23.5.0.24.07]
	at oracle.jdbc.driver.T4CConnection.logon(T4CConnection.java:1090) ~[ojdbc11-23.5.0.24.07.jar:23.5.0.24.07]
	... 14 common frames omitted
Caused by: oracle.net.ns.NetException: ORA-17800: Got minus one from a read call. (CONNECTION_ID=HraASVsAQEChF5ISVv2XqQ==)
https://docs.oracle.com/error-help/db/ora-17800/
	at oracle.net.ns.NSProtocolNIO.doSocketRead(NSProtocolNIO.java:1226) ~[ojdbc11-23.5.0.24.07.jar:23.5.0.24.07]
	at oracle.net.ns.NIOPacket.readHeader(NIOPacket.java:272) ~[ojdbc11-23.5.0.24.07.jar:23.5.0.24.07]
	at oracle.net.ns.NIOPacket.readPacketFromSocketChannel(NIOPacket.java:205) ~[ojdbc11-23.5.0.24.07.jar:23.5.0.24.07]
	at oracle.net.ns.NIOPacket.readFromSocketChannel(NIOPacket.java:148) ~[ojdbc11-23.5.0.24.07.jar:23.5.0.24.07]
	at oracle.net.ns.NIOPacket.readFromSocketChannel(NIOPacket.java:121) ~[ojdbc11-23.5.0.24.07.jar:23.5.0.24.07]
	at oracle.net.ns.NIONSDataChannel.readDataFromSocketChannel(NIONSDataChannel.java:111) ~[ojdbc11-23.5.0.24.07.jar:23.5.0.24.07]
	at oracle.jdbc.driver.T4CMAREngineNIO.prepareForUnmarshall(T4CMAREngineNIO.java:930) ~[ojdbc11-23.5.0.24.07.jar:23.5.0.24.07]
	... 24 common frames omitted

2026-08-27T17:44:58.663+01:00  INFO 74676 --- [oulearning] [onnection adder] oracle.jdbc                              : properties={LOCALE=en_US, DriverVersion=23.5.0.24.07, java.library.path: =/Users/erik/Library/Java/Extensions:/Library/Java/Extensions:/Network/Library/Java/Extensions:/System/Library/Java/Extensions:/usr/lib/java:., java.class.path: =/Users/erik/dev/oulearning/target/test-classes:/Users/erik/dev/oulearning/target/classes:/Users/erik/.m2/repository/org/springframework/boot/spring-boot-starter-data-jpa/3.4.0/spring-boot-starter-data-jpa-3.4.0.jar:/Users/erik/.m2/repository/org/springframework/boot/spring-boot-starter-jdbc/3.4.0/spring-boot-starter-jdbc-3.4.0.jar:/Users/erik/.m2/repository/com/zaxxer/HikariCP/5.1.0/HikariCP-5.1.0.jar:/Users/erik/.m2/repository/org/springframework/spring-jdbc/6.2.0/spring-jdbc-6.2.0.jar:/Users/erik/.m2/repository/org/hibernate/orm/hibernate-core/6.6.2.Final/hibernate-core-6.6.2.Final.jar:/Users/erik/.m2/repository/jakarta/persistence/jakarta.persistence-api/3.1.0/jakarta.persistence-api-3.1.0.jar:/Users/erik/.m2/repository/jakarta/transaction/jakarta.transaction-api/2.0.1/jakarta.transaction-api-2.0.1.jar:/Users/erik/.m2/repository/org/jboss/logging/jboss-logging/3.6.1.Final/jboss-logging-3.6.1.Final.jar:/Users/erik/.m2/repository/org/hibernate/common/hibernate-commons-annotations/7.0.3.Final/hibernate-commons-annotations-7.0.3.Final.jar:/Users/erik/.m2/repository/io/smallrye/jandex/3.2.0/jandex-3.2.0.jar:/Users/erik/.m2/repository/com/fasterxml/classmate/1.7.0/classmate-1.7.0.jar:/Users/erik/.m2/repository/net/bytebuddy/byte-buddy/1.15.10/byte-buddy-1.15.10.jar:/Users/erik/.m2/repository/org/glassfish/jaxb/jaxb-runtime/4.0.5/jaxb-runtime-4.0.5.jar:/Users/erik/.m2/repository/org/glassfish/jaxb/jaxb-core/4.0.5/jaxb-core-4.0.5.jar:/Users/erik/.m2/repository/org/eclipse/angus/angus-activation/2.0.2/angus-activation-2.0.2.jar:/Users/erik/.m2/repository/org/glassfish/jaxb/txw2/4.0.5/txw2-4.0.5.jar:/Users/erik/.m2/repository/com/sun/istack/istack-commons-runtime/4.1.2/istack-commons-runtime-4.1.2.jar:/Users/erik/.m2/repository/jakarta/inject/jakarta.inject-api/2.0.1/jakarta.inject-api-2.0.1.jar:/Users/erik/.m2/repository/org/antlr/antlr4-runtime/4.13.0/antlr4-runtime-4.13.0.jar:/Users/erik/.m2/repository/org/springframework/data/spring-data-jpa/3.4.0/spring-data-jpa-3.4.0.jar:/Users/erik/.m2/repository/org/springframework/data/spring-data-commons/3.4.0/spring-data-commons-3.4.0.jar:/Users/erik/.m2/repository/org/springframework/spring-orm/6.2.0/spring-orm-6.2.0.jar:/Users/erik/.m2/repository/org/springframework/spring-context/6.2.0/spring-context-6.2.0.jar:/Users/erik/.m2/repository/org/springframework/spring-aop/6.2.0/spring-aop-6.2.0.jar:/Users/erik/.m2/repository/org/springframework/spring-tx/6.2.0/spring-tx-6.2.0.jar:/Users/erik/.m2/repository/org/springframework/spring-beans/6.2.0/spring-beans-6.2.0.jar:/Users/erik/.m2/repository/org/slf4j/slf4j-api/2.0.16/slf4j-api-2.0.16.jar:/Users/erik/.m2/repository/org/springframework/spring-aspects/6.2.0/spring-aspects-6.2.0.jar:/Users/erik/.m2/repository/org/aspectj/aspectjweaver/1.9.22.1/aspectjweaver-1.9.22.1.jar:/Users/erik/.m2/repository/org/flywaydb/flyway-core/10.20.1/flyway-core-10.20.1.jar:/Users/erik/.m2/repository/com/fasterxml/jackson/dataformat/jackson-dataformat-toml/2.18.1/jackson-dataformat-toml-2.18.1.jar:/Users/erik/.m2/repository/com/fasterxml/jackson/core/jackson-core/2.18.1/jackson-core-2.18.1.jar:/Users/erik/.m2/repository/com/fasterxml/jackson/datatype/jackson-datatype-jsr310/2.18.1/jackson-datatype-jsr310-2.18.1.jar:/Users/erik/.m2/repository/com/fasterxml/jackson/core/jackson-annotations/2.18.1/jackson-annotations-2.18.1.jar:/Users/erik/.m2/repository/org/flywaydb/flyway-database-oracle/10.20.1/flyway-database-oracle-10.20.1.jar:/Users/erik/.m2/repository/com/oracle/database/jdbc/ojdbc11/23.5.0.24.07/ojdbc11-23.5.0.24.07.jar:/Users/erik/.m2/repository/org/springframework/boot/spring-boot-starter/3.4.0/spring-boot-starter-3.4.0.jar:/Users/erik/.m2/repository/org/springframework/boot/spring-boot/3.4.0/spring-boot-3.4.0.jar:/Users/erik/.m2/repository/org/springframework/boot/spring-boot-autoconfigure/3.4.0/spring-boot-autoconfigure-3.4.0.jar:/Users/erik/.m2/repository/org/springframework/boot/spring-boot-starter-logging/3.4.0/spring-boot-starter-logging-3.4.0.jar:/Users/erik/.m2/repository/ch/qos/logback/logback-classic/1.5.12/logback-classic-1.5.12.jar:/Users/erik/.m2/repository/ch/qos/logback/logback-core/1.5.12/logback-core-1.5.12.jar:/Users/erik/.m2/repository/org/apache/logging/log4j/log4j-to-slf4j/2.24.1/log4j-to-slf4j-2.24.1.jar:/Users/erik/.m2/repository/org/apache/logging/log4j/log4j-api/2.24.1/log4j-api-2.24.1.jar:/Users/erik/.m2/repository/org/slf4j/jul-to-slf4j/2.0.16/jul-to-slf4j-2.0.16.jar:/Users/erik/.m2/repository/jakarta/annotation/jakarta.annotation-api/2.1.1/jakarta.annotation-api-2.1.1.jar:/Users/erik/.m2/repository/org/springframework/spring-core/6.2.0/spring-core-6.2.0.jar:/Users/erik/.m2/repository/org/springframework/spring-jcl/6.2.0/spring-jcl-6.2.0.jar:/Users/erik/.m2/repository/org/yaml/snakeyaml/2.3/snakeyaml-2.3.jar:/Users/erik/.m2/repository/org/mybatis/spring/boot/mybatis-spring-boot-starter/3.0.3/mybatis-spring-boot-starter-3.0.3.jar:/Users/erik/.m2/repository/org/mybatis/spring/boot/mybatis-spring-boot-autoconfigure/3.0.3/mybatis-spring-boot-autoconfigure-3.0.3.jar:/Users/erik/.m2/repository/org/mybatis/mybatis/3.5.14/mybatis-3.5.14.jar:/Users/erik/.m2/repository/org/mybatis/mybatis-spring/3.0.3/mybatis-spring-3.0.3.jar:/Users/erik/.m2/repository/org/mybatis/spring/boot/mybatis-spring-boot-starter-test/3.0.3/mybatis-spring-boot-starter-test-3.0.3.jar:/Users/erik/.m2/repository/org/mybatis/spring/boot/mybatis-spring-boot-test-autoconfigure/3.0.3/mybatis-spring-boot-test-autoconfigure-3.0.3.jar:/Users/erik/.m2/repository/org/springframework/boot/spring-boot-starter-web/3.4.0/spring-boot-starter-web-3.4.0.jar:/Users/erik/.m2/repository/org/springframework/boot/spring-boot-starter-json/3.4.0/spring-boot-starter-json-3.4.0.jar:/Users/erik/.m2/repository/com/fasterxml/jackson/datatype/jackson-datatype-jdk8/2.18.1/jackson-datatype-jdk8-2.18.1.jar:/Users/erik/.m2/repository/com/fasterxml/jackson/module/jackson-module-parameter-names/2.18.1/jackson-module-parameter-names-2.18.1.jar:/Users/erik/.m2/repository/org/springframework/boot/spring-boot-starter-tomcat/3.4.0/spring-boot-starter-tomcat-3.4.0.jar:/Users/erik/.m2/repository/org/apache/tomcat/embed/tomcat-embed-core/10.1.33/tomcat-embed-core-10.1.33.jar:/Users/erik/.m2/repository/org/apache/tomcat/embed/tomcat-embed-websocket/10.1.33/tomcat-embed-websocket-10.1.33.jar:/Users/erik/.m2/repository/org/springframework/spring-web/6.2.0/spring-web-6.2.0.jar:/Users/erik/.m2/repository/io/micrometer/micrometer-observation/1.14.1/micrometer-observation-1.14.1.jar:/Users/erik/.m2/repository/io/micrometer/micrometer-commons/1.14.1/micrometer-commons-1.14.1.jar:/Users/erik/.m2/repository/org/springframework/spring-webmvc/6.2.0/spring-webmvc-6.2.0.jar:/Users/erik/.m2/repository/org/springframework/spring-expression/6.2.0/spring-expression-6.2.0.jar:/Users/erik/.m2/repository/org/springframework/boot/spring-boot-starter-validation/3.4.0/spring-boot-starter-validation-3.4.0.jar:/Users/erik/.m2/repository/org/apache/tomcat/embed/tomcat-embed-el/10.1.33/tomcat-embed-el-10.1.33.jar:/Users/erik/.m2/repository/org/hibernate/validator/hibernate-validator/8.0.1.Final/hibernate-validator-8.0.1.Final.jar:/Users/erik/.m2/repository/jakarta/validation/jakarta.validation-api/3.0.2/jakarta.validation-api-3.0.2.jar:/Users/erik/.m2/repository/io/swagger/core/v3/swagger-annotations/2.2.22/swagger-annotations-2.2.22.jar:/Users/erik/.m2/repository/org/openapitools/jackson-databind-nullable/0.2.6/jackson-databind-nullable-0.2.6.jar:/Users/erik/.m2/repository/com/fasterxml/jackson/core/jackson-databind/2.18.1/jackson-databind-2.18.1.jar:/Users/erik/.m2/repository/org/javamoney/moneta/moneta-core/1.4.4/moneta-core-1.4.4.jar:/Users/erik/.m2/repository/javax/money/money-api/1.1/money-api-1.1.jar:/Users/erik/.m2/repository/com/squareup/okhttp3/okhttp/4.12.0/okhttp-4.12.0.jar:/Users/erik/.m2/repository/com/squareup/okio/okio/3.6.0/okio-3.6.0.jar:/Users/erik/.m2/repository/com/squareup/okio/okio-jvm/3.6.0/okio-jvm-3.6.0.jar:/Users/erik/.m2/repository/org/jetbrains/kotlin/kotlin-stdlib-common/1.9.25/kotlin-stdlib-common-1.9.25.jar:/Users/erik/.m2/repository/org/jetbrains/kotlin/kotlin-stdlib-jdk8/1.9.25/kotlin-stdlib-jdk8-1.9.25.jar:/Users/erik/.m2/repository/org/jetbrains/kotlin/kotlin-stdlib/1.9.25/kotlin-stdlib-1.9.25.jar:/Users/erik/.m2/repository/org/jetbrains/kotlin/kotlin-stdlib-jdk7/1.9.25/kotlin-stdlib-jdk7-1.9.25.jar:/Users/erik/.m2/repository/org/springframework/boot/spring-boot-starter-test/3.4.0/spring-boot-starter-test-3.4.0.jar:/Users/erik/.m2/repository/org/springframework/boot/spring-boot-test/3.4.0/spring-boot-test-3.4.0.jar:/Users/erik/.m2/repository/org/springframework/boot/spring-boot-test-autoconfigure/3.4.0/spring-boot-test-autoconfigure-3.4.0.jar:/Users/erik/.m2/repository/com/jayway/jsonpath/json-path/2.9.0/json-path-2.9.0.jar:/Users/erik/.m2/repository/jakarta/xml/bind/jakarta.xml.bind-api/4.0.2/jakarta.xml.bind-api-4.0.2.jar:/Users/erik/.m2/repository/jakarta/activation/jakarta.activation-api/2.1.3/jakarta.activation-api-2.1.3.jar:/Users/erik/.m2/repository/net/minidev/json-smart/2.5.1/json-smart-2.5.1.jar:/Users/erik/.m2/repository/net/minidev/accessors-smart/2.5.1/accessors-smart-2.5.1.jar:/Users/erik/.m2/repository/org/ow2/asm/asm/9.6/asm-9.6.jar:/Users/erik/.m2/repository/org/assertj/assertj-core/3.26.3/assertj-core-3.26.3.jar:/Users/erik/.m2/repository/org/awaitility/awaitility/4.2.2/awaitility-4.2.2.jar:/Users/erik/.m2/repository/org/hamcrest/hamcrest/2.2/hamcrest-2.2.jar:/Users/erik/.m2/repository/org/junit/jupiter/junit-jupiter/5.11.3/junit-jupiter-5.11.3.jar:/Users/erik/.m2/repository/org/junit/jupiter/junit-jupiter-api/5.11.3/junit-jupiter-api-5.11.3.jar:/Users/erik/.m2/repository/org/opentest4j/opentest4j/1.3.0/opentest4j-1.3.0.jar:/Users/erik/.m2/repository/org/junit/platform/junit-platform-commons/1.11.3/junit-platform-commons-1.11.3.jar:/Users/erik/.m2/repository/org/apiguardian/apiguardian-api/1.1.2/apiguardian-api-1.1.2.jar:/Users/erik/.m2/repository/org/junit/jupiter/junit-jupiter-params/5.11.3/junit-jupiter-params-5.11.3.jar:/Users/erik/.m2/repository/org/junit/jupiter/junit-jupiter-engine/5.11.3/junit-jupiter-engine-5.11.3.jar:/Users/erik/.m2/repository/org/junit/platform/junit-platform-engine/1.11.3/junit-platform-engine-1.11.3.jar:/Users/erik/.m2/repository/org/mockito/mockito-core/5.14.2/mockito-core-5.14.2.jar:/Users/erik/.m2/repository/net/bytebuddy/byte-buddy-agent/1.15.10/byte-buddy-agent-1.15.10.jar:/Users/erik/.m2/repository/org/objenesis/objenesis/3.3/objenesis-3.3.jar:/Users/erik/.m2/repository/org/mockito/mockito-junit-jupiter/5.14.2/mockito-junit-jupiter-5.14.2.jar:/Users/erik/.m2/repository/org/skyscreamer/jsonassert/1.5.3/jsonassert-1.5.3.jar:/Users/erik/.m2/repository/com/vaadin/external/google/android-json/0.0.20131108.vaadin1/android-json-0.0.20131108.vaadin1.jar:/Users/erik/.m2/repository/org/springframework/spring-test/6.2.0/spring-test-6.2.0.jar:/Users/erik/.m2/repository/org/xmlunit/xmlunit-core/2.10.0/xmlunit-core-2.10.0.jar:/Users/erik/.m2/repository/org/springframework/boot/spring-boot-testcontainers/3.4.0/spring-boot-testcontainers-3.4.0.jar:/Users/erik/.m2/repository/org/testcontainers/testcontainers/1.20.4/testcontainers-1.20.4.jar:/Users/erik/.m2/repository/junit/junit/4.13.2/junit-4.13.2.jar:/Users/erik/.m2/repository/org/hamcrest/hamcrest-core/2.2/hamcrest-core-2.2.jar:/Users/erik/.m2/repository/org/apache/commons/commons-compress/1.24.0/commons-compress-1.24.0.jar:/Users/erik/.m2/repository/org/rnorth/duct-tape/duct-tape/1.0.8/duct-tape-1.0.8.jar:/Users/erik/.m2/repository/org/jetbrains/annotations/17.0.0/annotations-17.0.0.jar:/Users/erik/.m2/repository/com/github/docker-java/docker-java-api/3.4.0/docker-java-api-3.4.0.jar:/Users/erik/.m2/repository/com/github/docker-java/docker-java-transport-zerodep/3.4.0/docker-java-transport-zerodep-3.4.0.jar:/Users/erik/.m2/repository/com/github/docker-java/docker-java-transport/3.4.0/docker-java-transport-3.4.0.jar:/Users/erik/.m2/repository/net/java/dev/jna/jna/5.13.0/jna-5.13.0.jar:/Users/erik/.m2/repository/org/testcontainers/oracle-xe/1.20.4/oracle-xe-1.20.4.jar:/Users/erik/.m2/repository/org/testcontainers/jdbc/1.20.4/jdbc-1.20.4.jar:/Users/erik/.m2/repository/org/testcontainers/database-commons/1.20.4/database-commons-1.20.4.jar:/Users/erik/.m2/repository/org/testcontainers/junit-jupiter/1.20.4/junit-jupiter-1.20.4.jar:/Users/erik/.m2/repository/org/instancio/instancio-junit/5.4.0/instancio-junit-5.4.0.jar:/Users/erik/.m2/repository/org/instancio/instancio-core/5.4.0/instancio-core-5.4.0.jar:/Users/erik/.m2/repository/com/tngtech/archunit/archunit-junit5/1.4.0/archunit-junit5-1.4.0.jar:/Users/erik/.m2/repository/com/tngtech/archunit/archunit-junit5-api/1.4.0/archunit-junit5-api-1.4.0.jar:/Users/erik/.m2/repository/com/tngtech/archunit/archunit/1.4.0/archunit-1.4.0.jar:/Users/erik/.m2/repository/com/tngtech/archunit/archunit-junit5-engine/1.4.0/archunit-junit5-engine-1.4.0.jar:/Users/erik/.m2/repository/com/tngtech/archunit/archunit-junit5-engine-api/1.4.0/archunit-junit5-engine-api-1.4.0.jar:, java.version: =25.0.3}. 
2026-08-27T17:44:58.680+01:00  INFO 74676 --- [oulearning] [onnection adder] oracle.jdbc                              : entering args (oracle.jdbc.internal.AbstractConnectionBuilder$1@6e079096)
2026-08-27T17:44:58.680+01:00  INFO 74676 --- [oulearning] [onnection adder] oracle.jdbc                              : traceId=141DD3A. 
2026-08-27T17:44:58.680+01:00  INFO 74676 --- [oulearning] [onnection adder] oracle.jdbc                              : Session Attributes: 
sdu=8192, tdu=2097152
nt: host=localhost, port=62037, socketOptions={0=YES, 1=NO, 17=0, 18=false, 2=30000, 20=true, 38=TLS, 23=40, 24=50, 40=false, 25=0}
    socket=null
client profile={oracle.net.encryption_types_client=(), oracle.net.crypto_seed=, oracle.net.authentication_services=(), oracle.net.setFIPSMode=false, oracle.net.kerberos5_mutual_authentication=false, oracle.net.encryption_client=ACCEPTED, oracle.net.crypto_checksum_client=ACCEPTED, oracle.net.crypto_checksum_types_client=()}
onBreakReset=false, dataEOF=false, negotiatedOptions=0x0, connected=false
TTIINIT enabled=false, TTC cookie enabled=false

2026-08-27T17:44:58.680+01:00  INFO 74676 --- [oulearning] [onnection adder] oracle.jdbc                              : traceId=141DD3A, anoEnabled=true. 
2026-08-27T17:44:58.680+01:00  INFO 74676 --- [oulearning] [onnection adder] oracle.jdbc                              : Connection establishment failed due to IOException, will be trying with next available connect option.
2026-08-27T17:44:58.680+01:00  INFO 74676 --- [oulearning] [onnection adder] oracle.jdbc                              : Got Refused, SessionTraceId = 141DD3A
2026-08-27T17:44:58.680+01:00  INFO 74676 --- [oulearning] [onnection adder] oracle.jdbc                              : Outbound interrupt timer cancelled null
2026-08-27T17:44:58.680+01:00  INFO 74676 --- [oulearning] [onnection adder] oracle.jdbc                              : Session Attributes: 
sdu=8192, tdu=2097152
nt: host=localhost, port=62037, socketOptions={0=YES, 1=NO, 17=0, 18=false, 2=30000, 20=true, 38=TLS, 23=40, 24=50, 40=false, 25=0}
    socket=null
client profile={oracle.net.encryption_types_client=(), oracle.net.crypto_seed=, oracle.net.authentication_services=(), oracle.net.setFIPSMode=false, oracle.net.kerberos5_mutual_authentication=false, oracle.net.encryption_client=ACCEPTED, oracle.net.crypto_checksum_client=ACCEPTED, oracle.net.crypto_checksum_types_client=()}
onBreakReset=false, dataEOF=false, negotiatedOptions=0x0, connected=false
TTIINIT enabled=false, TTC cookie enabled=false

2026-08-27T17:44:58.681+01:00  INFO 74676 --- [oulearning] [onnection adder] oracle.jdbc                              : Connection establishment failed due to IOException, will be trying with next available connect option.
2026-08-27T17:44:58.681+01:00  INFO 74676 --- [oulearning] [onnection adder] oracle.jdbc                              : Got Refused, SessionTraceId = 141DD3A
2026-08-27T17:44:58.681+01:00  INFO 74676 --- [oulearning] [onnection adder] oracle.jdbc                              : Outbound interrupt timer cancelled null
2026-08-27T17:44:58.681+01:00  INFO 74676 --- [oulearning] [onnection adder] oracle.jdbc                              : throwing

java.sql.SQLRecoverableException: ORA-17002: I/O error: Connection reset, connect lapse 0 ms., Authentication lapse 0 ms.
https://docs.oracle.com/error-help/db/ora-17002/
	at oracle.jdbc.driver.T4CConnection.handleLogonIOException(T4CConnection.java:1660) ~[ojdbc11-23.5.0.24.07.jar:23.5.0.24.07]
	at oracle.jdbc.driver.T4CConnection.logon(T4CConnection.java:1142) ~[ojdbc11-23.5.0.24.07.jar:23.5.0.24.07]
	at oracle.jdbc.driver.PhysicalConnection.connect(PhysicalConnection.java:1206) ~[ojdbc11-23.5.0.24.07.jar:23.5.0.24.07]
	at oracle.jdbc.driver.T4CDriverExtension.getConnection(T4CDriverExtension.java:105) ~[ojdbc11-23.5.0.24.07.jar:23.5.0.24.07]
	at oracle.jdbc.driver.OracleDriver.connect(OracleDriver.java:886) ~[ojdbc11-23.5.0.24.07.jar:23.5.0.24.07]
	at oracle.jdbc.driver.OracleDriver.connect(OracleDriver.java:693) ~[ojdbc11-23.5.0.24.07.jar:23.5.0.24.07]
	at com.zaxxer.hikari.util.DriverDataSource.getConnection(DriverDataSource.java:137) ~[HikariCP-5.1.0.jar:na]
	at com.zaxxer.hikari.pool.PoolBase.newConnection(PoolBase.java:360) ~[HikariCP-5.1.0.jar:na]
	at com.zaxxer.hikari.pool.PoolBase.newPoolEntry(PoolBase.java:202) ~[HikariCP-5.1.0.jar:na]
	at com.zaxxer.hikari.pool.HikariPool.createPoolEntry(HikariPool.java:461) ~[HikariCP-5.1.0.jar:na]
	at com.zaxxer.hikari.pool.HikariPool$PoolEntryCreator.call(HikariPool.java:724) ~[HikariCP-5.1.0.jar:na]
	at com.zaxxer.hikari.pool.HikariPool$PoolEntryCreator.call(HikariPool.java:703) ~[HikariCP-5.1.0.jar:na]
	at java.base/java.util.concurrent.FutureTask.run(FutureTask.java:328) ~[na:na]
	at java.base/java.util.concurrent.ThreadPoolExecutor.runWorker(ThreadPoolExecutor.java:1090) ~[na:na]
	at java.base/java.util.concurrent.ThreadPoolExecutor$Worker.run(ThreadPoolExecutor.java:614) ~[na:na]
	at java.base/java.lang.Thread.run(Thread.java:1474) ~[na:na]
Caused by: java.io.IOException: Connection reset, connect lapse 0 ms., Authentication lapse 0 ms.
	at oracle.jdbc.driver.T4CConnection.handleLogonIOException(T4CConnection.java:1655) ~[ojdbc11-23.5.0.24.07.jar:23.5.0.24.07]
	... 15 common frames omitted
Caused by: java.io.IOException: Connection reset, connect lapse 0 ms.
	at oracle.net.ns.NSProtocolNIO.negotiateConnection(NSProtocolNIO.java:263) ~[ojdbc11-23.5.0.24.07.jar:23.5.0.24.07]
	at oracle.net.ns.NSProtocol.connect(NSProtocol.java:352) ~[ojdbc11-23.5.0.24.07.jar:23.5.0.24.07]
	at oracle.jdbc.driver.T4CConnection.connectNetworkSessionProtocol(T4CConnection.java:3419) ~[ojdbc11-23.5.0.24.07.jar:23.5.0.24.07]
	at oracle.jdbc.driver.T4CConnection.logon(T4CConnection.java:1018) ~[ojdbc11-23.5.0.24.07.jar:23.5.0.24.07]
	... 14 common frames omitted
Caused by: java.net.SocketException: Connection reset
	at java.base/sun.nio.ch.SocketChannelImpl.throwConnectionReset(SocketChannelImpl.java:399) ~[na:na]
	at java.base/sun.nio.ch.SocketChannelImpl.blockingRead(SocketChannelImpl.java:1420) ~[na:na]
	at java.base/sun.nio.ch.SocketInputStream.implRead(SocketInputStream.java:70) ~[na:na]
	at java.base/sun.nio.ch.SocketInputStream.read(SocketInputStream.java:78) ~[na:na]
	at oracle.net.nt.TimeoutSocketChannel.doBlockedRead(TimeoutSocketChannel.java:600) ~[ojdbc11-23.5.0.24.07.jar:23.5.0.24.07]
	at oracle.net.nt.TimeoutSocketChannel.read(TimeoutSocketChannel.java:536) ~[ojdbc11-23.5.0.24.07.jar:23.5.0.24.07]
	at oracle.net.ns.NSProtocolNIO.doSocketRead(NSProtocolNIO.java:1224) ~[ojdbc11-23.5.0.24.07.jar:23.5.0.24.07]
	at oracle.net.ns.NIOPacket.readNIOPacket(NIOPacket.java:436) ~[ojdbc11-23.5.0.24.07.jar:23.5.0.24.07]
	at oracle.net.ns.NSProtocolNIO.negotiateConnection(NSProtocolNIO.java:216) ~[ojdbc11-23.5.0.24.07.jar:23.5.0.24.07]
	... 17 common frames omitted

2026-08-27T17:44:58.681+01:00  INFO 74676 --- [oulearning] [onnection adder] oracle.jdbc                              : properties={LOCALE=en_US, DriverVersion=23.5.0.24.07, java.library.path: =/Users/erik/Library/Java/Extensions:/Library/Java/Extensions:/Network/Library/Java/Extensions:/System/Library/Java/Extensions:/usr/lib/java:., java.class.path: =/Users/erik/dev/oulearning/target/test-classes:/Users/erik/dev/oulearning/target/classes:/Users/erik/.m2/repository/org/springframework/boot/spring-boot-starter-data-jpa/3.4.0/spring-boot-starter-data-jpa-3.4.0.jar:/Users/erik/.m2/repository/org/springframework/boot/spring-boot-starter-jdbc/3.4.0/spring-boot-starter-jdbc-3.4.0.jar:/Users/erik/.m2/repository/com/zaxxer/HikariCP/5.1.0/HikariCP-5.1.0.jar:/Users/erik/.m2/repository/org/springframework/spring-jdbc/6.2.0/spring-jdbc-6.2.0.jar:/Users/erik/.m2/repository/org/hibernate/orm/hibernate-core/6.6.2.Final/hibernate-core-6.6.2.Final.jar:/Users/erik/.m2/repository/jakarta/persistence/jakarta.persistence-api/3.1.0/jakarta.persistence-api-3.1.0.jar:/Users/erik/.m2/repository/jakarta/transaction/jakarta.transaction-api/2.0.1/jakarta.transaction-api-2.0.1.jar:/Users/erik/.m2/repository/org/jboss/logging/jboss-logging/3.6.1.Final/jboss-logging-3.6.1.Final.jar:/Users/erik/.m2/repository/org/hibernate/common/hibernate-commons-annotations/7.0.3.Final/hibernate-commons-annotations-7.0.3.Final.jar:/Users/erik/.m2/repository/io/smallrye/jandex/3.2.0/jandex-3.2.0.jar:/Users/erik/.m2/repository/com/fasterxml/classmate/1.7.0/classmate-1.7.0.jar:/Users/erik/.m2/repository/net/bytebuddy/byte-buddy/1.15.10/byte-buddy-1.15.10.jar:/Users/erik/.m2/repository/org/glassfish/jaxb/jaxb-runtime/4.0.5/jaxb-runtime-4.0.5.jar:/Users/erik/.m2/repository/org/glassfish/jaxb/jaxb-core/4.0.5/jaxb-core-4.0.5.jar:/Users/erik/.m2/repository/org/eclipse/angus/angus-activation/2.0.2/angus-activation-2.0.2.jar:/Users/erik/.m2/repository/org/glassfish/jaxb/txw2/4.0.5/txw2-4.0.5.jar:/Users/erik/.m2/repository/com/sun/istack/istack-commons-runtime/4.1.2/istack-commons-runtime-4.1.2.jar:/Users/erik/.m2/repository/jakarta/inject/jakarta.inject-api/2.0.1/jakarta.inject-api-2.0.1.jar:/Users/erik/.m2/repository/org/antlr/antlr4-runtime/4.13.0/antlr4-runtime-4.13.0.jar:/Users/erik/.m2/repository/org/springframework/data/spring-data-jpa/3.4.0/spring-data-jpa-3.4.0.jar:/Users/erik/.m2/repository/org/springframework/data/spring-data-commons/3.4.0/spring-data-commons-3.4.0.jar:/Users/erik/.m2/repository/org/springframework/spring-orm/6.2.0/spring-orm-6.2.0.jar:/Users/erik/.m2/repository/org/springframework/spring-context/6.2.0/spring-context-6.2.0.jar:/Users/erik/.m2/repository/org/springframework/spring-aop/6.2.0/spring-aop-6.2.0.jar:/Users/erik/.m2/repository/org/springframework/spring-tx/6.2.0/spring-tx-6.2.0.jar:/Users/erik/.m2/repository/org/springframework/spring-beans/6.2.0/spring-beans-6.2.0.jar:/Users/erik/.m2/repository/org/slf4j/slf4j-api/2.0.16/slf4j-api-2.0.16.jar:/Users/erik/.m2/repository/org/springframework/spring-aspects/6.2.0/spring-aspects-6.2.0.jar:/Users/erik/.m2/repository/org/aspectj/aspectjweaver/1.9.22.1/aspectjweaver-1.9.22.1.jar:/Users/erik/.m2/repository/org/flywaydb/flyway-core/10.20.1/flyway-core-10.20.1.jar:/Users/erik/.m2/repository/com/fasterxml/jackson/dataformat/jackson-dataformat-toml/2.18.1/jackson-dataformat-toml-2.18.1.jar:/Users/erik/.m2/repository/com/fasterxml/jackson/core/jackson-core/2.18.1/jackson-core-2.18.1.jar:/Users/erik/.m2/repository/com/fasterxml/jackson/datatype/jackson-datatype-jsr310/2.18.1/jackson-datatype-jsr310-2.18.1.jar:/Users/erik/.m2/repository/com/fasterxml/jackson/core/jackson-annotations/2.18.1/jackson-annotations-2.18.1.jar:/Users/erik/.m2/repository/org/flywaydb/flyway-database-oracle/10.20.1/flyway-database-oracle-10.20.1.jar:/Users/erik/.m2/repository/com/oracle/database/jdbc/ojdbc11/23.5.0.24.07/ojdbc11-23.5.0.24.07.jar:/Users/erik/.m2/repository/org/springframework/boot/spring-boot-starter/3.4.0/spring-boot-starter-3.4.0.jar:/Users/erik/.m2/repository/org/springframework/boot/spring-boot/3.4.0/spring-boot-3.4.0.jar:/Users/erik/.m2/repository/org/springframework/boot/spring-boot-autoconfigure/3.4.0/spring-boot-autoconfigure-3.4.0.jar:/Users/erik/.m2/repository/org/springframework/boot/spring-boot-starter-logging/3.4.0/spring-boot-starter-logging-3.4.0.jar:/Users/erik/.m2/repository/ch/qos/logback/logback-classic/1.5.12/logback-classic-1.5.12.jar:/Users/erik/.m2/repository/ch/qos/logback/logback-core/1.5.12/logback-core-1.5.12.jar:/Users/erik/.m2/repository/org/apache/logging/log4j/log4j-to-slf4j/2.24.1/log4j-to-slf4j-2.24.1.jar:/Users/erik/.m2/repository/org/apache/logging/log4j/log4j-api/2.24.1/log4j-api-2.24.1.jar:/Users/erik/.m2/repository/org/slf4j/jul-to-slf4j/2.0.16/jul-to-slf4j-2.0.16.jar:/Users/erik/.m2/repository/jakarta/annotation/jakarta.annotation-api/2.1.1/jakarta.annotation-api-2.1.1.jar:/Users/erik/.m2/repository/org/springframework/spring-core/6.2.0/spring-core-6.2.0.jar:/Users/erik/.m2/repository/org/springframework/spring-jcl/6.2.0/spring-jcl-6.2.0.jar:/Users/erik/.m2/repository/org/yaml/snakeyaml/2.3/snakeyaml-2.3.jar:/Users/erik/.m2/repository/org/mybatis/spring/boot/mybatis-spring-boot-starter/3.0.3/mybatis-spring-boot-starter-3.0.3.jar:/Users/erik/.m2/repository/org/mybatis/spring/boot/mybatis-spring-boot-autoconfigure/3.0.3/mybatis-spring-boot-autoconfigure-3.0.3.jar:/Users/erik/.m2/repository/org/mybatis/mybatis/3.5.14/mybatis-3.5.14.jar:/Users/erik/.m2/repository/org/mybatis/mybatis-spring/3.0.3/mybatis-spring-3.0.3.jar:/Users/erik/.m2/repository/org/mybatis/spring/boot/mybatis-spring-boot-starter-test/3.0.3/mybatis-spring-boot-starter-test-3.0.3.jar:/Users/erik/.m2/repository/org/mybatis/spring/boot/mybatis-spring-boot-test-autoconfigure/3.0.3/mybatis-spring-boot-test-autoconfigure-3.0.3.jar:/Users/erik/.m2/repository/org/springframework/boot/spring-boot-starter-web/3.4.0/spring-boot-starter-web-3.4.0.jar:/Users/erik/.m2/repository/org/springframework/boot/spring-boot-starter-json/3.4.0/spring-boot-starter-json-3.4.0.jar:/Users/erik/.m2/repository/com/fasterxml/jackson/datatype/jackson-datatype-jdk8/2.18.1/jackson-datatype-jdk8-2.18.1.jar:/Users/erik/.m2/repository/com/fasterxml/jackson/module/jackson-module-parameter-names/2.18.1/jackson-module-parameter-names-2.18.1.jar:/Users/erik/.m2/repository/org/springframework/boot/spring-boot-starter-tomcat/3.4.0/spring-boot-starter-tomcat-3.4.0.jar:/Users/erik/.m2/repository/org/apache/tomcat/embed/tomcat-embed-core/10.1.33/tomcat-embed-core-10.1.33.jar:/Users/erik/.m2/repository/org/apache/tomcat/embed/tomcat-embed-websocket/10.1.33/tomcat-embed-websocket-10.1.33.jar:/Users/erik/.m2/repository/org/springframework/spring-web/6.2.0/spring-web-6.2.0.jar:/Users/erik/.m2/repository/io/micrometer/micrometer-observation/1.14.1/micrometer-observation-1.14.1.jar:/Users/erik/.m2/repository/io/micrometer/micrometer-commons/1.14.1/micrometer-commons-1.14.1.jar:/Users/erik/.m2/repository/org/springframework/spring-webmvc/6.2.0/spring-webmvc-6.2.0.jar:/Users/erik/.m2/repository/org/springframework/spring-expression/6.2.0/spring-expression-6.2.0.jar:/Users/erik/.m2/repository/org/springframework/boot/spring-boot-starter-validation/3.4.0/spring-boot-starter-validation-3.4.0.jar:/Users/erik/.m2/repository/org/apache/tomcat/embed/tomcat-embed-el/10.1.33/tomcat-embed-el-10.1.33.jar:/Users/erik/.m2/repository/org/hibernate/validator/hibernate-validator/8.0.1.Final/hibernate-validator-8.0.1.Final.jar:/Users/erik/.m2/repository/jakarta/validation/jakarta.validation-api/3.0.2/jakarta.validation-api-3.0.2.jar:/Users/erik/.m2/repository/io/swagger/core/v3/swagger-annotations/2.2.22/swagger-annotations-2.2.22.jar:/Users/erik/.m2/repository/org/openapitools/jackson-databind-nullable/0.2.6/jackson-databind-nullable-0.2.6.jar:/Users/erik/.m2/repository/com/fasterxml/jackson/core/jackson-databind/2.18.1/jackson-databind-2.18.1.jar:/Users/erik/.m2/repository/org/javamoney/moneta/moneta-core/1.4.4/moneta-core-1.4.4.jar:/Users/erik/.m2/repository/javax/money/money-api/1.1/money-api-1.1.jar:/Users/erik/.m2/repository/com/squareup/okhttp3/okhttp/4.12.0/okhttp-4.12.0.jar:/Users/erik/.m2/repository/com/squareup/okio/okio/3.6.0/okio-3.6.0.jar:/Users/erik/.m2/repository/com/squareup/okio/okio-jvm/3.6.0/okio-jvm-3.6.0.jar:/Users/erik/.m2/repository/org/jetbrains/kotlin/kotlin-stdlib-common/1.9.25/kotlin-stdlib-common-1.9.25.jar:/Users/erik/.m2/repository/org/jetbrains/kotlin/kotlin-stdlib-jdk8/1.9.25/kotlin-stdlib-jdk8-1.9.25.jar:/Users/erik/.m2/repository/org/jetbrains/kotlin/kotlin-stdlib/1.9.25/kotlin-stdlib-1.9.25.jar:/Users/erik/.m2/repository/org/jetbrains/kotlin/kotlin-stdlib-jdk7/1.9.25/kotlin-stdlib-jdk7-1.9.25.jar:/Users/erik/.m2/repository/org/springframework/boot/spring-boot-starter-test/3.4.0/spring-boot-starter-test-3.4.0.jar:/Users/erik/.m2/repository/org/springframework/boot/spring-boot-test/3.4.0/spring-boot-test-3.4.0.jar:/Users/erik/.m2/repository/org/springframework/boot/spring-boot-test-autoconfigure/3.4.0/spring-boot-test-autoconfigure-3.4.0.jar:/Users/erik/.m2/repository/com/jayway/jsonpath/json-path/2.9.0/json-path-2.9.0.jar:/Users/erik/.m2/repository/jakarta/xml/bind/jakarta.xml.bind-api/4.0.2/jakarta.xml.bind-api-4.0.2.jar:/Users/erik/.m2/repository/jakarta/activation/jakarta.activation-api/2.1.3/jakarta.activation-api-2.1.3.jar:/Users/erik/.m2/repository/net/minidev/json-smart/2.5.1/json-smart-2.5.1.jar:/Users/erik/.m2/repository/net/minidev/accessors-smart/2.5.1/accessors-smart-2.5.1.jar:/Users/erik/.m2/repository/org/ow2/asm/asm/9.6/asm-9.6.jar:/Users/erik/.m2/repository/org/assertj/assertj-core/3.26.3/assertj-core-3.26.3.jar:/Users/erik/.m2/repository/org/awaitility/awaitility/4.2.2/awaitility-4.2.2.jar:/Users/erik/.m2/repository/org/hamcrest/hamcrest/2.2/hamcrest-2.2.jar:/Users/erik/.m2/repository/org/junit/jupiter/junit-jupiter/5.11.3/junit-jupiter-5.11.3.jar:/Users/erik/.m2/repository/org/junit/jupiter/junit-jupiter-api/5.11.3/junit-jupiter-api-5.11.3.jar:/Users/erik/.m2/repository/org/opentest4j/opentest4j/1.3.0/opentest4j-1.3.0.jar:/Users/erik/.m2/repository/org/junit/platform/junit-platform-commons/1.11.3/junit-platform-commons-1.11.3.jar:/Users/erik/.m2/repository/org/apiguardian/apiguardian-api/1.1.2/apiguardian-api-1.1.2.jar:/Users/erik/.m2/repository/org/junit/jupiter/junit-jupiter-params/5.11.3/junit-jupiter-params-5.11.3.jar:/Users/erik/.m2/repository/org/junit/jupiter/junit-jupiter-engine/5.11.3/junit-jupiter-engine-5.11.3.jar:/Users/erik/.m2/repository/org/junit/platform/junit-platform-engine/1.11.3/junit-platform-engine-1.11.3.jar:/Users/erik/.m2/repository/org/mockito/mockito-core/5.14.2/mockito-core-5.14.2.jar:/Users/erik/.m2/repository/net/bytebuddy/byte-buddy-agent/1.15.10/byte-buddy-agent-1.15.10.jar:/Users/erik/.m2/repository/org/objenesis/objenesis/3.3/objenesis-3.3.jar:/Users/erik/.m2/repository/org/mockito/mockito-junit-jupiter/5.14.2/mockito-junit-jupiter-5.14.2.jar:/Users/erik/.m2/repository/org/skyscreamer/jsonassert/1.5.3/jsonassert-1.5.3.jar:/Users/erik/.m2/repository/com/vaadin/external/google/android-json/0.0.20131108.vaadin1/android-json-0.0.20131108.vaadin1.jar:/Users/erik/.m2/repository/org/springframework/spring-test/6.2.0/spring-test-6.2.0.jar:/Users/erik/.m2/repository/org/xmlunit/xmlunit-core/2.10.0/xmlunit-core-2.10.0.jar:/Users/erik/.m2/repository/org/springframework/boot/spring-boot-testcontainers/3.4.0/spring-boot-testcontainers-3.4.0.jar:/Users/erik/.m2/repository/org/testcontainers/testcontainers/1.20.4/testcontainers-1.20.4.jar:/Users/erik/.m2/repository/junit/junit/4.13.2/junit-4.13.2.jar:/Users/erik/.m2/repository/org/hamcrest/hamcrest-core/2.2/hamcrest-core-2.2.jar:/Users/erik/.m2/repository/org/apache/commons/commons-compress/1.24.0/commons-compress-1.24.0.jar:/Users/erik/.m2/repository/org/rnorth/duct-tape/duct-tape/1.0.8/duct-tape-1.0.8.jar:/Users/erik/.m2/repository/org/jetbrains/annotations/17.0.0/annotations-17.0.0.jar:/Users/erik/.m2/repository/com/github/docker-java/docker-java-api/3.4.0/docker-java-api-3.4.0.jar:/Users/erik/.m2/repository/com/github/docker-java/docker-java-transport-zerodep/3.4.0/docker-java-transport-zerodep-3.4.0.jar:/Users/erik/.m2/repository/com/github/docker-java/docker-java-transport/3.4.0/docker-java-transport-3.4.0.jar:/Users/erik/.m2/repository/net/java/dev/jna/jna/5.13.0/jna-5.13.0.jar:/Users/erik/.m2/repository/org/testcontainers/oracle-xe/1.20.4/oracle-xe-1.20.4.jar:/Users/erik/.m2/repository/org/testcontainers/jdbc/1.20.4/jdbc-1.20.4.jar:/Users/erik/.m2/repository/org/testcontainers/database-commons/1.20.4/database-commons-1.20.4.jar:/Users/erik/.m2/repository/org/testcontainers/junit-jupiter/1.20.4/junit-jupiter-1.20.4.jar:/Users/erik/.m2/repository/org/instancio/instancio-junit/5.4.0/instancio-junit-5.4.0.jar:/Users/erik/.m2/repository/org/instancio/instancio-core/5.4.0/instancio-core-5.4.0.jar:/Users/erik/.m2/repository/com/tngtech/archunit/archunit-junit5/1.4.0/archunit-junit5-1.4.0.jar:/Users/erik/.m2/repository/com/tngtech/archunit/archunit-junit5-api/1.4.0/archunit-junit5-api-1.4.0.jar:/Users/erik/.m2/repository/com/tngtech/archunit/archunit/1.4.0/archunit-1.4.0.jar:/Users/erik/.m2/repository/com/tngtech/archunit/archunit-junit5-engine/1.4.0/archunit-junit5-engine-1.4.0.jar:/Users/erik/.m2/repository/com/tngtech/archunit/archunit-junit5-engine-api/1.4.0/archunit-junit5-engine-api-1.4.0.jar:, java.version: =25.0.3}. 
2026-08-27T17:44:58.708+01:00  INFO 74676 --- [oulearning] [onnection adder] oracle.jdbc                              : entering args (oracle.jdbc.internal.AbstractConnectionBuilder$1@17949c9a)
2026-08-27T17:44:58.709+01:00  INFO 74676 --- [oulearning] [onnection adder] oracle.jdbc                              : traceId=4F63A93B. 
2026-08-27T17:44:58.709+01:00  INFO 74676 --- [oulearning] [onnection adder] oracle.jdbc                              : Session Attributes: 
sdu=8192, tdu=2097152
nt: host=localhost, port=62037, socketOptions={0=YES, 1=NO, 17=0, 18=false, 2=30000, 20=true, 38=TLS, 23=40, 24=50, 40=false, 25=0}
    socket=null
client profile={oracle.net.encryption_types_client=(), oracle.net.crypto_seed=, oracle.net.authentication_services=(), oracle.net.setFIPSMode=false, oracle.net.kerberos5_mutual_authentication=false, oracle.net.encryption_client=ACCEPTED, oracle.net.crypto_checksum_client=ACCEPTED, oracle.net.crypto_checksum_types_client=()}
onBreakReset=false, dataEOF=false, negotiatedOptions=0x0, connected=false
TTIINIT enabled=false, TTC cookie enabled=false

2026-08-27T17:44:58.709+01:00  INFO 74676 --- [oulearning] [onnection adder] oracle.jdbc                              : traceId=4F63A93B, anoEnabled=true. 
2026-08-27T17:44:58.709+01:00  INFO 74676 --- [oulearning] [onnection adder] oracle.jdbc                              : Connection establishment failed due to IOException, will be trying with next available connect option.
2026-08-27T17:44:58.709+01:00  INFO 74676 --- [oulearning] [onnection adder] oracle.jdbc                              : Got Refused, SessionTraceId = 4F63A93B
2026-08-27T17:44:58.709+01:00  INFO 74676 --- [oulearning] [onnection adder] oracle.jdbc                              : Outbound interrupt timer cancelled null
2026-08-27T17:44:58.709+01:00  INFO 74676 --- [oulearning] [onnection adder] oracle.jdbc                              : Session Attributes: 
sdu=8192, tdu=2097152
nt: host=localhost, port=62037, socketOptions={0=YES, 1=NO, 17=0, 18=false, 2=30000, 20=true, 38=TLS, 23=40, 24=50, 40=false, 25=0}
    socket=null
client profile={oracle.net.encryption_types_client=(), oracle.net.crypto_seed=, oracle.net.authentication_services=(), oracle.net.setFIPSMode=false, oracle.net.kerberos5_mutual_authentication=false, oracle.net.encryption_client=ACCEPTED, oracle.net.crypto_checksum_client=ACCEPTED, oracle.net.crypto_checksum_types_client=()}
onBreakReset=false, dataEOF=false, negotiatedOptions=0x0, connected=false
TTIINIT enabled=false, TTC cookie enabled=false

2026-08-27T17:44:58.709+01:00  INFO 74676 --- [oulearning] [onnection adder] oracle.jdbc                              : Connection establishment failed due to IOException, will be trying with next available connect option.
2026-08-27T17:44:58.709+01:00  INFO 74676 --- [oulearning] [onnection adder] oracle.jdbc                              : Got Refused, SessionTraceId = 4F63A93B
2026-08-27T17:44:58.709+01:00  INFO 74676 --- [oulearning] [onnection adder] oracle.jdbc                              : Outbound interrupt timer cancelled null
2026-08-27T17:44:58.709+01:00  INFO 74676 --- [oulearning] [onnection adder] oracle.jdbc                              : throwing

java.sql.SQLRecoverableException: ORA-17002: I/O error: Connection reset, connect lapse 1 ms., Authentication lapse 0 ms.
https://docs.oracle.com/error-help/db/ora-17002/
	at oracle.jdbc.driver.T4CConnection.handleLogonIOException(T4CConnection.java:1660) ~[ojdbc11-23.5.0.24.07.jar:23.5.0.24.07]
	at oracle.jdbc.driver.T4CConnection.logon(T4CConnection.java:1142) ~[ojdbc11-23.5.0.24.07.jar:23.5.0.24.07]
	at oracle.jdbc.driver.PhysicalConnection.connect(PhysicalConnection.java:1206) ~[ojdbc11-23.5.0.24.07.jar:23.5.0.24.07]
	at oracle.jdbc.driver.T4CDriverExtension.getConnection(T4CDriverExtension.java:105) ~[ojdbc11-23.5.0.24.07.jar:23.5.0.24.07]
	at oracle.jdbc.driver.OracleDriver.connect(OracleDriver.java:886) ~[ojdbc11-23.5.0.24.07.jar:23.5.0.24.07]
	at oracle.jdbc.driver.OracleDriver.connect(OracleDriver.java:693) ~[ojdbc11-23.5.0.24.07.jar:23.5.0.24.07]
	at com.zaxxer.hikari.util.DriverDataSource.getConnection(DriverDataSource.java:137) ~[HikariCP-5.1.0.jar:na]
	at com.zaxxer.hikari.pool.PoolBase.newConnection(PoolBase.java:360) ~[HikariCP-5.1.0.jar:na]
	at com.zaxxer.hikari.pool.PoolBase.newPoolEntry(PoolBase.java:202) ~[HikariCP-5.1.0.jar:na]
	at com.zaxxer.hikari.pool.HikariPool.createPoolEntry(HikariPool.java:461) ~[HikariCP-5.1.0.jar:na]
	at com.zaxxer.hikari.pool.HikariPool$PoolEntryCreator.call(HikariPool.java:724) ~[HikariCP-5.1.0.jar:na]
	at com.zaxxer.hikari.pool.HikariPool$PoolEntryCreator.call(HikariPool.java:703) ~[HikariCP-5.1.0.jar:na]
	at java.base/java.util.concurrent.FutureTask.run(FutureTask.java:328) ~[na:na]
	at java.base/java.util.concurrent.ThreadPoolExecutor.runWorker(ThreadPoolExecutor.java:1090) ~[na:na]
	at java.base/java.util.concurrent.ThreadPoolExecutor$Worker.run(ThreadPoolExecutor.java:614) ~[na:na]
	at java.base/java.lang.Thread.run(Thread.java:1474) ~[na:na]
Caused by: java.io.IOException: Connection reset, connect lapse 1 ms., Authentication lapse 0 ms.
	at oracle.jdbc.driver.T4CConnection.handleLogonIOException(T4CConnection.java:1655) ~[ojdbc11-23.5.0.24.07.jar:23.5.0.24.07]
	... 15 common frames omitted
Caused by: java.io.IOException: Connection reset, connect lapse 1 ms.
	at oracle.net.ns.NSProtocolNIO.negotiateConnection(NSProtocolNIO.java:263) ~[ojdbc11-23.5.0.24.07.jar:23.5.0.24.07]
	at oracle.net.ns.NSProtocol.connect(NSProtocol.java:352) ~[ojdbc11-23.5.0.24.07.jar:23.5.0.24.07]
	at oracle.jdbc.driver.T4CConnection.connectNetworkSessionProtocol(T4CConnection.java:3419) ~[ojdbc11-23.5.0.24.07.jar:23.5.0.24.07]
	at oracle.jdbc.driver.T4CConnection.logon(T4CConnection.java:1018) ~[ojdbc11-23.5.0.24.07.jar:23.5.0.24.07]
	... 14 common frames omitted
Caused by: java.net.SocketException: Connection reset
	at java.base/sun.nio.ch.SocketChannelImpl.throwConnectionReset(SocketChannelImpl.java:399) ~[na:na]
	at java.base/sun.nio.ch.SocketChannelImpl.blockingRead(SocketChannelImpl.java:1420) ~[na:na]
	at java.base/sun.nio.ch.SocketInputStream.implRead(SocketInputStream.java:70) ~[na:na]
	at java.base/sun.nio.ch.SocketInputStream.read(SocketInputStream.java:78) ~[na:na]
	at oracle.net.nt.TimeoutSocketChannel.doBlockedRead(TimeoutSocketChannel.java:600) ~[ojdbc11-23.5.0.24.07.jar:23.5.0.24.07]
	at oracle.net.nt.TimeoutSocketChannel.read(TimeoutSocketChannel.java:536) ~[ojdbc11-23.5.0.24.07.jar:23.5.0.24.07]
	at oracle.net.ns.NSProtocolNIO.doSocketRead(NSProtocolNIO.java:1224) ~[ojdbc11-23.5.0.24.07.jar:23.5.0.24.07]
	at oracle.net.ns.NIOPacket.readNIOPacket(NIOPacket.java:436) ~[ojdbc11-23.5.0.24.07.jar:23.5.0.24.07]
	at oracle.net.ns.NSProtocolNIO.negotiateConnection(NSProtocolNIO.java:216) ~[ojdbc11-23.5.0.24.07.jar:23.5.0.24.07]
	... 17 common frames omitted

2026-08-27T17:44:58.709+01:00  INFO 74676 --- [oulearning] [onnection adder] oracle.jdbc                              : properties={LOCALE=en_US, DriverVersion=23.5.0.24.07, java.library.path: =/Users/erik/Library/Java/Extensions:/Library/Java/Extensions:/Network/Library/Java/Extensions:/System/Library/Java/Extensions:/usr/lib/java:., java.class.path: =/Users/erik/dev/oulearning/target/test-classes:/Users/erik/dev/oulearning/target/classes:/Users/erik/.m2/repository/org/springframework/boot/spring-boot-starter-data-jpa/3.4.0/spring-boot-starter-data-jpa-3.4.0.jar:/Users/erik/.m2/repository/org/springframework/boot/spring-boot-starter-jdbc/3.4.0/spring-boot-starter-jdbc-3.4.0.jar:/Users/erik/.m2/repository/com/zaxxer/HikariCP/5.1.0/HikariCP-5.1.0.jar:/Users/erik/.m2/repository/org/springframework/spring-jdbc/6.2.0/spring-jdbc-6.2.0.jar:/Users/erik/.m2/repository/org/hibernate/orm/hibernate-core/6.6.2.Final/hibernate-core-6.6.2.Final.jar:/Users/erik/.m2/repository/jakarta/persistence/jakarta.persistence-api/3.1.0/jakarta.persistence-api-3.1.0.jar:/Users/erik/.m2/repository/jakarta/transaction/jakarta.transaction-api/2.0.1/jakarta.transaction-api-2.0.1.jar:/Users/erik/.m2/repository/org/jboss/logging/jboss-logging/3.6.1.Final/jboss-logging-3.6.1.Final.jar:/Users/erik/.m2/repository/org/hibernate/common/hibernate-commons-annotations/7.0.3.Final/hibernate-commons-annotations-7.0.3.Final.jar:/Users/erik/.m2/repository/io/smallrye/jandex/3.2.0/jandex-3.2.0.jar:/Users/erik/.m2/repository/com/fasterxml/classmate/1.7.0/classmate-1.7.0.jar:/Users/erik/.m2/repository/net/bytebuddy/byte-buddy/1.15.10/byte-buddy-1.15.10.jar:/Users/erik/.m2/repository/org/glassfish/jaxb/jaxb-runtime/4.0.5/jaxb-runtime-4.0.5.jar:/Users/erik/.m2/repository/org/glassfish/jaxb/jaxb-core/4.0.5/jaxb-core-4.0.5.jar:/Users/erik/.m2/repository/org/eclipse/angus/angus-activation/2.0.2/angus-activation-2.0.2.jar:/Users/erik/.m2/repository/org/glassfish/jaxb/txw2/4.0.5/txw2-4.0.5.jar:/Users/erik/.m2/repository/com/sun/istack/istack-commons-runtime/4.1.2/istack-commons-runtime-4.1.2.jar:/Users/erik/.m2/repository/jakarta/inject/jakarta.inject-api/2.0.1/jakarta.inject-api-2.0.1.jar:/Users/erik/.m2/repository/org/antlr/antlr4-runtime/4.13.0/antlr4-runtime-4.13.0.jar:/Users/erik/.m2/repository/org/springframework/data/spring-data-jpa/3.4.0/spring-data-jpa-3.4.0.jar:/Users/erik/.m2/repository/org/springframework/data/spring-data-commons/3.4.0/spring-data-commons-3.4.0.jar:/Users/erik/.m2/repository/org/springframework/spring-orm/6.2.0/spring-orm-6.2.0.jar:/Users/erik/.m2/repository/org/springframework/spring-context/6.2.0/spring-context-6.2.0.jar:/Users/erik/.m2/repository/org/springframework/spring-aop/6.2.0/spring-aop-6.2.0.jar:/Users/erik/.m2/repository/org/springframework/spring-tx/6.2.0/spring-tx-6.2.0.jar:/Users/erik/.m2/repository/org/springframework/spring-beans/6.2.0/spring-beans-6.2.0.jar:/Users/erik/.m2/repository/org/slf4j/slf4j-api/2.0.16/slf4j-api-2.0.16.jar:/Users/erik/.m2/repository/org/springframework/spring-aspects/6.2.0/spring-aspects-6.2.0.jar:/Users/erik/.m2/repository/org/aspectj/aspectjweaver/1.9.22.1/aspectjweaver-1.9.22.1.jar:/Users/erik/.m2/repository/org/flywaydb/flyway-core/10.20.1/flyway-core-10.20.1.jar:/Users/erik/.m2/repository/com/fasterxml/jackson/dataformat/jackson-dataformat-toml/2.18.1/jackson-dataformat-toml-2.18.1.jar:/Users/erik/.m2/repository/com/fasterxml/jackson/core/jackson-core/2.18.1/jackson-core-2.18.1.jar:/Users/erik/.m2/repository/com/fasterxml/jackson/datatype/jackson-datatype-jsr310/2.18.1/jackson-datatype-jsr310-2.18.1.jar:/Users/erik/.m2/repository/com/fasterxml/jackson/core/jackson-annotations/2.18.1/jackson-annotations-2.18.1.jar:/Users/erik/.m2/repository/org/flywaydb/flyway-database-oracle/10.20.1/flyway-database-oracle-10.20.1.jar:/Users/erik/.m2/repository/com/oracle/database/jdbc/ojdbc11/23.5.0.24.07/ojdbc11-23.5.0.24.07.jar:/Users/erik/.m2/repository/org/springframework/boot/spring-boot-starter/3.4.0/spring-boot-starter-3.4.0.jar:/Users/erik/.m2/repository/org/springframework/boot/spring-boot/3.4.0/spring-boot-3.4.0.jar:/Users/erik/.m2/repository/org/springframework/boot/spring-boot-autoconfigure/3.4.0/spring-boot-autoconfigure-3.4.0.jar:/Users/erik/.m2/repository/org/springframework/boot/spring-boot-starter-logging/3.4.0/spring-boot-starter-logging-3.4.0.jar:/Users/erik/.m2/repository/ch/qos/logback/logback-classic/1.5.12/logback-classic-1.5.12.jar:/Users/erik/.m2/repository/ch/qos/logback/logback-core/1.5.12/logback-core-1.5.12.jar:/Users/erik/.m2/repository/org/apache/logging/log4j/log4j-to-slf4j/2.24.1/log4j-to-slf4j-2.24.1.jar:/Users/erik/.m2/repository/org/apache/logging/log4j/log4j-api/2.24.1/log4j-api-2.24.1.jar:/Users/erik/.m2/repository/org/slf4j/jul-to-slf4j/2.0.16/jul-to-slf4j-2.0.16.jar:/Users/erik/.m2/repository/jakarta/annotation/jakarta.annotation-api/2.1.1/jakarta.annotation-api-2.1.1.jar:/Users/erik/.m2/repository/org/springframework/spring-core/6.2.0/spring-core-6.2.0.jar:/Users/erik/.m2/repository/org/springframework/spring-jcl/6.2.0/spring-jcl-6.2.0.jar:/Users/erik/.m2/repository/org/yaml/snakeyaml/2.3/snakeyaml-2.3.jar:/Users/erik/.m2/repository/org/mybatis/spring/boot/mybatis-spring-boot-starter/3.0.3/mybatis-spring-boot-starter-3.0.3.jar:/Users/erik/.m2/repository/org/mybatis/spring/boot/mybatis-spring-boot-autoconfigure/3.0.3/mybatis-spring-boot-autoconfigure-3.0.3.jar:/Users/erik/.m2/repository/org/mybatis/mybatis/3.5.14/mybatis-3.5.14.jar:/Users/erik/.m2/repository/org/mybatis/mybatis-spring/3.0.3/mybatis-spring-3.0.3.jar:/Users/erik/.m2/repository/org/mybatis/spring/boot/mybatis-spring-boot-starter-test/3.0.3/mybatis-spring-boot-starter-test-3.0.3.jar:/Users/erik/.m2/repository/org/mybatis/spring/boot/mybatis-spring-boot-test-autoconfigure/3.0.3/mybatis-spring-boot-test-autoconfigure-3.0.3.jar:/Users/erik/.m2/repository/org/springframework/boot/spring-boot-starter-web/3.4.0/spring-boot-starter-web-3.4.0.jar:/Users/erik/.m2/repository/org/springframework/boot/spring-boot-starter-json/3.4.0/spring-boot-starter-json-3.4.0.jar:/Users/erik/.m2/repository/com/fasterxml/jackson/datatype/jackson-datatype-jdk8/2.18.1/jackson-datatype-jdk8-2.18.1.jar:/Users/erik/.m2/repository/com/fasterxml/jackson/module/jackson-module-parameter-names/2.18.1/jackson-module-parameter-names-2.18.1.jar:/Users/erik/.m2/repository/org/springframework/boot/spring-boot-starter-tomcat/3.4.0/spring-boot-starter-tomcat-3.4.0.jar:/Users/erik/.m2/repository/org/apache/tomcat/embed/tomcat-embed-core/10.1.33/tomcat-embed-core-10.1.33.jar:/Users/erik/.m2/repository/org/apache/tomcat/embed/tomcat-embed-websocket/10.1.33/tomcat-embed-websocket-10.1.33.jar:/Users/erik/.m2/repository/org/springframework/spring-web/6.2.0/spring-web-6.2.0.jar:/Users/erik/.m2/repository/io/micrometer/micrometer-observation/1.14.1/micrometer-observation-1.14.1.jar:/Users/erik/.m2/repository/io/micrometer/micrometer-commons/1.14.1/micrometer-commons-1.14.1.jar:/Users/erik/.m2/repository/org/springframework/spring-webmvc/6.2.0/spring-webmvc-6.2.0.jar:/Users/erik/.m2/repository/org/springframework/spring-expression/6.2.0/spring-expression-6.2.0.jar:/Users/erik/.m2/repository/org/springframework/boot/spring-boot-starter-validation/3.4.0/spring-boot-starter-validation-3.4.0.jar:/Users/erik/.m2/repository/org/apache/tomcat/embed/tomcat-embed-el/10.1.33/tomcat-embed-el-10.1.33.jar:/Users/erik/.m2/repository/org/hibernate/validator/hibernate-validator/8.0.1.Final/hibernate-validator-8.0.1.Final.jar:/Users/erik/.m2/repository/jakarta/validation/jakarta.validation-api/3.0.2/jakarta.validation-api-3.0.2.jar:/Users/erik/.m2/repository/io/swagger/core/v3/swagger-annotations/2.2.22/swagger-annotations-2.2.22.jar:/Users/erik/.m2/repository/org/openapitools/jackson-databind-nullable/0.2.6/jackson-databind-nullable-0.2.6.jar:/Users/erik/.m2/repository/com/fasterxml/jackson/core/jackson-databind/2.18.1/jackson-databind-2.18.1.jar:/Users/erik/.m2/repository/org/javamoney/moneta/moneta-core/1.4.4/moneta-core-1.4.4.jar:/Users/erik/.m2/repository/javax/money/money-api/1.1/money-api-1.1.jar:/Users/erik/.m2/repository/com/squareup/okhttp3/okhttp/4.12.0/okhttp-4.12.0.jar:/Users/erik/.m2/repository/com/squareup/okio/okio/3.6.0/okio-3.6.0.jar:/Users/erik/.m2/repository/com/squareup/okio/okio-jvm/3.6.0/okio-jvm-3.6.0.jar:/Users/erik/.m2/repository/org/jetbrains/kotlin/kotlin-stdlib-common/1.9.25/kotlin-stdlib-common-1.9.25.jar:/Users/erik/.m2/repository/org/jetbrains/kotlin/kotlin-stdlib-jdk8/1.9.25/kotlin-stdlib-jdk8-1.9.25.jar:/Users/erik/.m2/repository/org/jetbrains/kotlin/kotlin-stdlib/1.9.25/kotlin-stdlib-1.9.25.jar:/Users/erik/.m2/repository/org/jetbrains/kotlin/kotlin-stdlib-jdk7/1.9.25/kotlin-stdlib-jdk7-1.9.25.jar:/Users/erik/.m2/repository/org/springframework/boot/spring-boot-starter-test/3.4.0/spring-boot-starter-test-3.4.0.jar:/Users/erik/.m2/repository/org/springframework/boot/spring-boot-test/3.4.0/spring-boot-test-3.4.0.jar:/Users/erik/.m2/repository/org/springframework/boot/spring-boot-test-autoconfigure/3.4.0/spring-boot-test-autoconfigure-3.4.0.jar:/Users/erik/.m2/repository/com/jayway/jsonpath/json-path/2.9.0/json-path-2.9.0.jar:/Users/erik/.m2/repository/jakarta/xml/bind/jakarta.xml.bind-api/4.0.2/jakarta.xml.bind-api-4.0.2.jar:/Users/erik/.m2/repository/jakarta/activation/jakarta.activation-api/2.1.3/jakarta.activation-api-2.1.3.jar:/Users/erik/.m2/repository/net/minidev/json-smart/2.5.1/json-smart-2.5.1.jar:/Users/erik/.m2/repository/net/minidev/accessors-smart/2.5.1/accessors-smart-2.5.1.jar:/Users/erik/.m2/repository/org/ow2/asm/asm/9.6/asm-9.6.jar:/Users/erik/.m2/repository/org/assertj/assertj-core/3.26.3/assertj-core-3.26.3.jar:/Users/erik/.m2/repository/org/awaitility/awaitility/4.2.2/awaitility-4.2.2.jar:/Users/erik/.m2/repository/org/hamcrest/hamcrest/2.2/hamcrest-2.2.jar:/Users/erik/.m2/repository/org/junit/jupiter/junit-jupiter/5.11.3/junit-jupiter-5.11.3.jar:/Users/erik/.m2/repository/org/junit/jupiter/junit-jupiter-api/5.11.3/junit-jupiter-api-5.11.3.jar:/Users/erik/.m2/repository/org/opentest4j/opentest4j/1.3.0/opentest4j-1.3.0.jar:/Users/erik/.m2/repository/org/junit/platform/junit-platform-commons/1.11.3/junit-platform-commons-1.11.3.jar:/Users/erik/.m2/repository/org/apiguardian/apiguardian-api/1.1.2/apiguardian-api-1.1.2.jar:/Users/erik/.m2/repository/org/junit/jupiter/junit-jupiter-params/5.11.3/junit-jupiter-params-5.11.3.jar:/Users/erik/.m2/repository/org/junit/jupiter/junit-jupiter-engine/5.11.3/junit-jupiter-engine-5.11.3.jar:/Users/erik/.m2/repository/org/junit/platform/junit-platform-engine/1.11.3/junit-platform-engine-1.11.3.jar:/Users/erik/.m2/repository/org/mockito/mockito-core/5.14.2/mockito-core-5.14.2.jar:/Users/erik/.m2/repository/net/bytebuddy/byte-buddy-agent/1.15.10/byte-buddy-agent-1.15.10.jar:/Users/erik/.m2/repository/org/objenesis/objenesis/3.3/objenesis-3.3.jar:/Users/erik/.m2/repository/org/mockito/mockito-junit-jupiter/5.14.2/mockito-junit-jupiter-5.14.2.jar:/Users/erik/.m2/repository/org/skyscreamer/jsonassert/1.5.3/jsonassert-1.5.3.jar:/Users/erik/.m2/repository/com/vaadin/external/google/android-json/0.0.20131108.vaadin1/android-json-0.0.20131108.vaadin1.jar:/Users/erik/.m2/repository/org/springframework/spring-test/6.2.0/spring-test-6.2.0.jar:/Users/erik/.m2/repository/org/xmlunit/xmlunit-core/2.10.0/xmlunit-core-2.10.0.jar:/Users/erik/.m2/repository/org/springframework/boot/spring-boot-testcontainers/3.4.0/spring-boot-testcontainers-3.4.0.jar:/Users/erik/.m2/repository/org/testcontainers/testcontainers/1.20.4/testcontainers-1.20.4.jar:/Users/erik/.m2/repository/junit/junit/4.13.2/junit-4.13.2.jar:/Users/erik/.m2/repository/org/hamcrest/hamcrest-core/2.2/hamcrest-core-2.2.jar:/Users/erik/.m2/repository/org/apache/commons/commons-compress/1.24.0/commons-compress-1.24.0.jar:/Users/erik/.m2/repository/org/rnorth/duct-tape/duct-tape/1.0.8/duct-tape-1.0.8.jar:/Users/erik/.m2/repository/org/jetbrains/annotations/17.0.0/annotations-17.0.0.jar:/Users/erik/.m2/repository/com/github/docker-java/docker-java-api/3.4.0/docker-java-api-3.4.0.jar:/Users/erik/.m2/repository/com/github/docker-java/docker-java-transport-zerodep/3.4.0/docker-java-transport-zerodep-3.4.0.jar:/Users/erik/.m2/repository/com/github/docker-java/docker-java-transport/3.4.0/docker-java-transport-3.4.0.jar:/Users/erik/.m2/repository/net/java/dev/jna/jna/5.13.0/jna-5.13.0.jar:/Users/erik/.m2/repository/org/testcontainers/oracle-xe/1.20.4/oracle-xe-1.20.4.jar:/Users/erik/.m2/repository/org/testcontainers/jdbc/1.20.4/jdbc-1.20.4.jar:/Users/erik/.m2/repository/org/testcontainers/database-commons/1.20.4/database-commons-1.20.4.jar:/Users/erik/.m2/repository/org/testcontainers/junit-jupiter/1.20.4/junit-jupiter-1.20.4.jar:/Users/erik/.m2/repository/org/instancio/instancio-junit/5.4.0/instancio-junit-5.4.0.jar:/Users/erik/.m2/repository/org/instancio/instancio-core/5.4.0/instancio-core-5.4.0.jar:/Users/erik/.m2/repository/com/tngtech/archunit/archunit-junit5/1.4.0/archunit-junit5-1.4.0.jar:/Users/erik/.m2/repository/com/tngtech/archunit/archunit-junit5-api/1.4.0/archunit-junit5-api-1.4.0.jar:/Users/erik/.m2/repository/com/tngtech/archunit/archunit/1.4.0/archunit-1.4.0.jar:/Users/erik/.m2/repository/com/tngtech/archunit/archunit-junit5-engine/1.4.0/archunit-junit5-engine-1.4.0.jar:/Users/erik/.m2/repository/com/tngtech/archunit/archunit-junit5-engine-api/1.4.0/archunit-junit5-engine-api-1.4.0.jar:, java.version: =25.0.3}. 
2026-08-27T17:44:58.754+01:00  INFO 74676 --- [oulearning] [onnection adder] oracle.jdbc                              : entering args (oracle.jdbc.internal.AbstractConnectionBuilder$1@7c55c4bc)
2026-08-27T17:44:58.754+01:00  INFO 74676 --- [oulearning] [onnection adder] oracle.jdbc                              : traceId=E9BB10B. 
2026-08-27T17:44:58.754+01:00  INFO 74676 --- [oulearning] [onnection adder] oracle.jdbc                              : Session Attributes: 
sdu=8192, tdu=2097152
nt: host=localhost, port=62037, socketOptions={0=YES, 1=NO, 17=0, 18=false, 2=30000, 20=true, 38=TLS, 23=40, 24=50, 40=false, 25=0}
    socket=null
client profile={oracle.net.encryption_types_client=(), oracle.net.crypto_seed=, oracle.net.authentication_services=(), oracle.net.setFIPSMode=false, oracle.net.kerberos5_mutual_authentication=false, oracle.net.encryption_client=ACCEPTED, oracle.net.crypto_checksum_client=ACCEPTED, oracle.net.crypto_checksum_types_client=()}
onBreakReset=false, dataEOF=false, negotiatedOptions=0x0, connected=false
TTIINIT enabled=false, TTC cookie enabled=false

2026-08-27T17:44:58.754+01:00  INFO 74676 --- [oulearning] [onnection adder] oracle.jdbc                              : traceId=E9BB10B, anoEnabled=true. 
2026-08-27T17:44:58.754+01:00  INFO 74676 --- [oulearning] [onnection adder] oracle.jdbc                              : Connection establishment failed due to IOException, will be trying with next available connect option.
2026-08-27T17:44:58.754+01:00  INFO 74676 --- [oulearning] [onnection adder] oracle.jdbc                              : Got Refused, SessionTraceId = E9BB10B
2026-08-27T17:44:58.754+01:00  INFO 74676 --- [oulearning] [onnection adder] oracle.jdbc                              : Outbound interrupt timer cancelled null
2026-08-27T17:44:58.754+01:00  INFO 74676 --- [oulearning] [onnection adder] oracle.jdbc                              : Session Attributes: 
sdu=8192, tdu=2097152
nt: host=localhost, port=62037, socketOptions={0=YES, 1=NO, 17=0, 18=false, 2=30000, 20=true, 38=TLS, 23=40, 24=50, 40=false, 25=0}
    socket=null
client profile={oracle.net.encryption_types_client=(), oracle.net.crypto_seed=, oracle.net.authentication_services=(), oracle.net.setFIPSMode=false, oracle.net.kerberos5_mutual_authentication=false, oracle.net.encryption_client=ACCEPTED, oracle.net.crypto_checksum_client=ACCEPTED, oracle.net.crypto_checksum_types_client=()}
onBreakReset=false, dataEOF=false, negotiatedOptions=0x0, connected=false
TTIINIT enabled=false, TTC cookie enabled=false

2026-08-27T17:44:58.754+01:00  INFO 74676 --- [oulearning] [onnection adder] oracle.jdbc                              : Connection establishment failed due to IOException, will be trying with next available connect option.
2026-08-27T17:44:58.754+01:00  INFO 74676 --- [oulearning] [onnection adder] oracle.jdbc                              : Got Refused, SessionTraceId = E9BB10B
2026-08-27T17:44:58.754+01:00  INFO 74676 --- [oulearning] [onnection adder] oracle.jdbc                              : Outbound interrupt timer cancelled null
2026-08-27T17:44:58.754+01:00  INFO 74676 --- [oulearning] [onnection adder] oracle.jdbc                              : throwing

java.sql.SQLRecoverableException: ORA-17002: I/O error: Connection reset, connect lapse 1 ms., Authentication lapse 0 ms.
https://docs.oracle.com/error-help/db/ora-17002/
	at oracle.jdbc.driver.T4CConnection.handleLogonIOException(T4CConnection.java:1660) ~[ojdbc11-23.5.0.24.07.jar:23.5.0.24.07]
	at oracle.jdbc.driver.T4CConnection.logon(T4CConnection.java:1142) ~[ojdbc11-23.5.0.24.07.jar:23.5.0.24.07]
	at oracle.jdbc.driver.PhysicalConnection.connect(PhysicalConnection.java:1206) ~[ojdbc11-23.5.0.24.07.jar:23.5.0.24.07]
	at oracle.jdbc.driver.T4CDriverExtension.getConnection(T4CDriverExtension.java:105) ~[ojdbc11-23.5.0.24.07.jar:23.5.0.24.07]
	at oracle.jdbc.driver.OracleDriver.connect(OracleDriver.java:886) ~[ojdbc11-23.5.0.24.07.jar:23.5.0.24.07]
	at oracle.jdbc.driver.OracleDriver.connect(OracleDriver.java:693) ~[ojdbc11-23.5.0.24.07.jar:23.5.0.24.07]
	at com.zaxxer.hikari.util.DriverDataSource.getConnection(DriverDataSource.java:137) ~[HikariCP-5.1.0.jar:na]
	at com.zaxxer.hikari.pool.PoolBase.newConnection(PoolBase.java:360) ~[HikariCP-5.1.0.jar:na]
	at com.zaxxer.hikari.pool.PoolBase.newPoolEntry(PoolBase.java:202) ~[HikariCP-5.1.0.jar:na]
	at com.zaxxer.hikari.pool.HikariPool.createPoolEntry(HikariPool.java:461) ~[HikariCP-5.1.0.jar:na]
	at com.zaxxer.hikari.pool.HikariPool$PoolEntryCreator.call(HikariPool.java:724) ~[HikariCP-5.1.0.jar:na]
	at com.zaxxer.hikari.pool.HikariPool$PoolEntryCreator.call(HikariPool.java:703) ~[HikariCP-5.1.0.jar:na]
	at java.base/java.util.concurrent.FutureTask.run(FutureTask.java:328) ~[na:na]
	at java.base/java.util.concurrent.ThreadPoolExecutor.runWorker(ThreadPoolExecutor.java:1090) ~[na:na]
	at java.base/java.util.concurrent.ThreadPoolExecutor$Worker.run(ThreadPoolExecutor.java:614) ~[na:na]
	at java.base/java.lang.Thread.run(Thread.java:1474) ~[na:na]
Caused by: java.io.IOException: Connection reset, connect lapse 1 ms., Authentication lapse 0 ms.
	at oracle.jdbc.driver.T4CConnection.handleLogonIOException(T4CConnection.java:1655) ~[ojdbc11-23.5.0.24.07.jar:23.5.0.24.07]
	... 15 common frames omitted
Caused by: java.io.IOException: Connection reset, connect lapse 1 ms.
	at oracle.net.ns.NSProtocolNIO.negotiateConnection(NSProtocolNIO.java:263) ~[ojdbc11-23.5.0.24.07.jar:23.5.0.24.07]
	at oracle.net.ns.NSProtocol.connect(NSProtocol.java:352) ~[ojdbc11-23.5.0.24.07.jar:23.5.0.24.07]
	at oracle.jdbc.driver.T4CConnection.connectNetworkSessionProtocol(T4CConnection.java:3419) ~[ojdbc11-23.5.0.24.07.jar:23.5.0.24.07]
	at oracle.jdbc.driver.T4CConnection.logon(T4CConnection.java:1018) ~[ojdbc11-23.5.0.24.07.jar:23.5.0.24.07]
	... 14 common frames omitted
Caused by: java.net.SocketException: Connection reset
	at java.base/sun.nio.ch.SocketChannelImpl.throwConnectionReset(SocketChannelImpl.java:399) ~[na:na]
	at java.base/sun.nio.ch.SocketChannelImpl.blockingRead(SocketChannelImpl.java:1420) ~[na:na]
	at java.base/sun.nio.ch.SocketInputStream.implRead(SocketInputStream.java:70) ~[na:na]
	at java.base/sun.nio.ch.SocketInputStream.read(SocketInputStream.java:78) ~[na:na]
	at oracle.net.nt.TimeoutSocketChannel.doBlockedRead(TimeoutSocketChannel.java:600) ~[ojdbc11-23.5.0.24.07.jar:23.5.0.24.07]
	at oracle.net.nt.TimeoutSocketChannel.read(TimeoutSocketChannel.java:536) ~[ojdbc11-23.5.0.24.07.jar:23.5.0.24.07]
	at oracle.net.ns.NSProtocolNIO.doSocketRead(NSProtocolNIO.java:1224) ~[ojdbc11-23.5.0.24.07.jar:23.5.0.24.07]
	at oracle.net.ns.NIOPacket.readNIOPacket(NIOPacket.java:436) ~[ojdbc11-23.5.0.24.07.jar:23.5.0.24.07]
	at oracle.net.ns.NSProtocolNIO.negotiateConnection(NSProtocolNIO.java:216) ~[ojdbc11-23.5.0.24.07.jar:23.5.0.24.07]
	... 17 common frames omitted

2026-08-27T17:44:58.755+01:00  INFO 74676 --- [oulearning] [onnection adder] oracle.jdbc                              : properties={LOCALE=en_US, DriverVersion=23.5.0.24.07, java.library.path: =/Users/erik/Library/Java/Extensions:/Library/Java/Extensions:/Network/Library/Java/Extensions:/System/Library/Java/Extensions:/usr/lib/java:., java.class.path: =/Users/erik/dev/oulearning/target/test-classes:/Users/erik/dev/oulearning/target/classes:/Users/erik/.m2/repository/org/springframework/boot/spring-boot-starter-data-jpa/3.4.0/spring-boot-starter-data-jpa-3.4.0.jar:/Users/erik/.m2/repository/org/springframework/boot/spring-boot-starter-jdbc/3.4.0/spring-boot-starter-jdbc-3.4.0.jar:/Users/erik/.m2/repository/com/zaxxer/HikariCP/5.1.0/HikariCP-5.1.0.jar:/Users/erik/.m2/repository/org/springframework/spring-jdbc/6.2.0/spring-jdbc-6.2.0.jar:/Users/erik/.m2/repository/org/hibernate/orm/hibernate-core/6.6.2.Final/hibernate-core-6.6.2.Final.jar:/Users/erik/.m2/repository/jakarta/persistence/jakarta.persistence-api/3.1.0/jakarta.persistence-api-3.1.0.jar:/Users/erik/.m2/repository/jakarta/transaction/jakarta.transaction-api/2.0.1/jakarta.transaction-api-2.0.1.jar:/Users/erik/.m2/repository/org/jboss/logging/jboss-logging/3.6.1.Final/jboss-logging-3.6.1.Final.jar:/Users/erik/.m2/repository/org/hibernate/common/hibernate-commons-annotations/7.0.3.Final/hibernate-commons-annotations-7.0.3.Final.jar:/Users/erik/.m2/repository/io/smallrye/jandex/3.2.0/jandex-3.2.0.jar:/Users/erik/.m2/repository/com/fasterxml/classmate/1.7.0/classmate-1.7.0.jar:/Users/erik/.m2/repository/net/bytebuddy/byte-buddy/1.15.10/byte-buddy-1.15.10.jar:/Users/erik/.m2/repository/org/glassfish/jaxb/jaxb-runtime/4.0.5/jaxb-runtime-4.0.5.jar:/Users/erik/.m2/repository/org/glassfish/jaxb/jaxb-core/4.0.5/jaxb-core-4.0.5.jar:/Users/erik/.m2/repository/org/eclipse/angus/angus-activation/2.0.2/angus-activation-2.0.2.jar:/Users/erik/.m2/repository/org/glassfish/jaxb/txw2/4.0.5/txw2-4.0.5.jar:/Users/erik/.m2/repository/com/sun/istack/istack-commons-runtime/4.1.2/istack-commons-runtime-4.1.2.jar:/Users/erik/.m2/repository/jakarta/inject/jakarta.inject-api/2.0.1/jakarta.inject-api-2.0.1.jar:/Users/erik/.m2/repository/org/antlr/antlr4-runtime/4.13.0/antlr4-runtime-4.13.0.jar:/Users/erik/.m2/repository/org/springframework/data/spring-data-jpa/3.4.0/spring-data-jpa-3.4.0.jar:/Users/erik/.m2/repository/org/springframework/data/spring-data-commons/3.4.0/spring-data-commons-3.4.0.jar:/Users/erik/.m2/repository/org/springframework/spring-orm/6.2.0/spring-orm-6.2.0.jar:/Users/erik/.m2/repository/org/springframework/spring-context/6.2.0/spring-context-6.2.0.jar:/Users/erik/.m2/repository/org/springframework/spring-aop/6.2.0/spring-aop-6.2.0.jar:/Users/erik/.m2/repository/org/springframework/spring-tx/6.2.0/spring-tx-6.2.0.jar:/Users/erik/.m2/repository/org/springframework/spring-beans/6.2.0/spring-beans-6.2.0.jar:/Users/erik/.m2/repository/org/slf4j/slf4j-api/2.0.16/slf4j-api-2.0.16.jar:/Users/erik/.m2/repository/org/springframework/spring-aspects/6.2.0/spring-aspects-6.2.0.jar:/Users/erik/.m2/repository/org/aspectj/aspectjweaver/1.9.22.1/aspectjweaver-1.9.22.1.jar:/Users/erik/.m2/repository/org/flywaydb/flyway-core/10.20.1/flyway-core-10.20.1.jar:/Users/erik/.m2/repository/com/fasterxml/jackson/dataformat/jackson-dataformat-toml/2.18.1/jackson-dataformat-toml-2.18.1.jar:/Users/erik/.m2/repository/com/fasterxml/jackson/core/jackson-core/2.18.1/jackson-core-2.18.1.jar:/Users/erik/.m2/repository/com/fasterxml/jackson/datatype/jackson-datatype-jsr310/2.18.1/jackson-datatype-jsr310-2.18.1.jar:/Users/erik/.m2/repository/com/fasterxml/jackson/core/jackson-annotations/2.18.1/jackson-annotations-2.18.1.jar:/Users/erik/.m2/repository/org/flywaydb/flyway-database-oracle/10.20.1/flyway-database-oracle-10.20.1.jar:/Users/erik/.m2/repository/com/oracle/database/jdbc/ojdbc11/23.5.0.24.07/ojdbc11-23.5.0.24.07.jar:/Users/erik/.m2/repository/org/springframework/boot/spring-boot-starter/3.4.0/spring-boot-starter-3.4.0.jar:/Users/erik/.m2/repository/org/springframework/boot/spring-boot/3.4.0/spring-boot-3.4.0.jar:/Users/erik/.m2/repository/org/springframework/boot/spring-boot-autoconfigure/3.4.0/spring-boot-autoconfigure-3.4.0.jar:/Users/erik/.m2/repository/org/springframework/boot/spring-boot-starter-logging/3.4.0/spring-boot-starter-logging-3.4.0.jar:/Users/erik/.m2/repository/ch/qos/logback/logback-classic/1.5.12/logback-classic-1.5.12.jar:/Users/erik/.m2/repository/ch/qos/logback/logback-core/1.5.12/logback-core-1.5.12.jar:/Users/erik/.m2/repository/org/apache/logging/log4j/log4j-to-slf4j/2.24.1/log4j-to-slf4j-2.24.1.jar:/Users/erik/.m2/repository/org/apache/logging/log4j/log4j-api/2.24.1/log4j-api-2.24.1.jar:/Users/erik/.m2/repository/org/slf4j/jul-to-slf4j/2.0.16/jul-to-slf4j-2.0.16.jar:/Users/erik/.m2/repository/jakarta/annotation/jakarta.annotation-api/2.1.1/jakarta.annotation-api-2.1.1.jar:/Users/erik/.m2/repository/org/springframework/spring-core/6.2.0/spring-core-6.2.0.jar:/Users/erik/.m2/repository/org/springframework/spring-jcl/6.2.0/spring-jcl-6.2.0.jar:/Users/erik/.m2/repository/org/yaml/snakeyaml/2.3/snakeyaml-2.3.jar:/Users/erik/.m2/repository/org/mybatis/spring/boot/mybatis-spring-boot-starter/3.0.3/mybatis-spring-boot-starter-3.0.3.jar:/Users/erik/.m2/repository/org/mybatis/spring/boot/mybatis-spring-boot-autoconfigure/3.0.3/mybatis-spring-boot-autoconfigure-3.0.3.jar:/Users/erik/.m2/repository/org/mybatis/mybatis/3.5.14/mybatis-3.5.14.jar:/Users/erik/.m2/repository/org/mybatis/mybatis-spring/3.0.3/mybatis-spring-3.0.3.jar:/Users/erik/.m2/repository/org/mybatis/spring/boot/mybatis-spring-boot-starter-test/3.0.3/mybatis-spring-boot-starter-test-3.0.3.jar:/Users/erik/.m2/repository/org/mybatis/spring/boot/mybatis-spring-boot-test-autoconfigure/3.0.3/mybatis-spring-boot-test-autoconfigure-3.0.3.jar:/Users/erik/.m2/repository/org/springframework/boot/spring-boot-starter-web/3.4.0/spring-boot-starter-web-3.4.0.jar:/Users/erik/.m2/repository/org/springframework/boot/spring-boot-starter-json/3.4.0/spring-boot-starter-json-3.4.0.jar:/Users/erik/.m2/repository/com/fasterxml/jackson/datatype/jackson-datatype-jdk8/2.18.1/jackson-datatype-jdk8-2.18.1.jar:/Users/erik/.m2/repository/com/fasterxml/jackson/module/jackson-module-parameter-names/2.18.1/jackson-module-parameter-names-2.18.1.jar:/Users/erik/.m2/repository/org/springframework/boot/spring-boot-starter-tomcat/3.4.0/spring-boot-starter-tomcat-3.4.0.jar:/Users/erik/.m2/repository/org/apache/tomcat/embed/tomcat-embed-core/10.1.33/tomcat-embed-core-10.1.33.jar:/Users/erik/.m2/repository/org/apache/tomcat/embed/tomcat-embed-websocket/10.1.33/tomcat-embed-websocket-10.1.33.jar:/Users/erik/.m2/repository/org/springframework/spring-web/6.2.0/spring-web-6.2.0.jar:/Users/erik/.m2/repository/io/micrometer/micrometer-observation/1.14.1/micrometer-observation-1.14.1.jar:/Users/erik/.m2/repository/io/micrometer/micrometer-commons/1.14.1/micrometer-commons-1.14.1.jar:/Users/erik/.m2/repository/org/springframework/spring-webmvc/6.2.0/spring-webmvc-6.2.0.jar:/Users/erik/.m2/repository/org/springframework/spring-expression/6.2.0/spring-expression-6.2.0.jar:/Users/erik/.m2/repository/org/springframework/boot/spring-boot-starter-validation/3.4.0/spring-boot-starter-validation-3.4.0.jar:/Users/erik/.m2/repository/org/apache/tomcat/embed/tomcat-embed-el/10.1.33/tomcat-embed-el-10.1.33.jar:/Users/erik/.m2/repository/org/hibernate/validator/hibernate-validator/8.0.1.Final/hibernate-validator-8.0.1.Final.jar:/Users/erik/.m2/repository/jakarta/validation/jakarta.validation-api/3.0.2/jakarta.validation-api-3.0.2.jar:/Users/erik/.m2/repository/io/swagger/core/v3/swagger-annotations/2.2.22/swagger-annotations-2.2.22.jar:/Users/erik/.m2/repository/org/openapitools/jackson-databind-nullable/0.2.6/jackson-databind-nullable-0.2.6.jar:/Users/erik/.m2/repository/com/fasterxml/jackson/core/jackson-databind/2.18.1/jackson-databind-2.18.1.jar:/Users/erik/.m2/repository/org/javamoney/moneta/moneta-core/1.4.4/moneta-core-1.4.4.jar:/Users/erik/.m2/repository/javax/money/money-api/1.1/money-api-1.1.jar:/Users/erik/.m2/repository/com/squareup/okhttp3/okhttp/4.12.0/okhttp-4.12.0.jar:/Users/erik/.m2/repository/com/squareup/okio/okio/3.6.0/okio-3.6.0.jar:/Users/erik/.m2/repository/com/squareup/okio/okio-jvm/3.6.0/okio-jvm-3.6.0.jar:/Users/erik/.m2/repository/org/jetbrains/kotlin/kotlin-stdlib-common/1.9.25/kotlin-stdlib-common-1.9.25.jar:/Users/erik/.m2/repository/org/jetbrains/kotlin/kotlin-stdlib-jdk8/1.9.25/kotlin-stdlib-jdk8-1.9.25.jar:/Users/erik/.m2/repository/org/jetbrains/kotlin/kotlin-stdlib/1.9.25/kotlin-stdlib-1.9.25.jar:/Users/erik/.m2/repository/org/jetbrains/kotlin/kotlin-stdlib-jdk7/1.9.25/kotlin-stdlib-jdk7-1.9.25.jar:/Users/erik/.m2/repository/org/springframework/boot/spring-boot-starter-test/3.4.0/spring-boot-starter-test-3.4.0.jar:/Users/erik/.m2/repository/org/springframework/boot/spring-boot-test/3.4.0/spring-boot-test-3.4.0.jar:/Users/erik/.m2/repository/org/springframework/boot/spring-boot-test-autoconfigure/3.4.0/spring-boot-test-autoconfigure-3.4.0.jar:/Users/erik/.m2/repository/com/jayway/jsonpath/json-path/2.9.0/json-path-2.9.0.jar:/Users/erik/.m2/repository/jakarta/xml/bind/jakarta.xml.bind-api/4.0.2/jakarta.xml.bind-api-4.0.2.jar:/Users/erik/.m2/repository/jakarta/activation/jakarta.activation-api/2.1.3/jakarta.activation-api-2.1.3.jar:/Users/erik/.m2/repository/net/minidev/json-smart/2.5.1/json-smart-2.5.1.jar:/Users/erik/.m2/repository/net/minidev/accessors-smart/2.5.1/accessors-smart-2.5.1.jar:/Users/erik/.m2/repository/org/ow2/asm/asm/9.6/asm-9.6.jar:/Users/erik/.m2/repository/org/assertj/assertj-core/3.26.3/assertj-core-3.26.3.jar:/Users/erik/.m2/repository/org/awaitility/awaitility/4.2.2/awaitility-4.2.2.jar:/Users/erik/.m2/repository/org/hamcrest/hamcrest/2.2/hamcrest-2.2.jar:/Users/erik/.m2/repository/org/junit/jupiter/junit-jupiter/5.11.3/junit-jupiter-5.11.3.jar:/Users/erik/.m2/repository/org/junit/jupiter/junit-jupiter-api/5.11.3/junit-jupiter-api-5.11.3.jar:/Users/erik/.m2/repository/org/opentest4j/opentest4j/1.3.0/opentest4j-1.3.0.jar:/Users/erik/.m2/repository/org/junit/platform/junit-platform-commons/1.11.3/junit-platform-commons-1.11.3.jar:/Users/erik/.m2/repository/org/apiguardian/apiguardian-api/1.1.2/apiguardian-api-1.1.2.jar:/Users/erik/.m2/repository/org/junit/jupiter/junit-jupiter-params/5.11.3/junit-jupiter-params-5.11.3.jar:/Users/erik/.m2/repository/org/junit/jupiter/junit-jupiter-engine/5.11.3/junit-jupiter-engine-5.11.3.jar:/Users/erik/.m2/repository/org/junit/platform/junit-platform-engine/1.11.3/junit-platform-engine-1.11.3.jar:/Users/erik/.m2/repository/org/mockito/mockito-core/5.14.2/mockito-core-5.14.2.jar:/Users/erik/.m2/repository/net/bytebuddy/byte-buddy-agent/1.15.10/byte-buddy-agent-1.15.10.jar:/Users/erik/.m2/repository/org/objenesis/objenesis/3.3/objenesis-3.3.jar:/Users/erik/.m2/repository/org/mockito/mockito-junit-jupiter/5.14.2/mockito-junit-jupiter-5.14.2.jar:/Users/erik/.m2/repository/org/skyscreamer/jsonassert/1.5.3/jsonassert-1.5.3.jar:/Users/erik/.m2/repository/com/vaadin/external/google/android-json/0.0.20131108.vaadin1/android-json-0.0.20131108.vaadin1.jar:/Users/erik/.m2/repository/org/springframework/spring-test/6.2.0/spring-test-6.2.0.jar:/Users/erik/.m2/repository/org/xmlunit/xmlunit-core/2.10.0/xmlunit-core-2.10.0.jar:/Users/erik/.m2/repository/org/springframework/boot/spring-boot-testcontainers/3.4.0/spring-boot-testcontainers-3.4.0.jar:/Users/erik/.m2/repository/org/testcontainers/testcontainers/1.20.4/testcontainers-1.20.4.jar:/Users/erik/.m2/repository/junit/junit/4.13.2/junit-4.13.2.jar:/Users/erik/.m2/repository/org/hamcrest/hamcrest-core/2.2/hamcrest-core-2.2.jar:/Users/erik/.m2/repository/org/apache/commons/commons-compress/1.24.0/commons-compress-1.24.0.jar:/Users/erik/.m2/repository/org/rnorth/duct-tape/duct-tape/1.0.8/duct-tape-1.0.8.jar:/Users/erik/.m2/repository/org/jetbrains/annotations/17.0.0/annotations-17.0.0.jar:/Users/erik/.m2/repository/com/github/docker-java/docker-java-api/3.4.0/docker-java-api-3.4.0.jar:/Users/erik/.m2/repository/com/github/docker-java/docker-java-transport-zerodep/3.4.0/docker-java-transport-zerodep-3.4.0.jar:/Users/erik/.m2/repository/com/github/docker-java/docker-java-transport/3.4.0/docker-java-transport-3.4.0.jar:/Users/erik/.m2/repository/net/java/dev/jna/jna/5.13.0/jna-5.13.0.jar:/Users/erik/.m2/repository/org/testcontainers/oracle-xe/1.20.4/oracle-xe-1.20.4.jar:/Users/erik/.m2/repository/org/testcontainers/jdbc/1.20.4/jdbc-1.20.4.jar:/Users/erik/.m2/repository/org/testcontainers/database-commons/1.20.4/database-commons-1.20.4.jar:/Users/erik/.m2/repository/org/testcontainers/junit-jupiter/1.20.4/junit-jupiter-1.20.4.jar:/Users/erik/.m2/repository/org/instancio/instancio-junit/5.4.0/instancio-junit-5.4.0.jar:/Users/erik/.m2/repository/org/instancio/instancio-core/5.4.0/instancio-core-5.4.0.jar:/Users/erik/.m2/repository/com/tngtech/archunit/archunit-junit5/1.4.0/archunit-junit5-1.4.0.jar:/Users/erik/.m2/repository/com/tngtech/archunit/archunit-junit5-api/1.4.0/archunit-junit5-api-1.4.0.jar:/Users/erik/.m2/repository/com/tngtech/archunit/archunit/1.4.0/archunit-1.4.0.jar:/Users/erik/.m2/repository/com/tngtech/archunit/archunit-junit5-engine/1.4.0/archunit-junit5-engine-1.4.0.jar:/Users/erik/.m2/repository/com/tngtech/archunit/archunit-junit5-engine-api/1.4.0/archunit-junit5-engine-api-1.4.0.jar:, java.version: =25.0.3}. 
[ERROR] Tests run: 4, Failures: 0, Errors: 2, Skipped: 0, Time elapsed: 12.05 s <<< FAILURE! -- in com.example.oulearning.training.infrastructure.persistence.MyBatisTrainingRepositoryIT
[ERROR] com.example.oulearning.training.infrastructure.persistence.MyBatisTrainingRepositoryIT.givenExistingTrainingWithAttendees_whenUpdating_thenAttendeesArePersisted -- Time elapsed: 0.314 s <<< ERROR!
org.springframework.dao.DataIntegrityViolationException: 

### Error updating database.  Cause: java.sql.SQLIntegrityConstraintViolationException: ORA-02291: integrity constraint (TEST.FK_TA_EMPLOYEE) violated - parent key not found

https://docs.oracle.com/error-help/db/ora-02291/
### The error may exist in com/example/oulearning/training/infrastructure/persistence/TrainingMapper.java (best guess)
### The error may involve com.example.oulearning.training.infrastructure.persistence.TrainingMapper.insertAttendee-Inline
### The error occurred while setting parameters
### SQL: INSERT INTO training_attendee (training_id, employee_id) VALUES (?, ?)
### Cause: java.sql.SQLIntegrityConstraintViolationException: ORA-02291: integrity constraint (TEST.FK_TA_EMPLOYEE) violated - parent key not found

https://docs.oracle.com/error-help/db/ora-02291/
; ORA-02291: integrity constraint (TEST.FK_TA_EMPLOYEE) violated - parent key not found

https://docs.oracle.com/error-help/db/ora-02291/
	at org.springframework.jdbc.support.SQLErrorCodeSQLExceptionTranslator.doTranslate(SQLErrorCodeSQLExceptionTranslator.java:258)
	at org.springframework.jdbc.support.AbstractFallbackSQLExceptionTranslator.translate(AbstractFallbackSQLExceptionTranslator.java:107)
	at org.mybatis.spring.MyBatisExceptionTranslator.translateExceptionIfPossible(MyBatisExceptionTranslator.java:92)
	at org.mybatis.spring.SqlSessionTemplate$SqlSessionInterceptor.invoke(SqlSessionTemplate.java:439)
	at jdk.proxy2/jdk.proxy2.$Proxy149.insert(Unknown Source)
	at org.mybatis.spring.SqlSessionTemplate.insert(SqlSessionTemplate.java:272)
	at org.apache.ibatis.binding.MapperMethod.execute(MapperMethod.java:62)
	at org.apache.ibatis.binding.MapperProxy$PlainMethodInvoker.invoke(MapperProxy.java:141)
	at org.apache.ibatis.binding.MapperProxy.invoke(MapperProxy.java:86)
	at com.example.oulearning.training.infrastructure.persistence.$Proxy163.insertAttendee(Unknown Source)
	at com.example.oulearning.training.infrastructure.persistence.MyBatisTrainingRepository.saveAttendees(MyBatisTrainingRepository.java:100)
	at com.example.oulearning.training.infrastructure.persistence.MyBatisTrainingRepository.save(MyBatisTrainingRepository.java:93)
	at com.example.oulearning.training.infrastructure.persistence.MyBatisTrainingRepositoryIT.givenExistingTrainingWithAttendees_whenUpdating_thenAttendeesArePersisted(MyBatisTrainingRepositoryIT.java:98)
	at java.base/java.lang.reflect.Method.invoke(Method.java:565)
	at java.base/java.util.ArrayList.forEach(ArrayList.java:1604)
	at java.base/java.util.ArrayList.forEach(ArrayList.java:1604)
Caused by: java.sql.SQLIntegrityConstraintViolationException: ORA-02291: integrity constraint (TEST.FK_TA_EMPLOYEE) violated - parent key not found

https://docs.oracle.com/error-help/db/ora-02291/
	at oracle.jdbc.driver.T4CTTIoer11.processError(T4CTTIoer11.java:709)
	at oracle.jdbc.driver.T4CTTIoer11.processError(T4CTTIoer11.java:609)
	at oracle.jdbc.driver.T4C8Oall.processError(T4C8Oall.java:1347)
	at oracle.jdbc.driver.T4CTTIfun.receive(T4CTTIfun.java:1100)
	at oracle.jdbc.driver.T4CTTIfun.doRPC(T4CTTIfun.java:408)
	at oracle.jdbc.driver.T4C8Oall.doOALL(T4C8Oall.java:499)
	at oracle.jdbc.driver.T4CPreparedStatement.doOall8(T4CPreparedStatement.java:274)
	at oracle.jdbc.driver.T4CPreparedStatement.executeForRows(T4CPreparedStatement.java:1484)
	at oracle.jdbc.driver.OracleStatement.executeSQLStatement(OracleStatement.java:2008)
	at oracle.jdbc.driver.OracleStatement.doExecuteWithTimeout(OracleStatement.java:1621)
	at oracle.jdbc.driver.OraclePreparedStatement.executeInternal(OraclePreparedStatement.java:3955)
	at oracle.jdbc.driver.OraclePreparedStatement.doExecute(OraclePreparedStatement.java:4422)
	at oracle.jdbc.driver.OraclePreparedStatement.execute(OraclePreparedStatement.java:4408)
	at oracle.jdbc.driver.OraclePreparedStatementWrapper.execute(OraclePreparedStatementWrapper.java:1015)
	at com.zaxxer.hikari.pool.ProxyPreparedStatement.execute(ProxyPreparedStatement.java:44)
	at com.zaxxer.hikari.pool.HikariProxyPreparedStatement.execute(HikariProxyPreparedStatement.java)
	at org.apache.ibatis.executor.statement.PreparedStatementHandler.update(PreparedStatementHandler.java:48)
	at org.apache.ibatis.executor.statement.RoutingStatementHandler.update(RoutingStatementHandler.java:75)
	at org.apache.ibatis.executor.SimpleExecutor.doUpdate(SimpleExecutor.java:50)
	at org.apache.ibatis.executor.BaseExecutor.update(BaseExecutor.java:117)
	at org.apache.ibatis.executor.CachingExecutor.update(CachingExecutor.java:76)
	at org.apache.ibatis.session.defaults.DefaultSqlSession.update(DefaultSqlSession.java:197)
	at org.apache.ibatis.session.defaults.DefaultSqlSession.insert(DefaultSqlSession.java:184)
	at java.base/jdk.internal.reflect.DirectMethodHandleAccessor.invoke(DirectMethodHandleAccessor.java:104)
	at java.base/java.lang.reflect.Method.invoke(Method.java:565)
	at org.mybatis.spring.SqlSessionTemplate$SqlSessionInterceptor.invoke(SqlSessionTemplate.java:425)
	... 12 more
Caused by: Error : 2291, Position : 0, SQL = INSERT INTO training_attendee (training_id, employee_id) VALUES (:1 , :2 ), Original SQL = INSERT INTO training_attendee (training_id, employee_id) VALUES (?, ?), Error Message = ORA-02291: integrity constraint (TEST.FK_TA_EMPLOYEE) violated - parent key not found

	at oracle.jdbc.driver.T4CTTIoer11.processError(T4CTTIoer11.java:717)
	... 37 more

[ERROR] com.example.oulearning.training.infrastructure.persistence.MyBatisTrainingRepositoryIT.givenValidTraining_whenSaving_thenCanBeRetrieved -- Time elapsed: 0.013 s <<< ERROR!
org.springframework.dao.DataIntegrityViolationException: 

### Error updating database.  Cause: java.sql.SQLIntegrityConstraintViolationException: ORA-02291: integrity constraint (TEST.FK_TRAINING_TYPE) violated - parent key not found

https://docs.oracle.com/error-help/db/ora-02291/
### The error may exist in com/example/oulearning/training/infrastructure/persistence/TrainingMapper.java (best guess)
### The error may involve com.example.oulearning.training.infrastructure.persistence.TrainingMapper.insert-Inline
### The error occurred while setting parameters
### SQL: INSERT INTO training (id, requested_by_employee_id, organizational_unit_id, name, cost_amount, cost_currency, hours, purpose_type, purpose_other, type_id, status, manager_review_comments, manager_review_modality, manager_review_start_date, manager_review_end_date, manager_review_external_provider_id, manager_review_reviewed_at, created_at, updated_at, active) VALUES (?, ?, ?, ?, ?, ?, ?, ?, ?, ?, ?, ?, ?, ?, ?, ?, ?, ?, ?, ?)
### Cause: java.sql.SQLIntegrityConstraintViolationException: ORA-02291: integrity constraint (TEST.FK_TRAINING_TYPE) violated - parent key not found

https://docs.oracle.com/error-help/db/ora-02291/
; ORA-02291: integrity constraint (TEST.FK_TRAINING_TYPE) violated - parent key not found

https://docs.oracle.com/error-help/db/ora-02291/
	at org.springframework.jdbc.support.SQLErrorCodeSQLExceptionTranslator.doTranslate(SQLErrorCodeSQLExceptionTranslator.java:258)
	at org.springframework.jdbc.support.AbstractFallbackSQLExceptionTranslator.translate(AbstractFallbackSQLExceptionTranslator.java:107)
	at org.mybatis.spring.MyBatisExceptionTranslator.translateExceptionIfPossible(MyBatisExceptionTranslator.java:92)
	at org.mybatis.spring.SqlSessionTemplate$SqlSessionInterceptor.invoke(SqlSessionTemplate.java:439)
	at jdk.proxy2/jdk.proxy2.$Proxy149.insert(Unknown Source)
	at org.mybatis.spring.SqlSessionTemplate.insert(SqlSessionTemplate.java:272)
	at org.apache.ibatis.binding.MapperMethod.execute(MapperMethod.java:62)
	at org.apache.ibatis.binding.MapperProxy$PlainMethodInvoker.invoke(MapperProxy.java:141)
	at org.apache.ibatis.binding.MapperProxy.invoke(MapperProxy.java:86)
	at com.example.oulearning.training.infrastructure.persistence.$Proxy163.insert(Unknown Source)
	at com.example.oulearning.training.infrastructure.persistence.MyBatisTrainingRepository.save(MyBatisTrainingRepository.java:88)
	at com.example.oulearning.training.infrastructure.persistence.MyBatisTrainingRepositoryIT.givenValidTraining_whenSaving_thenCanBeRetrieved(MyBatisTrainingRepositoryIT.java:71)
	at java.base/java.lang.reflect.Method.invoke(Method.java:565)
	at java.base/java.util.ArrayList.forEach(ArrayList.java:1604)
	at java.base/java.util.ArrayList.forEach(ArrayList.java:1604)
Caused by: java.sql.SQLIntegrityConstraintViolationException: ORA-02291: integrity constraint (TEST.FK_TRAINING_TYPE) violated - parent key not found

https://docs.oracle.com/error-help/db/ora-02291/
	at oracle.jdbc.driver.T4CTTIoer11.processError(T4CTTIoer11.java:709)
	at oracle.jdbc.driver.T4CTTIoer11.processError(T4CTTIoer11.java:609)
	at oracle.jdbc.driver.T4C8Oall.processError(T4C8Oall.java:1347)
	at oracle.jdbc.driver.T4CTTIfun.receive(T4CTTIfun.java:1100)
	at oracle.jdbc.driver.T4CTTIfun.doRPC(T4CTTIfun.java:408)
	at oracle.jdbc.driver.T4C8Oall.doOALL(T4C8Oall.java:499)
	at oracle.jdbc.driver.T4CPreparedStatement.doOall8(T4CPreparedStatement.java:274)
	at oracle.jdbc.driver.T4CPreparedStatement.executeForRows(T4CPreparedStatement.java:1484)
	at oracle.jdbc.driver.OracleStatement.executeSQLStatement(OracleStatement.java:2008)
	at oracle.jdbc.driver.OracleStatement.doExecuteWithTimeout(OracleStatement.java:1621)
	at oracle.jdbc.driver.OraclePreparedStatement.executeInternal(OraclePreparedStatement.java:3955)
	at oracle.jdbc.driver.OraclePreparedStatement.doExecute(OraclePreparedStatement.java:4422)
	at oracle.jdbc.driver.OraclePreparedStatement.execute(OraclePreparedStatement.java:4408)
	at oracle.jdbc.driver.OraclePreparedStatementWrapper.execute(OraclePreparedStatementWrapper.java:1015)
	at com.zaxxer.hikari.pool.ProxyPreparedStatement.execute(ProxyPreparedStatement.java:44)
	at com.zaxxer.hikari.pool.HikariProxyPreparedStatement.execute(HikariProxyPreparedStatement.java)
	at org.apache.ibatis.executor.statement.PreparedStatementHandler.update(PreparedStatementHandler.java:48)
	at org.apache.ibatis.executor.statement.RoutingStatementHandler.update(RoutingStatementHandler.java:75)
	at org.apache.ibatis.executor.SimpleExecutor.doUpdate(SimpleExecutor.java:50)
	at org.apache.ibatis.executor.BaseExecutor.update(BaseExecutor.java:117)
	at org.apache.ibatis.executor.CachingExecutor.update(CachingExecutor.java:76)
	at org.apache.ibatis.session.defaults.DefaultSqlSession.update(DefaultSqlSession.java:197)
	at org.apache.ibatis.session.defaults.DefaultSqlSession.insert(DefaultSqlSession.java:184)
	at java.base/jdk.internal.reflect.DirectMethodHandleAccessor.invoke(DirectMethodHandleAccessor.java:104)
	at java.base/java.lang.reflect.Method.invoke(Method.java:565)
	at org.mybatis.spring.SqlSessionTemplate$SqlSessionInterceptor.invoke(SqlSessionTemplate.java:425)
	... 11 more
Caused by: Error : 2291, Position : 0, SQL = INSERT INTO training (id, requested_by_employee_id, organizational_unit_id, name, cost_amount, cost_currency, hours, purpose_type, purpose_other, type_id, status, manager_review_comments, manager_review_modality, manager_review_start_date, manager_review_end_date, manager_review_external_provider_id, manager_review_reviewed_at, created_at, updated_at, active) VALUES (:1 , :2 , :3 , :4 , :5 , :6 , :7 , :8 , :9 , :10 , :11 , :12 , :13 , :14 , :15 , :16 , :17 , :18 , :19 , :20 ) RETURNING id INTO :21  [SQL INCLUDES EXPRESSIONS ADDED BY THE ORACLE JDBC DRIVER], Original SQL = INSERT INTO training (id, requested_by_employee_id, organizational_unit_id, name, cost_amount, cost_currency, hours, purpose_type, purpose_other, type_id, status, manager_review_comments, manager_review_modality, manager_review_start_date, manager_review_end_date, manager_review_external_provider_id, manager_review_reviewed_at, created_at, updated_at, active) VALUES (?, ?, ?, ?, ?, ?, ?, ?, ?, ?, ?, ?, ?, ?, ?, ?, ?, ?, ?, ?) RETURNING id INTO ?, Error Message = ORA-02291: integrity constraint (TEST.FK_TRAINING_TYPE) violated - parent key not found

	at oracle.jdbc.driver.T4CTTIoer11.processError(T4CTTIoer11.java:717)
	... 36 more

[INFO] Running com.example.oulearning.training.TrainingWorkflowIT
2026-08-27T17:44:59.071+01:00  INFO 74676 --- [oulearning] [           main] t.c.s.AnnotationConfigContextLoaderUtils : Could not detect default configuration classes for test class [com.example.oulearning.training.TrainingWorkflowIT]: TrainingWorkflowIT does not declare any static, non-private, non-final, nested classes annotated with @Configuration.
2026-08-27T17:44:59.087+01:00  INFO 74676 --- [oulearning] [           main] .b.t.c.SpringBootTestContextBootstrapper : Found @SpringBootConfiguration com.example.oulearning.OulearningApplication for test class com.example.oulearning.training.TrainingWorkflowIT
2026-08-27T17:44:59.089+01:00  INFO 74676 --- [oulearning] [           main] t.gvenzl/oracle-free:23-slim-faststart   : Creating container for image: gvenzl/oracle-free:23-slim-faststart
2026-08-27T17:44:59.151+01:00  INFO 74676 --- [oulearning] [           main] t.gvenzl/oracle-free:23-slim-faststart   : Container gvenzl/oracle-free:23-slim-faststart is starting: e4d8b0dd377735a23a6f4de7f58fc2adec91d39b76410c22048641525b869d8a
2026-08-27T17:44:59.850+01:00  INFO 74676 --- [oulearning] [onnection adder] oracle.jdbc                              : entering args (oracle.jdbc.internal.AbstractConnectionBuilder$1@102c7693)
2026-08-27T17:44:59.850+01:00  INFO 74676 --- [oulearning] [onnection adder] oracle.jdbc                              : traceId=250DF5B4. 
2026-08-27T17:44:59.850+01:00  INFO 74676 --- [oulearning] [onnection adder] oracle.jdbc                              : Session Attributes: 
sdu=8192, tdu=2097152
nt: host=localhost, port=62037, socketOptions={0=YES, 1=NO, 17=0, 18=false, 2=30000, 20=true, 38=TLS, 23=40, 24=50, 40=false, 25=0}
    socket=null
client profile={oracle.net.encryption_types_client=(), oracle.net.crypto_seed=, oracle.net.authentication_services=(), oracle.net.setFIPSMode=false, oracle.net.kerberos5_mutual_authentication=false, oracle.net.encryption_client=ACCEPTED, oracle.net.crypto_checksum_client=ACCEPTED, oracle.net.crypto_checksum_types_client=()}
onBreakReset=false, dataEOF=false, negotiatedOptions=0x0, connected=false
TTIINIT enabled=false, TTC cookie enabled=false

2026-08-27T17:44:59.850+01:00  INFO 74676 --- [oulearning] [onnection adder] oracle.jdbc                              : traceId=250DF5B4, anoEnabled=true. 
2026-08-27T17:44:59.850+01:00  INFO 74676 --- [oulearning] [onnection adder] oracle.jdbc                              : Got Refused, SessionTraceId = 250DF5B4
2026-08-27T17:44:59.850+01:00  INFO 74676 --- [oulearning] [onnection adder] oracle.jdbc                              : Outbound interrupt timer cancelled null
2026-08-27T17:44:59.850+01:00  INFO 74676 --- [oulearning] [onnection adder] oracle.jdbc                              : throwing

java.sql.SQLRecoverableException: ORA-12514: Cannot connect to database. Service FREEPDB1 is not registered with the listener at host localhost port 62037. (CONNECTION_ID=9vgYUewITR6cJPWe/2Ps9Q==)
https://docs.oracle.com/error-help/db/ora-12514/
	at oracle.jdbc.driver.T4CConnection.handleLogonNetException(T4CConnection.java:1617) ~[ojdbc11-23.5.0.24.07.jar:23.5.0.24.07]
	at oracle.jdbc.driver.T4CConnection.logon(T4CConnection.java:1139) ~[ojdbc11-23.5.0.24.07.jar:23.5.0.24.07]
	at oracle.jdbc.driver.PhysicalConnection.connect(PhysicalConnection.java:1206) ~[ojdbc11-23.5.0.24.07.jar:23.5.0.24.07]
	at oracle.jdbc.driver.T4CDriverExtension.getConnection(T4CDriverExtension.java:105) ~[ojdbc11-23.5.0.24.07.jar:23.5.0.24.07]
	at oracle.jdbc.driver.OracleDriver.connect(OracleDriver.java:886) ~[ojdbc11-23.5.0.24.07.jar:23.5.0.24.07]
	at oracle.jdbc.driver.OracleDriver.connect(OracleDriver.java:693) ~[ojdbc11-23.5.0.24.07.jar:23.5.0.24.07]
	at com.zaxxer.hikari.util.DriverDataSource.getConnection(DriverDataSource.java:137) ~[HikariCP-5.1.0.jar:na]
	at com.zaxxer.hikari.pool.PoolBase.newConnection(PoolBase.java:360) ~[HikariCP-5.1.0.jar:na]
	at com.zaxxer.hikari.pool.PoolBase.newPoolEntry(PoolBase.java:202) ~[HikariCP-5.1.0.jar:na]
	at com.zaxxer.hikari.pool.HikariPool.createPoolEntry(HikariPool.java:461) ~[HikariCP-5.1.0.jar:na]
	at com.zaxxer.hikari.pool.HikariPool$PoolEntryCreator.call(HikariPool.java:724) ~[HikariCP-5.1.0.jar:na]
	at com.zaxxer.hikari.pool.HikariPool$PoolEntryCreator.call(HikariPool.java:703) ~[HikariCP-5.1.0.jar:na]
	at java.base/java.util.concurrent.FutureTask.run(FutureTask.java:328) ~[na:na]
	at java.base/java.util.concurrent.ThreadPoolExecutor.runWorker(ThreadPoolExecutor.java:1090) ~[na:na]
	at java.base/java.util.concurrent.ThreadPoolExecutor$Worker.run(ThreadPoolExecutor.java:614) ~[na:na]
	at java.base/java.lang.Thread.run(Thread.java:1474) ~[na:na]
Caused by: oracle.net.ns.NetException: ORA-12514: Cannot connect to database. Service FREEPDB1 is not registered with the listener at host localhost port 62037. (CONNECTION_ID=9vgYUewITR6cJPWe/2Ps9Q==)
https://docs.oracle.com/error-help/db/ora-12514/
	at oracle.net.ns.NSProtocolNIO.createRefusePacketException(NSProtocolNIO.java:915) ~[ojdbc11-23.5.0.24.07.jar:23.5.0.24.07]
	at oracle.net.ns.NSProtocolNIO.handleConnectPacketResponse(NSProtocolNIO.java:461) ~[ojdbc11-23.5.0.24.07.jar:23.5.0.24.07]
	at oracle.net.ns.NSProtocolNIO.negotiateConnection(NSProtocolNIO.java:269) ~[ojdbc11-23.5.0.24.07.jar:23.5.0.24.07]
	at oracle.net.ns.NSProtocol.connect(NSProtocol.java:352) ~[ojdbc11-23.5.0.24.07.jar:23.5.0.24.07]
	at oracle.jdbc.driver.T4CConnection.connectNetworkSessionProtocol(T4CConnection.java:3419) ~[ojdbc11-23.5.0.24.07.jar:23.5.0.24.07]
	at oracle.jdbc.driver.T4CConnection.logon(T4CConnection.java:1018) ~[ojdbc11-23.5.0.24.07.jar:23.5.0.24.07]
	... 14 common frames omitted

2026-08-27T17:44:59.851+01:00  INFO 74676 --- [oulearning] [onnection adder] oracle.jdbc                              : properties={LOCALE=en_US, DriverVersion=23.5.0.24.07, java.library.path: =/Users/erik/Library/Java/Extensions:/Library/Java/Extensions:/Network/Library/Java/Extensions:/System/Library/Java/Extensions:/usr/lib/java:., java.class.path: =/Users/erik/dev/oulearning/target/test-classes:/Users/erik/dev/oulearning/target/classes:/Users/erik/.m2/repository/org/springframework/boot/spring-boot-starter-data-jpa/3.4.0/spring-boot-starter-data-jpa-3.4.0.jar:/Users/erik/.m2/repository/org/springframework/boot/spring-boot-starter-jdbc/3.4.0/spring-boot-starter-jdbc-3.4.0.jar:/Users/erik/.m2/repository/com/zaxxer/HikariCP/5.1.0/HikariCP-5.1.0.jar:/Users/erik/.m2/repository/org/springframework/spring-jdbc/6.2.0/spring-jdbc-6.2.0.jar:/Users/erik/.m2/repository/org/hibernate/orm/hibernate-core/6.6.2.Final/hibernate-core-6.6.2.Final.jar:/Users/erik/.m2/repository/jakarta/persistence/jakarta.persistence-api/3.1.0/jakarta.persistence-api-3.1.0.jar:/Users/erik/.m2/repository/jakarta/transaction/jakarta.transaction-api/2.0.1/jakarta.transaction-api-2.0.1.jar:/Users/erik/.m2/repository/org/jboss/logging/jboss-logging/3.6.1.Final/jboss-logging-3.6.1.Final.jar:/Users/erik/.m2/repository/org/hibernate/common/hibernate-commons-annotations/7.0.3.Final/hibernate-commons-annotations-7.0.3.Final.jar:/Users/erik/.m2/repository/io/smallrye/jandex/3.2.0/jandex-3.2.0.jar:/Users/erik/.m2/repository/com/fasterxml/classmate/1.7.0/classmate-1.7.0.jar:/Users/erik/.m2/repository/net/bytebuddy/byte-buddy/1.15.10/byte-buddy-1.15.10.jar:/Users/erik/.m2/repository/org/glassfish/jaxb/jaxb-runtime/4.0.5/jaxb-runtime-4.0.5.jar:/Users/erik/.m2/repository/org/glassfish/jaxb/jaxb-core/4.0.5/jaxb-core-4.0.5.jar:/Users/erik/.m2/repository/org/eclipse/angus/angus-activation/2.0.2/angus-activation-2.0.2.jar:/Users/erik/.m2/repository/org/glassfish/jaxb/txw2/4.0.5/txw2-4.0.5.jar:/Users/erik/.m2/repository/com/sun/istack/istack-commons-runtime/4.1.2/istack-commons-runtime-4.1.2.jar:/Users/erik/.m2/repository/jakarta/inject/jakarta.inject-api/2.0.1/jakarta.inject-api-2.0.1.jar:/Users/erik/.m2/repository/org/antlr/antlr4-runtime/4.13.0/antlr4-runtime-4.13.0.jar:/Users/erik/.m2/repository/org/springframework/data/spring-data-jpa/3.4.0/spring-data-jpa-3.4.0.jar:/Users/erik/.m2/repository/org/springframework/data/spring-data-commons/3.4.0/spring-data-commons-3.4.0.jar:/Users/erik/.m2/repository/org/springframework/spring-orm/6.2.0/spring-orm-6.2.0.jar:/Users/erik/.m2/repository/org/springframework/spring-context/6.2.0/spring-context-6.2.0.jar:/Users/erik/.m2/repository/org/springframework/spring-aop/6.2.0/spring-aop-6.2.0.jar:/Users/erik/.m2/repository/org/springframework/spring-tx/6.2.0/spring-tx-6.2.0.jar:/Users/erik/.m2/repository/org/springframework/spring-beans/6.2.0/spring-beans-6.2.0.jar:/Users/erik/.m2/repository/org/slf4j/slf4j-api/2.0.16/slf4j-api-2.0.16.jar:/Users/erik/.m2/repository/org/springframework/spring-aspects/6.2.0/spring-aspects-6.2.0.jar:/Users/erik/.m2/repository/org/aspectj/aspectjweaver/1.9.22.1/aspectjweaver-1.9.22.1.jar:/Users/erik/.m2/repository/org/flywaydb/flyway-core/10.20.1/flyway-core-10.20.1.jar:/Users/erik/.m2/repository/com/fasterxml/jackson/dataformat/jackson-dataformat-toml/2.18.1/jackson-dataformat-toml-2.18.1.jar:/Users/erik/.m2/repository/com/fasterxml/jackson/core/jackson-core/2.18.1/jackson-core-2.18.1.jar:/Users/erik/.m2/repository/com/fasterxml/jackson/datatype/jackson-datatype-jsr310/2.18.1/jackson-datatype-jsr310-2.18.1.jar:/Users/erik/.m2/repository/com/fasterxml/jackson/core/jackson-annotations/2.18.1/jackson-annotations-2.18.1.jar:/Users/erik/.m2/repository/org/flywaydb/flyway-database-oracle/10.20.1/flyway-database-oracle-10.20.1.jar:/Users/erik/.m2/repository/com/oracle/database/jdbc/ojdbc11/23.5.0.24.07/ojdbc11-23.5.0.24.07.jar:/Users/erik/.m2/repository/org/springframework/boot/spring-boot-starter/3.4.0/spring-boot-starter-3.4.0.jar:/Users/erik/.m2/repository/org/springframework/boot/spring-boot/3.4.0/spring-boot-3.4.0.jar:/Users/erik/.m2/repository/org/springframework/boot/spring-boot-autoconfigure/3.4.0/spring-boot-autoconfigure-3.4.0.jar:/Users/erik/.m2/repository/org/springframework/boot/spring-boot-starter-logging/3.4.0/spring-boot-starter-logging-3.4.0.jar:/Users/erik/.m2/repository/ch/qos/logback/logback-classic/1.5.12/logback-classic-1.5.12.jar:/Users/erik/.m2/repository/ch/qos/logback/logback-core/1.5.12/logback-core-1.5.12.jar:/Users/erik/.m2/repository/org/apache/logging/log4j/log4j-to-slf4j/2.24.1/log4j-to-slf4j-2.24.1.jar:/Users/erik/.m2/repository/org/apache/logging/log4j/log4j-api/2.24.1/log4j-api-2.24.1.jar:/Users/erik/.m2/repository/org/slf4j/jul-to-slf4j/2.0.16/jul-to-slf4j-2.0.16.jar:/Users/erik/.m2/repository/jakarta/annotation/jakarta.annotation-api/2.1.1/jakarta.annotation-api-2.1.1.jar:/Users/erik/.m2/repository/org/springframework/spring-core/6.2.0/spring-core-6.2.0.jar:/Users/erik/.m2/repository/org/springframework/spring-jcl/6.2.0/spring-jcl-6.2.0.jar:/Users/erik/.m2/repository/org/yaml/snakeyaml/2.3/snakeyaml-2.3.jar:/Users/erik/.m2/repository/org/mybatis/spring/boot/mybatis-spring-boot-starter/3.0.3/mybatis-spring-boot-starter-3.0.3.jar:/Users/erik/.m2/repository/org/mybatis/spring/boot/mybatis-spring-boot-autoconfigure/3.0.3/mybatis-spring-boot-autoconfigure-3.0.3.jar:/Users/erik/.m2/repository/org/mybatis/mybatis/3.5.14/mybatis-3.5.14.jar:/Users/erik/.m2/repository/org/mybatis/mybatis-spring/3.0.3/mybatis-spring-3.0.3.jar:/Users/erik/.m2/repository/org/mybatis/spring/boot/mybatis-spring-boot-starter-test/3.0.3/mybatis-spring-boot-starter-test-3.0.3.jar:/Users/erik/.m2/repository/org/mybatis/spring/boot/mybatis-spring-boot-test-autoconfigure/3.0.3/mybatis-spring-boot-test-autoconfigure-3.0.3.jar:/Users/erik/.m2/repository/org/springframework/boot/spring-boot-starter-web/3.4.0/spring-boot-starter-web-3.4.0.jar:/Users/erik/.m2/repository/org/springframework/boot/spring-boot-starter-json/3.4.0/spring-boot-starter-json-3.4.0.jar:/Users/erik/.m2/repository/com/fasterxml/jackson/datatype/jackson-datatype-jdk8/2.18.1/jackson-datatype-jdk8-2.18.1.jar:/Users/erik/.m2/repository/com/fasterxml/jackson/module/jackson-module-parameter-names/2.18.1/jackson-module-parameter-names-2.18.1.jar:/Users/erik/.m2/repository/org/springframework/boot/spring-boot-starter-tomcat/3.4.0/spring-boot-starter-tomcat-3.4.0.jar:/Users/erik/.m2/repository/org/apache/tomcat/embed/tomcat-embed-core/10.1.33/tomcat-embed-core-10.1.33.jar:/Users/erik/.m2/repository/org/apache/tomcat/embed/tomcat-embed-websocket/10.1.33/tomcat-embed-websocket-10.1.33.jar:/Users/erik/.m2/repository/org/springframework/spring-web/6.2.0/spring-web-6.2.0.jar:/Users/erik/.m2/repository/io/micrometer/micrometer-observation/1.14.1/micrometer-observation-1.14.1.jar:/Users/erik/.m2/repository/io/micrometer/micrometer-commons/1.14.1/micrometer-commons-1.14.1.jar:/Users/erik/.m2/repository/org/springframework/spring-webmvc/6.2.0/spring-webmvc-6.2.0.jar:/Users/erik/.m2/repository/org/springframework/spring-expression/6.2.0/spring-expression-6.2.0.jar:/Users/erik/.m2/repository/org/springframework/boot/spring-boot-starter-validation/3.4.0/spring-boot-starter-validation-3.4.0.jar:/Users/erik/.m2/repository/org/apache/tomcat/embed/tomcat-embed-el/10.1.33/tomcat-embed-el-10.1.33.jar:/Users/erik/.m2/repository/org/hibernate/validator/hibernate-validator/8.0.1.Final/hibernate-validator-8.0.1.Final.jar:/Users/erik/.m2/repository/jakarta/validation/jakarta.validation-api/3.0.2/jakarta.validation-api-3.0.2.jar:/Users/erik/.m2/repository/io/swagger/core/v3/swagger-annotations/2.2.22/swagger-annotations-2.2.22.jar:/Users/erik/.m2/repository/org/openapitools/jackson-databind-nullable/0.2.6/jackson-databind-nullable-0.2.6.jar:/Users/erik/.m2/repository/com/fasterxml/jackson/core/jackson-databind/2.18.1/jackson-databind-2.18.1.jar:/Users/erik/.m2/repository/org/javamoney/moneta/moneta-core/1.4.4/moneta-core-1.4.4.jar:/Users/erik/.m2/repository/javax/money/money-api/1.1/money-api-1.1.jar:/Users/erik/.m2/repository/com/squareup/okhttp3/okhttp/4.12.0/okhttp-4.12.0.jar:/Users/erik/.m2/repository/com/squareup/okio/okio/3.6.0/okio-3.6.0.jar:/Users/erik/.m2/repository/com/squareup/okio/okio-jvm/3.6.0/okio-jvm-3.6.0.jar:/Users/erik/.m2/repository/org/jetbrains/kotlin/kotlin-stdlib-common/1.9.25/kotlin-stdlib-common-1.9.25.jar:/Users/erik/.m2/repository/org/jetbrains/kotlin/kotlin-stdlib-jdk8/1.9.25/kotlin-stdlib-jdk8-1.9.25.jar:/Users/erik/.m2/repository/org/jetbrains/kotlin/kotlin-stdlib/1.9.25/kotlin-stdlib-1.9.25.jar:/Users/erik/.m2/repository/org/jetbrains/kotlin/kotlin-stdlib-jdk7/1.9.25/kotlin-stdlib-jdk7-1.9.25.jar:/Users/erik/.m2/repository/org/springframework/boot/spring-boot-starter-test/3.4.0/spring-boot-starter-test-3.4.0.jar:/Users/erik/.m2/repository/org/springframework/boot/spring-boot-test/3.4.0/spring-boot-test-3.4.0.jar:/Users/erik/.m2/repository/org/springframework/boot/spring-boot-test-autoconfigure/3.4.0/spring-boot-test-autoconfigure-3.4.0.jar:/Users/erik/.m2/repository/com/jayway/jsonpath/json-path/2.9.0/json-path-2.9.0.jar:/Users/erik/.m2/repository/jakarta/xml/bind/jakarta.xml.bind-api/4.0.2/jakarta.xml.bind-api-4.0.2.jar:/Users/erik/.m2/repository/jakarta/activation/jakarta.activation-api/2.1.3/jakarta.activation-api-2.1.3.jar:/Users/erik/.m2/repository/net/minidev/json-smart/2.5.1/json-smart-2.5.1.jar:/Users/erik/.m2/repository/net/minidev/accessors-smart/2.5.1/accessors-smart-2.5.1.jar:/Users/erik/.m2/repository/org/ow2/asm/asm/9.6/asm-9.6.jar:/Users/erik/.m2/repository/org/assertj/assertj-core/3.26.3/assertj-core-3.26.3.jar:/Users/erik/.m2/repository/org/awaitility/awaitility/4.2.2/awaitility-4.2.2.jar:/Users/erik/.m2/repository/org/hamcrest/hamcrest/2.2/hamcrest-2.2.jar:/Users/erik/.m2/repository/org/junit/jupiter/junit-jupiter/5.11.3/junit-jupiter-5.11.3.jar:/Users/erik/.m2/repository/org/junit/jupiter/junit-jupiter-api/5.11.3/junit-jupiter-api-5.11.3.jar:/Users/erik/.m2/repository/org/opentest4j/opentest4j/1.3.0/opentest4j-1.3.0.jar:/Users/erik/.m2/repository/org/junit/platform/junit-platform-commons/1.11.3/junit-platform-commons-1.11.3.jar:/Users/erik/.m2/repository/org/apiguardian/apiguardian-api/1.1.2/apiguardian-api-1.1.2.jar:/Users/erik/.m2/repository/org/junit/jupiter/junit-jupiter-params/5.11.3/junit-jupiter-params-5.11.3.jar:/Users/erik/.m2/repository/org/junit/jupiter/junit-jupiter-engine/5.11.3/junit-jupiter-engine-5.11.3.jar:/Users/erik/.m2/repository/org/junit/platform/junit-platform-engine/1.11.3/junit-platform-engine-1.11.3.jar:/Users/erik/.m2/repository/org/mockito/mockito-core/5.14.2/mockito-core-5.14.2.jar:/Users/erik/.m2/repository/net/bytebuddy/byte-buddy-agent/1.15.10/byte-buddy-agent-1.15.10.jar:/Users/erik/.m2/repository/org/objenesis/objenesis/3.3/objenesis-3.3.jar:/Users/erik/.m2/repository/org/mockito/mockito-junit-jupiter/5.14.2/mockito-junit-jupiter-5.14.2.jar:/Users/erik/.m2/repository/org/skyscreamer/jsonassert/1.5.3/jsonassert-1.5.3.jar:/Users/erik/.m2/repository/com/vaadin/external/google/android-json/0.0.20131108.vaadin1/android-json-0.0.20131108.vaadin1.jar:/Users/erik/.m2/repository/org/springframework/spring-test/6.2.0/spring-test-6.2.0.jar:/Users/erik/.m2/repository/org/xmlunit/xmlunit-core/2.10.0/xmlunit-core-2.10.0.jar:/Users/erik/.m2/repository/org/springframework/boot/spring-boot-testcontainers/3.4.0/spring-boot-testcontainers-3.4.0.jar:/Users/erik/.m2/repository/org/testcontainers/testcontainers/1.20.4/testcontainers-1.20.4.jar:/Users/erik/.m2/repository/junit/junit/4.13.2/junit-4.13.2.jar:/Users/erik/.m2/repository/org/hamcrest/hamcrest-core/2.2/hamcrest-core-2.2.jar:/Users/erik/.m2/repository/org/apache/commons/commons-compress/1.24.0/commons-compress-1.24.0.jar:/Users/erik/.m2/repository/org/rnorth/duct-tape/duct-tape/1.0.8/duct-tape-1.0.8.jar:/Users/erik/.m2/repository/org/jetbrains/annotations/17.0.0/annotations-17.0.0.jar:/Users/erik/.m2/repository/com/github/docker-java/docker-java-api/3.4.0/docker-java-api-3.4.0.jar:/Users/erik/.m2/repository/com/github/docker-java/docker-java-transport-zerodep/3.4.0/docker-java-transport-zerodep-3.4.0.jar:/Users/erik/.m2/repository/com/github/docker-java/docker-java-transport/3.4.0/docker-java-transport-3.4.0.jar:/Users/erik/.m2/repository/net/java/dev/jna/jna/5.13.0/jna-5.13.0.jar:/Users/erik/.m2/repository/org/testcontainers/oracle-xe/1.20.4/oracle-xe-1.20.4.jar:/Users/erik/.m2/repository/org/testcontainers/jdbc/1.20.4/jdbc-1.20.4.jar:/Users/erik/.m2/repository/org/testcontainers/database-commons/1.20.4/database-commons-1.20.4.jar:/Users/erik/.m2/repository/org/testcontainers/junit-jupiter/1.20.4/junit-jupiter-1.20.4.jar:/Users/erik/.m2/repository/org/instancio/instancio-junit/5.4.0/instancio-junit-5.4.0.jar:/Users/erik/.m2/repository/org/instancio/instancio-core/5.4.0/instancio-core-5.4.0.jar:/Users/erik/.m2/repository/com/tngtech/archunit/archunit-junit5/1.4.0/archunit-junit5-1.4.0.jar:/Users/erik/.m2/repository/com/tngtech/archunit/archunit-junit5-api/1.4.0/archunit-junit5-api-1.4.0.jar:/Users/erik/.m2/repository/com/tngtech/archunit/archunit/1.4.0/archunit-1.4.0.jar:/Users/erik/.m2/repository/com/tngtech/archunit/archunit-junit5-engine/1.4.0/archunit-junit5-engine-1.4.0.jar:/Users/erik/.m2/repository/com/tngtech/archunit/archunit-junit5-engine-api/1.4.0/archunit-junit5-engine-api-1.4.0.jar:, java.version: =25.0.3}. 
2026-08-27T17:45:08.248+01:00  INFO 74676 --- [oulearning] [           main] t.gvenzl/oracle-free:23-slim-faststart   : Container gvenzl/oracle-free:23-slim-faststart started in PT9.15849S

  .   ____          _            __ _ _
 /\\ / ___'_ __ _ _(_)_ __  __ _ \ \ \ \
( ( )\___ | '_ | '_| | '_ \/ _` | \ \ \ \
 \\/  ___)| |_)| | | | | || (_| |  ) ) ) )
  '  |____| .__|_| |_|_| |_\__, | / / / /
 =========|_|==============|___/=/_/_/_/

 :: Spring Boot ::                (v3.4.0)

2026-08-27T17:45:08.261+01:00  INFO 74676 --- [oulearning] [           main] c.e.o.training.TrainingWorkflowIT        : Starting TrainingWorkflowIT using Java 25.0.3 with PID 74676 (started by erik in /Users/erik/dev/oulearning)
2026-08-27T17:45:08.262+01:00  INFO 74676 --- [oulearning] [           main] c.e.o.training.TrainingWorkflowIT        : No active profile set, falling back to 1 default profile: "default"
2026-08-27T17:45:08.363+01:00  INFO 74676 --- [oulearning] [           main] .s.d.r.c.RepositoryConfigurationDelegate : Bootstrapping Spring Data JPA repositories in DEFAULT mode.
2026-08-27T17:45:08.376+01:00  INFO 74676 --- [oulearning] [           main] .s.d.r.c.RepositoryConfigurationDelegate : Finished Spring Data repository scanning in 12 ms. Found 0 JPA repository interfaces.
2026-08-27T17:45:08.433+01:00  INFO 74676 --- [oulearning] [           main] o.s.b.w.embedded.tomcat.TomcatWebServer  : Tomcat initialized with port 0 (http)
2026-08-27T17:45:08.433+01:00  INFO 74676 --- [oulearning] [           main] o.apache.catalina.core.StandardService   : Starting service [Tomcat]
2026-08-27T17:45:08.434+01:00  INFO 74676 --- [oulearning] [           main] o.apache.catalina.core.StandardEngine    : Starting Servlet engine: [Apache Tomcat/10.1.33]
2026-08-27T17:45:08.445+01:00  INFO 74676 --- [oulearning] [           main] o.a.c.c.C.[Tomcat-1].[localhost].[/]     : Initializing Spring embedded WebApplicationContext
2026-08-27T17:45:08.446+01:00  INFO 74676 --- [oulearning] [           main] w.s.c.ServletWebServerApplicationContext : Root WebApplicationContext: initialization completed in 183 ms
2026-08-27T17:45:08.554+01:00  INFO 74676 --- [oulearning] [           main] org.flywaydb.core.FlywayExecutor         : Database: jdbc:oracle:thin:@localhost:62070/FREEPDB1 (Oracle 23.26)
2026-08-27T17:45:08.594+01:00  WARN 74676 --- [oulearning] [           main] o.f.c.internal.database.base.Database    : Flyway upgrade recommended: Oracle 23.26 is newer than this version of Flyway and support has not been tested. The latest supported version of Oracle is 21.3.
2026-08-27T17:45:08.712+01:00  INFO 74676 --- [oulearning] [           main] o.f.c.i.s.JdbcTableSchemaHistory         : Schema history table "TEST"."flyway_schema_history" does not exist yet
2026-08-27T17:45:08.712+01:00  INFO 74676 --- [oulearning] [           main] o.f.core.internal.command.DbValidate     : Successfully validated 3 migrations (execution time 00:00.114s)
2026-08-27T17:45:09.350+01:00  INFO 74676 --- [oulearning] [           main] o.f.c.i.s.JdbcTableSchemaHistory         : Creating Schema History table "TEST"."flyway_schema_history" ...
2026-08-27T17:45:09.538+01:00  INFO 74676 --- [oulearning] [           main] o.f.core.internal.command.DbMigrate      : Current version of schema "TEST": << Empty Schema >>
2026-08-27T17:45:09.544+01:00  INFO 74676 --- [oulearning] [           main] o.f.core.internal.command.DbMigrate      : Migrating schema "TEST" to version "202608241431 - initial schema"
2026-08-27T17:45:10.237+01:00  INFO 74676 --- [oulearning] [           main] o.f.core.internal.command.DbMigrate      : Migrating schema "TEST" to version "202608251000 - add active column"
2026-08-27T17:45:10.308+01:00  INFO 74676 --- [oulearning] [           main] o.f.core.internal.command.DbMigrate      : Migrating schema "TEST" to version "202608251220 - normalize external provider"
2026-08-27T17:45:10.726+01:00  INFO 74676 --- [oulearning] [           main] o.f.core.internal.command.DbMigrate      : Successfully applied 3 migrations to schema "TEST", now at version v202608251220 (execution time 00:00.623s)
2026-08-27T17:45:10.749+01:00  INFO 74676 --- [oulearning] [           main] o.hibernate.jpa.internal.util.LogHelper  : HHH000204: Processing PersistenceUnitInfo [name: default]
2026-08-27T17:45:10.751+01:00  INFO 74676 --- [oulearning] [           main] o.h.c.internal.RegionFactoryInitiator    : HHH000026: Second-level cache disabled
2026-08-27T17:45:10.760+01:00  INFO 74676 --- [oulearning] [           main] o.s.o.j.p.SpringPersistenceUnitInfo      : No LoadTimeWeaver setup: ignoring JPA class transformer
2026-08-27T17:45:10.761+01:00  INFO 74676 --- [oulearning] [           main] com.zaxxer.hikari.HikariDataSource       : HikariPool-5 - Starting...
2026-08-27T17:45:10.804+01:00  INFO 74676 --- [oulearning] [           main] com.zaxxer.hikari.pool.HikariPool        : HikariPool-5 - Added connection oracle.jdbc.driver.T4CConnection@6084d56b
2026-08-27T17:45:10.805+01:00  INFO 74676 --- [oulearning] [           main] com.zaxxer.hikari.HikariDataSource       : HikariPool-5 - Start completed.
2026-08-27T17:45:10.813+01:00  WARN 74676 --- [oulearning] [           main] org.hibernate.orm.deprecation            : HHH90000025: OracleDialect does not need to be specified explicitly using 'hibernate.dialect' (remove the property setting and it will be selected by default)
2026-08-27T17:45:10.820+01:00  INFO 74676 --- [oulearning] [           main] org.hibernate.orm.connections.pooling    : HHH10001005: Database info:
	Database JDBC URL [Connecting through datasource 'HikariDataSource (HikariPool-5)']
	Database driver: undefined/unknown
	Database version: 23.26
	Autocommit mode: undefined/unknown
	Isolation level: undefined/unknown
	Minimum pool size: undefined/unknown
	Maximum pool size: undefined/unknown
2026-08-27T17:45:10.839+01:00  INFO 74676 --- [oulearning] [           main] o.h.e.t.j.p.i.JtaPlatformInitiator       : HHH000489: No JTA platform available (set 'hibernate.transaction.jta.platform' to enable JTA platform integration)
2026-08-27T17:45:10.839+01:00  INFO 74676 --- [oulearning] [           main] j.LocalContainerEntityManagerFactoryBean : Initialized JPA EntityManagerFactory for persistence unit 'default'
2026-08-27T17:45:10.910+01:00  WARN 74676 --- [oulearning] [           main] JpaBaseConfiguration$JpaWebConfiguration : spring.jpa.open-in-view is enabled by default. Therefore, database queries may be performed during view rendering. Explicitly configure spring.jpa.open-in-view to disable this warning
2026-08-27T17:45:10.982+01:00  INFO 74676 --- [oulearning] [           main] o.s.b.w.embedded.tomcat.TomcatWebServer  : Tomcat started on port 62098 (http) with context path '/'
2026-08-27T17:45:10.985+01:00  INFO 74676 --- [oulearning] [           main] c.e.o.training.TrainingWorkflowIT        : Started TrainingWorkflowIT in 2.735 seconds (process running for 130.546)
2026-08-27T17:45:11.177+01:00  INFO 74676 --- [oulearning] [o-auto-2-exec-1] o.a.c.c.C.[Tomcat-1].[localhost].[/]     : Initializing Spring DispatcherServlet 'dispatcherServlet'
2026-08-27T17:45:11.177+01:00  INFO 74676 --- [oulearning] [o-auto-2-exec-1] o.s.web.servlet.DispatcherServlet        : Initializing Servlet 'dispatcherServlet'
2026-08-27T17:45:11.177+01:00  INFO 74676 --- [oulearning] [o-auto-2-exec-1] o.s.web.servlet.DispatcherServlet        : Completed initialization in 0 ms
2026-08-27T17:45:11.282+01:00  INFO 74676 --- [oulearning] [onnection adder] oracle.jdbc                              : entering args (oracle.jdbc.internal.AbstractConnectionBuilder$1@29b23ea1)
2026-08-27T17:45:11.282+01:00  INFO 74676 --- [oulearning] [onnection adder] oracle.jdbc                              : traceId=5598522B. 
2026-08-27T17:45:11.282+01:00  INFO 74676 --- [oulearning] [onnection adder] oracle.jdbc                              : Session Attributes: 
sdu=8192, tdu=2097152
nt: host=localhost, port=62070, socketOptions={0=YES, 1=NO, 17=0, 18=false, 2=30000, 20=true, 38=TLS, 23=40, 24=50, 40=false, 25=0}
    socket=null
client profile={oracle.net.encryption_types_client=(), oracle.net.crypto_seed=, oracle.net.authentication_services=(), oracle.net.setFIPSMode=false, oracle.net.kerberos5_mutual_authentication=false, oracle.net.encryption_client=ACCEPTED, oracle.net.crypto_checksum_client=ACCEPTED, oracle.net.crypto_checksum_types_client=()}
connection options=[host=localhost port=62070 protocol=TCP service_name=FREEPDB1 addr=(ADDRESS=(PROTOCOL=TCP)(HOST=localhost)(PORT=62070)) conn_data=(DESCRIPTION=(ADDRESS=(PROTOCOL=TCP)(PORT=62070)(HOST=127.0.0.1)(HOSTNAME=localhost))(CONNECT_DATA=(CID=(PROGRAM=ForkedBooter)(HOST=Eriks-MacBook-Pro.local)(USER=erik))(SERVICE_NAME=FREEPDB1))) done=true]
onBreakReset=false, dataEOF=false, negotiatedOptions=0x841, connected=false
TTIINIT enabled=true, TTC cookie enabled=true

2026-08-27T17:45:11.282+01:00  INFO 74676 --- [oulearning] [onnection adder] oracle.jdbc                              : traceId=5598522B, anoEnabled=true. 
2026-08-27T17:45:11.282+01:00  INFO 74676 --- [oulearning] [onnection adder] oracle.jdbc                              : Connection established. Cleared conn strategy stack
2026-08-27T17:45:11.282+01:00  INFO 74676 --- [oulearning] [onnection adder] oracle.jdbc                              : throwing

java.sql.SQLRecoverableException: ORA-03113: database connection closed by peer (connection_type=client, source=/127.0.0.1:62103, target=localhost:62070, protocol=TCP, service=FREEPDB1, detecting_end=client, server_type=unknown, client_program=ForkedBooter, server_process=null, session=null.null, user=TEST, last_rpc=Generic authentication call, connection_id=qPAyVOKdS9mCTaaHFMItlA==, nne_encryption=null, nne_checksumming=null, authentication=O5LOGON) (CONNECTION_ID=qPAyVOKdS9mCTaaHFMItlA==)
https://docs.oracle.com/error-help/db/ora-03113/
	at oracle.jdbc.driver.T4CConnection.handleLogonNetException(T4CConnection.java:1617) ~[ojdbc11-23.5.0.24.07.jar:23.5.0.24.07]
	at oracle.jdbc.driver.T4CConnection.logon(T4CConnection.java:1139) ~[ojdbc11-23.5.0.24.07.jar:23.5.0.24.07]
	at oracle.jdbc.driver.PhysicalConnection.connect(PhysicalConnection.java:1206) ~[ojdbc11-23.5.0.24.07.jar:23.5.0.24.07]
	at oracle.jdbc.driver.T4CDriverExtension.getConnection(T4CDriverExtension.java:105) ~[ojdbc11-23.5.0.24.07.jar:23.5.0.24.07]
	at oracle.jdbc.driver.OracleDriver.connect(OracleDriver.java:886) ~[ojdbc11-23.5.0.24.07.jar:23.5.0.24.07]
	at oracle.jdbc.driver.OracleDriver.connect(OracleDriver.java:693) ~[ojdbc11-23.5.0.24.07.jar:23.5.0.24.07]
	at com.zaxxer.hikari.util.DriverDataSource.getConnection(DriverDataSource.java:137) ~[HikariCP-5.1.0.jar:na]
	at com.zaxxer.hikari.pool.PoolBase.newConnection(PoolBase.java:360) ~[HikariCP-5.1.0.jar:na]
	at com.zaxxer.hikari.pool.PoolBase.newPoolEntry(PoolBase.java:202) ~[HikariCP-5.1.0.jar:na]
	at com.zaxxer.hikari.pool.HikariPool.createPoolEntry(HikariPool.java:461) ~[HikariCP-5.1.0.jar:na]
	at com.zaxxer.hikari.pool.HikariPool$PoolEntryCreator.call(HikariPool.java:724) ~[HikariCP-5.1.0.jar:na]
	at com.zaxxer.hikari.pool.HikariPool$PoolEntryCreator.call(HikariPool.java:703) ~[HikariCP-5.1.0.jar:na]
	at java.base/java.util.concurrent.FutureTask.run(FutureTask.java:328) ~[na:na]
	at java.base/java.util.concurrent.ThreadPoolExecutor.runWorker(ThreadPoolExecutor.java:1090) ~[na:na]
	at java.base/java.util.concurrent.ThreadPoolExecutor$Worker.run(ThreadPoolExecutor.java:614) ~[na:na]
	at java.base/java.lang.Thread.run(Thread.java:1474) ~[na:na]
Caused by: oracle.net.ns.NetException: ORA-03113: database connection closed by peer (connection_type=client, source=/127.0.0.1:62103, target=localhost:62070, protocol=TCP, service=FREEPDB1, detecting_end=client, server_type=unknown, client_program=ForkedBooter, server_process=null, session=null.null, user=TEST, last_rpc=Generic authentication call, connection_id=qPAyVOKdS9mCTaaHFMItlA==, nne_encryption=null, nne_checksumming=null, authentication=O5LOGON) (CONNECTION_ID=qPAyVOKdS9mCTaaHFMItlA==)
https://docs.oracle.com/error-help/db/ora-03113/
	at oracle.jdbc.driver.T4CMAREngineNIO.prepareForUnmarshall(T4CMAREngineNIO.java:1002) ~[ojdbc11-23.5.0.24.07.jar:23.5.0.24.07]
	at oracle.jdbc.driver.T4CMAREngineNIO.unmarshalUB1(T4CMAREngineNIO.java:464) ~[ojdbc11-23.5.0.24.07.jar:23.5.0.24.07]
	at oracle.jdbc.driver.T4CTTIfun.receive(T4CTTIfun.java:945) ~[ojdbc11-23.5.0.24.07.jar:23.5.0.24.07]
	at oracle.jdbc.driver.T4CTTIfun.doRPC(T4CTTIfun.java:408) ~[ojdbc11-23.5.0.24.07.jar:23.5.0.24.07]
	at oracle.jdbc.driver.T4CTTIoauthenticate.doOAUTH(T4CTTIoauthenticate.java:530) ~[ojdbc11-23.5.0.24.07.jar:23.5.0.24.07]
	at oracle.jdbc.driver.T4CTTIoauthenticate.doOAUTHWithO5Logon(T4CTTIoauthenticate.java:1712) ~[ojdbc11-23.5.0.24.07.jar:23.5.0.24.07]
	at oracle.jdbc.driver.T4CTTIoauthenticate.doOAUTH(T4CTTIoauthenticate.java:1459) ~[ojdbc11-23.5.0.24.07.jar:23.5.0.24.07]
	at oracle.jdbc.driver.T4CTTIoauthenticate.doOAUTH(T4CTTIoauthenticate.java:1399) ~[ojdbc11-23.5.0.24.07.jar:23.5.0.24.07]
	at oracle.jdbc.driver.T4CConnection.authenticateWithPassword(T4CConnection.java:2050) ~[ojdbc11-23.5.0.24.07.jar:23.5.0.24.07]
	at oracle.jdbc.driver.T4CConnection.authenticateUserForLogon(T4CConnection.java:1989) ~[ojdbc11-23.5.0.24.07.jar:23.5.0.24.07]
	at oracle.jdbc.driver.T4CConnection.logon(T4CConnection.java:1090) ~[ojdbc11-23.5.0.24.07.jar:23.5.0.24.07]
	... 14 common frames omitted
Caused by: oracle.net.ns.NetException: ORA-17800: Got minus one from a read call. (CONNECTION_ID=qPAyVOKdS9mCTaaHFMItlA==)
https://docs.oracle.com/error-help/db/ora-17800/
	at oracle.net.ns.NSProtocolNIO.doSocketRead(NSProtocolNIO.java:1226) ~[ojdbc11-23.5.0.24.07.jar:23.5.0.24.07]
	at oracle.net.ns.NIOPacket.readHeader(NIOPacket.java:272) ~[ojdbc11-23.5.0.24.07.jar:23.5.0.24.07]
	at oracle.net.ns.NIOPacket.readPacketFromSocketChannel(NIOPacket.java:205) ~[ojdbc11-23.5.0.24.07.jar:23.5.0.24.07]
	at oracle.net.ns.NIOPacket.readFromSocketChannel(NIOPacket.java:148) ~[ojdbc11-23.5.0.24.07.jar:23.5.0.24.07]
	at oracle.net.ns.NIOPacket.readFromSocketChannel(NIOPacket.java:121) ~[ojdbc11-23.5.0.24.07.jar:23.5.0.24.07]
	at oracle.net.ns.NIONSDataChannel.readDataFromSocketChannel(NIONSDataChannel.java:111) ~[ojdbc11-23.5.0.24.07.jar:23.5.0.24.07]
	at oracle.jdbc.driver.T4CMAREngineNIO.prepareForUnmarshall(T4CMAREngineNIO.java:930) ~[ojdbc11-23.5.0.24.07.jar:23.5.0.24.07]
	... 24 common frames omitted

2026-08-27T17:45:11.283+01:00  INFO 74676 --- [oulearning] [onnection adder] oracle.jdbc                              : properties={LOCALE=en_US, DriverVersion=23.5.0.24.07, java.library.path: =/Users/erik/Library/Java/Extensions:/Library/Java/Extensions:/Network/Library/Java/Extensions:/System/Library/Java/Extensions:/usr/lib/java:., java.class.path: =/Users/erik/dev/oulearning/target/test-classes:/Users/erik/dev/oulearning/target/classes:/Users/erik/.m2/repository/org/springframework/boot/spring-boot-starter-data-jpa/3.4.0/spring-boot-starter-data-jpa-3.4.0.jar:/Users/erik/.m2/repository/org/springframework/boot/spring-boot-starter-jdbc/3.4.0/spring-boot-starter-jdbc-3.4.0.jar:/Users/erik/.m2/repository/com/zaxxer/HikariCP/5.1.0/HikariCP-5.1.0.jar:/Users/erik/.m2/repository/org/springframework/spring-jdbc/6.2.0/spring-jdbc-6.2.0.jar:/Users/erik/.m2/repository/org/hibernate/orm/hibernate-core/6.6.2.Final/hibernate-core-6.6.2.Final.jar:/Users/erik/.m2/repository/jakarta/persistence/jakarta.persistence-api/3.1.0/jakarta.persistence-api-3.1.0.jar:/Users/erik/.m2/repository/jakarta/transaction/jakarta.transaction-api/2.0.1/jakarta.transaction-api-2.0.1.jar:/Users/erik/.m2/repository/org/jboss/logging/jboss-logging/3.6.1.Final/jboss-logging-3.6.1.Final.jar:/Users/erik/.m2/repository/org/hibernate/common/hibernate-commons-annotations/7.0.3.Final/hibernate-commons-annotations-7.0.3.Final.jar:/Users/erik/.m2/repository/io/smallrye/jandex/3.2.0/jandex-3.2.0.jar:/Users/erik/.m2/repository/com/fasterxml/classmate/1.7.0/classmate-1.7.0.jar:/Users/erik/.m2/repository/net/bytebuddy/byte-buddy/1.15.10/byte-buddy-1.15.10.jar:/Users/erik/.m2/repository/org/glassfish/jaxb/jaxb-runtime/4.0.5/jaxb-runtime-4.0.5.jar:/Users/erik/.m2/repository/org/glassfish/jaxb/jaxb-core/4.0.5/jaxb-core-4.0.5.jar:/Users/erik/.m2/repository/org/eclipse/angus/angus-activation/2.0.2/angus-activation-2.0.2.jar:/Users/erik/.m2/repository/org/glassfish/jaxb/txw2/4.0.5/txw2-4.0.5.jar:/Users/erik/.m2/repository/com/sun/istack/istack-commons-runtime/4.1.2/istack-commons-runtime-4.1.2.jar:/Users/erik/.m2/repository/jakarta/inject/jakarta.inject-api/2.0.1/jakarta.inject-api-2.0.1.jar:/Users/erik/.m2/repository/org/antlr/antlr4-runtime/4.13.0/antlr4-runtime-4.13.0.jar:/Users/erik/.m2/repository/org/springframework/data/spring-data-jpa/3.4.0/spring-data-jpa-3.4.0.jar:/Users/erik/.m2/repository/org/springframework/data/spring-data-commons/3.4.0/spring-data-commons-3.4.0.jar:/Users/erik/.m2/repository/org/springframework/spring-orm/6.2.0/spring-orm-6.2.0.jar:/Users/erik/.m2/repository/org/springframework/spring-context/6.2.0/spring-context-6.2.0.jar:/Users/erik/.m2/repository/org/springframework/spring-aop/6.2.0/spring-aop-6.2.0.jar:/Users/erik/.m2/repository/org/springframework/spring-tx/6.2.0/spring-tx-6.2.0.jar:/Users/erik/.m2/repository/org/springframework/spring-beans/6.2.0/spring-beans-6.2.0.jar:/Users/erik/.m2/repository/org/slf4j/slf4j-api/2.0.16/slf4j-api-2.0.16.jar:/Users/erik/.m2/repository/org/springframework/spring-aspects/6.2.0/spring-aspects-6.2.0.jar:/Users/erik/.m2/repository/org/aspectj/aspectjweaver/1.9.22.1/aspectjweaver-1.9.22.1.jar:/Users/erik/.m2/repository/org/flywaydb/flyway-core/10.20.1/flyway-core-10.20.1.jar:/Users/erik/.m2/repository/com/fasterxml/jackson/dataformat/jackson-dataformat-toml/2.18.1/jackson-dataformat-toml-2.18.1.jar:/Users/erik/.m2/repository/com/fasterxml/jackson/core/jackson-core/2.18.1/jackson-core-2.18.1.jar:/Users/erik/.m2/repository/com/fasterxml/jackson/datatype/jackson-datatype-jsr310/2.18.1/jackson-datatype-jsr310-2.18.1.jar:/Users/erik/.m2/repository/com/fasterxml/jackson/core/jackson-annotations/2.18.1/jackson-annotations-2.18.1.jar:/Users/erik/.m2/repository/org/flywaydb/flyway-database-oracle/10.20.1/flyway-database-oracle-10.20.1.jar:/Users/erik/.m2/repository/com/oracle/database/jdbc/ojdbc11/23.5.0.24.07/ojdbc11-23.5.0.24.07.jar:/Users/erik/.m2/repository/org/springframework/boot/spring-boot-starter/3.4.0/spring-boot-starter-3.4.0.jar:/Users/erik/.m2/repository/org/springframework/boot/spring-boot/3.4.0/spring-boot-3.4.0.jar:/Users/erik/.m2/repository/org/springframework/boot/spring-boot-autoconfigure/3.4.0/spring-boot-autoconfigure-3.4.0.jar:/Users/erik/.m2/repository/org/springframework/boot/spring-boot-starter-logging/3.4.0/spring-boot-starter-logging-3.4.0.jar:/Users/erik/.m2/repository/ch/qos/logback/logback-classic/1.5.12/logback-classic-1.5.12.jar:/Users/erik/.m2/repository/ch/qos/logback/logback-core/1.5.12/logback-core-1.5.12.jar:/Users/erik/.m2/repository/org/apache/logging/log4j/log4j-to-slf4j/2.24.1/log4j-to-slf4j-2.24.1.jar:/Users/erik/.m2/repository/org/apache/logging/log4j/log4j-api/2.24.1/log4j-api-2.24.1.jar:/Users/erik/.m2/repository/org/slf4j/jul-to-slf4j/2.0.16/jul-to-slf4j-2.0.16.jar:/Users/erik/.m2/repository/jakarta/annotation/jakarta.annotation-api/2.1.1/jakarta.annotation-api-2.1.1.jar:/Users/erik/.m2/repository/org/springframework/spring-core/6.2.0/spring-core-6.2.0.jar:/Users/erik/.m2/repository/org/springframework/spring-jcl/6.2.0/spring-jcl-6.2.0.jar:/Users/erik/.m2/repository/org/yaml/snakeyaml/2.3/snakeyaml-2.3.jar:/Users/erik/.m2/repository/org/mybatis/spring/boot/mybatis-spring-boot-starter/3.0.3/mybatis-spring-boot-starter-3.0.3.jar:/Users/erik/.m2/repository/org/mybatis/spring/boot/mybatis-spring-boot-autoconfigure/3.0.3/mybatis-spring-boot-autoconfigure-3.0.3.jar:/Users/erik/.m2/repository/org/mybatis/mybatis/3.5.14/mybatis-3.5.14.jar:/Users/erik/.m2/repository/org/mybatis/mybatis-spring/3.0.3/mybatis-spring-3.0.3.jar:/Users/erik/.m2/repository/org/mybatis/spring/boot/mybatis-spring-boot-starter-test/3.0.3/mybatis-spring-boot-starter-test-3.0.3.jar:/Users/erik/.m2/repository/org/mybatis/spring/boot/mybatis-spring-boot-test-autoconfigure/3.0.3/mybatis-spring-boot-test-autoconfigure-3.0.3.jar:/Users/erik/.m2/repository/org/springframework/boot/spring-boot-starter-web/3.4.0/spring-boot-starter-web-3.4.0.jar:/Users/erik/.m2/repository/org/springframework/boot/spring-boot-starter-json/3.4.0/spring-boot-starter-json-3.4.0.jar:/Users/erik/.m2/repository/com/fasterxml/jackson/datatype/jackson-datatype-jdk8/2.18.1/jackson-datatype-jdk8-2.18.1.jar:/Users/erik/.m2/repository/com/fasterxml/jackson/module/jackson-module-parameter-names/2.18.1/jackson-module-parameter-names-2.18.1.jar:/Users/erik/.m2/repository/org/springframework/boot/spring-boot-starter-tomcat/3.4.0/spring-boot-starter-tomcat-3.4.0.jar:/Users/erik/.m2/repository/org/apache/tomcat/embed/tomcat-embed-core/10.1.33/tomcat-embed-core-10.1.33.jar:/Users/erik/.m2/repository/org/apache/tomcat/embed/tomcat-embed-websocket/10.1.33/tomcat-embed-websocket-10.1.33.jar:/Users/erik/.m2/repository/org/springframework/spring-web/6.2.0/spring-web-6.2.0.jar:/Users/erik/.m2/repository/io/micrometer/micrometer-observation/1.14.1/micrometer-observation-1.14.1.jar:/Users/erik/.m2/repository/io/micrometer/micrometer-commons/1.14.1/micrometer-commons-1.14.1.jar:/Users/erik/.m2/repository/org/springframework/spring-webmvc/6.2.0/spring-webmvc-6.2.0.jar:/Users/erik/.m2/repository/org/springframework/spring-expression/6.2.0/spring-expression-6.2.0.jar:/Users/erik/.m2/repository/org/springframework/boot/spring-boot-starter-validation/3.4.0/spring-boot-starter-validation-3.4.0.jar:/Users/erik/.m2/repository/org/apache/tomcat/embed/tomcat-embed-el/10.1.33/tomcat-embed-el-10.1.33.jar:/Users/erik/.m2/repository/org/hibernate/validator/hibernate-validator/8.0.1.Final/hibernate-validator-8.0.1.Final.jar:/Users/erik/.m2/repository/jakarta/validation/jakarta.validation-api/3.0.2/jakarta.validation-api-3.0.2.jar:/Users/erik/.m2/repository/io/swagger/core/v3/swagger-annotations/2.2.22/swagger-annotations-2.2.22.jar:/Users/erik/.m2/repository/org/openapitools/jackson-databind-nullable/0.2.6/jackson-databind-nullable-0.2.6.jar:/Users/erik/.m2/repository/com/fasterxml/jackson/core/jackson-databind/2.18.1/jackson-databind-2.18.1.jar:/Users/erik/.m2/repository/org/javamoney/moneta/moneta-core/1.4.4/moneta-core-1.4.4.jar:/Users/erik/.m2/repository/javax/money/money-api/1.1/money-api-1.1.jar:/Users/erik/.m2/repository/com/squareup/okhttp3/okhttp/4.12.0/okhttp-4.12.0.jar:/Users/erik/.m2/repository/com/squareup/okio/okio/3.6.0/okio-3.6.0.jar:/Users/erik/.m2/repository/com/squareup/okio/okio-jvm/3.6.0/okio-jvm-3.6.0.jar:/Users/erik/.m2/repository/org/jetbrains/kotlin/kotlin-stdlib-common/1.9.25/kotlin-stdlib-common-1.9.25.jar:/Users/erik/.m2/repository/org/jetbrains/kotlin/kotlin-stdlib-jdk8/1.9.25/kotlin-stdlib-jdk8-1.9.25.jar:/Users/erik/.m2/repository/org/jetbrains/kotlin/kotlin-stdlib/1.9.25/kotlin-stdlib-1.9.25.jar:/Users/erik/.m2/repository/org/jetbrains/kotlin/kotlin-stdlib-jdk7/1.9.25/kotlin-stdlib-jdk7-1.9.25.jar:/Users/erik/.m2/repository/org/springframework/boot/spring-boot-starter-test/3.4.0/spring-boot-starter-test-3.4.0.jar:/Users/erik/.m2/repository/org/springframework/boot/spring-boot-test/3.4.0/spring-boot-test-3.4.0.jar:/Users/erik/.m2/repository/org/springframework/boot/spring-boot-test-autoconfigure/3.4.0/spring-boot-test-autoconfigure-3.4.0.jar:/Users/erik/.m2/repository/com/jayway/jsonpath/json-path/2.9.0/json-path-2.9.0.jar:/Users/erik/.m2/repository/jakarta/xml/bind/jakarta.xml.bind-api/4.0.2/jakarta.xml.bind-api-4.0.2.jar:/Users/erik/.m2/repository/jakarta/activation/jakarta.activation-api/2.1.3/jakarta.activation-api-2.1.3.jar:/Users/erik/.m2/repository/net/minidev/json-smart/2.5.1/json-smart-2.5.1.jar:/Users/erik/.m2/repository/net/minidev/accessors-smart/2.5.1/accessors-smart-2.5.1.jar:/Users/erik/.m2/repository/org/ow2/asm/asm/9.6/asm-9.6.jar:/Users/erik/.m2/repository/org/assertj/assertj-core/3.26.3/assertj-core-3.26.3.jar:/Users/erik/.m2/repository/org/awaitility/awaitility/4.2.2/awaitility-4.2.2.jar:/Users/erik/.m2/repository/org/hamcrest/hamcrest/2.2/hamcrest-2.2.jar:/Users/erik/.m2/repository/org/junit/jupiter/junit-jupiter/5.11.3/junit-jupiter-5.11.3.jar:/Users/erik/.m2/repository/org/junit/jupiter/junit-jupiter-api/5.11.3/junit-jupiter-api-5.11.3.jar:/Users/erik/.m2/repository/org/opentest4j/opentest4j/1.3.0/opentest4j-1.3.0.jar:/Users/erik/.m2/repository/org/junit/platform/junit-platform-commons/1.11.3/junit-platform-commons-1.11.3.jar:/Users/erik/.m2/repository/org/apiguardian/apiguardian-api/1.1.2/apiguardian-api-1.1.2.jar:/Users/erik/.m2/repository/org/junit/jupiter/junit-jupiter-params/5.11.3/junit-jupiter-params-5.11.3.jar:/Users/erik/.m2/repository/org/junit/jupiter/junit-jupiter-engine/5.11.3/junit-jupiter-engine-5.11.3.jar:/Users/erik/.m2/repository/org/junit/platform/junit-platform-engine/1.11.3/junit-platform-engine-1.11.3.jar:/Users/erik/.m2/repository/org/mockito/mockito-core/5.14.2/mockito-core-5.14.2.jar:/Users/erik/.m2/repository/net/bytebuddy/byte-buddy-agent/1.15.10/byte-buddy-agent-1.15.10.jar:/Users/erik/.m2/repository/org/objenesis/objenesis/3.3/objenesis-3.3.jar:/Users/erik/.m2/repository/org/mockito/mockito-junit-jupiter/5.14.2/mockito-junit-jupiter-5.14.2.jar:/Users/erik/.m2/repository/org/skyscreamer/jsonassert/1.5.3/jsonassert-1.5.3.jar:/Users/erik/.m2/repository/com/vaadin/external/google/android-json/0.0.20131108.vaadin1/android-json-0.0.20131108.vaadin1.jar:/Users/erik/.m2/repository/org/springframework/spring-test/6.2.0/spring-test-6.2.0.jar:/Users/erik/.m2/repository/org/xmlunit/xmlunit-core/2.10.0/xmlunit-core-2.10.0.jar:/Users/erik/.m2/repository/org/springframework/boot/spring-boot-testcontainers/3.4.0/spring-boot-testcontainers-3.4.0.jar:/Users/erik/.m2/repository/org/testcontainers/testcontainers/1.20.4/testcontainers-1.20.4.jar:/Users/erik/.m2/repository/junit/junit/4.13.2/junit-4.13.2.jar:/Users/erik/.m2/repository/org/hamcrest/hamcrest-core/2.2/hamcrest-core-2.2.jar:/Users/erik/.m2/repository/org/apache/commons/commons-compress/1.24.0/commons-compress-1.24.0.jar:/Users/erik/.m2/repository/org/rnorth/duct-tape/duct-tape/1.0.8/duct-tape-1.0.8.jar:/Users/erik/.m2/repository/org/jetbrains/annotations/17.0.0/annotations-17.0.0.jar:/Users/erik/.m2/repository/com/github/docker-java/docker-java-api/3.4.0/docker-java-api-3.4.0.jar:/Users/erik/.m2/repository/com/github/docker-java/docker-java-transport-zerodep/3.4.0/docker-java-transport-zerodep-3.4.0.jar:/Users/erik/.m2/repository/com/github/docker-java/docker-java-transport/3.4.0/docker-java-transport-3.4.0.jar:/Users/erik/.m2/repository/net/java/dev/jna/jna/5.13.0/jna-5.13.0.jar:/Users/erik/.m2/repository/org/testcontainers/oracle-xe/1.20.4/oracle-xe-1.20.4.jar:/Users/erik/.m2/repository/org/testcontainers/jdbc/1.20.4/jdbc-1.20.4.jar:/Users/erik/.m2/repository/org/testcontainers/database-commons/1.20.4/database-commons-1.20.4.jar:/Users/erik/.m2/repository/org/testcontainers/junit-jupiter/1.20.4/junit-jupiter-1.20.4.jar:/Users/erik/.m2/repository/org/instancio/instancio-junit/5.4.0/instancio-junit-5.4.0.jar:/Users/erik/.m2/repository/org/instancio/instancio-core/5.4.0/instancio-core-5.4.0.jar:/Users/erik/.m2/repository/com/tngtech/archunit/archunit-junit5/1.4.0/archunit-junit5-1.4.0.jar:/Users/erik/.m2/repository/com/tngtech/archunit/archunit-junit5-api/1.4.0/archunit-junit5-api-1.4.0.jar:/Users/erik/.m2/repository/com/tngtech/archunit/archunit/1.4.0/archunit-1.4.0.jar:/Users/erik/.m2/repository/com/tngtech/archunit/archunit-junit5-engine/1.4.0/archunit-junit5-engine-1.4.0.jar:/Users/erik/.m2/repository/com/tngtech/archunit/archunit-junit5-engine-api/1.4.0/archunit-junit5-engine-api-1.4.0.jar:, java.version: =25.0.3}. 
2026-08-27T17:45:11.300+01:00  INFO 74676 --- [oulearning] [onnection adder] oracle.jdbc                              : entering args (oracle.jdbc.internal.AbstractConnectionBuilder$1@ea57906)
2026-08-27T17:45:11.301+01:00  INFO 74676 --- [oulearning] [onnection adder] oracle.jdbc                              : traceId=1FE7133F. 
2026-08-27T17:45:11.301+01:00  INFO 74676 --- [oulearning] [onnection adder] oracle.jdbc                              : Session Attributes: 
sdu=8192, tdu=2097152
nt: host=localhost, port=62070, socketOptions={0=YES, 1=NO, 17=0, 18=false, 2=30000, 20=true, 38=TLS, 23=40, 24=50, 40=false, 25=0}
    socket=null
client profile={oracle.net.encryption_types_client=(), oracle.net.crypto_seed=, oracle.net.authentication_services=(), oracle.net.setFIPSMode=false, oracle.net.kerberos5_mutual_authentication=false, oracle.net.encryption_client=ACCEPTED, oracle.net.crypto_checksum_client=ACCEPTED, oracle.net.crypto_checksum_types_client=()}
onBreakReset=false, dataEOF=false, negotiatedOptions=0x0, connected=false
TTIINIT enabled=false, TTC cookie enabled=false

2026-08-27T17:45:11.301+01:00  INFO 74676 --- [oulearning] [onnection adder] oracle.jdbc                              : traceId=1FE7133F, anoEnabled=true. 
2026-08-27T17:45:11.301+01:00  INFO 74676 --- [oulearning] [onnection adder] oracle.jdbc                              : Connection establishment failed due to IOException, will be trying with next available connect option.
2026-08-27T17:45:11.301+01:00  INFO 74676 --- [oulearning] [onnection adder] oracle.jdbc                              : Got Refused, SessionTraceId = 1FE7133F
2026-08-27T17:45:11.301+01:00  INFO 74676 --- [oulearning] [onnection adder] oracle.jdbc                              : Outbound interrupt timer cancelled null
2026-08-27T17:45:11.301+01:00  INFO 74676 --- [oulearning] [onnection adder] oracle.jdbc                              : Session Attributes: 
sdu=8192, tdu=2097152
nt: host=localhost, port=62070, socketOptions={0=YES, 1=NO, 17=0, 18=false, 2=30000, 20=true, 38=TLS, 23=40, 24=50, 40=false, 25=0}
    socket=null
client profile={oracle.net.encryption_types_client=(), oracle.net.crypto_seed=, oracle.net.authentication_services=(), oracle.net.setFIPSMode=false, oracle.net.kerberos5_mutual_authentication=false, oracle.net.encryption_client=ACCEPTED, oracle.net.crypto_checksum_client=ACCEPTED, oracle.net.crypto_checksum_types_client=()}
onBreakReset=false, dataEOF=false, negotiatedOptions=0x0, connected=false
TTIINIT enabled=false, TTC cookie enabled=false

2026-08-27T17:45:11.301+01:00  INFO 74676 --- [oulearning] [onnection adder] oracle.jdbc                              : Connection establishment failed due to IOException, will be trying with next available connect option.
2026-08-27T17:45:11.301+01:00  INFO 74676 --- [oulearning] [onnection adder] oracle.jdbc                              : Got Refused, SessionTraceId = 1FE7133F
2026-08-27T17:45:11.301+01:00  INFO 74676 --- [oulearning] [onnection adder] oracle.jdbc                              : Outbound interrupt timer cancelled null
2026-08-27T17:45:11.301+01:00  INFO 74676 --- [oulearning] [onnection adder] oracle.jdbc                              : throwing

java.sql.SQLRecoverableException: ORA-17002: I/O error: Connection reset, connect lapse 1 ms., Authentication lapse 0 ms.
https://docs.oracle.com/error-help/db/ora-17002/
	at oracle.jdbc.driver.T4CConnection.handleLogonIOException(T4CConnection.java:1660) ~[ojdbc11-23.5.0.24.07.jar:23.5.0.24.07]
	at oracle.jdbc.driver.T4CConnection.logon(T4CConnection.java:1142) ~[ojdbc11-23.5.0.24.07.jar:23.5.0.24.07]
	at oracle.jdbc.driver.PhysicalConnection.connect(PhysicalConnection.java:1206) ~[ojdbc11-23.5.0.24.07.jar:23.5.0.24.07]
	at oracle.jdbc.driver.T4CDriverExtension.getConnection(T4CDriverExtension.java:105) ~[ojdbc11-23.5.0.24.07.jar:23.5.0.24.07]
	at oracle.jdbc.driver.OracleDriver.connect(OracleDriver.java:886) ~[ojdbc11-23.5.0.24.07.jar:23.5.0.24.07]
	at oracle.jdbc.driver.OracleDriver.connect(OracleDriver.java:693) ~[ojdbc11-23.5.0.24.07.jar:23.5.0.24.07]
	at com.zaxxer.hikari.util.DriverDataSource.getConnection(DriverDataSource.java:137) ~[HikariCP-5.1.0.jar:na]
	at com.zaxxer.hikari.pool.PoolBase.newConnection(PoolBase.java:360) ~[HikariCP-5.1.0.jar:na]
	at com.zaxxer.hikari.pool.PoolBase.newPoolEntry(PoolBase.java:202) ~[HikariCP-5.1.0.jar:na]
	at com.zaxxer.hikari.pool.HikariPool.createPoolEntry(HikariPool.java:461) ~[HikariCP-5.1.0.jar:na]
	at com.zaxxer.hikari.pool.HikariPool$PoolEntryCreator.call(HikariPool.java:724) ~[HikariCP-5.1.0.jar:na]
	at com.zaxxer.hikari.pool.HikariPool$PoolEntryCreator.call(HikariPool.java:703) ~[HikariCP-5.1.0.jar:na]
	at java.base/java.util.concurrent.FutureTask.run(FutureTask.java:328) ~[na:na]
	at java.base/java.util.concurrent.ThreadPoolExecutor.runWorker(ThreadPoolExecutor.java:1090) ~[na:na]
	at java.base/java.util.concurrent.ThreadPoolExecutor$Worker.run(ThreadPoolExecutor.java:614) ~[na:na]
	at java.base/java.lang.Thread.run(Thread.java:1474) ~[na:na]
Caused by: java.io.IOException: Connection reset, connect lapse 1 ms., Authentication lapse 0 ms.
	at oracle.jdbc.driver.T4CConnection.handleLogonIOException(T4CConnection.java:1655) ~[ojdbc11-23.5.0.24.07.jar:23.5.0.24.07]
	... 15 common frames omitted
Caused by: java.io.IOException: Connection reset, connect lapse 1 ms.
	at oracle.net.ns.NSProtocolNIO.negotiateConnection(NSProtocolNIO.java:263) ~[ojdbc11-23.5.0.24.07.jar:23.5.0.24.07]
	at oracle.net.ns.NSProtocol.connect(NSProtocol.java:352) ~[ojdbc11-23.5.0.24.07.jar:23.5.0.24.07]
	at oracle.jdbc.driver.T4CConnection.connectNetworkSessionProtocol(T4CConnection.java:3419) ~[ojdbc11-23.5.0.24.07.jar:23.5.0.24.07]
	at oracle.jdbc.driver.T4CConnection.logon(T4CConnection.java:1018) ~[ojdbc11-23.5.0.24.07.jar:23.5.0.24.07]
	... 14 common frames omitted
Caused by: java.net.SocketException: Connection reset
	at java.base/sun.nio.ch.SocketChannelImpl.throwConnectionReset(SocketChannelImpl.java:399) ~[na:na]
	at java.base/sun.nio.ch.SocketChannelImpl.blockingRead(SocketChannelImpl.java:1420) ~[na:na]
	at java.base/sun.nio.ch.SocketInputStream.implRead(SocketInputStream.java:70) ~[na:na]
	at java.base/sun.nio.ch.SocketInputStream.read(SocketInputStream.java:78) ~[na:na]
	at oracle.net.nt.TimeoutSocketChannel.doBlockedRead(TimeoutSocketChannel.java:600) ~[ojdbc11-23.5.0.24.07.jar:23.5.0.24.07]
	at oracle.net.nt.TimeoutSocketChannel.read(TimeoutSocketChannel.java:536) ~[ojdbc11-23.5.0.24.07.jar:23.5.0.24.07]
	at oracle.net.ns.NSProtocolNIO.doSocketRead(NSProtocolNIO.java:1224) ~[ojdbc11-23.5.0.24.07.jar:23.5.0.24.07]
	at oracle.net.ns.NIOPacket.readNIOPacket(NIOPacket.java:436) ~[ojdbc11-23.5.0.24.07.jar:23.5.0.24.07]
	at oracle.net.ns.NSProtocolNIO.negotiateConnection(NSProtocolNIO.java:216) ~[ojdbc11-23.5.0.24.07.jar:23.5.0.24.07]
	... 17 common frames omitted

2026-08-27T17:45:11.301+01:00  INFO 74676 --- [oulearning] [onnection adder] oracle.jdbc                              : properties={LOCALE=en_US, DriverVersion=23.5.0.24.07, java.library.path: =/Users/erik/Library/Java/Extensions:/Library/Java/Extensions:/Network/Library/Java/Extensions:/System/Library/Java/Extensions:/usr/lib/java:., java.class.path: =/Users/erik/dev/oulearning/target/test-classes:/Users/erik/dev/oulearning/target/classes:/Users/erik/.m2/repository/org/springframework/boot/spring-boot-starter-data-jpa/3.4.0/spring-boot-starter-data-jpa-3.4.0.jar:/Users/erik/.m2/repository/org/springframework/boot/spring-boot-starter-jdbc/3.4.0/spring-boot-starter-jdbc-3.4.0.jar:/Users/erik/.m2/repository/com/zaxxer/HikariCP/5.1.0/HikariCP-5.1.0.jar:/Users/erik/.m2/repository/org/springframework/spring-jdbc/6.2.0/spring-jdbc-6.2.0.jar:/Users/erik/.m2/repository/org/hibernate/orm/hibernate-core/6.6.2.Final/hibernate-core-6.6.2.Final.jar:/Users/erik/.m2/repository/jakarta/persistence/jakarta.persistence-api/3.1.0/jakarta.persistence-api-3.1.0.jar:/Users/erik/.m2/repository/jakarta/transaction/jakarta.transaction-api/2.0.1/jakarta.transaction-api-2.0.1.jar:/Users/erik/.m2/repository/org/jboss/logging/jboss-logging/3.6.1.Final/jboss-logging-3.6.1.Final.jar:/Users/erik/.m2/repository/org/hibernate/common/hibernate-commons-annotations/7.0.3.Final/hibernate-commons-annotations-7.0.3.Final.jar:/Users/erik/.m2/repository/io/smallrye/jandex/3.2.0/jandex-3.2.0.jar:/Users/erik/.m2/repository/com/fasterxml/classmate/1.7.0/classmate-1.7.0.jar:/Users/erik/.m2/repository/net/bytebuddy/byte-buddy/1.15.10/byte-buddy-1.15.10.jar:/Users/erik/.m2/repository/org/glassfish/jaxb/jaxb-runtime/4.0.5/jaxb-runtime-4.0.5.jar:/Users/erik/.m2/repository/org/glassfish/jaxb/jaxb-core/4.0.5/jaxb-core-4.0.5.jar:/Users/erik/.m2/repository/org/eclipse/angus/angus-activation/2.0.2/angus-activation-2.0.2.jar:/Users/erik/.m2/repository/org/glassfish/jaxb/txw2/4.0.5/txw2-4.0.5.jar:/Users/erik/.m2/repository/com/sun/istack/istack-commons-runtime/4.1.2/istack-commons-runtime-4.1.2.jar:/Users/erik/.m2/repository/jakarta/inject/jakarta.inject-api/2.0.1/jakarta.inject-api-2.0.1.jar:/Users/erik/.m2/repository/org/antlr/antlr4-runtime/4.13.0/antlr4-runtime-4.13.0.jar:/Users/erik/.m2/repository/org/springframework/data/spring-data-jpa/3.4.0/spring-data-jpa-3.4.0.jar:/Users/erik/.m2/repository/org/springframework/data/spring-data-commons/3.4.0/spring-data-commons-3.4.0.jar:/Users/erik/.m2/repository/org/springframework/spring-orm/6.2.0/spring-orm-6.2.0.jar:/Users/erik/.m2/repository/org/springframework/spring-context/6.2.0/spring-context-6.2.0.jar:/Users/erik/.m2/repository/org/springframework/spring-aop/6.2.0/spring-aop-6.2.0.jar:/Users/erik/.m2/repository/org/springframework/spring-tx/6.2.0/spring-tx-6.2.0.jar:/Users/erik/.m2/repository/org/springframework/spring-beans/6.2.0/spring-beans-6.2.0.jar:/Users/erik/.m2/repository/org/slf4j/slf4j-api/2.0.16/slf4j-api-2.0.16.jar:/Users/erik/.m2/repository/org/springframework/spring-aspects/6.2.0/spring-aspects-6.2.0.jar:/Users/erik/.m2/repository/org/aspectj/aspectjweaver/1.9.22.1/aspectjweaver-1.9.22.1.jar:/Users/erik/.m2/repository/org/flywaydb/flyway-core/10.20.1/flyway-core-10.20.1.jar:/Users/erik/.m2/repository/com/fasterxml/jackson/dataformat/jackson-dataformat-toml/2.18.1/jackson-dataformat-toml-2.18.1.jar:/Users/erik/.m2/repository/com/fasterxml/jackson/core/jackson-core/2.18.1/jackson-core-2.18.1.jar:/Users/erik/.m2/repository/com/fasterxml/jackson/datatype/jackson-datatype-jsr310/2.18.1/jackson-datatype-jsr310-2.18.1.jar:/Users/erik/.m2/repository/com/fasterxml/jackson/core/jackson-annotations/2.18.1/jackson-annotations-2.18.1.jar:/Users/erik/.m2/repository/org/flywaydb/flyway-database-oracle/10.20.1/flyway-database-oracle-10.20.1.jar:/Users/erik/.m2/repository/com/oracle/database/jdbc/ojdbc11/23.5.0.24.07/ojdbc11-23.5.0.24.07.jar:/Users/erik/.m2/repository/org/springframework/boot/spring-boot-starter/3.4.0/spring-boot-starter-3.4.0.jar:/Users/erik/.m2/repository/org/springframework/boot/spring-boot/3.4.0/spring-boot-3.4.0.jar:/Users/erik/.m2/repository/org/springframework/boot/spring-boot-autoconfigure/3.4.0/spring-boot-autoconfigure-3.4.0.jar:/Users/erik/.m2/repository/org/springframework/boot/spring-boot-starter-logging/3.4.0/spring-boot-starter-logging-3.4.0.jar:/Users/erik/.m2/repository/ch/qos/logback/logback-classic/1.5.12/logback-classic-1.5.12.jar:/Users/erik/.m2/repository/ch/qos/logback/logback-core/1.5.12/logback-core-1.5.12.jar:/Users/erik/.m2/repository/org/apache/logging/log4j/log4j-to-slf4j/2.24.1/log4j-to-slf4j-2.24.1.jar:/Users/erik/.m2/repository/org/apache/logging/log4j/log4j-api/2.24.1/log4j-api-2.24.1.jar:/Users/erik/.m2/repository/org/slf4j/jul-to-slf4j/2.0.16/jul-to-slf4j-2.0.16.jar:/Users/erik/.m2/repository/jakarta/annotation/jakarta.annotation-api/2.1.1/jakarta.annotation-api-2.1.1.jar:/Users/erik/.m2/repository/org/springframework/spring-core/6.2.0/spring-core-6.2.0.jar:/Users/erik/.m2/repository/org/springframework/spring-jcl/6.2.0/spring-jcl-6.2.0.jar:/Users/erik/.m2/repository/org/yaml/snakeyaml/2.3/snakeyaml-2.3.jar:/Users/erik/.m2/repository/org/mybatis/spring/boot/mybatis-spring-boot-starter/3.0.3/mybatis-spring-boot-starter-3.0.3.jar:/Users/erik/.m2/repository/org/mybatis/spring/boot/mybatis-spring-boot-autoconfigure/3.0.3/mybatis-spring-boot-autoconfigure-3.0.3.jar:/Users/erik/.m2/repository/org/mybatis/mybatis/3.5.14/mybatis-3.5.14.jar:/Users/erik/.m2/repository/org/mybatis/mybatis-spring/3.0.3/mybatis-spring-3.0.3.jar:/Users/erik/.m2/repository/org/mybatis/spring/boot/mybatis-spring-boot-starter-test/3.0.3/mybatis-spring-boot-starter-test-3.0.3.jar:/Users/erik/.m2/repository/org/mybatis/spring/boot/mybatis-spring-boot-test-autoconfigure/3.0.3/mybatis-spring-boot-test-autoconfigure-3.0.3.jar:/Users/erik/.m2/repository/org/springframework/boot/spring-boot-starter-web/3.4.0/spring-boot-starter-web-3.4.0.jar:/Users/erik/.m2/repository/org/springframework/boot/spring-boot-starter-json/3.4.0/spring-boot-starter-json-3.4.0.jar:/Users/erik/.m2/repository/com/fasterxml/jackson/datatype/jackson-datatype-jdk8/2.18.1/jackson-datatype-jdk8-2.18.1.jar:/Users/erik/.m2/repository/com/fasterxml/jackson/module/jackson-module-parameter-names/2.18.1/jackson-module-parameter-names-2.18.1.jar:/Users/erik/.m2/repository/org/springframework/boot/spring-boot-starter-tomcat/3.4.0/spring-boot-starter-tomcat-3.4.0.jar:/Users/erik/.m2/repository/org/apache/tomcat/embed/tomcat-embed-core/10.1.33/tomcat-embed-core-10.1.33.jar:/Users/erik/.m2/repository/org/apache/tomcat/embed/tomcat-embed-websocket/10.1.33/tomcat-embed-websocket-10.1.33.jar:/Users/erik/.m2/repository/org/springframework/spring-web/6.2.0/spring-web-6.2.0.jar:/Users/erik/.m2/repository/io/micrometer/micrometer-observation/1.14.1/micrometer-observation-1.14.1.jar:/Users/erik/.m2/repository/io/micrometer/micrometer-commons/1.14.1/micrometer-commons-1.14.1.jar:/Users/erik/.m2/repository/org/springframework/spring-webmvc/6.2.0/spring-webmvc-6.2.0.jar:/Users/erik/.m2/repository/org/springframework/spring-expression/6.2.0/spring-expression-6.2.0.jar:/Users/erik/.m2/repository/org/springframework/boot/spring-boot-starter-validation/3.4.0/spring-boot-starter-validation-3.4.0.jar:/Users/erik/.m2/repository/org/apache/tomcat/embed/tomcat-embed-el/10.1.33/tomcat-embed-el-10.1.33.jar:/Users/erik/.m2/repository/org/hibernate/validator/hibernate-validator/8.0.1.Final/hibernate-validator-8.0.1.Final.jar:/Users/erik/.m2/repository/jakarta/validation/jakarta.validation-api/3.0.2/jakarta.validation-api-3.0.2.jar:/Users/erik/.m2/repository/io/swagger/core/v3/swagger-annotations/2.2.22/swagger-annotations-2.2.22.jar:/Users/erik/.m2/repository/org/openapitools/jackson-databind-nullable/0.2.6/jackson-databind-nullable-0.2.6.jar:/Users/erik/.m2/repository/com/fasterxml/jackson/core/jackson-databind/2.18.1/jackson-databind-2.18.1.jar:/Users/erik/.m2/repository/org/javamoney/moneta/moneta-core/1.4.4/moneta-core-1.4.4.jar:/Users/erik/.m2/repository/javax/money/money-api/1.1/money-api-1.1.jar:/Users/erik/.m2/repository/com/squareup/okhttp3/okhttp/4.12.0/okhttp-4.12.0.jar:/Users/erik/.m2/repository/com/squareup/okio/okio/3.6.0/okio-3.6.0.jar:/Users/erik/.m2/repository/com/squareup/okio/okio-jvm/3.6.0/okio-jvm-3.6.0.jar:/Users/erik/.m2/repository/org/jetbrains/kotlin/kotlin-stdlib-common/1.9.25/kotlin-stdlib-common-1.9.25.jar:/Users/erik/.m2/repository/org/jetbrains/kotlin/kotlin-stdlib-jdk8/1.9.25/kotlin-stdlib-jdk8-1.9.25.jar:/Users/erik/.m2/repository/org/jetbrains/kotlin/kotlin-stdlib/1.9.25/kotlin-stdlib-1.9.25.jar:/Users/erik/.m2/repository/org/jetbrains/kotlin/kotlin-stdlib-jdk7/1.9.25/kotlin-stdlib-jdk7-1.9.25.jar:/Users/erik/.m2/repository/org/springframework/boot/spring-boot-starter-test/3.4.0/spring-boot-starter-test-3.4.0.jar:/Users/erik/.m2/repository/org/springframework/boot/spring-boot-test/3.4.0/spring-boot-test-3.4.0.jar:/Users/erik/.m2/repository/org/springframework/boot/spring-boot-test-autoconfigure/3.4.0/spring-boot-test-autoconfigure-3.4.0.jar:/Users/erik/.m2/repository/com/jayway/jsonpath/json-path/2.9.0/json-path-2.9.0.jar:/Users/erik/.m2/repository/jakarta/xml/bind/jakarta.xml.bind-api/4.0.2/jakarta.xml.bind-api-4.0.2.jar:/Users/erik/.m2/repository/jakarta/activation/jakarta.activation-api/2.1.3/jakarta.activation-api-2.1.3.jar:/Users/erik/.m2/repository/net/minidev/json-smart/2.5.1/json-smart-2.5.1.jar:/Users/erik/.m2/repository/net/minidev/accessors-smart/2.5.1/accessors-smart-2.5.1.jar:/Users/erik/.m2/repository/org/ow2/asm/asm/9.6/asm-9.6.jar:/Users/erik/.m2/repository/org/assertj/assertj-core/3.26.3/assertj-core-3.26.3.jar:/Users/erik/.m2/repository/org/awaitility/awaitility/4.2.2/awaitility-4.2.2.jar:/Users/erik/.m2/repository/org/hamcrest/hamcrest/2.2/hamcrest-2.2.jar:/Users/erik/.m2/repository/org/junit/jupiter/junit-jupiter/5.11.3/junit-jupiter-5.11.3.jar:/Users/erik/.m2/repository/org/junit/jupiter/junit-jupiter-api/5.11.3/junit-jupiter-api-5.11.3.jar:/Users/erik/.m2/repository/org/opentest4j/opentest4j/1.3.0/opentest4j-1.3.0.jar:/Users/erik/.m2/repository/org/junit/platform/junit-platform-commons/1.11.3/junit-platform-commons-1.11.3.jar:/Users/erik/.m2/repository/org/apiguardian/apiguardian-api/1.1.2/apiguardian-api-1.1.2.jar:/Users/erik/.m2/repository/org/junit/jupiter/junit-jupiter-params/5.11.3/junit-jupiter-params-5.11.3.jar:/Users/erik/.m2/repository/org/junit/jupiter/junit-jupiter-engine/5.11.3/junit-jupiter-engine-5.11.3.jar:/Users/erik/.m2/repository/org/junit/platform/junit-platform-engine/1.11.3/junit-platform-engine-1.11.3.jar:/Users/erik/.m2/repository/org/mockito/mockito-core/5.14.2/mockito-core-5.14.2.jar:/Users/erik/.m2/repository/net/bytebuddy/byte-buddy-agent/1.15.10/byte-buddy-agent-1.15.10.jar:/Users/erik/.m2/repository/org/objenesis/objenesis/3.3/objenesis-3.3.jar:/Users/erik/.m2/repository/org/mockito/mockito-junit-jupiter/5.14.2/mockito-junit-jupiter-5.14.2.jar:/Users/erik/.m2/repository/org/skyscreamer/jsonassert/1.5.3/jsonassert-1.5.3.jar:/Users/erik/.m2/repository/com/vaadin/external/google/android-json/0.0.20131108.vaadin1/android-json-0.0.20131108.vaadin1.jar:/Users/erik/.m2/repository/org/springframework/spring-test/6.2.0/spring-test-6.2.0.jar:/Users/erik/.m2/repository/org/xmlunit/xmlunit-core/2.10.0/xmlunit-core-2.10.0.jar:/Users/erik/.m2/repository/org/springframework/boot/spring-boot-testcontainers/3.4.0/spring-boot-testcontainers-3.4.0.jar:/Users/erik/.m2/repository/org/testcontainers/testcontainers/1.20.4/testcontainers-1.20.4.jar:/Users/erik/.m2/repository/junit/junit/4.13.2/junit-4.13.2.jar:/Users/erik/.m2/repository/org/hamcrest/hamcrest-core/2.2/hamcrest-core-2.2.jar:/Users/erik/.m2/repository/org/apache/commons/commons-compress/1.24.0/commons-compress-1.24.0.jar:/Users/erik/.m2/repository/org/rnorth/duct-tape/duct-tape/1.0.8/duct-tape-1.0.8.jar:/Users/erik/.m2/repository/org/jetbrains/annotations/17.0.0/annotations-17.0.0.jar:/Users/erik/.m2/repository/com/github/docker-java/docker-java-api/3.4.0/docker-java-api-3.4.0.jar:/Users/erik/.m2/repository/com/github/docker-java/docker-java-transport-zerodep/3.4.0/docker-java-transport-zerodep-3.4.0.jar:/Users/erik/.m2/repository/com/github/docker-java/docker-java-transport/3.4.0/docker-java-transport-3.4.0.jar:/Users/erik/.m2/repository/net/java/dev/jna/jna/5.13.0/jna-5.13.0.jar:/Users/erik/.m2/repository/org/testcontainers/oracle-xe/1.20.4/oracle-xe-1.20.4.jar:/Users/erik/.m2/repository/org/testcontainers/jdbc/1.20.4/jdbc-1.20.4.jar:/Users/erik/.m2/repository/org/testcontainers/database-commons/1.20.4/database-commons-1.20.4.jar:/Users/erik/.m2/repository/org/testcontainers/junit-jupiter/1.20.4/junit-jupiter-1.20.4.jar:/Users/erik/.m2/repository/org/instancio/instancio-junit/5.4.0/instancio-junit-5.4.0.jar:/Users/erik/.m2/repository/org/instancio/instancio-core/5.4.0/instancio-core-5.4.0.jar:/Users/erik/.m2/repository/com/tngtech/archunit/archunit-junit5/1.4.0/archunit-junit5-1.4.0.jar:/Users/erik/.m2/repository/com/tngtech/archunit/archunit-junit5-api/1.4.0/archunit-junit5-api-1.4.0.jar:/Users/erik/.m2/repository/com/tngtech/archunit/archunit/1.4.0/archunit-1.4.0.jar:/Users/erik/.m2/repository/com/tngtech/archunit/archunit-junit5-engine/1.4.0/archunit-junit5-engine-1.4.0.jar:/Users/erik/.m2/repository/com/tngtech/archunit/archunit-junit5-engine-api/1.4.0/archunit-junit5-engine-api-1.4.0.jar:, java.version: =25.0.3}. 
2026-08-27T17:45:11.333+01:00  INFO 74676 --- [oulearning] [onnection adder] oracle.jdbc                              : entering args (oracle.jdbc.internal.AbstractConnectionBuilder$1@1596eaf6)
2026-08-27T17:45:11.333+01:00  INFO 74676 --- [oulearning] [onnection adder] oracle.jdbc                              : traceId=5426E337. 
2026-08-27T17:45:11.333+01:00  INFO 74676 --- [oulearning] [onnection adder] oracle.jdbc                              : Session Attributes: 
sdu=8192, tdu=2097152
nt: host=localhost, port=62070, socketOptions={0=YES, 1=NO, 17=0, 18=false, 2=30000, 20=true, 38=TLS, 23=40, 24=50, 40=false, 25=0}
    socket=null
client profile={oracle.net.encryption_types_client=(), oracle.net.crypto_seed=, oracle.net.authentication_services=(), oracle.net.setFIPSMode=false, oracle.net.kerberos5_mutual_authentication=false, oracle.net.encryption_client=ACCEPTED, oracle.net.crypto_checksum_client=ACCEPTED, oracle.net.crypto_checksum_types_client=()}
onBreakReset=false, dataEOF=false, negotiatedOptions=0x0, connected=false
TTIINIT enabled=false, TTC cookie enabled=false

2026-08-27T17:45:11.333+01:00  INFO 74676 --- [oulearning] [onnection adder] oracle.jdbc                              : traceId=5426E337, anoEnabled=true. 
2026-08-27T17:45:11.333+01:00  INFO 74676 --- [oulearning] [onnection adder] oracle.jdbc                              : Connection establishment failed due to IOException, will be trying with next available connect option.
2026-08-27T17:45:11.333+01:00  INFO 74676 --- [oulearning] [onnection adder] oracle.jdbc                              : Got Refused, SessionTraceId = 5426E337
2026-08-27T17:45:11.333+01:00  INFO 74676 --- [oulearning] [onnection adder] oracle.jdbc                              : Outbound interrupt timer cancelled null
2026-08-27T17:45:11.333+01:00  INFO 74676 --- [oulearning] [onnection adder] oracle.jdbc                              : Session Attributes: 
sdu=8192, tdu=2097152
nt: host=localhost, port=62070, socketOptions={0=YES, 1=NO, 17=0, 18=false, 2=30000, 20=true, 38=TLS, 23=40, 24=50, 40=false, 25=0}
    socket=null
client profile={oracle.net.encryption_types_client=(), oracle.net.crypto_seed=, oracle.net.authentication_services=(), oracle.net.setFIPSMode=false, oracle.net.kerberos5_mutual_authentication=false, oracle.net.encryption_client=ACCEPTED, oracle.net.crypto_checksum_client=ACCEPTED, oracle.net.crypto_checksum_types_client=()}
onBreakReset=false, dataEOF=false, negotiatedOptions=0x0, connected=false
TTIINIT enabled=false, TTC cookie enabled=false

2026-08-27T17:45:11.334+01:00  INFO 74676 --- [oulearning] [onnection adder] oracle.jdbc                              : Connection establishment failed due to IOException, will be trying with next available connect option.
2026-08-27T17:45:11.334+01:00  INFO 74676 --- [oulearning] [onnection adder] oracle.jdbc                              : Got Refused, SessionTraceId = 5426E337
2026-08-27T17:45:11.334+01:00  INFO 74676 --- [oulearning] [onnection adder] oracle.jdbc                              : Outbound interrupt timer cancelled null
2026-08-27T17:45:11.334+01:00  INFO 74676 --- [oulearning] [onnection adder] oracle.jdbc                              : throwing

java.sql.SQLRecoverableException: ORA-17002: I/O error: Connection reset, connect lapse 0 ms., Authentication lapse 0 ms.
https://docs.oracle.com/error-help/db/ora-17002/
	at oracle.jdbc.driver.T4CConnection.handleLogonIOException(T4CConnection.java:1660) ~[ojdbc11-23.5.0.24.07.jar:23.5.0.24.07]
	at oracle.jdbc.driver.T4CConnection.logon(T4CConnection.java:1142) ~[ojdbc11-23.5.0.24.07.jar:23.5.0.24.07]
	at oracle.jdbc.driver.PhysicalConnection.connect(PhysicalConnection.java:1206) ~[ojdbc11-23.5.0.24.07.jar:23.5.0.24.07]
	at oracle.jdbc.driver.T4CDriverExtension.getConnection(T4CDriverExtension.java:105) ~[ojdbc11-23.5.0.24.07.jar:23.5.0.24.07]
	at oracle.jdbc.driver.OracleDriver.connect(OracleDriver.java:886) ~[ojdbc11-23.5.0.24.07.jar:23.5.0.24.07]
	at oracle.jdbc.driver.OracleDriver.connect(OracleDriver.java:693) ~[ojdbc11-23.5.0.24.07.jar:23.5.0.24.07]
	at com.zaxxer.hikari.util.DriverDataSource.getConnection(DriverDataSource.java:137) ~[HikariCP-5.1.0.jar:na]
	at com.zaxxer.hikari.pool.PoolBase.newConnection(PoolBase.java:360) ~[HikariCP-5.1.0.jar:na]
	at com.zaxxer.hikari.pool.PoolBase.newPoolEntry(PoolBase.java:202) ~[HikariCP-5.1.0.jar:na]
	at com.zaxxer.hikari.pool.HikariPool.createPoolEntry(HikariPool.java:461) ~[HikariCP-5.1.0.jar:na]
	at com.zaxxer.hikari.pool.HikariPool$PoolEntryCreator.call(HikariPool.java:724) ~[HikariCP-5.1.0.jar:na]
	at com.zaxxer.hikari.pool.HikariPool$PoolEntryCreator.call(HikariPool.java:703) ~[HikariCP-5.1.0.jar:na]
	at java.base/java.util.concurrent.FutureTask.run(FutureTask.java:328) ~[na:na]
	at java.base/java.util.concurrent.ThreadPoolExecutor.runWorker(ThreadPoolExecutor.java:1090) ~[na:na]
	at java.base/java.util.concurrent.ThreadPoolExecutor$Worker.run(ThreadPoolExecutor.java:614) ~[na:na]
	at java.base/java.lang.Thread.run(Thread.java:1474) ~[na:na]
Caused by: java.io.IOException: Connection reset, connect lapse 0 ms., Authentication lapse 0 ms.
	at oracle.jdbc.driver.T4CConnection.handleLogonIOException(T4CConnection.java:1655) ~[ojdbc11-23.5.0.24.07.jar:23.5.0.24.07]
	... 15 common frames omitted
Caused by: java.io.IOException: Connection reset, connect lapse 0 ms.
	at oracle.net.ns.NSProtocolNIO.negotiateConnection(NSProtocolNIO.java:263) ~[ojdbc11-23.5.0.24.07.jar:23.5.0.24.07]
	at oracle.net.ns.NSProtocol.connect(NSProtocol.java:352) ~[ojdbc11-23.5.0.24.07.jar:23.5.0.24.07]
	at oracle.jdbc.driver.T4CConnection.connectNetworkSessionProtocol(T4CConnection.java:3419) ~[ojdbc11-23.5.0.24.07.jar:23.5.0.24.07]
	at oracle.jdbc.driver.T4CConnection.logon(T4CConnection.java:1018) ~[ojdbc11-23.5.0.24.07.jar:23.5.0.24.07]
	... 14 common frames omitted
Caused by: java.net.SocketException: Connection reset
	at java.base/sun.nio.ch.SocketChannelImpl.throwConnectionReset(SocketChannelImpl.java:399) ~[na:na]
	at java.base/sun.nio.ch.SocketChannelImpl.blockingRead(SocketChannelImpl.java:1420) ~[na:na]
	at java.base/sun.nio.ch.SocketInputStream.implRead(SocketInputStream.java:70) ~[na:na]
	at java.base/sun.nio.ch.SocketInputStream.read(SocketInputStream.java:78) ~[na:na]
	at oracle.net.nt.TimeoutSocketChannel.doBlockedRead(TimeoutSocketChannel.java:600) ~[ojdbc11-23.5.0.24.07.jar:23.5.0.24.07]
	at oracle.net.nt.TimeoutSocketChannel.read(TimeoutSocketChannel.java:536) ~[ojdbc11-23.5.0.24.07.jar:23.5.0.24.07]
	at oracle.net.ns.NSProtocolNIO.doSocketRead(NSProtocolNIO.java:1224) ~[ojdbc11-23.5.0.24.07.jar:23.5.0.24.07]
	at oracle.net.ns.NIOPacket.readNIOPacket(NIOPacket.java:436) ~[ojdbc11-23.5.0.24.07.jar:23.5.0.24.07]
	at oracle.net.ns.NSProtocolNIO.negotiateConnection(NSProtocolNIO.java:216) ~[ojdbc11-23.5.0.24.07.jar:23.5.0.24.07]
	... 17 common frames omitted

2026-08-27T17:45:11.334+01:00  INFO 74676 --- [oulearning] [onnection adder] oracle.jdbc                              : properties={LOCALE=en_US, DriverVersion=23.5.0.24.07, java.library.path: =/Users/erik/Library/Java/Extensions:/Library/Java/Extensions:/Network/Library/Java/Extensions:/System/Library/Java/Extensions:/usr/lib/java:., java.class.path: =/Users/erik/dev/oulearning/target/test-classes:/Users/erik/dev/oulearning/target/classes:/Users/erik/.m2/repository/org/springframework/boot/spring-boot-starter-data-jpa/3.4.0/spring-boot-starter-data-jpa-3.4.0.jar:/Users/erik/.m2/repository/org/springframework/boot/spring-boot-starter-jdbc/3.4.0/spring-boot-starter-jdbc-3.4.0.jar:/Users/erik/.m2/repository/com/zaxxer/HikariCP/5.1.0/HikariCP-5.1.0.jar:/Users/erik/.m2/repository/org/springframework/spring-jdbc/6.2.0/spring-jdbc-6.2.0.jar:/Users/erik/.m2/repository/org/hibernate/orm/hibernate-core/6.6.2.Final/hibernate-core-6.6.2.Final.jar:/Users/erik/.m2/repository/jakarta/persistence/jakarta.persistence-api/3.1.0/jakarta.persistence-api-3.1.0.jar:/Users/erik/.m2/repository/jakarta/transaction/jakarta.transaction-api/2.0.1/jakarta.transaction-api-2.0.1.jar:/Users/erik/.m2/repository/org/jboss/logging/jboss-logging/3.6.1.Final/jboss-logging-3.6.1.Final.jar:/Users/erik/.m2/repository/org/hibernate/common/hibernate-commons-annotations/7.0.3.Final/hibernate-commons-annotations-7.0.3.Final.jar:/Users/erik/.m2/repository/io/smallrye/jandex/3.2.0/jandex-3.2.0.jar:/Users/erik/.m2/repository/com/fasterxml/classmate/1.7.0/classmate-1.7.0.jar:/Users/erik/.m2/repository/net/bytebuddy/byte-buddy/1.15.10/byte-buddy-1.15.10.jar:/Users/erik/.m2/repository/org/glassfish/jaxb/jaxb-runtime/4.0.5/jaxb-runtime-4.0.5.jar:/Users/erik/.m2/repository/org/glassfish/jaxb/jaxb-core/4.0.5/jaxb-core-4.0.5.jar:/Users/erik/.m2/repository/org/eclipse/angus/angus-activation/2.0.2/angus-activation-2.0.2.jar:/Users/erik/.m2/repository/org/glassfish/jaxb/txw2/4.0.5/txw2-4.0.5.jar:/Users/erik/.m2/repository/com/sun/istack/istack-commons-runtime/4.1.2/istack-commons-runtime-4.1.2.jar:/Users/erik/.m2/repository/jakarta/inject/jakarta.inject-api/2.0.1/jakarta.inject-api-2.0.1.jar:/Users/erik/.m2/repository/org/antlr/antlr4-runtime/4.13.0/antlr4-runtime-4.13.0.jar:/Users/erik/.m2/repository/org/springframework/data/spring-data-jpa/3.4.0/spring-data-jpa-3.4.0.jar:/Users/erik/.m2/repository/org/springframework/data/spring-data-commons/3.4.0/spring-data-commons-3.4.0.jar:/Users/erik/.m2/repository/org/springframework/spring-orm/6.2.0/spring-orm-6.2.0.jar:/Users/erik/.m2/repository/org/springframework/spring-context/6.2.0/spring-context-6.2.0.jar:/Users/erik/.m2/repository/org/springframework/spring-aop/6.2.0/spring-aop-6.2.0.jar:/Users/erik/.m2/repository/org/springframework/spring-tx/6.2.0/spring-tx-6.2.0.jar:/Users/erik/.m2/repository/org/springframework/spring-beans/6.2.0/spring-beans-6.2.0.jar:/Users/erik/.m2/repository/org/slf4j/slf4j-api/2.0.16/slf4j-api-2.0.16.jar:/Users/erik/.m2/repository/org/springframework/spring-aspects/6.2.0/spring-aspects-6.2.0.jar:/Users/erik/.m2/repository/org/aspectj/aspectjweaver/1.9.22.1/aspectjweaver-1.9.22.1.jar:/Users/erik/.m2/repository/org/flywaydb/flyway-core/10.20.1/flyway-core-10.20.1.jar:/Users/erik/.m2/repository/com/fasterxml/jackson/dataformat/jackson-dataformat-toml/2.18.1/jackson-dataformat-toml-2.18.1.jar:/Users/erik/.m2/repository/com/fasterxml/jackson/core/jackson-core/2.18.1/jackson-core-2.18.1.jar:/Users/erik/.m2/repository/com/fasterxml/jackson/datatype/jackson-datatype-jsr310/2.18.1/jackson-datatype-jsr310-2.18.1.jar:/Users/erik/.m2/repository/com/fasterxml/jackson/core/jackson-annotations/2.18.1/jackson-annotations-2.18.1.jar:/Users/erik/.m2/repository/org/flywaydb/flyway-database-oracle/10.20.1/flyway-database-oracle-10.20.1.jar:/Users/erik/.m2/repository/com/oracle/database/jdbc/ojdbc11/23.5.0.24.07/ojdbc11-23.5.0.24.07.jar:/Users/erik/.m2/repository/org/springframework/boot/spring-boot-starter/3.4.0/spring-boot-starter-3.4.0.jar:/Users/erik/.m2/repository/org/springframework/boot/spring-boot/3.4.0/spring-boot-3.4.0.jar:/Users/erik/.m2/repository/org/springframework/boot/spring-boot-autoconfigure/3.4.0/spring-boot-autoconfigure-3.4.0.jar:/Users/erik/.m2/repository/org/springframework/boot/spring-boot-starter-logging/3.4.0/spring-boot-starter-logging-3.4.0.jar:/Users/erik/.m2/repository/ch/qos/logback/logback-classic/1.5.12/logback-classic-1.5.12.jar:/Users/erik/.m2/repository/ch/qos/logback/logback-core/1.5.12/logback-core-1.5.12.jar:/Users/erik/.m2/repository/org/apache/logging/log4j/log4j-to-slf4j/2.24.1/log4j-to-slf4j-2.24.1.jar:/Users/erik/.m2/repository/org/apache/logging/log4j/log4j-api/2.24.1/log4j-api-2.24.1.jar:/Users/erik/.m2/repository/org/slf4j/jul-to-slf4j/2.0.16/jul-to-slf4j-2.0.16.jar:/Users/erik/.m2/repository/jakarta/annotation/jakarta.annotation-api/2.1.1/jakarta.annotation-api-2.1.1.jar:/Users/erik/.m2/repository/org/springframework/spring-core/6.2.0/spring-core-6.2.0.jar:/Users/erik/.m2/repository/org/springframework/spring-jcl/6.2.0/spring-jcl-6.2.0.jar:/Users/erik/.m2/repository/org/yaml/snakeyaml/2.3/snakeyaml-2.3.jar:/Users/erik/.m2/repository/org/mybatis/spring/boot/mybatis-spring-boot-starter/3.0.3/mybatis-spring-boot-starter-3.0.3.jar:/Users/erik/.m2/repository/org/mybatis/spring/boot/mybatis-spring-boot-autoconfigure/3.0.3/mybatis-spring-boot-autoconfigure-3.0.3.jar:/Users/erik/.m2/repository/org/mybatis/mybatis/3.5.14/mybatis-3.5.14.jar:/Users/erik/.m2/repository/org/mybatis/mybatis-spring/3.0.3/mybatis-spring-3.0.3.jar:/Users/erik/.m2/repository/org/mybatis/spring/boot/mybatis-spring-boot-starter-test/3.0.3/mybatis-spring-boot-starter-test-3.0.3.jar:/Users/erik/.m2/repository/org/mybatis/spring/boot/mybatis-spring-boot-test-autoconfigure/3.0.3/mybatis-spring-boot-test-autoconfigure-3.0.3.jar:/Users/erik/.m2/repository/org/springframework/boot/spring-boot-starter-web/3.4.0/spring-boot-starter-web-3.4.0.jar:/Users/erik/.m2/repository/org/springframework/boot/spring-boot-starter-json/3.4.0/spring-boot-starter-json-3.4.0.jar:/Users/erik/.m2/repository/com/fasterxml/jackson/datatype/jackson-datatype-jdk8/2.18.1/jackson-datatype-jdk8-2.18.1.jar:/Users/erik/.m2/repository/com/fasterxml/jackson/module/jackson-module-parameter-names/2.18.1/jackson-module-parameter-names-2.18.1.jar:/Users/erik/.m2/repository/org/springframework/boot/spring-boot-starter-tomcat/3.4.0/spring-boot-starter-tomcat-3.4.0.jar:/Users/erik/.m2/repository/org/apache/tomcat/embed/tomcat-embed-core/10.1.33/tomcat-embed-core-10.1.33.jar:/Users/erik/.m2/repository/org/apache/tomcat/embed/tomcat-embed-websocket/10.1.33/tomcat-embed-websocket-10.1.33.jar:/Users/erik/.m2/repository/org/springframework/spring-web/6.2.0/spring-web-6.2.0.jar:/Users/erik/.m2/repository/io/micrometer/micrometer-observation/1.14.1/micrometer-observation-1.14.1.jar:/Users/erik/.m2/repository/io/micrometer/micrometer-commons/1.14.1/micrometer-commons-1.14.1.jar:/Users/erik/.m2/repository/org/springframework/spring-webmvc/6.2.0/spring-webmvc-6.2.0.jar:/Users/erik/.m2/repository/org/springframework/spring-expression/6.2.0/spring-expression-6.2.0.jar:/Users/erik/.m2/repository/org/springframework/boot/spring-boot-starter-validation/3.4.0/spring-boot-starter-validation-3.4.0.jar:/Users/erik/.m2/repository/org/apache/tomcat/embed/tomcat-embed-el/10.1.33/tomcat-embed-el-10.1.33.jar:/Users/erik/.m2/repository/org/hibernate/validator/hibernate-validator/8.0.1.Final/hibernate-validator-8.0.1.Final.jar:/Users/erik/.m2/repository/jakarta/validation/jakarta.validation-api/3.0.2/jakarta.validation-api-3.0.2.jar:/Users/erik/.m2/repository/io/swagger/core/v3/swagger-annotations/2.2.22/swagger-annotations-2.2.22.jar:/Users/erik/.m2/repository/org/openapitools/jackson-databind-nullable/0.2.6/jackson-databind-nullable-0.2.6.jar:/Users/erik/.m2/repository/com/fasterxml/jackson/core/jackson-databind/2.18.1/jackson-databind-2.18.1.jar:/Users/erik/.m2/repository/org/javamoney/moneta/moneta-core/1.4.4/moneta-core-1.4.4.jar:/Users/erik/.m2/repository/javax/money/money-api/1.1/money-api-1.1.jar:/Users/erik/.m2/repository/com/squareup/okhttp3/okhttp/4.12.0/okhttp-4.12.0.jar:/Users/erik/.m2/repository/com/squareup/okio/okio/3.6.0/okio-3.6.0.jar:/Users/erik/.m2/repository/com/squareup/okio/okio-jvm/3.6.0/okio-jvm-3.6.0.jar:/Users/erik/.m2/repository/org/jetbrains/kotlin/kotlin-stdlib-common/1.9.25/kotlin-stdlib-common-1.9.25.jar:/Users/erik/.m2/repository/org/jetbrains/kotlin/kotlin-stdlib-jdk8/1.9.25/kotlin-stdlib-jdk8-1.9.25.jar:/Users/erik/.m2/repository/org/jetbrains/kotlin/kotlin-stdlib/1.9.25/kotlin-stdlib-1.9.25.jar:/Users/erik/.m2/repository/org/jetbrains/kotlin/kotlin-stdlib-jdk7/1.9.25/kotlin-stdlib-jdk7-1.9.25.jar:/Users/erik/.m2/repository/org/springframework/boot/spring-boot-starter-test/3.4.0/spring-boot-starter-test-3.4.0.jar:/Users/erik/.m2/repository/org/springframework/boot/spring-boot-test/3.4.0/spring-boot-test-3.4.0.jar:/Users/erik/.m2/repository/org/springframework/boot/spring-boot-test-autoconfigure/3.4.0/spring-boot-test-autoconfigure-3.4.0.jar:/Users/erik/.m2/repository/com/jayway/jsonpath/json-path/2.9.0/json-path-2.9.0.jar:/Users/erik/.m2/repository/jakarta/xml/bind/jakarta.xml.bind-api/4.0.2/jakarta.xml.bind-api-4.0.2.jar:/Users/erik/.m2/repository/jakarta/activation/jakarta.activation-api/2.1.3/jakarta.activation-api-2.1.3.jar:/Users/erik/.m2/repository/net/minidev/json-smart/2.5.1/json-smart-2.5.1.jar:/Users/erik/.m2/repository/net/minidev/accessors-smart/2.5.1/accessors-smart-2.5.1.jar:/Users/erik/.m2/repository/org/ow2/asm/asm/9.6/asm-9.6.jar:/Users/erik/.m2/repository/org/assertj/assertj-core/3.26.3/assertj-core-3.26.3.jar:/Users/erik/.m2/repository/org/awaitility/awaitility/4.2.2/awaitility-4.2.2.jar:/Users/erik/.m2/repository/org/hamcrest/hamcrest/2.2/hamcrest-2.2.jar:/Users/erik/.m2/repository/org/junit/jupiter/junit-jupiter/5.11.3/junit-jupiter-5.11.3.jar:/Users/erik/.m2/repository/org/junit/jupiter/junit-jupiter-api/5.11.3/junit-jupiter-api-5.11.3.jar:/Users/erik/.m2/repository/org/opentest4j/opentest4j/1.3.0/opentest4j-1.3.0.jar:/Users/erik/.m2/repository/org/junit/platform/junit-platform-commons/1.11.3/junit-platform-commons-1.11.3.jar:/Users/erik/.m2/repository/org/apiguardian/apiguardian-api/1.1.2/apiguardian-api-1.1.2.jar:/Users/erik/.m2/repository/org/junit/jupiter/junit-jupiter-params/5.11.3/junit-jupiter-params-5.11.3.jar:/Users/erik/.m2/repository/org/junit/jupiter/junit-jupiter-engine/5.11.3/junit-jupiter-engine-5.11.3.jar:/Users/erik/.m2/repository/org/junit/platform/junit-platform-engine/1.11.3/junit-platform-engine-1.11.3.jar:/Users/erik/.m2/repository/org/mockito/mockito-core/5.14.2/mockito-core-5.14.2.jar:/Users/erik/.m2/repository/net/bytebuddy/byte-buddy-agent/1.15.10/byte-buddy-agent-1.15.10.jar:/Users/erik/.m2/repository/org/objenesis/objenesis/3.3/objenesis-3.3.jar:/Users/erik/.m2/repository/org/mockito/mockito-junit-jupiter/5.14.2/mockito-junit-jupiter-5.14.2.jar:/Users/erik/.m2/repository/org/skyscreamer/jsonassert/1.5.3/jsonassert-1.5.3.jar:/Users/erik/.m2/repository/com/vaadin/external/google/android-json/0.0.20131108.vaadin1/android-json-0.0.20131108.vaadin1.jar:/Users/erik/.m2/repository/org/springframework/spring-test/6.2.0/spring-test-6.2.0.jar:/Users/erik/.m2/repository/org/xmlunit/xmlunit-core/2.10.0/xmlunit-core-2.10.0.jar:/Users/erik/.m2/repository/org/springframework/boot/spring-boot-testcontainers/3.4.0/spring-boot-testcontainers-3.4.0.jar:/Users/erik/.m2/repository/org/testcontainers/testcontainers/1.20.4/testcontainers-1.20.4.jar:/Users/erik/.m2/repository/junit/junit/4.13.2/junit-4.13.2.jar:/Users/erik/.m2/repository/org/hamcrest/hamcrest-core/2.2/hamcrest-core-2.2.jar:/Users/erik/.m2/repository/org/apache/commons/commons-compress/1.24.0/commons-compress-1.24.0.jar:/Users/erik/.m2/repository/org/rnorth/duct-tape/duct-tape/1.0.8/duct-tape-1.0.8.jar:/Users/erik/.m2/repository/org/jetbrains/annotations/17.0.0/annotations-17.0.0.jar:/Users/erik/.m2/repository/com/github/docker-java/docker-java-api/3.4.0/docker-java-api-3.4.0.jar:/Users/erik/.m2/repository/com/github/docker-java/docker-java-transport-zerodep/3.4.0/docker-java-transport-zerodep-3.4.0.jar:/Users/erik/.m2/repository/com/github/docker-java/docker-java-transport/3.4.0/docker-java-transport-3.4.0.jar:/Users/erik/.m2/repository/net/java/dev/jna/jna/5.13.0/jna-5.13.0.jar:/Users/erik/.m2/repository/org/testcontainers/oracle-xe/1.20.4/oracle-xe-1.20.4.jar:/Users/erik/.m2/repository/org/testcontainers/jdbc/1.20.4/jdbc-1.20.4.jar:/Users/erik/.m2/repository/org/testcontainers/database-commons/1.20.4/database-commons-1.20.4.jar:/Users/erik/.m2/repository/org/testcontainers/junit-jupiter/1.20.4/junit-jupiter-1.20.4.jar:/Users/erik/.m2/repository/org/instancio/instancio-junit/5.4.0/instancio-junit-5.4.0.jar:/Users/erik/.m2/repository/org/instancio/instancio-core/5.4.0/instancio-core-5.4.0.jar:/Users/erik/.m2/repository/com/tngtech/archunit/archunit-junit5/1.4.0/archunit-junit5-1.4.0.jar:/Users/erik/.m2/repository/com/tngtech/archunit/archunit-junit5-api/1.4.0/archunit-junit5-api-1.4.0.jar:/Users/erik/.m2/repository/com/tngtech/archunit/archunit/1.4.0/archunit-1.4.0.jar:/Users/erik/.m2/repository/com/tngtech/archunit/archunit-junit5-engine/1.4.0/archunit-junit5-engine-1.4.0.jar:/Users/erik/.m2/repository/com/tngtech/archunit/archunit-junit5-engine-api/1.4.0/archunit-junit5-engine-api-1.4.0.jar:, java.version: =25.0.3}. 
2026-08-27T17:45:11.379+01:00  INFO 74676 --- [oulearning] [onnection adder] oracle.jdbc                              : entering args (oracle.jdbc.internal.AbstractConnectionBuilder$1@57c0dc24)
2026-08-27T17:45:11.379+01:00  INFO 74676 --- [oulearning] [onnection adder] oracle.jdbc                              : traceId=135C808E. 
2026-08-27T17:45:11.380+01:00  INFO 74676 --- [oulearning] [onnection adder] oracle.jdbc                              : Session Attributes: 
sdu=8192, tdu=2097152
nt: host=localhost, port=62070, socketOptions={0=YES, 1=NO, 17=0, 18=false, 2=30000, 20=true, 38=TLS, 23=40, 24=50, 40=false, 25=0}
    socket=null
client profile={oracle.net.encryption_types_client=(), oracle.net.crypto_seed=, oracle.net.authentication_services=(), oracle.net.setFIPSMode=false, oracle.net.kerberos5_mutual_authentication=false, oracle.net.encryption_client=ACCEPTED, oracle.net.crypto_checksum_client=ACCEPTED, oracle.net.crypto_checksum_types_client=()}
onBreakReset=false, dataEOF=false, negotiatedOptions=0x0, connected=false
TTIINIT enabled=false, TTC cookie enabled=false

2026-08-27T17:45:11.380+01:00  INFO 74676 --- [oulearning] [onnection adder] oracle.jdbc                              : traceId=135C808E, anoEnabled=true. 
2026-08-27T17:45:11.380+01:00  INFO 74676 --- [oulearning] [onnection adder] oracle.jdbc                              : Connection establishment failed due to IOException, will be trying with next available connect option.
2026-08-27T17:45:11.380+01:00  INFO 74676 --- [oulearning] [onnection adder] oracle.jdbc                              : Got Refused, SessionTraceId = 135C808E
2026-08-27T17:45:11.380+01:00  INFO 74676 --- [oulearning] [onnection adder] oracle.jdbc                              : Outbound interrupt timer cancelled null
2026-08-27T17:45:11.380+01:00  INFO 74676 --- [oulearning] [onnection adder] oracle.jdbc                              : Session Attributes: 
sdu=8192, tdu=2097152
nt: host=localhost, port=62070, socketOptions={0=YES, 1=NO, 17=0, 18=false, 2=30000, 20=true, 38=TLS, 23=40, 24=50, 40=false, 25=0}
    socket=null
client profile={oracle.net.encryption_types_client=(), oracle.net.crypto_seed=, oracle.net.authentication_services=(), oracle.net.setFIPSMode=false, oracle.net.kerberos5_mutual_authentication=false, oracle.net.encryption_client=ACCEPTED, oracle.net.crypto_checksum_client=ACCEPTED, oracle.net.crypto_checksum_types_client=()}
onBreakReset=false, dataEOF=false, negotiatedOptions=0x0, connected=false
TTIINIT enabled=false, TTC cookie enabled=false

2026-08-27T17:45:11.380+01:00  INFO 74676 --- [oulearning] [onnection adder] oracle.jdbc                              : Connection establishment failed due to IOException, will be trying with next available connect option.
2026-08-27T17:45:11.380+01:00  INFO 74676 --- [oulearning] [onnection adder] oracle.jdbc                              : Got Refused, SessionTraceId = 135C808E
2026-08-27T17:45:11.380+01:00  INFO 74676 --- [oulearning] [onnection adder] oracle.jdbc                              : Outbound interrupt timer cancelled null
2026-08-27T17:45:11.380+01:00  INFO 74676 --- [oulearning] [onnection adder] oracle.jdbc                              : throwing

java.sql.SQLRecoverableException: ORA-17002: I/O error: Connection reset, connect lapse 1 ms., Authentication lapse 0 ms.
https://docs.oracle.com/error-help/db/ora-17002/
	at oracle.jdbc.driver.T4CConnection.handleLogonIOException(T4CConnection.java:1660) ~[ojdbc11-23.5.0.24.07.jar:23.5.0.24.07]
	at oracle.jdbc.driver.T4CConnection.logon(T4CConnection.java:1142) ~[ojdbc11-23.5.0.24.07.jar:23.5.0.24.07]
	at oracle.jdbc.driver.PhysicalConnection.connect(PhysicalConnection.java:1206) ~[ojdbc11-23.5.0.24.07.jar:23.5.0.24.07]
	at oracle.jdbc.driver.T4CDriverExtension.getConnection(T4CDriverExtension.java:105) ~[ojdbc11-23.5.0.24.07.jar:23.5.0.24.07]
	at oracle.jdbc.driver.OracleDriver.connect(OracleDriver.java:886) ~[ojdbc11-23.5.0.24.07.jar:23.5.0.24.07]
	at oracle.jdbc.driver.OracleDriver.connect(OracleDriver.java:693) ~[ojdbc11-23.5.0.24.07.jar:23.5.0.24.07]
	at com.zaxxer.hikari.util.DriverDataSource.getConnection(DriverDataSource.java:137) ~[HikariCP-5.1.0.jar:na]
	at com.zaxxer.hikari.pool.PoolBase.newConnection(PoolBase.java:360) ~[HikariCP-5.1.0.jar:na]
	at com.zaxxer.hikari.pool.PoolBase.newPoolEntry(PoolBase.java:202) ~[HikariCP-5.1.0.jar:na]
	at com.zaxxer.hikari.pool.HikariPool.createPoolEntry(HikariPool.java:461) ~[HikariCP-5.1.0.jar:na]
	at com.zaxxer.hikari.pool.HikariPool$PoolEntryCreator.call(HikariPool.java:724) ~[HikariCP-5.1.0.jar:na]
	at com.zaxxer.hikari.pool.HikariPool$PoolEntryCreator.call(HikariPool.java:703) ~[HikariCP-5.1.0.jar:na]
	at java.base/java.util.concurrent.FutureTask.run(FutureTask.java:328) ~[na:na]
	at java.base/java.util.concurrent.ThreadPoolExecutor.runWorker(ThreadPoolExecutor.java:1090) ~[na:na]
	at java.base/java.util.concurrent.ThreadPoolExecutor$Worker.run(ThreadPoolExecutor.java:614) ~[na:na]
	at java.base/java.lang.Thread.run(Thread.java:1474) ~[na:na]
Caused by: java.io.IOException: Connection reset, connect lapse 1 ms., Authentication lapse 0 ms.
	at oracle.jdbc.driver.T4CConnection.handleLogonIOException(T4CConnection.java:1655) ~[ojdbc11-23.5.0.24.07.jar:23.5.0.24.07]
	... 15 common frames omitted
Caused by: java.io.IOException: Connection reset, connect lapse 1 ms.
	at oracle.net.ns.NSProtocolNIO.negotiateConnection(NSProtocolNIO.java:263) ~[ojdbc11-23.5.0.24.07.jar:23.5.0.24.07]
	at oracle.net.ns.NSProtocol.connect(NSProtocol.java:352) ~[ojdbc11-23.5.0.24.07.jar:23.5.0.24.07]
	at oracle.jdbc.driver.T4CConnection.connectNetworkSessionProtocol(T4CConnection.java:3419) ~[ojdbc11-23.5.0.24.07.jar:23.5.0.24.07]
	at oracle.jdbc.driver.T4CConnection.logon(T4CConnection.java:1018) ~[ojdbc11-23.5.0.24.07.jar:23.5.0.24.07]
	... 14 common frames omitted
Caused by: java.net.SocketException: Connection reset
	at java.base/sun.nio.ch.SocketChannelImpl.throwConnectionReset(SocketChannelImpl.java:399) ~[na:na]
	at java.base/sun.nio.ch.SocketChannelImpl.blockingRead(SocketChannelImpl.java:1420) ~[na:na]
	at java.base/sun.nio.ch.SocketInputStream.implRead(SocketInputStream.java:70) ~[na:na]
	at java.base/sun.nio.ch.SocketInputStream.read(SocketInputStream.java:78) ~[na:na]
	at oracle.net.nt.TimeoutSocketChannel.doBlockedRead(TimeoutSocketChannel.java:600) ~[ojdbc11-23.5.0.24.07.jar:23.5.0.24.07]
	at oracle.net.nt.TimeoutSocketChannel.read(TimeoutSocketChannel.java:536) ~[ojdbc11-23.5.0.24.07.jar:23.5.0.24.07]
	at oracle.net.ns.NSProtocolNIO.doSocketRead(NSProtocolNIO.java:1224) ~[ojdbc11-23.5.0.24.07.jar:23.5.0.24.07]
	at oracle.net.ns.NIOPacket.readNIOPacket(NIOPacket.java:436) ~[ojdbc11-23.5.0.24.07.jar:23.5.0.24.07]
	at oracle.net.ns.NSProtocolNIO.negotiateConnection(NSProtocolNIO.java:216) ~[ojdbc11-23.5.0.24.07.jar:23.5.0.24.07]
	... 17 common frames omitted

2026-08-27T17:45:11.381+01:00  INFO 74676 --- [oulearning] [onnection adder] oracle.jdbc                              : properties={LOCALE=en_US, DriverVersion=23.5.0.24.07, java.library.path: =/Users/erik/Library/Java/Extensions:/Library/Java/Extensions:/Network/Library/Java/Extensions:/System/Library/Java/Extensions:/usr/lib/java:., java.class.path: =/Users/erik/dev/oulearning/target/test-classes:/Users/erik/dev/oulearning/target/classes:/Users/erik/.m2/repository/org/springframework/boot/spring-boot-starter-data-jpa/3.4.0/spring-boot-starter-data-jpa-3.4.0.jar:/Users/erik/.m2/repository/org/springframework/boot/spring-boot-starter-jdbc/3.4.0/spring-boot-starter-jdbc-3.4.0.jar:/Users/erik/.m2/repository/com/zaxxer/HikariCP/5.1.0/HikariCP-5.1.0.jar:/Users/erik/.m2/repository/org/springframework/spring-jdbc/6.2.0/spring-jdbc-6.2.0.jar:/Users/erik/.m2/repository/org/hibernate/orm/hibernate-core/6.6.2.Final/hibernate-core-6.6.2.Final.jar:/Users/erik/.m2/repository/jakarta/persistence/jakarta.persistence-api/3.1.0/jakarta.persistence-api-3.1.0.jar:/Users/erik/.m2/repository/jakarta/transaction/jakarta.transaction-api/2.0.1/jakarta.transaction-api-2.0.1.jar:/Users/erik/.m2/repository/org/jboss/logging/jboss-logging/3.6.1.Final/jboss-logging-3.6.1.Final.jar:/Users/erik/.m2/repository/org/hibernate/common/hibernate-commons-annotations/7.0.3.Final/hibernate-commons-annotations-7.0.3.Final.jar:/Users/erik/.m2/repository/io/smallrye/jandex/3.2.0/jandex-3.2.0.jar:/Users/erik/.m2/repository/com/fasterxml/classmate/1.7.0/classmate-1.7.0.jar:/Users/erik/.m2/repository/net/bytebuddy/byte-buddy/1.15.10/byte-buddy-1.15.10.jar:/Users/erik/.m2/repository/org/glassfish/jaxb/jaxb-runtime/4.0.5/jaxb-runtime-4.0.5.jar:/Users/erik/.m2/repository/org/glassfish/jaxb/jaxb-core/4.0.5/jaxb-core-4.0.5.jar:/Users/erik/.m2/repository/org/eclipse/angus/angus-activation/2.0.2/angus-activation-2.0.2.jar:/Users/erik/.m2/repository/org/glassfish/jaxb/txw2/4.0.5/txw2-4.0.5.jar:/Users/erik/.m2/repository/com/sun/istack/istack-commons-runtime/4.1.2/istack-commons-runtime-4.1.2.jar:/Users/erik/.m2/repository/jakarta/inject/jakarta.inject-api/2.0.1/jakarta.inject-api-2.0.1.jar:/Users/erik/.m2/repository/org/antlr/antlr4-runtime/4.13.0/antlr4-runtime-4.13.0.jar:/Users/erik/.m2/repository/org/springframework/data/spring-data-jpa/3.4.0/spring-data-jpa-3.4.0.jar:/Users/erik/.m2/repository/org/springframework/data/spring-data-commons/3.4.0/spring-data-commons-3.4.0.jar:/Users/erik/.m2/repository/org/springframework/spring-orm/6.2.0/spring-orm-6.2.0.jar:/Users/erik/.m2/repository/org/springframework/spring-context/6.2.0/spring-context-6.2.0.jar:/Users/erik/.m2/repository/org/springframework/spring-aop/6.2.0/spring-aop-6.2.0.jar:/Users/erik/.m2/repository/org/springframework/spring-tx/6.2.0/spring-tx-6.2.0.jar:/Users/erik/.m2/repository/org/springframework/spring-beans/6.2.0/spring-beans-6.2.0.jar:/Users/erik/.m2/repository/org/slf4j/slf4j-api/2.0.16/slf4j-api-2.0.16.jar:/Users/erik/.m2/repository/org/springframework/spring-aspects/6.2.0/spring-aspects-6.2.0.jar:/Users/erik/.m2/repository/org/aspectj/aspectjweaver/1.9.22.1/aspectjweaver-1.9.22.1.jar:/Users/erik/.m2/repository/org/flywaydb/flyway-core/10.20.1/flyway-core-10.20.1.jar:/Users/erik/.m2/repository/com/fasterxml/jackson/dataformat/jackson-dataformat-toml/2.18.1/jackson-dataformat-toml-2.18.1.jar:/Users/erik/.m2/repository/com/fasterxml/jackson/core/jackson-core/2.18.1/jackson-core-2.18.1.jar:/Users/erik/.m2/repository/com/fasterxml/jackson/datatype/jackson-datatype-jsr310/2.18.1/jackson-datatype-jsr310-2.18.1.jar:/Users/erik/.m2/repository/com/fasterxml/jackson/core/jackson-annotations/2.18.1/jackson-annotations-2.18.1.jar:/Users/erik/.m2/repository/org/flywaydb/flyway-database-oracle/10.20.1/flyway-database-oracle-10.20.1.jar:/Users/erik/.m2/repository/com/oracle/database/jdbc/ojdbc11/23.5.0.24.07/ojdbc11-23.5.0.24.07.jar:/Users/erik/.m2/repository/org/springframework/boot/spring-boot-starter/3.4.0/spring-boot-starter-3.4.0.jar:/Users/erik/.m2/repository/org/springframework/boot/spring-boot/3.4.0/spring-boot-3.4.0.jar:/Users/erik/.m2/repository/org/springframework/boot/spring-boot-autoconfigure/3.4.0/spring-boot-autoconfigure-3.4.0.jar:/Users/erik/.m2/repository/org/springframework/boot/spring-boot-starter-logging/3.4.0/spring-boot-starter-logging-3.4.0.jar:/Users/erik/.m2/repository/ch/qos/logback/logback-classic/1.5.12/logback-classic-1.5.12.jar:/Users/erik/.m2/repository/ch/qos/logback/logback-core/1.5.12/logback-core-1.5.12.jar:/Users/erik/.m2/repository/org/apache/logging/log4j/log4j-to-slf4j/2.24.1/log4j-to-slf4j-2.24.1.jar:/Users/erik/.m2/repository/org/apache/logging/log4j/log4j-api/2.24.1/log4j-api-2.24.1.jar:/Users/erik/.m2/repository/org/slf4j/jul-to-slf4j/2.0.16/jul-to-slf4j-2.0.16.jar:/Users/erik/.m2/repository/jakarta/annotation/jakarta.annotation-api/2.1.1/jakarta.annotation-api-2.1.1.jar:/Users/erik/.m2/repository/org/springframework/spring-core/6.2.0/spring-core-6.2.0.jar:/Users/erik/.m2/repository/org/springframework/spring-jcl/6.2.0/spring-jcl-6.2.0.jar:/Users/erik/.m2/repository/org/yaml/snakeyaml/2.3/snakeyaml-2.3.jar:/Users/erik/.m2/repository/org/mybatis/spring/boot/mybatis-spring-boot-starter/3.0.3/mybatis-spring-boot-starter-3.0.3.jar:/Users/erik/.m2/repository/org/mybatis/spring/boot/mybatis-spring-boot-autoconfigure/3.0.3/mybatis-spring-boot-autoconfigure-3.0.3.jar:/Users/erik/.m2/repository/org/mybatis/mybatis/3.5.14/mybatis-3.5.14.jar:/Users/erik/.m2/repository/org/mybatis/mybatis-spring/3.0.3/mybatis-spring-3.0.3.jar:/Users/erik/.m2/repository/org/mybatis/spring/boot/mybatis-spring-boot-starter-test/3.0.3/mybatis-spring-boot-starter-test-3.0.3.jar:/Users/erik/.m2/repository/org/mybatis/spring/boot/mybatis-spring-boot-test-autoconfigure/3.0.3/mybatis-spring-boot-test-autoconfigure-3.0.3.jar:/Users/erik/.m2/repository/org/springframework/boot/spring-boot-starter-web/3.4.0/spring-boot-starter-web-3.4.0.jar:/Users/erik/.m2/repository/org/springframework/boot/spring-boot-starter-json/3.4.0/spring-boot-starter-json-3.4.0.jar:/Users/erik/.m2/repository/com/fasterxml/jackson/datatype/jackson-datatype-jdk8/2.18.1/jackson-datatype-jdk8-2.18.1.jar:/Users/erik/.m2/repository/com/fasterxml/jackson/module/jackson-module-parameter-names/2.18.1/jackson-module-parameter-names-2.18.1.jar:/Users/erik/.m2/repository/org/springframework/boot/spring-boot-starter-tomcat/3.4.0/spring-boot-starter-tomcat-3.4.0.jar:/Users/erik/.m2/repository/org/apache/tomcat/embed/tomcat-embed-core/10.1.33/tomcat-embed-core-10.1.33.jar:/Users/erik/.m2/repository/org/apache/tomcat/embed/tomcat-embed-websocket/10.1.33/tomcat-embed-websocket-10.1.33.jar:/Users/erik/.m2/repository/org/springframework/spring-web/6.2.0/spring-web-6.2.0.jar:/Users/erik/.m2/repository/io/micrometer/micrometer-observation/1.14.1/micrometer-observation-1.14.1.jar:/Users/erik/.m2/repository/io/micrometer/micrometer-commons/1.14.1/micrometer-commons-1.14.1.jar:/Users/erik/.m2/repository/org/springframework/spring-webmvc/6.2.0/spring-webmvc-6.2.0.jar:/Users/erik/.m2/repository/org/springframework/spring-expression/6.2.0/spring-expression-6.2.0.jar:/Users/erik/.m2/repository/org/springframework/boot/spring-boot-starter-validation/3.4.0/spring-boot-starter-validation-3.4.0.jar:/Users/erik/.m2/repository/org/apache/tomcat/embed/tomcat-embed-el/10.1.33/tomcat-embed-el-10.1.33.jar:/Users/erik/.m2/repository/org/hibernate/validator/hibernate-validator/8.0.1.Final/hibernate-validator-8.0.1.Final.jar:/Users/erik/.m2/repository/jakarta/validation/jakarta.validation-api/3.0.2/jakarta.validation-api-3.0.2.jar:/Users/erik/.m2/repository/io/swagger/core/v3/swagger-annotations/2.2.22/swagger-annotations-2.2.22.jar:/Users/erik/.m2/repository/org/openapitools/jackson-databind-nullable/0.2.6/jackson-databind-nullable-0.2.6.jar:/Users/erik/.m2/repository/com/fasterxml/jackson/core/jackson-databind/2.18.1/jackson-databind-2.18.1.jar:/Users/erik/.m2/repository/org/javamoney/moneta/moneta-core/1.4.4/moneta-core-1.4.4.jar:/Users/erik/.m2/repository/javax/money/money-api/1.1/money-api-1.1.jar:/Users/erik/.m2/repository/com/squareup/okhttp3/okhttp/4.12.0/okhttp-4.12.0.jar:/Users/erik/.m2/repository/com/squareup/okio/okio/3.6.0/okio-3.6.0.jar:/Users/erik/.m2/repository/com/squareup/okio/okio-jvm/3.6.0/okio-jvm-3.6.0.jar:/Users/erik/.m2/repository/org/jetbrains/kotlin/kotlin-stdlib-common/1.9.25/kotlin-stdlib-common-1.9.25.jar:/Users/erik/.m2/repository/org/jetbrains/kotlin/kotlin-stdlib-jdk8/1.9.25/kotlin-stdlib-jdk8-1.9.25.jar:/Users/erik/.m2/repository/org/jetbrains/kotlin/kotlin-stdlib/1.9.25/kotlin-stdlib-1.9.25.jar:/Users/erik/.m2/repository/org/jetbrains/kotlin/kotlin-stdlib-jdk7/1.9.25/kotlin-stdlib-jdk7-1.9.25.jar:/Users/erik/.m2/repository/org/springframework/boot/spring-boot-starter-test/3.4.0/spring-boot-starter-test-3.4.0.jar:/Users/erik/.m2/repository/org/springframework/boot/spring-boot-test/3.4.0/spring-boot-test-3.4.0.jar:/Users/erik/.m2/repository/org/springframework/boot/spring-boot-test-autoconfigure/3.4.0/spring-boot-test-autoconfigure-3.4.0.jar:/Users/erik/.m2/repository/com/jayway/jsonpath/json-path/2.9.0/json-path-2.9.0.jar:/Users/erik/.m2/repository/jakarta/xml/bind/jakarta.xml.bind-api/4.0.2/jakarta.xml.bind-api-4.0.2.jar:/Users/erik/.m2/repository/jakarta/activation/jakarta.activation-api/2.1.3/jakarta.activation-api-2.1.3.jar:/Users/erik/.m2/repository/net/minidev/json-smart/2.5.1/json-smart-2.5.1.jar:/Users/erik/.m2/repository/net/minidev/accessors-smart/2.5.1/accessors-smart-2.5.1.jar:/Users/erik/.m2/repository/org/ow2/asm/asm/9.6/asm-9.6.jar:/Users/erik/.m2/repository/org/assertj/assertj-core/3.26.3/assertj-core-3.26.3.jar:/Users/erik/.m2/repository/org/awaitility/awaitility/4.2.2/awaitility-4.2.2.jar:/Users/erik/.m2/repository/org/hamcrest/hamcrest/2.2/hamcrest-2.2.jar:/Users/erik/.m2/repository/org/junit/jupiter/junit-jupiter/5.11.3/junit-jupiter-5.11.3.jar:/Users/erik/.m2/repository/org/junit/jupiter/junit-jupiter-api/5.11.3/junit-jupiter-api-5.11.3.jar:/Users/erik/.m2/repository/org/opentest4j/opentest4j/1.3.0/opentest4j-1.3.0.jar:/Users/erik/.m2/repository/org/junit/platform/junit-platform-commons/1.11.3/junit-platform-commons-1.11.3.jar:/Users/erik/.m2/repository/org/apiguardian/apiguardian-api/1.1.2/apiguardian-api-1.1.2.jar:/Users/erik/.m2/repository/org/junit/jupiter/junit-jupiter-params/5.11.3/junit-jupiter-params-5.11.3.jar:/Users/erik/.m2/repository/org/junit/jupiter/junit-jupiter-engine/5.11.3/junit-jupiter-engine-5.11.3.jar:/Users/erik/.m2/repository/org/junit/platform/junit-platform-engine/1.11.3/junit-platform-engine-1.11.3.jar:/Users/erik/.m2/repository/org/mockito/mockito-core/5.14.2/mockito-core-5.14.2.jar:/Users/erik/.m2/repository/net/bytebuddy/byte-buddy-agent/1.15.10/byte-buddy-agent-1.15.10.jar:/Users/erik/.m2/repository/org/objenesis/objenesis/3.3/objenesis-3.3.jar:/Users/erik/.m2/repository/org/mockito/mockito-junit-jupiter/5.14.2/mockito-junit-jupiter-5.14.2.jar:/Users/erik/.m2/repository/org/skyscreamer/jsonassert/1.5.3/jsonassert-1.5.3.jar:/Users/erik/.m2/repository/com/vaadin/external/google/android-json/0.0.20131108.vaadin1/android-json-0.0.20131108.vaadin1.jar:/Users/erik/.m2/repository/org/springframework/spring-test/6.2.0/spring-test-6.2.0.jar:/Users/erik/.m2/repository/org/xmlunit/xmlunit-core/2.10.0/xmlunit-core-2.10.0.jar:/Users/erik/.m2/repository/org/springframework/boot/spring-boot-testcontainers/3.4.0/spring-boot-testcontainers-3.4.0.jar:/Users/erik/.m2/repository/org/testcontainers/testcontainers/1.20.4/testcontainers-1.20.4.jar:/Users/erik/.m2/repository/junit/junit/4.13.2/junit-4.13.2.jar:/Users/erik/.m2/repository/org/hamcrest/hamcrest-core/2.2/hamcrest-core-2.2.jar:/Users/erik/.m2/repository/org/apache/commons/commons-compress/1.24.0/commons-compress-1.24.0.jar:/Users/erik/.m2/repository/org/rnorth/duct-tape/duct-tape/1.0.8/duct-tape-1.0.8.jar:/Users/erik/.m2/repository/org/jetbrains/annotations/17.0.0/annotations-17.0.0.jar:/Users/erik/.m2/repository/com/github/docker-java/docker-java-api/3.4.0/docker-java-api-3.4.0.jar:/Users/erik/.m2/repository/com/github/docker-java/docker-java-transport-zerodep/3.4.0/docker-java-transport-zerodep-3.4.0.jar:/Users/erik/.m2/repository/com/github/docker-java/docker-java-transport/3.4.0/docker-java-transport-3.4.0.jar:/Users/erik/.m2/repository/net/java/dev/jna/jna/5.13.0/jna-5.13.0.jar:/Users/erik/.m2/repository/org/testcontainers/oracle-xe/1.20.4/oracle-xe-1.20.4.jar:/Users/erik/.m2/repository/org/testcontainers/jdbc/1.20.4/jdbc-1.20.4.jar:/Users/erik/.m2/repository/org/testcontainers/database-commons/1.20.4/database-commons-1.20.4.jar:/Users/erik/.m2/repository/org/testcontainers/junit-jupiter/1.20.4/junit-jupiter-1.20.4.jar:/Users/erik/.m2/repository/org/instancio/instancio-junit/5.4.0/instancio-junit-5.4.0.jar:/Users/erik/.m2/repository/org/instancio/instancio-core/5.4.0/instancio-core-5.4.0.jar:/Users/erik/.m2/repository/com/tngtech/archunit/archunit-junit5/1.4.0/archunit-junit5-1.4.0.jar:/Users/erik/.m2/repository/com/tngtech/archunit/archunit-junit5-api/1.4.0/archunit-junit5-api-1.4.0.jar:/Users/erik/.m2/repository/com/tngtech/archunit/archunit/1.4.0/archunit-1.4.0.jar:/Users/erik/.m2/repository/com/tngtech/archunit/archunit-junit5-engine/1.4.0/archunit-junit5-engine-1.4.0.jar:/Users/erik/.m2/repository/com/tngtech/archunit/archunit-junit5-engine-api/1.4.0/archunit-junit5-engine-api-1.4.0.jar:, java.version: =25.0.3}. 
[ERROR] Tests run: 1, Failures: 1, Errors: 0, Skipped: 0, Time elapsed: 12.61 s <<< FAILURE! -- in com.example.oulearning.training.TrainingWorkflowIT
[ERROR] com.example.oulearning.training.TrainingWorkflowIT.givenValidTrainingRequest_whenProgressingThroughLifecycle_thenReturnsExpectedResults -- Time elapsed: 0.272 s <<< FAILURE!
org.opentest4j.AssertionFailedError: 

expected: 201 CREATED
 but was: 400 BAD_REQUEST
	at com.example.oulearning.training.TrainingWorkflowIT.givenValidTrainingRequest_whenProgressingThroughLifecycle_thenReturnsExpectedResults(TrainingWorkflowIT.java:83)
	at java.base/java.lang.reflect.Method.invoke(Method.java:565)
	at java.base/java.util.ArrayList.forEach(ArrayList.java:1604)
	at java.base/java.util.ArrayList.forEach(ArrayList.java:1604)

[INFO] Running com.example.oulearning.OulearningApplicationIT
2026-08-27T17:45:11.683+01:00  INFO 74676 --- [oulearning] [           main] t.c.s.AnnotationConfigContextLoaderUtils : Could not detect default configuration classes for test class [com.example.oulearning.OulearningApplicationIT]: OulearningApplicationIT does not declare any static, non-private, non-final, nested classes annotated with @Configuration.
2026-08-27T17:45:11.689+01:00  INFO 74676 --- [oulearning] [           main] .b.t.c.SpringBootTestContextBootstrapper : Found @SpringBootConfiguration com.example.oulearning.OulearningApplication for test class com.example.oulearning.OulearningApplicationIT
2026-08-27T17:45:11.690+01:00  INFO 74676 --- [oulearning] [           main] t.gvenzl/oracle-free:23-slim-faststart   : Creating container for image: gvenzl/oracle-free:23-slim-faststart
2026-08-27T17:45:11.755+01:00  INFO 74676 --- [oulearning] [           main] t.gvenzl/oracle-free:23-slim-faststart   : Container gvenzl/oracle-free:23-slim-faststart is starting: 9fdcf149d7c29af3de308d7e1dc72866f1716fd47c0fd2c9a77d8cfc15140c51
2026-08-27T17:45:12.470+01:00  INFO 74676 --- [oulearning] [onnection adder] oracle.jdbc                              : entering args (oracle.jdbc.internal.AbstractConnectionBuilder$1@6c78a90e)
2026-08-27T17:45:12.470+01:00  INFO 74676 --- [oulearning] [onnection adder] oracle.jdbc                              : traceId=1B894739. 
2026-08-27T17:45:12.470+01:00  INFO 74676 --- [oulearning] [onnection adder] oracle.jdbc                              : Session Attributes: 
sdu=8192, tdu=2097152
nt: host=localhost, port=62070, socketOptions={0=YES, 1=NO, 17=0, 18=false, 2=30000, 20=true, 38=TLS, 23=40, 24=50, 40=false, 25=0}
    socket=null
client profile={oracle.net.encryption_types_client=(), oracle.net.crypto_seed=, oracle.net.authentication_services=(), oracle.net.setFIPSMode=false, oracle.net.kerberos5_mutual_authentication=false, oracle.net.encryption_client=ACCEPTED, oracle.net.crypto_checksum_client=ACCEPTED, oracle.net.crypto_checksum_types_client=()}
onBreakReset=false, dataEOF=false, negotiatedOptions=0x0, connected=false
TTIINIT enabled=false, TTC cookie enabled=false

2026-08-27T17:45:12.470+01:00  INFO 74676 --- [oulearning] [onnection adder] oracle.jdbc                              : traceId=1B894739, anoEnabled=true. 
2026-08-27T17:45:12.470+01:00  INFO 74676 --- [oulearning] [onnection adder] oracle.jdbc                              : Connection establishment failed due to IOException, will be trying with next available connect option.
2026-08-27T17:45:12.470+01:00  INFO 74676 --- [oulearning] [onnection adder] oracle.jdbc                              : Got Refused, SessionTraceId = 1B894739
2026-08-27T17:45:12.470+01:00  INFO 74676 --- [oulearning] [onnection adder] oracle.jdbc                              : Outbound interrupt timer cancelled null
2026-08-27T17:45:12.470+01:00  INFO 74676 --- [oulearning] [onnection adder] oracle.jdbc                              : Session Attributes: 
sdu=8192, tdu=2097152
nt: host=localhost, port=62070, socketOptions={0=YES, 1=NO, 17=0, 18=false, 2=30000, 20=true, 38=TLS, 23=40, 24=50, 40=false, 25=0}
    socket=null
client profile={oracle.net.encryption_types_client=(), oracle.net.crypto_seed=, oracle.net.authentication_services=(), oracle.net.setFIPSMode=false, oracle.net.kerberos5_mutual_authentication=false, oracle.net.encryption_client=ACCEPTED, oracle.net.crypto_checksum_client=ACCEPTED, oracle.net.crypto_checksum_types_client=()}
onBreakReset=false, dataEOF=false, negotiatedOptions=0x0, connected=false
TTIINIT enabled=false, TTC cookie enabled=false

2026-08-27T17:45:12.470+01:00  INFO 74676 --- [oulearning] [onnection adder] oracle.jdbc                              : Got Refused, SessionTraceId = 1B894739
2026-08-27T17:45:12.470+01:00  INFO 74676 --- [oulearning] [onnection adder] oracle.jdbc                              : Outbound interrupt timer cancelled null
2026-08-27T17:45:12.470+01:00  INFO 74676 --- [oulearning] [onnection adder] oracle.jdbc                              : throwing

java.sql.SQLRecoverableException: ORA-12514: Cannot connect to database. Service FREEPDB1 is not registered with the listener at host localhost port 62070. (CONNECTION_ID=zwpOP91JRjqoi+NG2OiJSg==)
https://docs.oracle.com/error-help/db/ora-12514/
	at oracle.jdbc.driver.T4CConnection.handleLogonNetException(T4CConnection.java:1617) ~[ojdbc11-23.5.0.24.07.jar:23.5.0.24.07]
	at oracle.jdbc.driver.T4CConnection.logon(T4CConnection.java:1139) ~[ojdbc11-23.5.0.24.07.jar:23.5.0.24.07]
	at oracle.jdbc.driver.PhysicalConnection.connect(PhysicalConnection.java:1206) ~[ojdbc11-23.5.0.24.07.jar:23.5.0.24.07]
	at oracle.jdbc.driver.T4CDriverExtension.getConnection(T4CDriverExtension.java:105) ~[ojdbc11-23.5.0.24.07.jar:23.5.0.24.07]
	at oracle.jdbc.driver.OracleDriver.connect(OracleDriver.java:886) ~[ojdbc11-23.5.0.24.07.jar:23.5.0.24.07]
	at oracle.jdbc.driver.OracleDriver.connect(OracleDriver.java:693) ~[ojdbc11-23.5.0.24.07.jar:23.5.0.24.07]
	at com.zaxxer.hikari.util.DriverDataSource.getConnection(DriverDataSource.java:137) ~[HikariCP-5.1.0.jar:na]
	at com.zaxxer.hikari.pool.PoolBase.newConnection(PoolBase.java:360) ~[HikariCP-5.1.0.jar:na]
	at com.zaxxer.hikari.pool.PoolBase.newPoolEntry(PoolBase.java:202) ~[HikariCP-5.1.0.jar:na]
	at com.zaxxer.hikari.pool.HikariPool.createPoolEntry(HikariPool.java:461) ~[HikariCP-5.1.0.jar:na]
	at com.zaxxer.hikari.pool.HikariPool$PoolEntryCreator.call(HikariPool.java:724) ~[HikariCP-5.1.0.jar:na]
	at com.zaxxer.hikari.pool.HikariPool$PoolEntryCreator.call(HikariPool.java:703) ~[HikariCP-5.1.0.jar:na]
	at java.base/java.util.concurrent.FutureTask.run(FutureTask.java:328) ~[na:na]
	at java.base/java.util.concurrent.ThreadPoolExecutor.runWorker(ThreadPoolExecutor.java:1090) ~[na:na]
	at java.base/java.util.concurrent.ThreadPoolExecutor$Worker.run(ThreadPoolExecutor.java:614) ~[na:na]
	at java.base/java.lang.Thread.run(Thread.java:1474) ~[na:na]
Caused by: oracle.net.ns.NetException: ORA-12514: Cannot connect to database. Service FREEPDB1 is not registered with the listener at host localhost port 62070. (CONNECTION_ID=zwpOP91JRjqoi+NG2OiJSg==)
https://docs.oracle.com/error-help/db/ora-12514/
	at oracle.net.ns.NSProtocolNIO.createRefusePacketException(NSProtocolNIO.java:915) ~[ojdbc11-23.5.0.24.07.jar:23.5.0.24.07]
	at oracle.net.ns.NSProtocolNIO.handleConnectPacketResponse(NSProtocolNIO.java:461) ~[ojdbc11-23.5.0.24.07.jar:23.5.0.24.07]
	at oracle.net.ns.NSProtocolNIO.negotiateConnection(NSProtocolNIO.java:269) ~[ojdbc11-23.5.0.24.07.jar:23.5.0.24.07]
	at oracle.net.ns.NSProtocol.connect(NSProtocol.java:352) ~[ojdbc11-23.5.0.24.07.jar:23.5.0.24.07]
	at oracle.jdbc.driver.T4CConnection.connectNetworkSessionProtocol(T4CConnection.java:3419) ~[ojdbc11-23.5.0.24.07.jar:23.5.0.24.07]
	at oracle.jdbc.driver.T4CConnection.logon(T4CConnection.java:1018) ~[ojdbc11-23.5.0.24.07.jar:23.5.0.24.07]
	... 14 common frames omitted

2026-08-27T17:45:12.471+01:00  INFO 74676 --- [oulearning] [onnection adder] oracle.jdbc                              : properties={LOCALE=en_US, DriverVersion=23.5.0.24.07, java.library.path: =/Users/erik/Library/Java/Extensions:/Library/Java/Extensions:/Network/Library/Java/Extensions:/System/Library/Java/Extensions:/usr/lib/java:., java.class.path: =/Users/erik/dev/oulearning/target/test-classes:/Users/erik/dev/oulearning/target/classes:/Users/erik/.m2/repository/org/springframework/boot/spring-boot-starter-data-jpa/3.4.0/spring-boot-starter-data-jpa-3.4.0.jar:/Users/erik/.m2/repository/org/springframework/boot/spring-boot-starter-jdbc/3.4.0/spring-boot-starter-jdbc-3.4.0.jar:/Users/erik/.m2/repository/com/zaxxer/HikariCP/5.1.0/HikariCP-5.1.0.jar:/Users/erik/.m2/repository/org/springframework/spring-jdbc/6.2.0/spring-jdbc-6.2.0.jar:/Users/erik/.m2/repository/org/hibernate/orm/hibernate-core/6.6.2.Final/hibernate-core-6.6.2.Final.jar:/Users/erik/.m2/repository/jakarta/persistence/jakarta.persistence-api/3.1.0/jakarta.persistence-api-3.1.0.jar:/Users/erik/.m2/repository/jakarta/transaction/jakarta.transaction-api/2.0.1/jakarta.transaction-api-2.0.1.jar:/Users/erik/.m2/repository/org/jboss/logging/jboss-logging/3.6.1.Final/jboss-logging-3.6.1.Final.jar:/Users/erik/.m2/repository/org/hibernate/common/hibernate-commons-annotations/7.0.3.Final/hibernate-commons-annotations-7.0.3.Final.jar:/Users/erik/.m2/repository/io/smallrye/jandex/3.2.0/jandex-3.2.0.jar:/Users/erik/.m2/repository/com/fasterxml/classmate/1.7.0/classmate-1.7.0.jar:/Users/erik/.m2/repository/net/bytebuddy/byte-buddy/1.15.10/byte-buddy-1.15.10.jar:/Users/erik/.m2/repository/org/glassfish/jaxb/jaxb-runtime/4.0.5/jaxb-runtime-4.0.5.jar:/Users/erik/.m2/repository/org/glassfish/jaxb/jaxb-core/4.0.5/jaxb-core-4.0.5.jar:/Users/erik/.m2/repository/org/eclipse/angus/angus-activation/2.0.2/angus-activation-2.0.2.jar:/Users/erik/.m2/repository/org/glassfish/jaxb/txw2/4.0.5/txw2-4.0.5.jar:/Users/erik/.m2/repository/com/sun/istack/istack-commons-runtime/4.1.2/istack-commons-runtime-4.1.2.jar:/Users/erik/.m2/repository/jakarta/inject/jakarta.inject-api/2.0.1/jakarta.inject-api-2.0.1.jar:/Users/erik/.m2/repository/org/antlr/antlr4-runtime/4.13.0/antlr4-runtime-4.13.0.jar:/Users/erik/.m2/repository/org/springframework/data/spring-data-jpa/3.4.0/spring-data-jpa-3.4.0.jar:/Users/erik/.m2/repository/org/springframework/data/spring-data-commons/3.4.0/spring-data-commons-3.4.0.jar:/Users/erik/.m2/repository/org/springframework/spring-orm/6.2.0/spring-orm-6.2.0.jar:/Users/erik/.m2/repository/org/springframework/spring-context/6.2.0/spring-context-6.2.0.jar:/Users/erik/.m2/repository/org/springframework/spring-aop/6.2.0/spring-aop-6.2.0.jar:/Users/erik/.m2/repository/org/springframework/spring-tx/6.2.0/spring-tx-6.2.0.jar:/Users/erik/.m2/repository/org/springframework/spring-beans/6.2.0/spring-beans-6.2.0.jar:/Users/erik/.m2/repository/org/slf4j/slf4j-api/2.0.16/slf4j-api-2.0.16.jar:/Users/erik/.m2/repository/org/springframework/spring-aspects/6.2.0/spring-aspects-6.2.0.jar:/Users/erik/.m2/repository/org/aspectj/aspectjweaver/1.9.22.1/aspectjweaver-1.9.22.1.jar:/Users/erik/.m2/repository/org/flywaydb/flyway-core/10.20.1/flyway-core-10.20.1.jar:/Users/erik/.m2/repository/com/fasterxml/jackson/dataformat/jackson-dataformat-toml/2.18.1/jackson-dataformat-toml-2.18.1.jar:/Users/erik/.m2/repository/com/fasterxml/jackson/core/jackson-core/2.18.1/jackson-core-2.18.1.jar:/Users/erik/.m2/repository/com/fasterxml/jackson/datatype/jackson-datatype-jsr310/2.18.1/jackson-datatype-jsr310-2.18.1.jar:/Users/erik/.m2/repository/com/fasterxml/jackson/core/jackson-annotations/2.18.1/jackson-annotations-2.18.1.jar:/Users/erik/.m2/repository/org/flywaydb/flyway-database-oracle/10.20.1/flyway-database-oracle-10.20.1.jar:/Users/erik/.m2/repository/com/oracle/database/jdbc/ojdbc11/23.5.0.24.07/ojdbc11-23.5.0.24.07.jar:/Users/erik/.m2/repository/org/springframework/boot/spring-boot-starter/3.4.0/spring-boot-starter-3.4.0.jar:/Users/erik/.m2/repository/org/springframework/boot/spring-boot/3.4.0/spring-boot-3.4.0.jar:/Users/erik/.m2/repository/org/springframework/boot/spring-boot-autoconfigure/3.4.0/spring-boot-autoconfigure-3.4.0.jar:/Users/erik/.m2/repository/org/springframework/boot/spring-boot-starter-logging/3.4.0/spring-boot-starter-logging-3.4.0.jar:/Users/erik/.m2/repository/ch/qos/logback/logback-classic/1.5.12/logback-classic-1.5.12.jar:/Users/erik/.m2/repository/ch/qos/logback/logback-core/1.5.12/logback-core-1.5.12.jar:/Users/erik/.m2/repository/org/apache/logging/log4j/log4j-to-slf4j/2.24.1/log4j-to-slf4j-2.24.1.jar:/Users/erik/.m2/repository/org/apache/logging/log4j/log4j-api/2.24.1/log4j-api-2.24.1.jar:/Users/erik/.m2/repository/org/slf4j/jul-to-slf4j/2.0.16/jul-to-slf4j-2.0.16.jar:/Users/erik/.m2/repository/jakarta/annotation/jakarta.annotation-api/2.1.1/jakarta.annotation-api-2.1.1.jar:/Users/erik/.m2/repository/org/springframework/spring-core/6.2.0/spring-core-6.2.0.jar:/Users/erik/.m2/repository/org/springframework/spring-jcl/6.2.0/spring-jcl-6.2.0.jar:/Users/erik/.m2/repository/org/yaml/snakeyaml/2.3/snakeyaml-2.3.jar:/Users/erik/.m2/repository/org/mybatis/spring/boot/mybatis-spring-boot-starter/3.0.3/mybatis-spring-boot-starter-3.0.3.jar:/Users/erik/.m2/repository/org/mybatis/spring/boot/mybatis-spring-boot-autoconfigure/3.0.3/mybatis-spring-boot-autoconfigure-3.0.3.jar:/Users/erik/.m2/repository/org/mybatis/mybatis/3.5.14/mybatis-3.5.14.jar:/Users/erik/.m2/repository/org/mybatis/mybatis-spring/3.0.3/mybatis-spring-3.0.3.jar:/Users/erik/.m2/repository/org/mybatis/spring/boot/mybatis-spring-boot-starter-test/3.0.3/mybatis-spring-boot-starter-test-3.0.3.jar:/Users/erik/.m2/repository/org/mybatis/spring/boot/mybatis-spring-boot-test-autoconfigure/3.0.3/mybatis-spring-boot-test-autoconfigure-3.0.3.jar:/Users/erik/.m2/repository/org/springframework/boot/spring-boot-starter-web/3.4.0/spring-boot-starter-web-3.4.0.jar:/Users/erik/.m2/repository/org/springframework/boot/spring-boot-starter-json/3.4.0/spring-boot-starter-json-3.4.0.jar:/Users/erik/.m2/repository/com/fasterxml/jackson/datatype/jackson-datatype-jdk8/2.18.1/jackson-datatype-jdk8-2.18.1.jar:/Users/erik/.m2/repository/com/fasterxml/jackson/module/jackson-module-parameter-names/2.18.1/jackson-module-parameter-names-2.18.1.jar:/Users/erik/.m2/repository/org/springframework/boot/spring-boot-starter-tomcat/3.4.0/spring-boot-starter-tomcat-3.4.0.jar:/Users/erik/.m2/repository/org/apache/tomcat/embed/tomcat-embed-core/10.1.33/tomcat-embed-core-10.1.33.jar:/Users/erik/.m2/repository/org/apache/tomcat/embed/tomcat-embed-websocket/10.1.33/tomcat-embed-websocket-10.1.33.jar:/Users/erik/.m2/repository/org/springframework/spring-web/6.2.0/spring-web-6.2.0.jar:/Users/erik/.m2/repository/io/micrometer/micrometer-observation/1.14.1/micrometer-observation-1.14.1.jar:/Users/erik/.m2/repository/io/micrometer/micrometer-commons/1.14.1/micrometer-commons-1.14.1.jar:/Users/erik/.m2/repository/org/springframework/spring-webmvc/6.2.0/spring-webmvc-6.2.0.jar:/Users/erik/.m2/repository/org/springframework/spring-expression/6.2.0/spring-expression-6.2.0.jar:/Users/erik/.m2/repository/org/springframework/boot/spring-boot-starter-validation/3.4.0/spring-boot-starter-validation-3.4.0.jar:/Users/erik/.m2/repository/org/apache/tomcat/embed/tomcat-embed-el/10.1.33/tomcat-embed-el-10.1.33.jar:/Users/erik/.m2/repository/org/hibernate/validator/hibernate-validator/8.0.1.Final/hibernate-validator-8.0.1.Final.jar:/Users/erik/.m2/repository/jakarta/validation/jakarta.validation-api/3.0.2/jakarta.validation-api-3.0.2.jar:/Users/erik/.m2/repository/io/swagger/core/v3/swagger-annotations/2.2.22/swagger-annotations-2.2.22.jar:/Users/erik/.m2/repository/org/openapitools/jackson-databind-nullable/0.2.6/jackson-databind-nullable-0.2.6.jar:/Users/erik/.m2/repository/com/fasterxml/jackson/core/jackson-databind/2.18.1/jackson-databind-2.18.1.jar:/Users/erik/.m2/repository/org/javamoney/moneta/moneta-core/1.4.4/moneta-core-1.4.4.jar:/Users/erik/.m2/repository/javax/money/money-api/1.1/money-api-1.1.jar:/Users/erik/.m2/repository/com/squareup/okhttp3/okhttp/4.12.0/okhttp-4.12.0.jar:/Users/erik/.m2/repository/com/squareup/okio/okio/3.6.0/okio-3.6.0.jar:/Users/erik/.m2/repository/com/squareup/okio/okio-jvm/3.6.0/okio-jvm-3.6.0.jar:/Users/erik/.m2/repository/org/jetbrains/kotlin/kotlin-stdlib-common/1.9.25/kotlin-stdlib-common-1.9.25.jar:/Users/erik/.m2/repository/org/jetbrains/kotlin/kotlin-stdlib-jdk8/1.9.25/kotlin-stdlib-jdk8-1.9.25.jar:/Users/erik/.m2/repository/org/jetbrains/kotlin/kotlin-stdlib/1.9.25/kotlin-stdlib-1.9.25.jar:/Users/erik/.m2/repository/org/jetbrains/kotlin/kotlin-stdlib-jdk7/1.9.25/kotlin-stdlib-jdk7-1.9.25.jar:/Users/erik/.m2/repository/org/springframework/boot/spring-boot-starter-test/3.4.0/spring-boot-starter-test-3.4.0.jar:/Users/erik/.m2/repository/org/springframework/boot/spring-boot-test/3.4.0/spring-boot-test-3.4.0.jar:/Users/erik/.m2/repository/org/springframework/boot/spring-boot-test-autoconfigure/3.4.0/spring-boot-test-autoconfigure-3.4.0.jar:/Users/erik/.m2/repository/com/jayway/jsonpath/json-path/2.9.0/json-path-2.9.0.jar:/Users/erik/.m2/repository/jakarta/xml/bind/jakarta.xml.bind-api/4.0.2/jakarta.xml.bind-api-4.0.2.jar:/Users/erik/.m2/repository/jakarta/activation/jakarta.activation-api/2.1.3/jakarta.activation-api-2.1.3.jar:/Users/erik/.m2/repository/net/minidev/json-smart/2.5.1/json-smart-2.5.1.jar:/Users/erik/.m2/repository/net/minidev/accessors-smart/2.5.1/accessors-smart-2.5.1.jar:/Users/erik/.m2/repository/org/ow2/asm/asm/9.6/asm-9.6.jar:/Users/erik/.m2/repository/org/assertj/assertj-core/3.26.3/assertj-core-3.26.3.jar:/Users/erik/.m2/repository/org/awaitility/awaitility/4.2.2/awaitility-4.2.2.jar:/Users/erik/.m2/repository/org/hamcrest/hamcrest/2.2/hamcrest-2.2.jar:/Users/erik/.m2/repository/org/junit/jupiter/junit-jupiter/5.11.3/junit-jupiter-5.11.3.jar:/Users/erik/.m2/repository/org/junit/jupiter/junit-jupiter-api/5.11.3/junit-jupiter-api-5.11.3.jar:/Users/erik/.m2/repository/org/opentest4j/opentest4j/1.3.0/opentest4j-1.3.0.jar:/Users/erik/.m2/repository/org/junit/platform/junit-platform-commons/1.11.3/junit-platform-commons-1.11.3.jar:/Users/erik/.m2/repository/org/apiguardian/apiguardian-api/1.1.2/apiguardian-api-1.1.2.jar:/Users/erik/.m2/repository/org/junit/jupiter/junit-jupiter-params/5.11.3/junit-jupiter-params-5.11.3.jar:/Users/erik/.m2/repository/org/junit/jupiter/junit-jupiter-engine/5.11.3/junit-jupiter-engine-5.11.3.jar:/Users/erik/.m2/repository/org/junit/platform/junit-platform-engine/1.11.3/junit-platform-engine-1.11.3.jar:/Users/erik/.m2/repository/org/mockito/mockito-core/5.14.2/mockito-core-5.14.2.jar:/Users/erik/.m2/repository/net/bytebuddy/byte-buddy-agent/1.15.10/byte-buddy-agent-1.15.10.jar:/Users/erik/.m2/repository/org/objenesis/objenesis/3.3/objenesis-3.3.jar:/Users/erik/.m2/repository/org/mockito/mockito-junit-jupiter/5.14.2/mockito-junit-jupiter-5.14.2.jar:/Users/erik/.m2/repository/org/skyscreamer/jsonassert/1.5.3/jsonassert-1.5.3.jar:/Users/erik/.m2/repository/com/vaadin/external/google/android-json/0.0.20131108.vaadin1/android-json-0.0.20131108.vaadin1.jar:/Users/erik/.m2/repository/org/springframework/spring-test/6.2.0/spring-test-6.2.0.jar:/Users/erik/.m2/repository/org/xmlunit/xmlunit-core/2.10.0/xmlunit-core-2.10.0.jar:/Users/erik/.m2/repository/org/springframework/boot/spring-boot-testcontainers/3.4.0/spring-boot-testcontainers-3.4.0.jar:/Users/erik/.m2/repository/org/testcontainers/testcontainers/1.20.4/testcontainers-1.20.4.jar:/Users/erik/.m2/repository/junit/junit/4.13.2/junit-4.13.2.jar:/Users/erik/.m2/repository/org/hamcrest/hamcrest-core/2.2/hamcrest-core-2.2.jar:/Users/erik/.m2/repository/org/apache/commons/commons-compress/1.24.0/commons-compress-1.24.0.jar:/Users/erik/.m2/repository/org/rnorth/duct-tape/duct-tape/1.0.8/duct-tape-1.0.8.jar:/Users/erik/.m2/repository/org/jetbrains/annotations/17.0.0/annotations-17.0.0.jar:/Users/erik/.m2/repository/com/github/docker-java/docker-java-api/3.4.0/docker-java-api-3.4.0.jar:/Users/erik/.m2/repository/com/github/docker-java/docker-java-transport-zerodep/3.4.0/docker-java-transport-zerodep-3.4.0.jar:/Users/erik/.m2/repository/com/github/docker-java/docker-java-transport/3.4.0/docker-java-transport-3.4.0.jar:/Users/erik/.m2/repository/net/java/dev/jna/jna/5.13.0/jna-5.13.0.jar:/Users/erik/.m2/repository/org/testcontainers/oracle-xe/1.20.4/oracle-xe-1.20.4.jar:/Users/erik/.m2/repository/org/testcontainers/jdbc/1.20.4/jdbc-1.20.4.jar:/Users/erik/.m2/repository/org/testcontainers/database-commons/1.20.4/database-commons-1.20.4.jar:/Users/erik/.m2/repository/org/testcontainers/junit-jupiter/1.20.4/junit-jupiter-1.20.4.jar:/Users/erik/.m2/repository/org/instancio/instancio-junit/5.4.0/instancio-junit-5.4.0.jar:/Users/erik/.m2/repository/org/instancio/instancio-core/5.4.0/instancio-core-5.4.0.jar:/Users/erik/.m2/repository/com/tngtech/archunit/archunit-junit5/1.4.0/archunit-junit5-1.4.0.jar:/Users/erik/.m2/repository/com/tngtech/archunit/archunit-junit5-api/1.4.0/archunit-junit5-api-1.4.0.jar:/Users/erik/.m2/repository/com/tngtech/archunit/archunit/1.4.0/archunit-1.4.0.jar:/Users/erik/.m2/repository/com/tngtech/archunit/archunit-junit5-engine/1.4.0/archunit-junit5-engine-1.4.0.jar:/Users/erik/.m2/repository/com/tngtech/archunit/archunit-junit5-engine-api/1.4.0/archunit-junit5-engine-api-1.4.0.jar:, java.version: =25.0.3}. 
2026-08-27T17:45:20.574+01:00  INFO 74676 --- [oulearning] [           main] t.gvenzl/oracle-free:23-slim-faststart   : Container gvenzl/oracle-free:23-slim-faststart started in PT8.883672S

  .   ____          _            __ _ _
 /\\ / ___'_ __ _ _(_)_ __  __ _ \ \ \ \
( ( )\___ | '_ | '_| | '_ \/ _` | \ \ \ \
 \\/  ___)| |_)| | | | | || (_| |  ) ) ) )
  '  |____| .__|_| |_|_| |_\__, | / / / /
 =========|_|==============|___/=/_/_/_/

 :: Spring Boot ::                (v3.4.0)

2026-08-27T17:45:20.585+01:00  INFO 74676 --- [oulearning] [           main] c.e.oulearning.OulearningApplicationIT   : Starting OulearningApplicationIT using Java 25.0.3 with PID 74676 (started by erik in /Users/erik/dev/oulearning)
2026-08-27T17:45:20.585+01:00  INFO 74676 --- [oulearning] [           main] c.e.oulearning.OulearningApplicationIT   : No active profile set, falling back to 1 default profile: "default"
2026-08-27T17:45:20.684+01:00  INFO 74676 --- [oulearning] [           main] .s.d.r.c.RepositoryConfigurationDelegate : Bootstrapping Spring Data JPA repositories in DEFAULT mode.
2026-08-27T17:45:20.695+01:00  INFO 74676 --- [oulearning] [           main] .s.d.r.c.RepositoryConfigurationDelegate : Finished Spring Data repository scanning in 10 ms. Found 0 JPA repository interfaces.
2026-08-27T17:45:21.461+01:00  INFO 74676 --- [oulearning] [           main] org.flywaydb.core.FlywayExecutor         : Database: jdbc:oracle:thin:@localhost:62112/FREEPDB1 (Oracle 23.26)
2026-08-27T17:45:21.492+01:00  WARN 74676 --- [oulearning] [           main] o.f.c.internal.database.base.Database    : Flyway upgrade recommended: Oracle 23.26 is newer than this version of Flyway and support has not been tested. The latest supported version of Oracle is 21.3.
2026-08-27T17:45:21.572+01:00  INFO 74676 --- [oulearning] [           main] o.f.c.i.s.JdbcTableSchemaHistory         : Schema history table "TEST"."flyway_schema_history" does not exist yet
2026-08-27T17:45:21.572+01:00  INFO 74676 --- [oulearning] [           main] o.f.core.internal.command.DbValidate     : Successfully validated 3 migrations (execution time 00:00.075s)
2026-08-27T17:45:22.123+01:00  INFO 74676 --- [oulearning] [           main] o.f.c.i.s.JdbcTableSchemaHistory         : Creating Schema History table "TEST"."flyway_schema_history" ...
2026-08-27T17:45:22.388+01:00  INFO 74676 --- [oulearning] [           main] o.f.core.internal.command.DbMigrate      : Current version of schema "TEST": << Empty Schema >>
2026-08-27T17:45:22.395+01:00  INFO 74676 --- [oulearning] [           main] o.f.core.internal.command.DbMigrate      : Migrating schema "TEST" to version "202608241431 - initial schema"
2026-08-27T17:45:23.052+01:00  INFO 74676 --- [oulearning] [           main] o.f.core.internal.command.DbMigrate      : Migrating schema "TEST" to version "202608251000 - add active column"
2026-08-27T17:45:23.170+01:00  INFO 74676 --- [oulearning] [           main] o.f.core.internal.command.DbMigrate      : Migrating schema "TEST" to version "202608251220 - normalize external provider"
2026-08-27T17:45:23.566+01:00  INFO 74676 --- [oulearning] [           main] o.f.core.internal.command.DbMigrate      : Successfully applied 3 migrations to schema "TEST", now at version v202608251220 (execution time 00:00.643s)
2026-08-27T17:45:23.604+01:00  INFO 74676 --- [oulearning] [           main] o.hibernate.jpa.internal.util.LogHelper  : HHH000204: Processing PersistenceUnitInfo [name: default]
2026-08-27T17:45:23.606+01:00  INFO 74676 --- [oulearning] [           main] o.h.c.internal.RegionFactoryInitiator    : HHH000026: Second-level cache disabled
2026-08-27T17:45:23.613+01:00  INFO 74676 --- [oulearning] [           main] o.s.o.j.p.SpringPersistenceUnitInfo      : No LoadTimeWeaver setup: ignoring JPA class transformer
2026-08-27T17:45:23.614+01:00  INFO 74676 --- [oulearning] [           main] com.zaxxer.hikari.HikariDataSource       : HikariPool-6 - Starting...
2026-08-27T17:45:23.649+01:00  INFO 74676 --- [oulearning] [           main] com.zaxxer.hikari.pool.HikariPool        : HikariPool-6 - Added connection oracle.jdbc.driver.T4CConnection@4fe57305
2026-08-27T17:45:23.650+01:00  INFO 74676 --- [oulearning] [           main] com.zaxxer.hikari.HikariDataSource       : HikariPool-6 - Start completed.
2026-08-27T17:45:23.658+01:00  WARN 74676 --- [oulearning] [           main] org.hibernate.orm.deprecation            : HHH90000025: OracleDialect does not need to be specified explicitly using 'hibernate.dialect' (remove the property setting and it will be selected by default)
2026-08-27T17:45:23.665+01:00  INFO 74676 --- [oulearning] [           main] org.hibernate.orm.connections.pooling    : HHH10001005: Database info:
	Database JDBC URL [Connecting through datasource 'HikariDataSource (HikariPool-6)']
	Database driver: undefined/unknown
	Database version: 23.26
	Autocommit mode: undefined/unknown
	Isolation level: undefined/unknown
	Minimum pool size: undefined/unknown
	Maximum pool size: undefined/unknown
2026-08-27T17:45:23.682+01:00  INFO 74676 --- [oulearning] [           main] o.h.e.t.j.p.i.JtaPlatformInitiator       : HHH000489: No JTA platform available (set 'hibernate.transaction.jta.platform' to enable JTA platform integration)
2026-08-27T17:45:23.682+01:00  INFO 74676 --- [oulearning] [           main] j.LocalContainerEntityManagerFactoryBean : Initialized JPA EntityManagerFactory for persistence unit 'default'
2026-08-27T17:45:23.757+01:00  WARN 74676 --- [oulearning] [           main] JpaBaseConfiguration$JpaWebConfiguration : spring.jpa.open-in-view is enabled by default. Therefore, database queries may be performed during view rendering. Explicitly configure spring.jpa.open-in-view to disable this warning
2026-08-27T17:45:23.858+01:00  INFO 74676 --- [oulearning] [           main] c.e.oulearning.OulearningApplicationIT   : Started OulearningApplicationIT in 3.282 seconds (process running for 143.419)
2026-08-27T17:45:23.896+01:00  INFO 74676 --- [oulearning] [onnection adder] oracle.jdbc                              : entering args (oracle.jdbc.internal.AbstractConnectionBuilder$1@6d0cd405)
2026-08-27T17:45:23.896+01:00  INFO 74676 --- [oulearning] [onnection adder] oracle.jdbc                              : traceId=199C58B2. 
2026-08-27T17:45:23.896+01:00  INFO 74676 --- [oulearning] [onnection adder] oracle.jdbc                              : Session Attributes: 
sdu=8192, tdu=2097152
nt: host=localhost, port=62112, socketOptions={0=YES, 1=NO, 17=0, 18=false, 2=30000, 20=true, 38=TLS, 23=40, 24=50, 40=false, 25=0}
    socket=null
client profile={oracle.net.encryption_types_client=(), oracle.net.crypto_seed=, oracle.net.authentication_services=(), oracle.net.setFIPSMode=false, oracle.net.kerberos5_mutual_authentication=false, oracle.net.encryption_client=ACCEPTED, oracle.net.crypto_checksum_client=ACCEPTED, oracle.net.crypto_checksum_types_client=()}
onBreakReset=false, dataEOF=false, negotiatedOptions=0x0, connected=false
TTIINIT enabled=false, TTC cookie enabled=false

2026-08-27T17:45:23.896+01:00  INFO 74676 --- [oulearning] [onnection adder] oracle.jdbc                              : traceId=199C58B2, anoEnabled=true. 
2026-08-27T17:45:23.896+01:00  INFO 74676 --- [oulearning] [onnection adder] oracle.jdbc                              : Connection establishment failed due to IOException, will be trying with next available connect option.
2026-08-27T17:45:23.896+01:00  INFO 74676 --- [oulearning] [onnection adder] oracle.jdbc                              : Got Refused, SessionTraceId = 199C58B2
2026-08-27T17:45:23.896+01:00  INFO 74676 --- [oulearning] [onnection adder] oracle.jdbc                              : Outbound interrupt timer cancelled null
2026-08-27T17:45:23.896+01:00  INFO 74676 --- [oulearning] [onnection adder] oracle.jdbc                              : Session Attributes: 
sdu=8192, tdu=2097152
nt: host=localhost, port=62112, socketOptions={0=YES, 1=NO, 17=0, 18=false, 2=30000, 20=true, 38=TLS, 23=40, 24=50, 40=false, 25=0}
    socket=null
client profile={oracle.net.encryption_types_client=(), oracle.net.crypto_seed=, oracle.net.authentication_services=(), oracle.net.setFIPSMode=false, oracle.net.kerberos5_mutual_authentication=false, oracle.net.encryption_client=ACCEPTED, oracle.net.crypto_checksum_client=ACCEPTED, oracle.net.crypto_checksum_types_client=()}
onBreakReset=false, dataEOF=false, negotiatedOptions=0x0, connected=false
TTIINIT enabled=false, TTC cookie enabled=false

2026-08-27T17:45:23.896+01:00  INFO 74676 --- [oulearning] [onnection adder] oracle.jdbc                              : Connection establishment failed due to IOException, will be trying with next available connect option.
2026-08-27T17:45:23.896+01:00  INFO 74676 --- [oulearning] [onnection adder] oracle.jdbc                              : Got Refused, SessionTraceId = 199C58B2
2026-08-27T17:45:23.896+01:00  INFO 74676 --- [oulearning] [onnection adder] oracle.jdbc                              : Outbound interrupt timer cancelled null
2026-08-27T17:45:23.896+01:00  INFO 74676 --- [oulearning] [onnection adder] oracle.jdbc                              : throwing

java.sql.SQLRecoverableException: ORA-17002: I/O error: Connection reset, connect lapse 1 ms., Authentication lapse 0 ms.
https://docs.oracle.com/error-help/db/ora-17002/
	at oracle.jdbc.driver.T4CConnection.handleLogonIOException(T4CConnection.java:1660) ~[ojdbc11-23.5.0.24.07.jar:23.5.0.24.07]
	at oracle.jdbc.driver.T4CConnection.logon(T4CConnection.java:1142) ~[ojdbc11-23.5.0.24.07.jar:23.5.0.24.07]
	at oracle.jdbc.driver.PhysicalConnection.connect(PhysicalConnection.java:1206) ~[ojdbc11-23.5.0.24.07.jar:23.5.0.24.07]
	at oracle.jdbc.driver.T4CDriverExtension.getConnection(T4CDriverExtension.java:105) ~[ojdbc11-23.5.0.24.07.jar:23.5.0.24.07]
	at oracle.jdbc.driver.OracleDriver.connect(OracleDriver.java:886) ~[ojdbc11-23.5.0.24.07.jar:23.5.0.24.07]
	at oracle.jdbc.driver.OracleDriver.connect(OracleDriver.java:693) ~[ojdbc11-23.5.0.24.07.jar:23.5.0.24.07]
	at com.zaxxer.hikari.util.DriverDataSource.getConnection(DriverDataSource.java:137) ~[HikariCP-5.1.0.jar:na]
	at com.zaxxer.hikari.pool.PoolBase.newConnection(PoolBase.java:360) ~[HikariCP-5.1.0.jar:na]
	at com.zaxxer.hikari.pool.PoolBase.newPoolEntry(PoolBase.java:202) ~[HikariCP-5.1.0.jar:na]
	at com.zaxxer.hikari.pool.HikariPool.createPoolEntry(HikariPool.java:461) ~[HikariCP-5.1.0.jar:na]
	at com.zaxxer.hikari.pool.HikariPool$PoolEntryCreator.call(HikariPool.java:724) ~[HikariCP-5.1.0.jar:na]
	at com.zaxxer.hikari.pool.HikariPool$PoolEntryCreator.call(HikariPool.java:703) ~[HikariCP-5.1.0.jar:na]
	at java.base/java.util.concurrent.FutureTask.run(FutureTask.java:328) ~[na:na]
	at java.base/java.util.concurrent.ThreadPoolExecutor.runWorker(ThreadPoolExecutor.java:1090) ~[na:na]
	at java.base/java.util.concurrent.ThreadPoolExecutor$Worker.run(ThreadPoolExecutor.java:614) ~[na:na]
	at java.base/java.lang.Thread.run(Thread.java:1474) ~[na:na]
Caused by: java.io.IOException: Connection reset, connect lapse 1 ms., Authentication lapse 0 ms.
	at oracle.jdbc.driver.T4CConnection.handleLogonIOException(T4CConnection.java:1655) ~[ojdbc11-23.5.0.24.07.jar:23.5.0.24.07]
	... 15 common frames omitted
Caused by: java.io.IOException: Connection reset, connect lapse 1 ms.
	at oracle.net.ns.NSProtocolNIO.negotiateConnection(NSProtocolNIO.java:263) ~[ojdbc11-23.5.0.24.07.jar:23.5.0.24.07]
	at oracle.net.ns.NSProtocol.connect(NSProtocol.java:352) ~[ojdbc11-23.5.0.24.07.jar:23.5.0.24.07]
	at oracle.jdbc.driver.T4CConnection.connectNetworkSessionProtocol(T4CConnection.java:3419) ~[ojdbc11-23.5.0.24.07.jar:23.5.0.24.07]
	at oracle.jdbc.driver.T4CConnection.logon(T4CConnection.java:1018) ~[ojdbc11-23.5.0.24.07.jar:23.5.0.24.07]
	... 14 common frames omitted
Caused by: java.net.SocketException: Connection reset
	at java.base/sun.nio.ch.SocketChannelImpl.throwConnectionReset(SocketChannelImpl.java:399) ~[na:na]
	at java.base/sun.nio.ch.SocketChannelImpl.blockingRead(SocketChannelImpl.java:1420) ~[na:na]
	at java.base/sun.nio.ch.SocketInputStream.implRead(SocketInputStream.java:70) ~[na:na]
	at java.base/sun.nio.ch.SocketInputStream.read(SocketInputStream.java:78) ~[na:na]
	at oracle.net.nt.TimeoutSocketChannel.doBlockedRead(TimeoutSocketChannel.java:600) ~[ojdbc11-23.5.0.24.07.jar:23.5.0.24.07]
	at oracle.net.nt.TimeoutSocketChannel.read(TimeoutSocketChannel.java:536) ~[ojdbc11-23.5.0.24.07.jar:23.5.0.24.07]
	at oracle.net.ns.NSProtocolNIO.doSocketRead(NSProtocolNIO.java:1224) ~[ojdbc11-23.5.0.24.07.jar:23.5.0.24.07]
	at oracle.net.ns.NIOPacket.readNIOPacket(NIOPacket.java:436) ~[ojdbc11-23.5.0.24.07.jar:23.5.0.24.07]
	at oracle.net.ns.NSProtocolNIO.negotiateConnection(NSProtocolNIO.java:216) ~[ojdbc11-23.5.0.24.07.jar:23.5.0.24.07]
	... 17 common frames omitted

2026-08-27T17:45:23.897+01:00  INFO 74676 --- [oulearning] [onnection adder] oracle.jdbc                              : properties={LOCALE=en_US, DriverVersion=23.5.0.24.07, java.library.path: =/Users/erik/Library/Java/Extensions:/Library/Java/Extensions:/Network/Library/Java/Extensions:/System/Library/Java/Extensions:/usr/lib/java:., java.class.path: =/Users/erik/dev/oulearning/target/test-classes:/Users/erik/dev/oulearning/target/classes:/Users/erik/.m2/repository/org/springframework/boot/spring-boot-starter-data-jpa/3.4.0/spring-boot-starter-data-jpa-3.4.0.jar:/Users/erik/.m2/repository/org/springframework/boot/spring-boot-starter-jdbc/3.4.0/spring-boot-starter-jdbc-3.4.0.jar:/Users/erik/.m2/repository/com/zaxxer/HikariCP/5.1.0/HikariCP-5.1.0.jar:/Users/erik/.m2/repository/org/springframework/spring-jdbc/6.2.0/spring-jdbc-6.2.0.jar:/Users/erik/.m2/repository/org/hibernate/orm/hibernate-core/6.6.2.Final/hibernate-core-6.6.2.Final.jar:/Users/erik/.m2/repository/jakarta/persistence/jakarta.persistence-api/3.1.0/jakarta.persistence-api-3.1.0.jar:/Users/erik/.m2/repository/jakarta/transaction/jakarta.transaction-api/2.0.1/jakarta.transaction-api-2.0.1.jar:/Users/erik/.m2/repository/org/jboss/logging/jboss-logging/3.6.1.Final/jboss-logging-3.6.1.Final.jar:/Users/erik/.m2/repository/org/hibernate/common/hibernate-commons-annotations/7.0.3.Final/hibernate-commons-annotations-7.0.3.Final.jar:/Users/erik/.m2/repository/io/smallrye/jandex/3.2.0/jandex-3.2.0.jar:/Users/erik/.m2/repository/com/fasterxml/classmate/1.7.0/classmate-1.7.0.jar:/Users/erik/.m2/repository/net/bytebuddy/byte-buddy/1.15.10/byte-buddy-1.15.10.jar:/Users/erik/.m2/repository/org/glassfish/jaxb/jaxb-runtime/4.0.5/jaxb-runtime-4.0.5.jar:/Users/erik/.m2/repository/org/glassfish/jaxb/jaxb-core/4.0.5/jaxb-core-4.0.5.jar:/Users/erik/.m2/repository/org/eclipse/angus/angus-activation/2.0.2/angus-activation-2.0.2.jar:/Users/erik/.m2/repository/org/glassfish/jaxb/txw2/4.0.5/txw2-4.0.5.jar:/Users/erik/.m2/repository/com/sun/istack/istack-commons-runtime/4.1.2/istack-commons-runtime-4.1.2.jar:/Users/erik/.m2/repository/jakarta/inject/jakarta.inject-api/2.0.1/jakarta.inject-api-2.0.1.jar:/Users/erik/.m2/repository/org/antlr/antlr4-runtime/4.13.0/antlr4-runtime-4.13.0.jar:/Users/erik/.m2/repository/org/springframework/data/spring-data-jpa/3.4.0/spring-data-jpa-3.4.0.jar:/Users/erik/.m2/repository/org/springframework/data/spring-data-commons/3.4.0/spring-data-commons-3.4.0.jar:/Users/erik/.m2/repository/org/springframework/spring-orm/6.2.0/spring-orm-6.2.0.jar:/Users/erik/.m2/repository/org/springframework/spring-context/6.2.0/spring-context-6.2.0.jar:/Users/erik/.m2/repository/org/springframework/spring-aop/6.2.0/spring-aop-6.2.0.jar:/Users/erik/.m2/repository/org/springframework/spring-tx/6.2.0/spring-tx-6.2.0.jar:/Users/erik/.m2/repository/org/springframework/spring-beans/6.2.0/spring-beans-6.2.0.jar:/Users/erik/.m2/repository/org/slf4j/slf4j-api/2.0.16/slf4j-api-2.0.16.jar:/Users/erik/.m2/repository/org/springframework/spring-aspects/6.2.0/spring-aspects-6.2.0.jar:/Users/erik/.m2/repository/org/aspectj/aspectjweaver/1.9.22.1/aspectjweaver-1.9.22.1.jar:/Users/erik/.m2/repository/org/flywaydb/flyway-core/10.20.1/flyway-core-10.20.1.jar:/Users/erik/.m2/repository/com/fasterxml/jackson/dataformat/jackson-dataformat-toml/2.18.1/jackson-dataformat-toml-2.18.1.jar:/Users/erik/.m2/repository/com/fasterxml/jackson/core/jackson-core/2.18.1/jackson-core-2.18.1.jar:/Users/erik/.m2/repository/com/fasterxml/jackson/datatype/jackson-datatype-jsr310/2.18.1/jackson-datatype-jsr310-2.18.1.jar:/Users/erik/.m2/repository/com/fasterxml/jackson/core/jackson-annotations/2.18.1/jackson-annotations-2.18.1.jar:/Users/erik/.m2/repository/org/flywaydb/flyway-database-oracle/10.20.1/flyway-database-oracle-10.20.1.jar:/Users/erik/.m2/repository/com/oracle/database/jdbc/ojdbc11/23.5.0.24.07/ojdbc11-23.5.0.24.07.jar:/Users/erik/.m2/repository/org/springframework/boot/spring-boot-starter/3.4.0/spring-boot-starter-3.4.0.jar:/Users/erik/.m2/repository/org/springframework/boot/spring-boot/3.4.0/spring-boot-3.4.0.jar:/Users/erik/.m2/repository/org/springframework/boot/spring-boot-autoconfigure/3.4.0/spring-boot-autoconfigure-3.4.0.jar:/Users/erik/.m2/repository/org/springframework/boot/spring-boot-starter-logging/3.4.0/spring-boot-starter-logging-3.4.0.jar:/Users/erik/.m2/repository/ch/qos/logback/logback-classic/1.5.12/logback-classic-1.5.12.jar:/Users/erik/.m2/repository/ch/qos/logback/logback-core/1.5.12/logback-core-1.5.12.jar:/Users/erik/.m2/repository/org/apache/logging/log4j/log4j-to-slf4j/2.24.1/log4j-to-slf4j-2.24.1.jar:/Users/erik/.m2/repository/org/apache/logging/log4j/log4j-api/2.24.1/log4j-api-2.24.1.jar:/Users/erik/.m2/repository/org/slf4j/jul-to-slf4j/2.0.16/jul-to-slf4j-2.0.16.jar:/Users/erik/.m2/repository/jakarta/annotation/jakarta.annotation-api/2.1.1/jakarta.annotation-api-2.1.1.jar:/Users/erik/.m2/repository/org/springframework/spring-core/6.2.0/spring-core-6.2.0.jar:/Users/erik/.m2/repository/org/springframework/spring-jcl/6.2.0/spring-jcl-6.2.0.jar:/Users/erik/.m2/repository/org/yaml/snakeyaml/2.3/snakeyaml-2.3.jar:/Users/erik/.m2/repository/org/mybatis/spring/boot/mybatis-spring-boot-starter/3.0.3/mybatis-spring-boot-starter-3.0.3.jar:/Users/erik/.m2/repository/org/mybatis/spring/boot/mybatis-spring-boot-autoconfigure/3.0.3/mybatis-spring-boot-autoconfigure-3.0.3.jar:/Users/erik/.m2/repository/org/mybatis/mybatis/3.5.14/mybatis-3.5.14.jar:/Users/erik/.m2/repository/org/mybatis/mybatis-spring/3.0.3/mybatis-spring-3.0.3.jar:/Users/erik/.m2/repository/org/mybatis/spring/boot/mybatis-spring-boot-starter-test/3.0.3/mybatis-spring-boot-starter-test-3.0.3.jar:/Users/erik/.m2/repository/org/mybatis/spring/boot/mybatis-spring-boot-test-autoconfigure/3.0.3/mybatis-spring-boot-test-autoconfigure-3.0.3.jar:/Users/erik/.m2/repository/org/springframework/boot/spring-boot-starter-web/3.4.0/spring-boot-starter-web-3.4.0.jar:/Users/erik/.m2/repository/org/springframework/boot/spring-boot-starter-json/3.4.0/spring-boot-starter-json-3.4.0.jar:/Users/erik/.m2/repository/com/fasterxml/jackson/datatype/jackson-datatype-jdk8/2.18.1/jackson-datatype-jdk8-2.18.1.jar:/Users/erik/.m2/repository/com/fasterxml/jackson/module/jackson-module-parameter-names/2.18.1/jackson-module-parameter-names-2.18.1.jar:/Users/erik/.m2/repository/org/springframework/boot/spring-boot-starter-tomcat/3.4.0/spring-boot-starter-tomcat-3.4.0.jar:/Users/erik/.m2/repository/org/apache/tomcat/embed/tomcat-embed-core/10.1.33/tomcat-embed-core-10.1.33.jar:/Users/erik/.m2/repository/org/apache/tomcat/embed/tomcat-embed-websocket/10.1.33/tomcat-embed-websocket-10.1.33.jar:/Users/erik/.m2/repository/org/springframework/spring-web/6.2.0/spring-web-6.2.0.jar:/Users/erik/.m2/repository/io/micrometer/micrometer-observation/1.14.1/micrometer-observation-1.14.1.jar:/Users/erik/.m2/repository/io/micrometer/micrometer-commons/1.14.1/micrometer-commons-1.14.1.jar:/Users/erik/.m2/repository/org/springframework/spring-webmvc/6.2.0/spring-webmvc-6.2.0.jar:/Users/erik/.m2/repository/org/springframework/spring-expression/6.2.0/spring-expression-6.2.0.jar:/Users/erik/.m2/repository/org/springframework/boot/spring-boot-starter-validation/3.4.0/spring-boot-starter-validation-3.4.0.jar:/Users/erik/.m2/repository/org/apache/tomcat/embed/tomcat-embed-el/10.1.33/tomcat-embed-el-10.1.33.jar:/Users/erik/.m2/repository/org/hibernate/validator/hibernate-validator/8.0.1.Final/hibernate-validator-8.0.1.Final.jar:/Users/erik/.m2/repository/jakarta/validation/jakarta.validation-api/3.0.2/jakarta.validation-api-3.0.2.jar:/Users/erik/.m2/repository/io/swagger/core/v3/swagger-annotations/2.2.22/swagger-annotations-2.2.22.jar:/Users/erik/.m2/repository/org/openapitools/jackson-databind-nullable/0.2.6/jackson-databind-nullable-0.2.6.jar:/Users/erik/.m2/repository/com/fasterxml/jackson/core/jackson-databind/2.18.1/jackson-databind-2.18.1.jar:/Users/erik/.m2/repository/org/javamoney/moneta/moneta-core/1.4.4/moneta-core-1.4.4.jar:/Users/erik/.m2/repository/javax/money/money-api/1.1/money-api-1.1.jar:/Users/erik/.m2/repository/com/squareup/okhttp3/okhttp/4.12.0/okhttp-4.12.0.jar:/Users/erik/.m2/repository/com/squareup/okio/okio/3.6.0/okio-3.6.0.jar:/Users/erik/.m2/repository/com/squareup/okio/okio-jvm/3.6.0/okio-jvm-3.6.0.jar:/Users/erik/.m2/repository/org/jetbrains/kotlin/kotlin-stdlib-common/1.9.25/kotlin-stdlib-common-1.9.25.jar:/Users/erik/.m2/repository/org/jetbrains/kotlin/kotlin-stdlib-jdk8/1.9.25/kotlin-stdlib-jdk8-1.9.25.jar:/Users/erik/.m2/repository/org/jetbrains/kotlin/kotlin-stdlib/1.9.25/kotlin-stdlib-1.9.25.jar:/Users/erik/.m2/repository/org/jetbrains/kotlin/kotlin-stdlib-jdk7/1.9.25/kotlin-stdlib-jdk7-1.9.25.jar:/Users/erik/.m2/repository/org/springframework/boot/spring-boot-starter-test/3.4.0/spring-boot-starter-test-3.4.0.jar:/Users/erik/.m2/repository/org/springframework/boot/spring-boot-test/3.4.0/spring-boot-test-3.4.0.jar:/Users/erik/.m2/repository/org/springframework/boot/spring-boot-test-autoconfigure/3.4.0/spring-boot-test-autoconfigure-3.4.0.jar:/Users/erik/.m2/repository/com/jayway/jsonpath/json-path/2.9.0/json-path-2.9.0.jar:/Users/erik/.m2/repository/jakarta/xml/bind/jakarta.xml.bind-api/4.0.2/jakarta.xml.bind-api-4.0.2.jar:/Users/erik/.m2/repository/jakarta/activation/jakarta.activation-api/2.1.3/jakarta.activation-api-2.1.3.jar:/Users/erik/.m2/repository/net/minidev/json-smart/2.5.1/json-smart-2.5.1.jar:/Users/erik/.m2/repository/net/minidev/accessors-smart/2.5.1/accessors-smart-2.5.1.jar:/Users/erik/.m2/repository/org/ow2/asm/asm/9.6/asm-9.6.jar:/Users/erik/.m2/repository/org/assertj/assertj-core/3.26.3/assertj-core-3.26.3.jar:/Users/erik/.m2/repository/org/awaitility/awaitility/4.2.2/awaitility-4.2.2.jar:/Users/erik/.m2/repository/org/hamcrest/hamcrest/2.2/hamcrest-2.2.jar:/Users/erik/.m2/repository/org/junit/jupiter/junit-jupiter/5.11.3/junit-jupiter-5.11.3.jar:/Users/erik/.m2/repository/org/junit/jupiter/junit-jupiter-api/5.11.3/junit-jupiter-api-5.11.3.jar:/Users/erik/.m2/repository/org/opentest4j/opentest4j/1.3.0/opentest4j-1.3.0.jar:/Users/erik/.m2/repository/org/junit/platform/junit-platform-commons/1.11.3/junit-platform-commons-1.11.3.jar:/Users/erik/.m2/repository/org/apiguardian/apiguardian-api/1.1.2/apiguardian-api-1.1.2.jar:/Users/erik/.m2/repository/org/junit/jupiter/junit-jupiter-params/5.11.3/junit-jupiter-params-5.11.3.jar:/Users/erik/.m2/repository/org/junit/jupiter/junit-jupiter-engine/5.11.3/junit-jupiter-engine-5.11.3.jar:/Users/erik/.m2/repository/org/junit/platform/junit-platform-engine/1.11.3/junit-platform-engine-1.11.3.jar:/Users/erik/.m2/repository/org/mockito/mockito-core/5.14.2/mockito-core-5.14.2.jar:/Users/erik/.m2/repository/net/bytebuddy/byte-buddy-agent/1.15.10/byte-buddy-agent-1.15.10.jar:/Users/erik/.m2/repository/org/objenesis/objenesis/3.3/objenesis-3.3.jar:/Users/erik/.m2/repository/org/mockito/mockito-junit-jupiter/5.14.2/mockito-junit-jupiter-5.14.2.jar:/Users/erik/.m2/repository/org/skyscreamer/jsonassert/1.5.3/jsonassert-1.5.3.jar:/Users/erik/.m2/repository/com/vaadin/external/google/android-json/0.0.20131108.vaadin1/android-json-0.0.20131108.vaadin1.jar:/Users/erik/.m2/repository/org/springframework/spring-test/6.2.0/spring-test-6.2.0.jar:/Users/erik/.m2/repository/org/xmlunit/xmlunit-core/2.10.0/xmlunit-core-2.10.0.jar:/Users/erik/.m2/repository/org/springframework/boot/spring-boot-testcontainers/3.4.0/spring-boot-testcontainers-3.4.0.jar:/Users/erik/.m2/repository/org/testcontainers/testcontainers/1.20.4/testcontainers-1.20.4.jar:/Users/erik/.m2/repository/junit/junit/4.13.2/junit-4.13.2.jar:/Users/erik/.m2/repository/org/hamcrest/hamcrest-core/2.2/hamcrest-core-2.2.jar:/Users/erik/.m2/repository/org/apache/commons/commons-compress/1.24.0/commons-compress-1.24.0.jar:/Users/erik/.m2/repository/org/rnorth/duct-tape/duct-tape/1.0.8/duct-tape-1.0.8.jar:/Users/erik/.m2/repository/org/jetbrains/annotations/17.0.0/annotations-17.0.0.jar:/Users/erik/.m2/repository/com/github/docker-java/docker-java-api/3.4.0/docker-java-api-3.4.0.jar:/Users/erik/.m2/repository/com/github/docker-java/docker-java-transport-zerodep/3.4.0/docker-java-transport-zerodep-3.4.0.jar:/Users/erik/.m2/repository/com/github/docker-java/docker-java-transport/3.4.0/docker-java-transport-3.4.0.jar:/Users/erik/.m2/repository/net/java/dev/jna/jna/5.13.0/jna-5.13.0.jar:/Users/erik/.m2/repository/org/testcontainers/oracle-xe/1.20.4/oracle-xe-1.20.4.jar:/Users/erik/.m2/repository/org/testcontainers/jdbc/1.20.4/jdbc-1.20.4.jar:/Users/erik/.m2/repository/org/testcontainers/database-commons/1.20.4/database-commons-1.20.4.jar:/Users/erik/.m2/repository/org/testcontainers/junit-jupiter/1.20.4/junit-jupiter-1.20.4.jar:/Users/erik/.m2/repository/org/instancio/instancio-junit/5.4.0/instancio-junit-5.4.0.jar:/Users/erik/.m2/repository/org/instancio/instancio-core/5.4.0/instancio-core-5.4.0.jar:/Users/erik/.m2/repository/com/tngtech/archunit/archunit-junit5/1.4.0/archunit-junit5-1.4.0.jar:/Users/erik/.m2/repository/com/tngtech/archunit/archunit-junit5-api/1.4.0/archunit-junit5-api-1.4.0.jar:/Users/erik/.m2/repository/com/tngtech/archunit/archunit/1.4.0/archunit-1.4.0.jar:/Users/erik/.m2/repository/com/tngtech/archunit/archunit-junit5-engine/1.4.0/archunit-junit5-engine-1.4.0.jar:/Users/erik/.m2/repository/com/tngtech/archunit/archunit-junit5-engine-api/1.4.0/archunit-junit5-engine-api-1.4.0.jar:, java.version: =25.0.3}. 
2026-08-27T17:45:23.914+01:00  INFO 74676 --- [oulearning] [onnection adder] oracle.jdbc                              : entering args (oracle.jdbc.internal.AbstractConnectionBuilder$1@6e16fca1)
2026-08-27T17:45:23.914+01:00  INFO 74676 --- [oulearning] [onnection adder] oracle.jdbc                              : traceId=64F5F6AE. 
2026-08-27T17:45:23.914+01:00  INFO 74676 --- [oulearning] [onnection adder] oracle.jdbc                              : Session Attributes: 
sdu=8192, tdu=2097152
nt: host=localhost, port=62112, socketOptions={0=YES, 1=NO, 17=0, 18=false, 2=30000, 20=true, 38=TLS, 23=40, 24=50, 40=false, 25=0}
    socket=null
client profile={oracle.net.encryption_types_client=(), oracle.net.crypto_seed=, oracle.net.authentication_services=(), oracle.net.setFIPSMode=false, oracle.net.kerberos5_mutual_authentication=false, oracle.net.encryption_client=ACCEPTED, oracle.net.crypto_checksum_client=ACCEPTED, oracle.net.crypto_checksum_types_client=()}
onBreakReset=false, dataEOF=false, negotiatedOptions=0x0, connected=false
TTIINIT enabled=false, TTC cookie enabled=false

2026-08-27T17:45:23.914+01:00  INFO 74676 --- [oulearning] [onnection adder] oracle.jdbc                              : traceId=64F5F6AE, anoEnabled=true. 
2026-08-27T17:45:23.914+01:00  INFO 74676 --- [oulearning] [onnection adder] oracle.jdbc                              : Connection establishment failed due to IOException, will be trying with next available connect option.
2026-08-27T17:45:23.914+01:00  INFO 74676 --- [oulearning] [onnection adder] oracle.jdbc                              : Got Refused, SessionTraceId = 64F5F6AE
2026-08-27T17:45:23.914+01:00  INFO 74676 --- [oulearning] [onnection adder] oracle.jdbc                              : Outbound interrupt timer cancelled null
2026-08-27T17:45:23.914+01:00  INFO 74676 --- [oulearning] [onnection adder] oracle.jdbc                              : Session Attributes: 
sdu=8192, tdu=2097152
nt: host=localhost, port=62112, socketOptions={0=YES, 1=NO, 17=0, 18=false, 2=30000, 20=true, 38=TLS, 23=40, 24=50, 40=false, 25=0}
    socket=null
client profile={oracle.net.encryption_types_client=(), oracle.net.crypto_seed=, oracle.net.authentication_services=(), oracle.net.setFIPSMode=false, oracle.net.kerberos5_mutual_authentication=false, oracle.net.encryption_client=ACCEPTED, oracle.net.crypto_checksum_client=ACCEPTED, oracle.net.crypto_checksum_types_client=()}
onBreakReset=false, dataEOF=false, negotiatedOptions=0x0, connected=false
TTIINIT enabled=false, TTC cookie enabled=false

2026-08-27T17:45:23.914+01:00  INFO 74676 --- [oulearning] [onnection adder] oracle.jdbc                              : Connection establishment failed due to IOException, will be trying with next available connect option.
2026-08-27T17:45:23.914+01:00  INFO 74676 --- [oulearning] [onnection adder] oracle.jdbc                              : Got Refused, SessionTraceId = 64F5F6AE
2026-08-27T17:45:23.914+01:00  INFO 74676 --- [oulearning] [onnection adder] oracle.jdbc                              : Outbound interrupt timer cancelled null
2026-08-27T17:45:23.914+01:00  INFO 74676 --- [oulearning] [onnection adder] oracle.jdbc                              : throwing

java.sql.SQLRecoverableException: ORA-17002: I/O error: Connection reset, connect lapse 0 ms., Authentication lapse 0 ms.
https://docs.oracle.com/error-help/db/ora-17002/
	at oracle.jdbc.driver.T4CConnection.handleLogonIOException(T4CConnection.java:1660) ~[ojdbc11-23.5.0.24.07.jar:23.5.0.24.07]
	at oracle.jdbc.driver.T4CConnection.logon(T4CConnection.java:1142) ~[ojdbc11-23.5.0.24.07.jar:23.5.0.24.07]
	at oracle.jdbc.driver.PhysicalConnection.connect(PhysicalConnection.java:1206) ~[ojdbc11-23.5.0.24.07.jar:23.5.0.24.07]
	at oracle.jdbc.driver.T4CDriverExtension.getConnection(T4CDriverExtension.java:105) ~[ojdbc11-23.5.0.24.07.jar:23.5.0.24.07]
	at oracle.jdbc.driver.OracleDriver.connect(OracleDriver.java:886) ~[ojdbc11-23.5.0.24.07.jar:23.5.0.24.07]
	at oracle.jdbc.driver.OracleDriver.connect(OracleDriver.java:693) ~[ojdbc11-23.5.0.24.07.jar:23.5.0.24.07]
	at com.zaxxer.hikari.util.DriverDataSource.getConnection(DriverDataSource.java:137) ~[HikariCP-5.1.0.jar:na]
	at com.zaxxer.hikari.pool.PoolBase.newConnection(PoolBase.java:360) ~[HikariCP-5.1.0.jar:na]
	at com.zaxxer.hikari.pool.PoolBase.newPoolEntry(PoolBase.java:202) ~[HikariCP-5.1.0.jar:na]
	at com.zaxxer.hikari.pool.HikariPool.createPoolEntry(HikariPool.java:461) ~[HikariCP-5.1.0.jar:na]
	at com.zaxxer.hikari.pool.HikariPool$PoolEntryCreator.call(HikariPool.java:724) ~[HikariCP-5.1.0.jar:na]
	at com.zaxxer.hikari.pool.HikariPool$PoolEntryCreator.call(HikariPool.java:703) ~[HikariCP-5.1.0.jar:na]
	at java.base/java.util.concurrent.FutureTask.run(FutureTask.java:328) ~[na:na]
	at java.base/java.util.concurrent.ThreadPoolExecutor.runWorker(ThreadPoolExecutor.java:1090) ~[na:na]
	at java.base/java.util.concurrent.ThreadPoolExecutor$Worker.run(ThreadPoolExecutor.java:614) ~[na:na]
	at java.base/java.lang.Thread.run(Thread.java:1474) ~[na:na]
Caused by: java.io.IOException: Connection reset, connect lapse 0 ms., Authentication lapse 0 ms.
	at oracle.jdbc.driver.T4CConnection.handleLogonIOException(T4CConnection.java:1655) ~[ojdbc11-23.5.0.24.07.jar:23.5.0.24.07]
	... 15 common frames omitted
Caused by: java.io.IOException: Connection reset, connect lapse 0 ms.
	at oracle.net.ns.NSProtocolNIO.negotiateConnection(NSProtocolNIO.java:263) ~[ojdbc11-23.5.0.24.07.jar:23.5.0.24.07]
	at oracle.net.ns.NSProtocol.connect(NSProtocol.java:352) ~[ojdbc11-23.5.0.24.07.jar:23.5.0.24.07]
	at oracle.jdbc.driver.T4CConnection.connectNetworkSessionProtocol(T4CConnection.java:3419) ~[ojdbc11-23.5.0.24.07.jar:23.5.0.24.07]
	at oracle.jdbc.driver.T4CConnection.logon(T4CConnection.java:1018) ~[ojdbc11-23.5.0.24.07.jar:23.5.0.24.07]
	... 14 common frames omitted
Caused by: java.net.SocketException: Connection reset
	at java.base/sun.nio.ch.SocketChannelImpl.throwConnectionReset(SocketChannelImpl.java:399) ~[na:na]
	at java.base/sun.nio.ch.SocketChannelImpl.blockingRead(SocketChannelImpl.java:1420) ~[na:na]
	at java.base/sun.nio.ch.SocketInputStream.implRead(SocketInputStream.java:70) ~[na:na]
	at java.base/sun.nio.ch.SocketInputStream.read(SocketInputStream.java:78) ~[na:na]
	at oracle.net.nt.TimeoutSocketChannel.doBlockedRead(TimeoutSocketChannel.java:600) ~[ojdbc11-23.5.0.24.07.jar:23.5.0.24.07]
	at oracle.net.nt.TimeoutSocketChannel.read(TimeoutSocketChannel.java:536) ~[ojdbc11-23.5.0.24.07.jar:23.5.0.24.07]
	at oracle.net.ns.NSProtocolNIO.doSocketRead(NSProtocolNIO.java:1224) ~[ojdbc11-23.5.0.24.07.jar:23.5.0.24.07]
	at oracle.net.ns.NIOPacket.readNIOPacket(NIOPacket.java:436) ~[ojdbc11-23.5.0.24.07.jar:23.5.0.24.07]
	at oracle.net.ns.NSProtocolNIO.negotiateConnection(NSProtocolNIO.java:216) ~[ojdbc11-23.5.0.24.07.jar:23.5.0.24.07]
	... 17 common frames omitted

2026-08-27T17:45:23.915+01:00  INFO 74676 --- [oulearning] [onnection adder] oracle.jdbc                              : properties={LOCALE=en_US, DriverVersion=23.5.0.24.07, java.library.path: =/Users/erik/Library/Java/Extensions:/Library/Java/Extensions:/Network/Library/Java/Extensions:/System/Library/Java/Extensions:/usr/lib/java:., java.class.path: =/Users/erik/dev/oulearning/target/test-classes:/Users/erik/dev/oulearning/target/classes:/Users/erik/.m2/repository/org/springframework/boot/spring-boot-starter-data-jpa/3.4.0/spring-boot-starter-data-jpa-3.4.0.jar:/Users/erik/.m2/repository/org/springframework/boot/spring-boot-starter-jdbc/3.4.0/spring-boot-starter-jdbc-3.4.0.jar:/Users/erik/.m2/repository/com/zaxxer/HikariCP/5.1.0/HikariCP-5.1.0.jar:/Users/erik/.m2/repository/org/springframework/spring-jdbc/6.2.0/spring-jdbc-6.2.0.jar:/Users/erik/.m2/repository/org/hibernate/orm/hibernate-core/6.6.2.Final/hibernate-core-6.6.2.Final.jar:/Users/erik/.m2/repository/jakarta/persistence/jakarta.persistence-api/3.1.0/jakarta.persistence-api-3.1.0.jar:/Users/erik/.m2/repository/jakarta/transaction/jakarta.transaction-api/2.0.1/jakarta.transaction-api-2.0.1.jar:/Users/erik/.m2/repository/org/jboss/logging/jboss-logging/3.6.1.Final/jboss-logging-3.6.1.Final.jar:/Users/erik/.m2/repository/org/hibernate/common/hibernate-commons-annotations/7.0.3.Final/hibernate-commons-annotations-7.0.3.Final.jar:/Users/erik/.m2/repository/io/smallrye/jandex/3.2.0/jandex-3.2.0.jar:/Users/erik/.m2/repository/com/fasterxml/classmate/1.7.0/classmate-1.7.0.jar:/Users/erik/.m2/repository/net/bytebuddy/byte-buddy/1.15.10/byte-buddy-1.15.10.jar:/Users/erik/.m2/repository/org/glassfish/jaxb/jaxb-runtime/4.0.5/jaxb-runtime-4.0.5.jar:/Users/erik/.m2/repository/org/glassfish/jaxb/jaxb-core/4.0.5/jaxb-core-4.0.5.jar:/Users/erik/.m2/repository/org/eclipse/angus/angus-activation/2.0.2/angus-activation-2.0.2.jar:/Users/erik/.m2/repository/org/glassfish/jaxb/txw2/4.0.5/txw2-4.0.5.jar:/Users/erik/.m2/repository/com/sun/istack/istack-commons-runtime/4.1.2/istack-commons-runtime-4.1.2.jar:/Users/erik/.m2/repository/jakarta/inject/jakarta.inject-api/2.0.1/jakarta.inject-api-2.0.1.jar:/Users/erik/.m2/repository/org/antlr/antlr4-runtime/4.13.0/antlr4-runtime-4.13.0.jar:/Users/erik/.m2/repository/org/springframework/data/spring-data-jpa/3.4.0/spring-data-jpa-3.4.0.jar:/Users/erik/.m2/repository/org/springframework/data/spring-data-commons/3.4.0/spring-data-commons-3.4.0.jar:/Users/erik/.m2/repository/org/springframework/spring-orm/6.2.0/spring-orm-6.2.0.jar:/Users/erik/.m2/repository/org/springframework/spring-context/6.2.0/spring-context-6.2.0.jar:/Users/erik/.m2/repository/org/springframework/spring-aop/6.2.0/spring-aop-6.2.0.jar:/Users/erik/.m2/repository/org/springframework/spring-tx/6.2.0/spring-tx-6.2.0.jar:/Users/erik/.m2/repository/org/springframework/spring-beans/6.2.0/spring-beans-6.2.0.jar:/Users/erik/.m2/repository/org/slf4j/slf4j-api/2.0.16/slf4j-api-2.0.16.jar:/Users/erik/.m2/repository/org/springframework/spring-aspects/6.2.0/spring-aspects-6.2.0.jar:/Users/erik/.m2/repository/org/aspectj/aspectjweaver/1.9.22.1/aspectjweaver-1.9.22.1.jar:/Users/erik/.m2/repository/org/flywaydb/flyway-core/10.20.1/flyway-core-10.20.1.jar:/Users/erik/.m2/repository/com/fasterxml/jackson/dataformat/jackson-dataformat-toml/2.18.1/jackson-dataformat-toml-2.18.1.jar:/Users/erik/.m2/repository/com/fasterxml/jackson/core/jackson-core/2.18.1/jackson-core-2.18.1.jar:/Users/erik/.m2/repository/com/fasterxml/jackson/datatype/jackson-datatype-jsr310/2.18.1/jackson-datatype-jsr310-2.18.1.jar:/Users/erik/.m2/repository/com/fasterxml/jackson/core/jackson-annotations/2.18.1/jackson-annotations-2.18.1.jar:/Users/erik/.m2/repository/org/flywaydb/flyway-database-oracle/10.20.1/flyway-database-oracle-10.20.1.jar:/Users/erik/.m2/repository/com/oracle/database/jdbc/ojdbc11/23.5.0.24.07/ojdbc11-23.5.0.24.07.jar:/Users/erik/.m2/repository/org/springframework/boot/spring-boot-starter/3.4.0/spring-boot-starter-3.4.0.jar:/Users/erik/.m2/repository/org/springframework/boot/spring-boot/3.4.0/spring-boot-3.4.0.jar:/Users/erik/.m2/repository/org/springframework/boot/spring-boot-autoconfigure/3.4.0/spring-boot-autoconfigure-3.4.0.jar:/Users/erik/.m2/repository/org/springframework/boot/spring-boot-starter-logging/3.4.0/spring-boot-starter-logging-3.4.0.jar:/Users/erik/.m2/repository/ch/qos/logback/logback-classic/1.5.12/logback-classic-1.5.12.jar:/Users/erik/.m2/repository/ch/qos/logback/logback-core/1.5.12/logback-core-1.5.12.jar:/Users/erik/.m2/repository/org/apache/logging/log4j/log4j-to-slf4j/2.24.1/log4j-to-slf4j-2.24.1.jar:/Users/erik/.m2/repository/org/apache/logging/log4j/log4j-api/2.24.1/log4j-api-2.24.1.jar:/Users/erik/.m2/repository/org/slf4j/jul-to-slf4j/2.0.16/jul-to-slf4j-2.0.16.jar:/Users/erik/.m2/repository/jakarta/annotation/jakarta.annotation-api/2.1.1/jakarta.annotation-api-2.1.1.jar:/Users/erik/.m2/repository/org/springframework/spring-core/6.2.0/spring-core-6.2.0.jar:/Users/erik/.m2/repository/org/springframework/spring-jcl/6.2.0/spring-jcl-6.2.0.jar:/Users/erik/.m2/repository/org/yaml/snakeyaml/2.3/snakeyaml-2.3.jar:/Users/erik/.m2/repository/org/mybatis/spring/boot/mybatis-spring-boot-starter/3.0.3/mybatis-spring-boot-starter-3.0.3.jar:/Users/erik/.m2/repository/org/mybatis/spring/boot/mybatis-spring-boot-autoconfigure/3.0.3/mybatis-spring-boot-autoconfigure-3.0.3.jar:/Users/erik/.m2/repository/org/mybatis/mybatis/3.5.14/mybatis-3.5.14.jar:/Users/erik/.m2/repository/org/mybatis/mybatis-spring/3.0.3/mybatis-spring-3.0.3.jar:/Users/erik/.m2/repository/org/mybatis/spring/boot/mybatis-spring-boot-starter-test/3.0.3/mybatis-spring-boot-starter-test-3.0.3.jar:/Users/erik/.m2/repository/org/mybatis/spring/boot/mybatis-spring-boot-test-autoconfigure/3.0.3/mybatis-spring-boot-test-autoconfigure-3.0.3.jar:/Users/erik/.m2/repository/org/springframework/boot/spring-boot-starter-web/3.4.0/spring-boot-starter-web-3.4.0.jar:/Users/erik/.m2/repository/org/springframework/boot/spring-boot-starter-json/3.4.0/spring-boot-starter-json-3.4.0.jar:/Users/erik/.m2/repository/com/fasterxml/jackson/datatype/jackson-datatype-jdk8/2.18.1/jackson-datatype-jdk8-2.18.1.jar:/Users/erik/.m2/repository/com/fasterxml/jackson/module/jackson-module-parameter-names/2.18.1/jackson-module-parameter-names-2.18.1.jar:/Users/erik/.m2/repository/org/springframework/boot/spring-boot-starter-tomcat/3.4.0/spring-boot-starter-tomcat-3.4.0.jar:/Users/erik/.m2/repository/org/apache/tomcat/embed/tomcat-embed-core/10.1.33/tomcat-embed-core-10.1.33.jar:/Users/erik/.m2/repository/org/apache/tomcat/embed/tomcat-embed-websocket/10.1.33/tomcat-embed-websocket-10.1.33.jar:/Users/erik/.m2/repository/org/springframework/spring-web/6.2.0/spring-web-6.2.0.jar:/Users/erik/.m2/repository/io/micrometer/micrometer-observation/1.14.1/micrometer-observation-1.14.1.jar:/Users/erik/.m2/repository/io/micrometer/micrometer-commons/1.14.1/micrometer-commons-1.14.1.jar:/Users/erik/.m2/repository/org/springframework/spring-webmvc/6.2.0/spring-webmvc-6.2.0.jar:/Users/erik/.m2/repository/org/springframework/spring-expression/6.2.0/spring-expression-6.2.0.jar:/Users/erik/.m2/repository/org/springframework/boot/spring-boot-starter-validation/3.4.0/spring-boot-starter-validation-3.4.0.jar:/Users/erik/.m2/repository/org/apache/tomcat/embed/tomcat-embed-el/10.1.33/tomcat-embed-el-10.1.33.jar:/Users/erik/.m2/repository/org/hibernate/validator/hibernate-validator/8.0.1.Final/hibernate-validator-8.0.1.Final.jar:/Users/erik/.m2/repository/jakarta/validation/jakarta.validation-api/3.0.2/jakarta.validation-api-3.0.2.jar:/Users/erik/.m2/repository/io/swagger/core/v3/swagger-annotations/2.2.22/swagger-annotations-2.2.22.jar:/Users/erik/.m2/repository/org/openapitools/jackson-databind-nullable/0.2.6/jackson-databind-nullable-0.2.6.jar:/Users/erik/.m2/repository/com/fasterxml/jackson/core/jackson-databind/2.18.1/jackson-databind-2.18.1.jar:/Users/erik/.m2/repository/org/javamoney/moneta/moneta-core/1.4.4/moneta-core-1.4.4.jar:/Users/erik/.m2/repository/javax/money/money-api/1.1/money-api-1.1.jar:/Users/erik/.m2/repository/com/squareup/okhttp3/okhttp/4.12.0/okhttp-4.12.0.jar:/Users/erik/.m2/repository/com/squareup/okio/okio/3.6.0/okio-3.6.0.jar:/Users/erik/.m2/repository/com/squareup/okio/okio-jvm/3.6.0/okio-jvm-3.6.0.jar:/Users/erik/.m2/repository/org/jetbrains/kotlin/kotlin-stdlib-common/1.9.25/kotlin-stdlib-common-1.9.25.jar:/Users/erik/.m2/repository/org/jetbrains/kotlin/kotlin-stdlib-jdk8/1.9.25/kotlin-stdlib-jdk8-1.9.25.jar:/Users/erik/.m2/repository/org/jetbrains/kotlin/kotlin-stdlib/1.9.25/kotlin-stdlib-1.9.25.jar:/Users/erik/.m2/repository/org/jetbrains/kotlin/kotlin-stdlib-jdk7/1.9.25/kotlin-stdlib-jdk7-1.9.25.jar:/Users/erik/.m2/repository/org/springframework/boot/spring-boot-starter-test/3.4.0/spring-boot-starter-test-3.4.0.jar:/Users/erik/.m2/repository/org/springframework/boot/spring-boot-test/3.4.0/spring-boot-test-3.4.0.jar:/Users/erik/.m2/repository/org/springframework/boot/spring-boot-test-autoconfigure/3.4.0/spring-boot-test-autoconfigure-3.4.0.jar:/Users/erik/.m2/repository/com/jayway/jsonpath/json-path/2.9.0/json-path-2.9.0.jar:/Users/erik/.m2/repository/jakarta/xml/bind/jakarta.xml.bind-api/4.0.2/jakarta.xml.bind-api-4.0.2.jar:/Users/erik/.m2/repository/jakarta/activation/jakarta.activation-api/2.1.3/jakarta.activation-api-2.1.3.jar:/Users/erik/.m2/repository/net/minidev/json-smart/2.5.1/json-smart-2.5.1.jar:/Users/erik/.m2/repository/net/minidev/accessors-smart/2.5.1/accessors-smart-2.5.1.jar:/Users/erik/.m2/repository/org/ow2/asm/asm/9.6/asm-9.6.jar:/Users/erik/.m2/repository/org/assertj/assertj-core/3.26.3/assertj-core-3.26.3.jar:/Users/erik/.m2/repository/org/awaitility/awaitility/4.2.2/awaitility-4.2.2.jar:/Users/erik/.m2/repository/org/hamcrest/hamcrest/2.2/hamcrest-2.2.jar:/Users/erik/.m2/repository/org/junit/jupiter/junit-jupiter/5.11.3/junit-jupiter-5.11.3.jar:/Users/erik/.m2/repository/org/junit/jupiter/junit-jupiter-api/5.11.3/junit-jupiter-api-5.11.3.jar:/Users/erik/.m2/repository/org/opentest4j/opentest4j/1.3.0/opentest4j-1.3.0.jar:/Users/erik/.m2/repository/org/junit/platform/junit-platform-commons/1.11.3/junit-platform-commons-1.11.3.jar:/Users/erik/.m2/repository/org/apiguardian/apiguardian-api/1.1.2/apiguardian-api-1.1.2.jar:/Users/erik/.m2/repository/org/junit/jupiter/junit-jupiter-params/5.11.3/junit-jupiter-params-5.11.3.jar:/Users/erik/.m2/repository/org/junit/jupiter/junit-jupiter-engine/5.11.3/junit-jupiter-engine-5.11.3.jar:/Users/erik/.m2/repository/org/junit/platform/junit-platform-engine/1.11.3/junit-platform-engine-1.11.3.jar:/Users/erik/.m2/repository/org/mockito/mockito-core/5.14.2/mockito-core-5.14.2.jar:/Users/erik/.m2/repository/net/bytebuddy/byte-buddy-agent/1.15.10/byte-buddy-agent-1.15.10.jar:/Users/erik/.m2/repository/org/objenesis/objenesis/3.3/objenesis-3.3.jar:/Users/erik/.m2/repository/org/mockito/mockito-junit-jupiter/5.14.2/mockito-junit-jupiter-5.14.2.jar:/Users/erik/.m2/repository/org/skyscreamer/jsonassert/1.5.3/jsonassert-1.5.3.jar:/Users/erik/.m2/repository/com/vaadin/external/google/android-json/0.0.20131108.vaadin1/android-json-0.0.20131108.vaadin1.jar:/Users/erik/.m2/repository/org/springframework/spring-test/6.2.0/spring-test-6.2.0.jar:/Users/erik/.m2/repository/org/xmlunit/xmlunit-core/2.10.0/xmlunit-core-2.10.0.jar:/Users/erik/.m2/repository/org/springframework/boot/spring-boot-testcontainers/3.4.0/spring-boot-testcontainers-3.4.0.jar:/Users/erik/.m2/repository/org/testcontainers/testcontainers/1.20.4/testcontainers-1.20.4.jar:/Users/erik/.m2/repository/junit/junit/4.13.2/junit-4.13.2.jar:/Users/erik/.m2/repository/org/hamcrest/hamcrest-core/2.2/hamcrest-core-2.2.jar:/Users/erik/.m2/repository/org/apache/commons/commons-compress/1.24.0/commons-compress-1.24.0.jar:/Users/erik/.m2/repository/org/rnorth/duct-tape/duct-tape/1.0.8/duct-tape-1.0.8.jar:/Users/erik/.m2/repository/org/jetbrains/annotations/17.0.0/annotations-17.0.0.jar:/Users/erik/.m2/repository/com/github/docker-java/docker-java-api/3.4.0/docker-java-api-3.4.0.jar:/Users/erik/.m2/repository/com/github/docker-java/docker-java-transport-zerodep/3.4.0/docker-java-transport-zerodep-3.4.0.jar:/Users/erik/.m2/repository/com/github/docker-java/docker-java-transport/3.4.0/docker-java-transport-3.4.0.jar:/Users/erik/.m2/repository/net/java/dev/jna/jna/5.13.0/jna-5.13.0.jar:/Users/erik/.m2/repository/org/testcontainers/oracle-xe/1.20.4/oracle-xe-1.20.4.jar:/Users/erik/.m2/repository/org/testcontainers/jdbc/1.20.4/jdbc-1.20.4.jar:/Users/erik/.m2/repository/org/testcontainers/database-commons/1.20.4/database-commons-1.20.4.jar:/Users/erik/.m2/repository/org/testcontainers/junit-jupiter/1.20.4/junit-jupiter-1.20.4.jar:/Users/erik/.m2/repository/org/instancio/instancio-junit/5.4.0/instancio-junit-5.4.0.jar:/Users/erik/.m2/repository/org/instancio/instancio-core/5.4.0/instancio-core-5.4.0.jar:/Users/erik/.m2/repository/com/tngtech/archunit/archunit-junit5/1.4.0/archunit-junit5-1.4.0.jar:/Users/erik/.m2/repository/com/tngtech/archunit/archunit-junit5-api/1.4.0/archunit-junit5-api-1.4.0.jar:/Users/erik/.m2/repository/com/tngtech/archunit/archunit/1.4.0/archunit-1.4.0.jar:/Users/erik/.m2/repository/com/tngtech/archunit/archunit-junit5-engine/1.4.0/archunit-junit5-engine-1.4.0.jar:/Users/erik/.m2/repository/com/tngtech/archunit/archunit-junit5-engine-api/1.4.0/archunit-junit5-engine-api-1.4.0.jar:, java.version: =25.0.3}. 
2026-08-27T17:45:23.943+01:00  INFO 74676 --- [oulearning] [onnection adder] oracle.jdbc                              : entering args (oracle.jdbc.internal.AbstractConnectionBuilder$1@455c0d20)
2026-08-27T17:45:23.943+01:00  INFO 74676 --- [oulearning] [onnection adder] oracle.jdbc                              : traceId=2634FF11. 
2026-08-27T17:45:23.943+01:00  INFO 74676 --- [oulearning] [onnection adder] oracle.jdbc                              : Session Attributes: 
sdu=8192, tdu=2097152
nt: host=localhost, port=62112, socketOptions={0=YES, 1=NO, 17=0, 18=false, 2=30000, 20=true, 38=TLS, 23=40, 24=50, 40=false, 25=0}
    socket=null
client profile={oracle.net.encryption_types_client=(), oracle.net.crypto_seed=, oracle.net.authentication_services=(), oracle.net.setFIPSMode=false, oracle.net.kerberos5_mutual_authentication=false, oracle.net.encryption_client=ACCEPTED, oracle.net.crypto_checksum_client=ACCEPTED, oracle.net.crypto_checksum_types_client=()}
onBreakReset=false, dataEOF=false, negotiatedOptions=0x0, connected=false
TTIINIT enabled=false, TTC cookie enabled=false

2026-08-27T17:45:23.943+01:00  INFO 74676 --- [oulearning] [onnection adder] oracle.jdbc                              : traceId=2634FF11, anoEnabled=true. 
2026-08-27T17:45:23.943+01:00  INFO 74676 --- [oulearning] [onnection adder] oracle.jdbc                              : Connection establishment failed due to IOException, will be trying with next available connect option.
2026-08-27T17:45:23.943+01:00  INFO 74676 --- [oulearning] [onnection adder] oracle.jdbc                              : Got Refused, SessionTraceId = 2634FF11
2026-08-27T17:45:23.943+01:00  INFO 74676 --- [oulearning] [onnection adder] oracle.jdbc                              : Outbound interrupt timer cancelled null
2026-08-27T17:45:23.943+01:00  INFO 74676 --- [oulearning] [onnection adder] oracle.jdbc                              : Session Attributes: 
sdu=8192, tdu=2097152
nt: host=localhost, port=62112, socketOptions={0=YES, 1=NO, 17=0, 18=false, 2=30000, 20=true, 38=TLS, 23=40, 24=50, 40=false, 25=0}
    socket=null
client profile={oracle.net.encryption_types_client=(), oracle.net.crypto_seed=, oracle.net.authentication_services=(), oracle.net.setFIPSMode=false, oracle.net.kerberos5_mutual_authentication=false, oracle.net.encryption_client=ACCEPTED, oracle.net.crypto_checksum_client=ACCEPTED, oracle.net.crypto_checksum_types_client=()}
onBreakReset=false, dataEOF=false, negotiatedOptions=0x0, connected=false
TTIINIT enabled=false, TTC cookie enabled=false

2026-08-27T17:45:23.943+01:00  INFO 74676 --- [oulearning] [onnection adder] oracle.jdbc                              : Connection establishment failed due to IOException, will be trying with next available connect option.
2026-08-27T17:45:23.943+01:00  INFO 74676 --- [oulearning] [onnection adder] oracle.jdbc                              : Got Refused, SessionTraceId = 2634FF11
2026-08-27T17:45:23.944+01:00  INFO 74676 --- [oulearning] [onnection adder] oracle.jdbc                              : Outbound interrupt timer cancelled null
2026-08-27T17:45:23.944+01:00  INFO 74676 --- [oulearning] [onnection adder] oracle.jdbc                              : throwing

java.sql.SQLRecoverableException: ORA-17002: I/O error: Connection reset, connect lapse 1 ms., Authentication lapse 0 ms.
https://docs.oracle.com/error-help/db/ora-17002/
	at oracle.jdbc.driver.T4CConnection.handleLogonIOException(T4CConnection.java:1660) ~[ojdbc11-23.5.0.24.07.jar:23.5.0.24.07]
	at oracle.jdbc.driver.T4CConnection.logon(T4CConnection.java:1142) ~[ojdbc11-23.5.0.24.07.jar:23.5.0.24.07]
	at oracle.jdbc.driver.PhysicalConnection.connect(PhysicalConnection.java:1206) ~[ojdbc11-23.5.0.24.07.jar:23.5.0.24.07]
	at oracle.jdbc.driver.T4CDriverExtension.getConnection(T4CDriverExtension.java:105) ~[ojdbc11-23.5.0.24.07.jar:23.5.0.24.07]
	at oracle.jdbc.driver.OracleDriver.connect(OracleDriver.java:886) ~[ojdbc11-23.5.0.24.07.jar:23.5.0.24.07]
	at oracle.jdbc.driver.OracleDriver.connect(OracleDriver.java:693) ~[ojdbc11-23.5.0.24.07.jar:23.5.0.24.07]
	at com.zaxxer.hikari.util.DriverDataSource.getConnection(DriverDataSource.java:137) ~[HikariCP-5.1.0.jar:na]
	at com.zaxxer.hikari.pool.PoolBase.newConnection(PoolBase.java:360) ~[HikariCP-5.1.0.jar:na]
	at com.zaxxer.hikari.pool.PoolBase.newPoolEntry(PoolBase.java:202) ~[HikariCP-5.1.0.jar:na]
	at com.zaxxer.hikari.pool.HikariPool.createPoolEntry(HikariPool.java:461) ~[HikariCP-5.1.0.jar:na]
	at com.zaxxer.hikari.pool.HikariPool$PoolEntryCreator.call(HikariPool.java:724) ~[HikariCP-5.1.0.jar:na]
	at com.zaxxer.hikari.pool.HikariPool$PoolEntryCreator.call(HikariPool.java:703) ~[HikariCP-5.1.0.jar:na]
	at java.base/java.util.concurrent.FutureTask.run(FutureTask.java:328) ~[na:na]
	at java.base/java.util.concurrent.ThreadPoolExecutor.runWorker(ThreadPoolExecutor.java:1090) ~[na:na]
	at java.base/java.util.concurrent.ThreadPoolExecutor$Worker.run(ThreadPoolExecutor.java:614) ~[na:na]
	at java.base/java.lang.Thread.run(Thread.java:1474) ~[na:na]
Caused by: java.io.IOException: Connection reset, connect lapse 1 ms., Authentication lapse 0 ms.
	at oracle.jdbc.driver.T4CConnection.handleLogonIOException(T4CConnection.java:1655) ~[ojdbc11-23.5.0.24.07.jar:23.5.0.24.07]
	... 15 common frames omitted
Caused by: java.io.IOException: Connection reset, connect lapse 1 ms.
	at oracle.net.ns.NSProtocolNIO.negotiateConnection(NSProtocolNIO.java:263) ~[ojdbc11-23.5.0.24.07.jar:23.5.0.24.07]
	at oracle.net.ns.NSProtocol.connect(NSProtocol.java:352) ~[ojdbc11-23.5.0.24.07.jar:23.5.0.24.07]
	at oracle.jdbc.driver.T4CConnection.connectNetworkSessionProtocol(T4CConnection.java:3419) ~[ojdbc11-23.5.0.24.07.jar:23.5.0.24.07]
	at oracle.jdbc.driver.T4CConnection.logon(T4CConnection.java:1018) ~[ojdbc11-23.5.0.24.07.jar:23.5.0.24.07]
	... 14 common frames omitted
Caused by: java.net.SocketException: Connection reset
	at java.base/sun.nio.ch.SocketChannelImpl.throwConnectionReset(SocketChannelImpl.java:399) ~[na:na]
	at java.base/sun.nio.ch.SocketChannelImpl.blockingRead(SocketChannelImpl.java:1420) ~[na:na]
	at java.base/sun.nio.ch.SocketInputStream.implRead(SocketInputStream.java:70) ~[na:na]
	at java.base/sun.nio.ch.SocketInputStream.read(SocketInputStream.java:78) ~[na:na]
	at oracle.net.nt.TimeoutSocketChannel.doBlockedRead(TimeoutSocketChannel.java:600) ~[ojdbc11-23.5.0.24.07.jar:23.5.0.24.07]
	at oracle.net.nt.TimeoutSocketChannel.read(TimeoutSocketChannel.java:536) ~[ojdbc11-23.5.0.24.07.jar:23.5.0.24.07]
	at oracle.net.ns.NSProtocolNIO.doSocketRead(NSProtocolNIO.java:1224) ~[ojdbc11-23.5.0.24.07.jar:23.5.0.24.07]
	at oracle.net.ns.NIOPacket.readNIOPacket(NIOPacket.java:436) ~[ojdbc11-23.5.0.24.07.jar:23.5.0.24.07]
	at oracle.net.ns.NSProtocolNIO.negotiateConnection(NSProtocolNIO.java:216) ~[ojdbc11-23.5.0.24.07.jar:23.5.0.24.07]
	... 17 common frames omitted

2026-08-27T17:45:23.944+01:00  INFO 74676 --- [oulearning] [onnection adder] oracle.jdbc                              : properties={LOCALE=en_US, DriverVersion=23.5.0.24.07, java.library.path: =/Users/erik/Library/Java/Extensions:/Library/Java/Extensions:/Network/Library/Java/Extensions:/System/Library/Java/Extensions:/usr/lib/java:., java.class.path: =/Users/erik/dev/oulearning/target/test-classes:/Users/erik/dev/oulearning/target/classes:/Users/erik/.m2/repository/org/springframework/boot/spring-boot-starter-data-jpa/3.4.0/spring-boot-starter-data-jpa-3.4.0.jar:/Users/erik/.m2/repository/org/springframework/boot/spring-boot-starter-jdbc/3.4.0/spring-boot-starter-jdbc-3.4.0.jar:/Users/erik/.m2/repository/com/zaxxer/HikariCP/5.1.0/HikariCP-5.1.0.jar:/Users/erik/.m2/repository/org/springframework/spring-jdbc/6.2.0/spring-jdbc-6.2.0.jar:/Users/erik/.m2/repository/org/hibernate/orm/hibernate-core/6.6.2.Final/hibernate-core-6.6.2.Final.jar:/Users/erik/.m2/repository/jakarta/persistence/jakarta.persistence-api/3.1.0/jakarta.persistence-api-3.1.0.jar:/Users/erik/.m2/repository/jakarta/transaction/jakarta.transaction-api/2.0.1/jakarta.transaction-api-2.0.1.jar:/Users/erik/.m2/repository/org/jboss/logging/jboss-logging/3.6.1.Final/jboss-logging-3.6.1.Final.jar:/Users/erik/.m2/repository/org/hibernate/common/hibernate-commons-annotations/7.0.3.Final/hibernate-commons-annotations-7.0.3.Final.jar:/Users/erik/.m2/repository/io/smallrye/jandex/3.2.0/jandex-3.2.0.jar:/Users/erik/.m2/repository/com/fasterxml/classmate/1.7.0/classmate-1.7.0.jar:/Users/erik/.m2/repository/net/bytebuddy/byte-buddy/1.15.10/byte-buddy-1.15.10.jar:/Users/erik/.m2/repository/org/glassfish/jaxb/jaxb-runtime/4.0.5/jaxb-runtime-4.0.5.jar:/Users/erik/.m2/repository/org/glassfish/jaxb/jaxb-core/4.0.5/jaxb-core-4.0.5.jar:/Users/erik/.m2/repository/org/eclipse/angus/angus-activation/2.0.2/angus-activation-2.0.2.jar:/Users/erik/.m2/repository/org/glassfish/jaxb/txw2/4.0.5/txw2-4.0.5.jar:/Users/erik/.m2/repository/com/sun/istack/istack-commons-runtime/4.1.2/istack-commons-runtime-4.1.2.jar:/Users/erik/.m2/repository/jakarta/inject/jakarta.inject-api/2.0.1/jakarta.inject-api-2.0.1.jar:/Users/erik/.m2/repository/org/antlr/antlr4-runtime/4.13.0/antlr4-runtime-4.13.0.jar:/Users/erik/.m2/repository/org/springframework/data/spring-data-jpa/3.4.0/spring-data-jpa-3.4.0.jar:/Users/erik/.m2/repository/org/springframework/data/spring-data-commons/3.4.0/spring-data-commons-3.4.0.jar:/Users/erik/.m2/repository/org/springframework/spring-orm/6.2.0/spring-orm-6.2.0.jar:/Users/erik/.m2/repository/org/springframework/spring-context/6.2.0/spring-context-6.2.0.jar:/Users/erik/.m2/repository/org/springframework/spring-aop/6.2.0/spring-aop-6.2.0.jar:/Users/erik/.m2/repository/org/springframework/spring-tx/6.2.0/spring-tx-6.2.0.jar:/Users/erik/.m2/repository/org/springframework/spring-beans/6.2.0/spring-beans-6.2.0.jar:/Users/erik/.m2/repository/org/slf4j/slf4j-api/2.0.16/slf4j-api-2.0.16.jar:/Users/erik/.m2/repository/org/springframework/spring-aspects/6.2.0/spring-aspects-6.2.0.jar:/Users/erik/.m2/repository/org/aspectj/aspectjweaver/1.9.22.1/aspectjweaver-1.9.22.1.jar:/Users/erik/.m2/repository/org/flywaydb/flyway-core/10.20.1/flyway-core-10.20.1.jar:/Users/erik/.m2/repository/com/fasterxml/jackson/dataformat/jackson-dataformat-toml/2.18.1/jackson-dataformat-toml-2.18.1.jar:/Users/erik/.m2/repository/com/fasterxml/jackson/core/jackson-core/2.18.1/jackson-core-2.18.1.jar:/Users/erik/.m2/repository/com/fasterxml/jackson/datatype/jackson-datatype-jsr310/2.18.1/jackson-datatype-jsr310-2.18.1.jar:/Users/erik/.m2/repository/com/fasterxml/jackson/core/jackson-annotations/2.18.1/jackson-annotations-2.18.1.jar:/Users/erik/.m2/repository/org/flywaydb/flyway-database-oracle/10.20.1/flyway-database-oracle-10.20.1.jar:/Users/erik/.m2/repository/com/oracle/database/jdbc/ojdbc11/23.5.0.24.07/ojdbc11-23.5.0.24.07.jar:/Users/erik/.m2/repository/org/springframework/boot/spring-boot-starter/3.4.0/spring-boot-starter-3.4.0.jar:/Users/erik/.m2/repository/org/springframework/boot/spring-boot/3.4.0/spring-boot-3.4.0.jar:/Users/erik/.m2/repository/org/springframework/boot/spring-boot-autoconfigure/3.4.0/spring-boot-autoconfigure-3.4.0.jar:/Users/erik/.m2/repository/org/springframework/boot/spring-boot-starter-logging/3.4.0/spring-boot-starter-logging-3.4.0.jar:/Users/erik/.m2/repository/ch/qos/logback/logback-classic/1.5.12/logback-classic-1.5.12.jar:/Users/erik/.m2/repository/ch/qos/logback/logback-core/1.5.12/logback-core-1.5.12.jar:/Users/erik/.m2/repository/org/apache/logging/log4j/log4j-to-slf4j/2.24.1/log4j-to-slf4j-2.24.1.jar:/Users/erik/.m2/repository/org/apache/logging/log4j/log4j-api/2.24.1/log4j-api-2.24.1.jar:/Users/erik/.m2/repository/org/slf4j/jul-to-slf4j/2.0.16/jul-to-slf4j-2.0.16.jar:/Users/erik/.m2/repository/jakarta/annotation/jakarta.annotation-api/2.1.1/jakarta.annotation-api-2.1.1.jar:/Users/erik/.m2/repository/org/springframework/spring-core/6.2.0/spring-core-6.2.0.jar:/Users/erik/.m2/repository/org/springframework/spring-jcl/6.2.0/spring-jcl-6.2.0.jar:/Users/erik/.m2/repository/org/yaml/snakeyaml/2.3/snakeyaml-2.3.jar:/Users/erik/.m2/repository/org/mybatis/spring/boot/mybatis-spring-boot-starter/3.0.3/mybatis-spring-boot-starter-3.0.3.jar:/Users/erik/.m2/repository/org/mybatis/spring/boot/mybatis-spring-boot-autoconfigure/3.0.3/mybatis-spring-boot-autoconfigure-3.0.3.jar:/Users/erik/.m2/repository/org/mybatis/mybatis/3.5.14/mybatis-3.5.14.jar:/Users/erik/.m2/repository/org/mybatis/mybatis-spring/3.0.3/mybatis-spring-3.0.3.jar:/Users/erik/.m2/repository/org/mybatis/spring/boot/mybatis-spring-boot-starter-test/3.0.3/mybatis-spring-boot-starter-test-3.0.3.jar:/Users/erik/.m2/repository/org/mybatis/spring/boot/mybatis-spring-boot-test-autoconfigure/3.0.3/mybatis-spring-boot-test-autoconfigure-3.0.3.jar:/Users/erik/.m2/repository/org/springframework/boot/spring-boot-starter-web/3.4.0/spring-boot-starter-web-3.4.0.jar:/Users/erik/.m2/repository/org/springframework/boot/spring-boot-starter-json/3.4.0/spring-boot-starter-json-3.4.0.jar:/Users/erik/.m2/repository/com/fasterxml/jackson/datatype/jackson-datatype-jdk8/2.18.1/jackson-datatype-jdk8-2.18.1.jar:/Users/erik/.m2/repository/com/fasterxml/jackson/module/jackson-module-parameter-names/2.18.1/jackson-module-parameter-names-2.18.1.jar:/Users/erik/.m2/repository/org/springframework/boot/spring-boot-starter-tomcat/3.4.0/spring-boot-starter-tomcat-3.4.0.jar:/Users/erik/.m2/repository/org/apache/tomcat/embed/tomcat-embed-core/10.1.33/tomcat-embed-core-10.1.33.jar:/Users/erik/.m2/repository/org/apache/tomcat/embed/tomcat-embed-websocket/10.1.33/tomcat-embed-websocket-10.1.33.jar:/Users/erik/.m2/repository/org/springframework/spring-web/6.2.0/spring-web-6.2.0.jar:/Users/erik/.m2/repository/io/micrometer/micrometer-observation/1.14.1/micrometer-observation-1.14.1.jar:/Users/erik/.m2/repository/io/micrometer/micrometer-commons/1.14.1/micrometer-commons-1.14.1.jar:/Users/erik/.m2/repository/org/springframework/spring-webmvc/6.2.0/spring-webmvc-6.2.0.jar:/Users/erik/.m2/repository/org/springframework/spring-expression/6.2.0/spring-expression-6.2.0.jar:/Users/erik/.m2/repository/org/springframework/boot/spring-boot-starter-validation/3.4.0/spring-boot-starter-validation-3.4.0.jar:/Users/erik/.m2/repository/org/apache/tomcat/embed/tomcat-embed-el/10.1.33/tomcat-embed-el-10.1.33.jar:/Users/erik/.m2/repository/org/hibernate/validator/hibernate-validator/8.0.1.Final/hibernate-validator-8.0.1.Final.jar:/Users/erik/.m2/repository/jakarta/validation/jakarta.validation-api/3.0.2/jakarta.validation-api-3.0.2.jar:/Users/erik/.m2/repository/io/swagger/core/v3/swagger-annotations/2.2.22/swagger-annotations-2.2.22.jar:/Users/erik/.m2/repository/org/openapitools/jackson-databind-nullable/0.2.6/jackson-databind-nullable-0.2.6.jar:/Users/erik/.m2/repository/com/fasterxml/jackson/core/jackson-databind/2.18.1/jackson-databind-2.18.1.jar:/Users/erik/.m2/repository/org/javamoney/moneta/moneta-core/1.4.4/moneta-core-1.4.4.jar:/Users/erik/.m2/repository/javax/money/money-api/1.1/money-api-1.1.jar:/Users/erik/.m2/repository/com/squareup/okhttp3/okhttp/4.12.0/okhttp-4.12.0.jar:/Users/erik/.m2/repository/com/squareup/okio/okio/3.6.0/okio-3.6.0.jar:/Users/erik/.m2/repository/com/squareup/okio/okio-jvm/3.6.0/okio-jvm-3.6.0.jar:/Users/erik/.m2/repository/org/jetbrains/kotlin/kotlin-stdlib-common/1.9.25/kotlin-stdlib-common-1.9.25.jar:/Users/erik/.m2/repository/org/jetbrains/kotlin/kotlin-stdlib-jdk8/1.9.25/kotlin-stdlib-jdk8-1.9.25.jar:/Users/erik/.m2/repository/org/jetbrains/kotlin/kotlin-stdlib/1.9.25/kotlin-stdlib-1.9.25.jar:/Users/erik/.m2/repository/org/jetbrains/kotlin/kotlin-stdlib-jdk7/1.9.25/kotlin-stdlib-jdk7-1.9.25.jar:/Users/erik/.m2/repository/org/springframework/boot/spring-boot-starter-test/3.4.0/spring-boot-starter-test-3.4.0.jar:/Users/erik/.m2/repository/org/springframework/boot/spring-boot-test/3.4.0/spring-boot-test-3.4.0.jar:/Users/erik/.m2/repository/org/springframework/boot/spring-boot-test-autoconfigure/3.4.0/spring-boot-test-autoconfigure-3.4.0.jar:/Users/erik/.m2/repository/com/jayway/jsonpath/json-path/2.9.0/json-path-2.9.0.jar:/Users/erik/.m2/repository/jakarta/xml/bind/jakarta.xml.bind-api/4.0.2/jakarta.xml.bind-api-4.0.2.jar:/Users/erik/.m2/repository/jakarta/activation/jakarta.activation-api/2.1.3/jakarta.activation-api-2.1.3.jar:/Users/erik/.m2/repository/net/minidev/json-smart/2.5.1/json-smart-2.5.1.jar:/Users/erik/.m2/repository/net/minidev/accessors-smart/2.5.1/accessors-smart-2.5.1.jar:/Users/erik/.m2/repository/org/ow2/asm/asm/9.6/asm-9.6.jar:/Users/erik/.m2/repository/org/assertj/assertj-core/3.26.3/assertj-core-3.26.3.jar:/Users/erik/.m2/repository/org/awaitility/awaitility/4.2.2/awaitility-4.2.2.jar:/Users/erik/.m2/repository/org/hamcrest/hamcrest/2.2/hamcrest-2.2.jar:/Users/erik/.m2/repository/org/junit/jupiter/junit-jupiter/5.11.3/junit-jupiter-5.11.3.jar:/Users/erik/.m2/repository/org/junit/jupiter/junit-jupiter-api/5.11.3/junit-jupiter-api-5.11.3.jar:/Users/erik/.m2/repository/org/opentest4j/opentest4j/1.3.0/opentest4j-1.3.0.jar:/Users/erik/.m2/repository/org/junit/platform/junit-platform-commons/1.11.3/junit-platform-commons-1.11.3.jar:/Users/erik/.m2/repository/org/apiguardian/apiguardian-api/1.1.2/apiguardian-api-1.1.2.jar:/Users/erik/.m2/repository/org/junit/jupiter/junit-jupiter-params/5.11.3/junit-jupiter-params-5.11.3.jar:/Users/erik/.m2/repository/org/junit/jupiter/junit-jupiter-engine/5.11.3/junit-jupiter-engine-5.11.3.jar:/Users/erik/.m2/repository/org/junit/platform/junit-platform-engine/1.11.3/junit-platform-engine-1.11.3.jar:/Users/erik/.m2/repository/org/mockito/mockito-core/5.14.2/mockito-core-5.14.2.jar:/Users/erik/.m2/repository/net/bytebuddy/byte-buddy-agent/1.15.10/byte-buddy-agent-1.15.10.jar:/Users/erik/.m2/repository/org/objenesis/objenesis/3.3/objenesis-3.3.jar:/Users/erik/.m2/repository/org/mockito/mockito-junit-jupiter/5.14.2/mockito-junit-jupiter-5.14.2.jar:/Users/erik/.m2/repository/org/skyscreamer/jsonassert/1.5.3/jsonassert-1.5.3.jar:/Users/erik/.m2/repository/com/vaadin/external/google/android-json/0.0.20131108.vaadin1/android-json-0.0.20131108.vaadin1.jar:/Users/erik/.m2/repository/org/springframework/spring-test/6.2.0/spring-test-6.2.0.jar:/Users/erik/.m2/repository/org/xmlunit/xmlunit-core/2.10.0/xmlunit-core-2.10.0.jar:/Users/erik/.m2/repository/org/springframework/boot/spring-boot-testcontainers/3.4.0/spring-boot-testcontainers-3.4.0.jar:/Users/erik/.m2/repository/org/testcontainers/testcontainers/1.20.4/testcontainers-1.20.4.jar:/Users/erik/.m2/repository/junit/junit/4.13.2/junit-4.13.2.jar:/Users/erik/.m2/repository/org/hamcrest/hamcrest-core/2.2/hamcrest-core-2.2.jar:/Users/erik/.m2/repository/org/apache/commons/commons-compress/1.24.0/commons-compress-1.24.0.jar:/Users/erik/.m2/repository/org/rnorth/duct-tape/duct-tape/1.0.8/duct-tape-1.0.8.jar:/Users/erik/.m2/repository/org/jetbrains/annotations/17.0.0/annotations-17.0.0.jar:/Users/erik/.m2/repository/com/github/docker-java/docker-java-api/3.4.0/docker-java-api-3.4.0.jar:/Users/erik/.m2/repository/com/github/docker-java/docker-java-transport-zerodep/3.4.0/docker-java-transport-zerodep-3.4.0.jar:/Users/erik/.m2/repository/com/github/docker-java/docker-java-transport/3.4.0/docker-java-transport-3.4.0.jar:/Users/erik/.m2/repository/net/java/dev/jna/jna/5.13.0/jna-5.13.0.jar:/Users/erik/.m2/repository/org/testcontainers/oracle-xe/1.20.4/oracle-xe-1.20.4.jar:/Users/erik/.m2/repository/org/testcontainers/jdbc/1.20.4/jdbc-1.20.4.jar:/Users/erik/.m2/repository/org/testcontainers/database-commons/1.20.4/database-commons-1.20.4.jar:/Users/erik/.m2/repository/org/testcontainers/junit-jupiter/1.20.4/junit-jupiter-1.20.4.jar:/Users/erik/.m2/repository/org/instancio/instancio-junit/5.4.0/instancio-junit-5.4.0.jar:/Users/erik/.m2/repository/org/instancio/instancio-core/5.4.0/instancio-core-5.4.0.jar:/Users/erik/.m2/repository/com/tngtech/archunit/archunit-junit5/1.4.0/archunit-junit5-1.4.0.jar:/Users/erik/.m2/repository/com/tngtech/archunit/archunit-junit5-api/1.4.0/archunit-junit5-api-1.4.0.jar:/Users/erik/.m2/repository/com/tngtech/archunit/archunit/1.4.0/archunit-1.4.0.jar:/Users/erik/.m2/repository/com/tngtech/archunit/archunit-junit5-engine/1.4.0/archunit-junit5-engine-1.4.0.jar:/Users/erik/.m2/repository/com/tngtech/archunit/archunit-junit5-engine-api/1.4.0/archunit-junit5-engine-api-1.4.0.jar:, java.version: =25.0.3}. 
2026-08-27T17:45:23.993+01:00  INFO 74676 --- [oulearning] [onnection adder] oracle.jdbc                              : entering args (oracle.jdbc.internal.AbstractConnectionBuilder$1@414ab0eb)
2026-08-27T17:45:23.993+01:00  INFO 74676 --- [oulearning] [onnection adder] oracle.jdbc                              : traceId=55776F3F. 
2026-08-27T17:45:23.994+01:00  INFO 74676 --- [oulearning] [onnection adder] oracle.jdbc                              : Session Attributes: 
sdu=8192, tdu=2097152
nt: host=localhost, port=62112, socketOptions={0=YES, 1=NO, 17=0, 18=false, 2=30000, 20=true, 38=TLS, 23=40, 24=50, 40=false, 25=0}
    socket=null
client profile={oracle.net.encryption_types_client=(), oracle.net.crypto_seed=, oracle.net.authentication_services=(), oracle.net.setFIPSMode=false, oracle.net.kerberos5_mutual_authentication=false, oracle.net.encryption_client=ACCEPTED, oracle.net.crypto_checksum_client=ACCEPTED, oracle.net.crypto_checksum_types_client=()}
onBreakReset=false, dataEOF=false, negotiatedOptions=0x0, connected=false
TTIINIT enabled=false, TTC cookie enabled=false

2026-08-27T17:45:23.994+01:00  INFO 74676 --- [oulearning] [onnection adder] oracle.jdbc                              : traceId=55776F3F, anoEnabled=true. 
2026-08-27T17:45:23.994+01:00  INFO 74676 --- [oulearning] [onnection adder] oracle.jdbc                              : Connection establishment failed due to IOException, will be trying with next available connect option.
2026-08-27T17:45:23.994+01:00  INFO 74676 --- [oulearning] [onnection adder] oracle.jdbc                              : Got Refused, SessionTraceId = 55776F3F
2026-08-27T17:45:23.994+01:00  INFO 74676 --- [oulearning] [onnection adder] oracle.jdbc                              : Outbound interrupt timer cancelled null
2026-08-27T17:45:23.994+01:00  INFO 74676 --- [oulearning] [onnection adder] oracle.jdbc                              : Session Attributes: 
sdu=8192, tdu=2097152
nt: host=localhost, port=62112, socketOptions={0=YES, 1=NO, 17=0, 18=false, 2=30000, 20=true, 38=TLS, 23=40, 24=50, 40=false, 25=0}
    socket=null
client profile={oracle.net.encryption_types_client=(), oracle.net.crypto_seed=, oracle.net.authentication_services=(), oracle.net.setFIPSMode=false, oracle.net.kerberos5_mutual_authentication=false, oracle.net.encryption_client=ACCEPTED, oracle.net.crypto_checksum_client=ACCEPTED, oracle.net.crypto_checksum_types_client=()}
onBreakReset=false, dataEOF=false, negotiatedOptions=0x0, connected=false
TTIINIT enabled=false, TTC cookie enabled=false

2026-08-27T17:45:23.994+01:00  INFO 74676 --- [oulearning] [onnection adder] oracle.jdbc                              : Connection establishment failed due to IOException, will be trying with next available connect option.
2026-08-27T17:45:23.994+01:00  INFO 74676 --- [oulearning] [onnection adder] oracle.jdbc                              : Got Refused, SessionTraceId = 55776F3F
2026-08-27T17:45:23.994+01:00  INFO 74676 --- [oulearning] [onnection adder] oracle.jdbc                              : Outbound interrupt timer cancelled null
2026-08-27T17:45:23.994+01:00  INFO 74676 --- [oulearning] [onnection adder] oracle.jdbc                              : throwing

java.sql.SQLRecoverableException: ORA-17002: I/O error: Connection reset, connect lapse 1 ms., Authentication lapse 0 ms.
https://docs.oracle.com/error-help/db/ora-17002/
	at oracle.jdbc.driver.T4CConnection.handleLogonIOException(T4CConnection.java:1660) ~[ojdbc11-23.5.0.24.07.jar:23.5.0.24.07]
	at oracle.jdbc.driver.T4CConnection.logon(T4CConnection.java:1142) ~[ojdbc11-23.5.0.24.07.jar:23.5.0.24.07]
	at oracle.jdbc.driver.PhysicalConnection.connect(PhysicalConnection.java:1206) ~[ojdbc11-23.5.0.24.07.jar:23.5.0.24.07]
	at oracle.jdbc.driver.T4CDriverExtension.getConnection(T4CDriverExtension.java:105) ~[ojdbc11-23.5.0.24.07.jar:23.5.0.24.07]
	at oracle.jdbc.driver.OracleDriver.connect(OracleDriver.java:886) ~[ojdbc11-23.5.0.24.07.jar:23.5.0.24.07]
	at oracle.jdbc.driver.OracleDriver.connect(OracleDriver.java:693) ~[ojdbc11-23.5.0.24.07.jar:23.5.0.24.07]
	at com.zaxxer.hikari.util.DriverDataSource.getConnection(DriverDataSource.java:137) ~[HikariCP-5.1.0.jar:na]
	at com.zaxxer.hikari.pool.PoolBase.newConnection(PoolBase.java:360) ~[HikariCP-5.1.0.jar:na]
	at com.zaxxer.hikari.pool.PoolBase.newPoolEntry(PoolBase.java:202) ~[HikariCP-5.1.0.jar:na]
	at com.zaxxer.hikari.pool.HikariPool.createPoolEntry(HikariPool.java:461) ~[HikariCP-5.1.0.jar:na]
	at com.zaxxer.hikari.pool.HikariPool$PoolEntryCreator.call(HikariPool.java:724) ~[HikariCP-5.1.0.jar:na]
	at com.zaxxer.hikari.pool.HikariPool$PoolEntryCreator.call(HikariPool.java:703) ~[HikariCP-5.1.0.jar:na]
	at java.base/java.util.concurrent.FutureTask.run(FutureTask.java:328) ~[na:na]
	at java.base/java.util.concurrent.ThreadPoolExecutor.runWorker(ThreadPoolExecutor.java:1090) ~[na:na]
	at java.base/java.util.concurrent.ThreadPoolExecutor$Worker.run(ThreadPoolExecutor.java:614) ~[na:na]
	at java.base/java.lang.Thread.run(Thread.java:1474) ~[na:na]
Caused by: java.io.IOException: Connection reset, connect lapse 1 ms., Authentication lapse 0 ms.
	at oracle.jdbc.driver.T4CConnection.handleLogonIOException(T4CConnection.java:1655) ~[ojdbc11-23.5.0.24.07.jar:23.5.0.24.07]
	... 15 common frames omitted
Caused by: java.io.IOException: Connection reset, connect lapse 1 ms.
	at oracle.net.ns.NSProtocolNIO.negotiateConnection(NSProtocolNIO.java:263) ~[ojdbc11-23.5.0.24.07.jar:23.5.0.24.07]
	at oracle.net.ns.NSProtocol.connect(NSProtocol.java:352) ~[ojdbc11-23.5.0.24.07.jar:23.5.0.24.07]
	at oracle.jdbc.driver.T4CConnection.connectNetworkSessionProtocol(T4CConnection.java:3419) ~[ojdbc11-23.5.0.24.07.jar:23.5.0.24.07]
	at oracle.jdbc.driver.T4CConnection.logon(T4CConnection.java:1018) ~[ojdbc11-23.5.0.24.07.jar:23.5.0.24.07]
	... 14 common frames omitted
Caused by: java.net.SocketException: Connection reset
	at java.base/sun.nio.ch.SocketChannelImpl.throwConnectionReset(SocketChannelImpl.java:399) ~[na:na]
	at java.base/sun.nio.ch.SocketChannelImpl.blockingRead(SocketChannelImpl.java:1420) ~[na:na]
	at java.base/sun.nio.ch.SocketInputStream.implRead(SocketInputStream.java:70) ~[na:na]
	at java.base/sun.nio.ch.SocketInputStream.read(SocketInputStream.java:78) ~[na:na]
	at oracle.net.nt.TimeoutSocketChannel.doBlockedRead(TimeoutSocketChannel.java:600) ~[ojdbc11-23.5.0.24.07.jar:23.5.0.24.07]
	at oracle.net.nt.TimeoutSocketChannel.read(TimeoutSocketChannel.java:536) ~[ojdbc11-23.5.0.24.07.jar:23.5.0.24.07]
	at oracle.net.ns.NSProtocolNIO.doSocketRead(NSProtocolNIO.java:1224) ~[ojdbc11-23.5.0.24.07.jar:23.5.0.24.07]
	at oracle.net.ns.NIOPacket.readNIOPacket(NIOPacket.java:436) ~[ojdbc11-23.5.0.24.07.jar:23.5.0.24.07]
	at oracle.net.ns.NSProtocolNIO.negotiateConnection(NSProtocolNIO.java:216) ~[ojdbc11-23.5.0.24.07.jar:23.5.0.24.07]
	... 17 common frames omitted

2026-08-27T17:45:23.994+01:00  INFO 74676 --- [oulearning] [onnection adder] oracle.jdbc                              : properties={LOCALE=en_US, DriverVersion=23.5.0.24.07, java.library.path: =/Users/erik/Library/Java/Extensions:/Library/Java/Extensions:/Network/Library/Java/Extensions:/System/Library/Java/Extensions:/usr/lib/java:., java.class.path: =/Users/erik/dev/oulearning/target/test-classes:/Users/erik/dev/oulearning/target/classes:/Users/erik/.m2/repository/org/springframework/boot/spring-boot-starter-data-jpa/3.4.0/spring-boot-starter-data-jpa-3.4.0.jar:/Users/erik/.m2/repository/org/springframework/boot/spring-boot-starter-jdbc/3.4.0/spring-boot-starter-jdbc-3.4.0.jar:/Users/erik/.m2/repository/com/zaxxer/HikariCP/5.1.0/HikariCP-5.1.0.jar:/Users/erik/.m2/repository/org/springframework/spring-jdbc/6.2.0/spring-jdbc-6.2.0.jar:/Users/erik/.m2/repository/org/hibernate/orm/hibernate-core/6.6.2.Final/hibernate-core-6.6.2.Final.jar:/Users/erik/.m2/repository/jakarta/persistence/jakarta.persistence-api/3.1.0/jakarta.persistence-api-3.1.0.jar:/Users/erik/.m2/repository/jakarta/transaction/jakarta.transaction-api/2.0.1/jakarta.transaction-api-2.0.1.jar:/Users/erik/.m2/repository/org/jboss/logging/jboss-logging/3.6.1.Final/jboss-logging-3.6.1.Final.jar:/Users/erik/.m2/repository/org/hibernate/common/hibernate-commons-annotations/7.0.3.Final/hibernate-commons-annotations-7.0.3.Final.jar:/Users/erik/.m2/repository/io/smallrye/jandex/3.2.0/jandex-3.2.0.jar:/Users/erik/.m2/repository/com/fasterxml/classmate/1.7.0/classmate-1.7.0.jar:/Users/erik/.m2/repository/net/bytebuddy/byte-buddy/1.15.10/byte-buddy-1.15.10.jar:/Users/erik/.m2/repository/org/glassfish/jaxb/jaxb-runtime/4.0.5/jaxb-runtime-4.0.5.jar:/Users/erik/.m2/repository/org/glassfish/jaxb/jaxb-core/4.0.5/jaxb-core-4.0.5.jar:/Users/erik/.m2/repository/org/eclipse/angus/angus-activation/2.0.2/angus-activation-2.0.2.jar:/Users/erik/.m2/repository/org/glassfish/jaxb/txw2/4.0.5/txw2-4.0.5.jar:/Users/erik/.m2/repository/com/sun/istack/istack-commons-runtime/4.1.2/istack-commons-runtime-4.1.2.jar:/Users/erik/.m2/repository/jakarta/inject/jakarta.inject-api/2.0.1/jakarta.inject-api-2.0.1.jar:/Users/erik/.m2/repository/org/antlr/antlr4-runtime/4.13.0/antlr4-runtime-4.13.0.jar:/Users/erik/.m2/repository/org/springframework/data/spring-data-jpa/3.4.0/spring-data-jpa-3.4.0.jar:/Users/erik/.m2/repository/org/springframework/data/spring-data-commons/3.4.0/spring-data-commons-3.4.0.jar:/Users/erik/.m2/repository/org/springframework/spring-orm/6.2.0/spring-orm-6.2.0.jar:/Users/erik/.m2/repository/org/springframework/spring-context/6.2.0/spring-context-6.2.0.jar:/Users/erik/.m2/repository/org/springframework/spring-aop/6.2.0/spring-aop-6.2.0.jar:/Users/erik/.m2/repository/org/springframework/spring-tx/6.2.0/spring-tx-6.2.0.jar:/Users/erik/.m2/repository/org/springframework/spring-beans/6.2.0/spring-beans-6.2.0.jar:/Users/erik/.m2/repository/org/slf4j/slf4j-api/2.0.16/slf4j-api-2.0.16.jar:/Users/erik/.m2/repository/org/springframework/spring-aspects/6.2.0/spring-aspects-6.2.0.jar:/Users/erik/.m2/repository/org/aspectj/aspectjweaver/1.9.22.1/aspectjweaver-1.9.22.1.jar:/Users/erik/.m2/repository/org/flywaydb/flyway-core/10.20.1/flyway-core-10.20.1.jar:/Users/erik/.m2/repository/com/fasterxml/jackson/dataformat/jackson-dataformat-toml/2.18.1/jackson-dataformat-toml-2.18.1.jar:/Users/erik/.m2/repository/com/fasterxml/jackson/core/jackson-core/2.18.1/jackson-core-2.18.1.jar:/Users/erik/.m2/repository/com/fasterxml/jackson/datatype/jackson-datatype-jsr310/2.18.1/jackson-datatype-jsr310-2.18.1.jar:/Users/erik/.m2/repository/com/fasterxml/jackson/core/jackson-annotations/2.18.1/jackson-annotations-2.18.1.jar:/Users/erik/.m2/repository/org/flywaydb/flyway-database-oracle/10.20.1/flyway-database-oracle-10.20.1.jar:/Users/erik/.m2/repository/com/oracle/database/jdbc/ojdbc11/23.5.0.24.07/ojdbc11-23.5.0.24.07.jar:/Users/erik/.m2/repository/org/springframework/boot/spring-boot-starter/3.4.0/spring-boot-starter-3.4.0.jar:/Users/erik/.m2/repository/org/springframework/boot/spring-boot/3.4.0/spring-boot-3.4.0.jar:/Users/erik/.m2/repository/org/springframework/boot/spring-boot-autoconfigure/3.4.0/spring-boot-autoconfigure-3.4.0.jar:/Users/erik/.m2/repository/org/springframework/boot/spring-boot-starter-logging/3.4.0/spring-boot-starter-logging-3.4.0.jar:/Users/erik/.m2/repository/ch/qos/logback/logback-classic/1.5.12/logback-classic-1.5.12.jar:/Users/erik/.m2/repository/ch/qos/logback/logback-core/1.5.12/logback-core-1.5.12.jar:/Users/erik/.m2/repository/org/apache/logging/log4j/log4j-to-slf4j/2.24.1/log4j-to-slf4j-2.24.1.jar:/Users/erik/.m2/repository/org/apache/logging/log4j/log4j-api/2.24.1/log4j-api-2.24.1.jar:/Users/erik/.m2/repository/org/slf4j/jul-to-slf4j/2.0.16/jul-to-slf4j-2.0.16.jar:/Users/erik/.m2/repository/jakarta/annotation/jakarta.annotation-api/2.1.1/jakarta.annotation-api-2.1.1.jar:/Users/erik/.m2/repository/org/springframework/spring-core/6.2.0/spring-core-6.2.0.jar:/Users/erik/.m2/repository/org/springframework/spring-jcl/6.2.0/spring-jcl-6.2.0.jar:/Users/erik/.m2/repository/org/yaml/snakeyaml/2.3/snakeyaml-2.3.jar:/Users/erik/.m2/repository/org/mybatis/spring/boot/mybatis-spring-boot-starter/3.0.3/mybatis-spring-boot-starter-3.0.3.jar:/Users/erik/.m2/repository/org/mybatis/spring/boot/mybatis-spring-boot-autoconfigure/3.0.3/mybatis-spring-boot-autoconfigure-3.0.3.jar:/Users/erik/.m2/repository/org/mybatis/mybatis/3.5.14/mybatis-3.5.14.jar:/Users/erik/.m2/repository/org/mybatis/mybatis-spring/3.0.3/mybatis-spring-3.0.3.jar:/Users/erik/.m2/repository/org/mybatis/spring/boot/mybatis-spring-boot-starter-test/3.0.3/mybatis-spring-boot-starter-test-3.0.3.jar:/Users/erik/.m2/repository/org/mybatis/spring/boot/mybatis-spring-boot-test-autoconfigure/3.0.3/mybatis-spring-boot-test-autoconfigure-3.0.3.jar:/Users/erik/.m2/repository/org/springframework/boot/spring-boot-starter-web/3.4.0/spring-boot-starter-web-3.4.0.jar:/Users/erik/.m2/repository/org/springframework/boot/spring-boot-starter-json/3.4.0/spring-boot-starter-json-3.4.0.jar:/Users/erik/.m2/repository/com/fasterxml/jackson/datatype/jackson-datatype-jdk8/2.18.1/jackson-datatype-jdk8-2.18.1.jar:/Users/erik/.m2/repository/com/fasterxml/jackson/module/jackson-module-parameter-names/2.18.1/jackson-module-parameter-names-2.18.1.jar:/Users/erik/.m2/repository/org/springframework/boot/spring-boot-starter-tomcat/3.4.0/spring-boot-starter-tomcat-3.4.0.jar:/Users/erik/.m2/repository/org/apache/tomcat/embed/tomcat-embed-core/10.1.33/tomcat-embed-core-10.1.33.jar:/Users/erik/.m2/repository/org/apache/tomcat/embed/tomcat-embed-websocket/10.1.33/tomcat-embed-websocket-10.1.33.jar:/Users/erik/.m2/repository/org/springframework/spring-web/6.2.0/spring-web-6.2.0.jar:/Users/erik/.m2/repository/io/micrometer/micrometer-observation/1.14.1/micrometer-observation-1.14.1.jar:/Users/erik/.m2/repository/io/micrometer/micrometer-commons/1.14.1/micrometer-commons-1.14.1.jar:/Users/erik/.m2/repository/org/springframework/spring-webmvc/6.2.0/spring-webmvc-6.2.0.jar:/Users/erik/.m2/repository/org/springframework/spring-expression/6.2.0/spring-expression-6.2.0.jar:/Users/erik/.m2/repository/org/springframework/boot/spring-boot-starter-validation/3.4.0/spring-boot-starter-validation-3.4.0.jar:/Users/erik/.m2/repository/org/apache/tomcat/embed/tomcat-embed-el/10.1.33/tomcat-embed-el-10.1.33.jar:/Users/erik/.m2/repository/org/hibernate/validator/hibernate-validator/8.0.1.Final/hibernate-validator-8.0.1.Final.jar:/Users/erik/.m2/repository/jakarta/validation/jakarta.validation-api/3.0.2/jakarta.validation-api-3.0.2.jar:/Users/erik/.m2/repository/io/swagger/core/v3/swagger-annotations/2.2.22/swagger-annotations-2.2.22.jar:/Users/erik/.m2/repository/org/openapitools/jackson-databind-nullable/0.2.6/jackson-databind-nullable-0.2.6.jar:/Users/erik/.m2/repository/com/fasterxml/jackson/core/jackson-databind/2.18.1/jackson-databind-2.18.1.jar:/Users/erik/.m2/repository/org/javamoney/moneta/moneta-core/1.4.4/moneta-core-1.4.4.jar:/Users/erik/.m2/repository/javax/money/money-api/1.1/money-api-1.1.jar:/Users/erik/.m2/repository/com/squareup/okhttp3/okhttp/4.12.0/okhttp-4.12.0.jar:/Users/erik/.m2/repository/com/squareup/okio/okio/3.6.0/okio-3.6.0.jar:/Users/erik/.m2/repository/com/squareup/okio/okio-jvm/3.6.0/okio-jvm-3.6.0.jar:/Users/erik/.m2/repository/org/jetbrains/kotlin/kotlin-stdlib-common/1.9.25/kotlin-stdlib-common-1.9.25.jar:/Users/erik/.m2/repository/org/jetbrains/kotlin/kotlin-stdlib-jdk8/1.9.25/kotlin-stdlib-jdk8-1.9.25.jar:/Users/erik/.m2/repository/org/jetbrains/kotlin/kotlin-stdlib/1.9.25/kotlin-stdlib-1.9.25.jar:/Users/erik/.m2/repository/org/jetbrains/kotlin/kotlin-stdlib-jdk7/1.9.25/kotlin-stdlib-jdk7-1.9.25.jar:/Users/erik/.m2/repository/org/springframework/boot/spring-boot-starter-test/3.4.0/spring-boot-starter-test-3.4.0.jar:/Users/erik/.m2/repository/org/springframework/boot/spring-boot-test/3.4.0/spring-boot-test-3.4.0.jar:/Users/erik/.m2/repository/org/springframework/boot/spring-boot-test-autoconfigure/3.4.0/spring-boot-test-autoconfigure-3.4.0.jar:/Users/erik/.m2/repository/com/jayway/jsonpath/json-path/2.9.0/json-path-2.9.0.jar:/Users/erik/.m2/repository/jakarta/xml/bind/jakarta.xml.bind-api/4.0.2/jakarta.xml.bind-api-4.0.2.jar:/Users/erik/.m2/repository/jakarta/activation/jakarta.activation-api/2.1.3/jakarta.activation-api-2.1.3.jar:/Users/erik/.m2/repository/net/minidev/json-smart/2.5.1/json-smart-2.5.1.jar:/Users/erik/.m2/repository/net/minidev/accessors-smart/2.5.1/accessors-smart-2.5.1.jar:/Users/erik/.m2/repository/org/ow2/asm/asm/9.6/asm-9.6.jar:/Users/erik/.m2/repository/org/assertj/assertj-core/3.26.3/assertj-core-3.26.3.jar:/Users/erik/.m2/repository/org/awaitility/awaitility/4.2.2/awaitility-4.2.2.jar:/Users/erik/.m2/repository/org/hamcrest/hamcrest/2.2/hamcrest-2.2.jar:/Users/erik/.m2/repository/org/junit/jupiter/junit-jupiter/5.11.3/junit-jupiter-5.11.3.jar:/Users/erik/.m2/repository/org/junit/jupiter/junit-jupiter-api/5.11.3/junit-jupiter-api-5.11.3.jar:/Users/erik/.m2/repository/org/opentest4j/opentest4j/1.3.0/opentest4j-1.3.0.jar:/Users/erik/.m2/repository/org/junit/platform/junit-platform-commons/1.11.3/junit-platform-commons-1.11.3.jar:/Users/erik/.m2/repository/org/apiguardian/apiguardian-api/1.1.2/apiguardian-api-1.1.2.jar:/Users/erik/.m2/repository/org/junit/jupiter/junit-jupiter-params/5.11.3/junit-jupiter-params-5.11.3.jar:/Users/erik/.m2/repository/org/junit/jupiter/junit-jupiter-engine/5.11.3/junit-jupiter-engine-5.11.3.jar:/Users/erik/.m2/repository/org/junit/platform/junit-platform-engine/1.11.3/junit-platform-engine-1.11.3.jar:/Users/erik/.m2/repository/org/mockito/mockito-core/5.14.2/mockito-core-5.14.2.jar:/Users/erik/.m2/repository/net/bytebuddy/byte-buddy-agent/1.15.10/byte-buddy-agent-1.15.10.jar:/Users/erik/.m2/repository/org/objenesis/objenesis/3.3/objenesis-3.3.jar:/Users/erik/.m2/repository/org/mockito/mockito-junit-jupiter/5.14.2/mockito-junit-jupiter-5.14.2.jar:/Users/erik/.m2/repository/org/skyscreamer/jsonassert/1.5.3/jsonassert-1.5.3.jar:/Users/erik/.m2/repository/com/vaadin/external/google/android-json/0.0.20131108.vaadin1/android-json-0.0.20131108.vaadin1.jar:/Users/erik/.m2/repository/org/springframework/spring-test/6.2.0/spring-test-6.2.0.jar:/Users/erik/.m2/repository/org/xmlunit/xmlunit-core/2.10.0/xmlunit-core-2.10.0.jar:/Users/erik/.m2/repository/org/springframework/boot/spring-boot-testcontainers/3.4.0/spring-boot-testcontainers-3.4.0.jar:/Users/erik/.m2/repository/org/testcontainers/testcontainers/1.20.4/testcontainers-1.20.4.jar:/Users/erik/.m2/repository/junit/junit/4.13.2/junit-4.13.2.jar:/Users/erik/.m2/repository/org/hamcrest/hamcrest-core/2.2/hamcrest-core-2.2.jar:/Users/erik/.m2/repository/org/apache/commons/commons-compress/1.24.0/commons-compress-1.24.0.jar:/Users/erik/.m2/repository/org/rnorth/duct-tape/duct-tape/1.0.8/duct-tape-1.0.8.jar:/Users/erik/.m2/repository/org/jetbrains/annotations/17.0.0/annotations-17.0.0.jar:/Users/erik/.m2/repository/com/github/docker-java/docker-java-api/3.4.0/docker-java-api-3.4.0.jar:/Users/erik/.m2/repository/com/github/docker-java/docker-java-transport-zerodep/3.4.0/docker-java-transport-zerodep-3.4.0.jar:/Users/erik/.m2/repository/com/github/docker-java/docker-java-transport/3.4.0/docker-java-transport-3.4.0.jar:/Users/erik/.m2/repository/net/java/dev/jna/jna/5.13.0/jna-5.13.0.jar:/Users/erik/.m2/repository/org/testcontainers/oracle-xe/1.20.4/oracle-xe-1.20.4.jar:/Users/erik/.m2/repository/org/testcontainers/jdbc/1.20.4/jdbc-1.20.4.jar:/Users/erik/.m2/repository/org/testcontainers/database-commons/1.20.4/database-commons-1.20.4.jar:/Users/erik/.m2/repository/org/testcontainers/junit-jupiter/1.20.4/junit-jupiter-1.20.4.jar:/Users/erik/.m2/repository/org/instancio/instancio-junit/5.4.0/instancio-junit-5.4.0.jar:/Users/erik/.m2/repository/org/instancio/instancio-core/5.4.0/instancio-core-5.4.0.jar:/Users/erik/.m2/repository/com/tngtech/archunit/archunit-junit5/1.4.0/archunit-junit5-1.4.0.jar:/Users/erik/.m2/repository/com/tngtech/archunit/archunit-junit5-api/1.4.0/archunit-junit5-api-1.4.0.jar:/Users/erik/.m2/repository/com/tngtech/archunit/archunit/1.4.0/archunit-1.4.0.jar:/Users/erik/.m2/repository/com/tngtech/archunit/archunit-junit5-engine/1.4.0/archunit-junit5-engine-1.4.0.jar:/Users/erik/.m2/repository/com/tngtech/archunit/archunit-junit5-engine-api/1.4.0/archunit-junit5-engine-api-1.4.0.jar:, java.version: =25.0.3}. 
[INFO] Tests run: 1, Failures: 0, Errors: 0, Skipped: 0, Time elapsed: 12.60 s -- in com.example.oulearning.OulearningApplicationIT
[INFO] Running com.example.oulearning.budgeting.infrastructure.web.BudgetControllerIT
2026-08-27T17:45:24.289+01:00  INFO 74676 --- [oulearning] [           main] t.c.s.AnnotationConfigContextLoaderUtils : Could not detect default configuration classes for test class [com.example.oulearning.budgeting.infrastructure.web.BudgetControllerIT]: BudgetControllerIT does not declare any static, non-private, non-final, nested classes annotated with @Configuration.
2026-08-27T17:45:24.311+01:00  INFO 74676 --- [oulearning] [           main] .b.t.c.SpringBootTestContextBootstrapper : Found @SpringBootConfiguration com.example.oulearning.OulearningApplication for test class com.example.oulearning.budgeting.infrastructure.web.BudgetControllerIT

  .   ____          _            __ _ _
 /\\ / ___'_ __ _ _(_)_ __  __ _ \ \ \ \
( ( )\___ | '_ | '_| | '_ \/ _` | \ \ \ \
 \\/  ___)| |_)| | | | | || (_| |  ) ) ) )
  '  |____| .__|_| |_|_| |_\__, | / / / /
 =========|_|==============|___/=/_/_/_/

 :: Spring Boot ::                (v3.4.0)

2026-08-27T17:45:24.327+01:00  INFO 74676 --- [oulearning] [           main] c.e.o.b.i.web.BudgetControllerIT         : Starting BudgetControllerIT using Java 25.0.3 with PID 74676 (started by erik in /Users/erik/dev/oulearning)
2026-08-27T17:45:24.327+01:00  INFO 74676 --- [oulearning] [           main] c.e.o.b.i.web.BudgetControllerIT         : No active profile set, falling back to 1 default profile: "default"
2026-08-27T17:45:24.604+01:00  INFO 74676 --- [oulearning] [           main] o.s.b.t.m.w.SpringBootMockServletContext : Initializing Spring TestDispatcherServlet ''
2026-08-27T17:45:24.604+01:00  INFO 74676 --- [oulearning] [           main] o.s.t.web.servlet.TestDispatcherServlet  : Initializing Servlet ''
2026-08-27T17:45:24.604+01:00  INFO 74676 --- [oulearning] [           main] o.s.t.web.servlet.TestDispatcherServlet  : Completed initialization in 0 ms
2026-08-27T17:45:24.608+01:00  INFO 74676 --- [oulearning] [           main] c.e.o.b.i.web.BudgetControllerIT         : Started BudgetControllerIT in 0.296 seconds (process running for 144.169)
2026-08-27T17:45:24.624+01:00  INFO 74676 --- [oulearning] [           main] o.j.m.DefaultMonetaryContextFactory      : Using custom MathContext: precision=256, roundingMode=HALF_EVEN
[INFO] Tests run: 2, Failures: 0, Errors: 0, Skipped: 0, Time elapsed: 0.390 s -- in com.example.oulearning.budgeting.infrastructure.web.BudgetControllerIT
[INFO] Running com.example.oulearning.budgeting.infrastructure.persistence.MyBatisBudgetRepositoryIT
2026-08-27T17:45:24.679+01:00  INFO 74676 --- [oulearning] [           main] t.c.s.AnnotationConfigContextLoaderUtils : Could not detect default configuration classes for test class [com.example.oulearning.budgeting.infrastructure.persistence.MyBatisBudgetRepositoryIT]: MyBatisBudgetRepositoryIT does not declare any static, non-private, non-final, nested classes annotated with @Configuration.
2026-08-27T17:45:24.695+01:00  INFO 74676 --- [oulearning] [           main] .b.t.c.SpringBootTestContextBootstrapper : Found @SpringBootConfiguration com.example.oulearning.OulearningApplication for test class com.example.oulearning.budgeting.infrastructure.persistence.MyBatisBudgetRepositoryIT
2026-08-27T17:45:24.696+01:00  INFO 74676 --- [oulearning] [           main] t.gvenzl/oracle-free:23-slim-faststart   : Creating container for image: gvenzl/oracle-free:23-slim-faststart
2026-08-27T17:45:24.739+01:00  INFO 74676 --- [oulearning] [           main] t.gvenzl/oracle-free:23-slim-faststart   : Container gvenzl/oracle-free:23-slim-faststart is starting: 6c3dd734f66653986277a1173995e646f06d1a16d0eaa36f503a6a4dd84b83aa
2026-08-27T17:45:25.099+01:00  INFO 74676 --- [oulearning] [onnection adder] oracle.jdbc                              : entering args (oracle.jdbc.internal.AbstractConnectionBuilder$1@329fb859)
2026-08-27T17:45:25.100+01:00  INFO 74676 --- [oulearning] [onnection adder] oracle.jdbc                              : traceId=7F5F587F. 
2026-08-27T17:45:25.100+01:00  INFO 74676 --- [oulearning] [onnection adder] oracle.jdbc                              : Session Attributes: 
sdu=8192, tdu=2097152
nt: host=localhost, port=62112, socketOptions={0=YES, 1=NO, 17=0, 18=false, 2=30000, 20=true, 38=TLS, 23=40, 24=50, 40=false, 25=0}
    socket=null
client profile={oracle.net.encryption_types_client=(), oracle.net.crypto_seed=, oracle.net.authentication_services=(), oracle.net.setFIPSMode=false, oracle.net.kerberos5_mutual_authentication=false, oracle.net.encryption_client=ACCEPTED, oracle.net.crypto_checksum_client=ACCEPTED, oracle.net.crypto_checksum_types_client=()}
onBreakReset=false, dataEOF=false, negotiatedOptions=0x0, connected=false
TTIINIT enabled=false, TTC cookie enabled=false

2026-08-27T17:45:25.100+01:00  INFO 74676 --- [oulearning] [onnection adder] oracle.jdbc                              : traceId=7F5F587F, anoEnabled=true. 
2026-08-27T17:45:25.100+01:00  INFO 74676 --- [oulearning] [onnection adder] oracle.jdbc                              : Got Refused, SessionTraceId = 7F5F587F
2026-08-27T17:45:25.100+01:00  INFO 74676 --- [oulearning] [onnection adder] oracle.jdbc                              : Outbound interrupt timer cancelled null
2026-08-27T17:45:25.100+01:00  INFO 74676 --- [oulearning] [onnection adder] oracle.jdbc                              : throwing

java.sql.SQLRecoverableException: ORA-12514: Cannot connect to database. Service FREEPDB1 is not registered with the listener at host localhost port 62112. (CONNECTION_ID=xhNG5Ec3Qce9p5q46yu8pg==)
https://docs.oracle.com/error-help/db/ora-12514/
	at oracle.jdbc.driver.T4CConnection.handleLogonNetException(T4CConnection.java:1617) ~[ojdbc11-23.5.0.24.07.jar:23.5.0.24.07]
	at oracle.jdbc.driver.T4CConnection.logon(T4CConnection.java:1139) ~[ojdbc11-23.5.0.24.07.jar:23.5.0.24.07]
	at oracle.jdbc.driver.PhysicalConnection.connect(PhysicalConnection.java:1206) ~[ojdbc11-23.5.0.24.07.jar:23.5.0.24.07]
	at oracle.jdbc.driver.T4CDriverExtension.getConnection(T4CDriverExtension.java:105) ~[ojdbc11-23.5.0.24.07.jar:23.5.0.24.07]
	at oracle.jdbc.driver.OracleDriver.connect(OracleDriver.java:886) ~[ojdbc11-23.5.0.24.07.jar:23.5.0.24.07]
	at oracle.jdbc.driver.OracleDriver.connect(OracleDriver.java:693) ~[ojdbc11-23.5.0.24.07.jar:23.5.0.24.07]
	at com.zaxxer.hikari.util.DriverDataSource.getConnection(DriverDataSource.java:137) ~[HikariCP-5.1.0.jar:na]
	at com.zaxxer.hikari.pool.PoolBase.newConnection(PoolBase.java:360) ~[HikariCP-5.1.0.jar:na]
	at com.zaxxer.hikari.pool.PoolBase.newPoolEntry(PoolBase.java:202) ~[HikariCP-5.1.0.jar:na]
	at com.zaxxer.hikari.pool.HikariPool.createPoolEntry(HikariPool.java:461) ~[HikariCP-5.1.0.jar:na]
	at com.zaxxer.hikari.pool.HikariPool$PoolEntryCreator.call(HikariPool.java:724) ~[HikariCP-5.1.0.jar:na]
	at com.zaxxer.hikari.pool.HikariPool$PoolEntryCreator.call(HikariPool.java:703) ~[HikariCP-5.1.0.jar:na]
	at java.base/java.util.concurrent.FutureTask.run(FutureTask.java:328) ~[na:na]
	at java.base/java.util.concurrent.ThreadPoolExecutor.runWorker(ThreadPoolExecutor.java:1090) ~[na:na]
	at java.base/java.util.concurrent.ThreadPoolExecutor$Worker.run(ThreadPoolExecutor.java:614) ~[na:na]
	at java.base/java.lang.Thread.run(Thread.java:1474) ~[na:na]
Caused by: oracle.net.ns.NetException: ORA-12514: Cannot connect to database. Service FREEPDB1 is not registered with the listener at host localhost port 62112. (CONNECTION_ID=xhNG5Ec3Qce9p5q46yu8pg==)
https://docs.oracle.com/error-help/db/ora-12514/
	at oracle.net.ns.NSProtocolNIO.createRefusePacketException(NSProtocolNIO.java:915) ~[ojdbc11-23.5.0.24.07.jar:23.5.0.24.07]
	at oracle.net.ns.NSProtocolNIO.handleConnectPacketResponse(NSProtocolNIO.java:461) ~[ojdbc11-23.5.0.24.07.jar:23.5.0.24.07]
	at oracle.net.ns.NSProtocolNIO.negotiateConnection(NSProtocolNIO.java:269) ~[ojdbc11-23.5.0.24.07.jar:23.5.0.24.07]
	at oracle.net.ns.NSProtocol.connect(NSProtocol.java:352) ~[ojdbc11-23.5.0.24.07.jar:23.5.0.24.07]
	at oracle.jdbc.driver.T4CConnection.connectNetworkSessionProtocol(T4CConnection.java:3419) ~[ojdbc11-23.5.0.24.07.jar:23.5.0.24.07]
	at oracle.jdbc.driver.T4CConnection.logon(T4CConnection.java:1018) ~[ojdbc11-23.5.0.24.07.jar:23.5.0.24.07]
	... 14 common frames omitted

2026-08-27T17:45:25.101+01:00  INFO 74676 --- [oulearning] [onnection adder] oracle.jdbc                              : properties={LOCALE=en_US, DriverVersion=23.5.0.24.07, java.library.path: =/Users/erik/Library/Java/Extensions:/Library/Java/Extensions:/Network/Library/Java/Extensions:/System/Library/Java/Extensions:/usr/lib/java:., java.class.path: =/Users/erik/dev/oulearning/target/test-classes:/Users/erik/dev/oulearning/target/classes:/Users/erik/.m2/repository/org/springframework/boot/spring-boot-starter-data-jpa/3.4.0/spring-boot-starter-data-jpa-3.4.0.jar:/Users/erik/.m2/repository/org/springframework/boot/spring-boot-starter-jdbc/3.4.0/spring-boot-starter-jdbc-3.4.0.jar:/Users/erik/.m2/repository/com/zaxxer/HikariCP/5.1.0/HikariCP-5.1.0.jar:/Users/erik/.m2/repository/org/springframework/spring-jdbc/6.2.0/spring-jdbc-6.2.0.jar:/Users/erik/.m2/repository/org/hibernate/orm/hibernate-core/6.6.2.Final/hibernate-core-6.6.2.Final.jar:/Users/erik/.m2/repository/jakarta/persistence/jakarta.persistence-api/3.1.0/jakarta.persistence-api-3.1.0.jar:/Users/erik/.m2/repository/jakarta/transaction/jakarta.transaction-api/2.0.1/jakarta.transaction-api-2.0.1.jar:/Users/erik/.m2/repository/org/jboss/logging/jboss-logging/3.6.1.Final/jboss-logging-3.6.1.Final.jar:/Users/erik/.m2/repository/org/hibernate/common/hibernate-commons-annotations/7.0.3.Final/hibernate-commons-annotations-7.0.3.Final.jar:/Users/erik/.m2/repository/io/smallrye/jandex/3.2.0/jandex-3.2.0.jar:/Users/erik/.m2/repository/com/fasterxml/classmate/1.7.0/classmate-1.7.0.jar:/Users/erik/.m2/repository/net/bytebuddy/byte-buddy/1.15.10/byte-buddy-1.15.10.jar:/Users/erik/.m2/repository/org/glassfish/jaxb/jaxb-runtime/4.0.5/jaxb-runtime-4.0.5.jar:/Users/erik/.m2/repository/org/glassfish/jaxb/jaxb-core/4.0.5/jaxb-core-4.0.5.jar:/Users/erik/.m2/repository/org/eclipse/angus/angus-activation/2.0.2/angus-activation-2.0.2.jar:/Users/erik/.m2/repository/org/glassfish/jaxb/txw2/4.0.5/txw2-4.0.5.jar:/Users/erik/.m2/repository/com/sun/istack/istack-commons-runtime/4.1.2/istack-commons-runtime-4.1.2.jar:/Users/erik/.m2/repository/jakarta/inject/jakarta.inject-api/2.0.1/jakarta.inject-api-2.0.1.jar:/Users/erik/.m2/repository/org/antlr/antlr4-runtime/4.13.0/antlr4-runtime-4.13.0.jar:/Users/erik/.m2/repository/org/springframework/data/spring-data-jpa/3.4.0/spring-data-jpa-3.4.0.jar:/Users/erik/.m2/repository/org/springframework/data/spring-data-commons/3.4.0/spring-data-commons-3.4.0.jar:/Users/erik/.m2/repository/org/springframework/spring-orm/6.2.0/spring-orm-6.2.0.jar:/Users/erik/.m2/repository/org/springframework/spring-context/6.2.0/spring-context-6.2.0.jar:/Users/erik/.m2/repository/org/springframework/spring-aop/6.2.0/spring-aop-6.2.0.jar:/Users/erik/.m2/repository/org/springframework/spring-tx/6.2.0/spring-tx-6.2.0.jar:/Users/erik/.m2/repository/org/springframework/spring-beans/6.2.0/spring-beans-6.2.0.jar:/Users/erik/.m2/repository/org/slf4j/slf4j-api/2.0.16/slf4j-api-2.0.16.jar:/Users/erik/.m2/repository/org/springframework/spring-aspects/6.2.0/spring-aspects-6.2.0.jar:/Users/erik/.m2/repository/org/aspectj/aspectjweaver/1.9.22.1/aspectjweaver-1.9.22.1.jar:/Users/erik/.m2/repository/org/flywaydb/flyway-core/10.20.1/flyway-core-10.20.1.jar:/Users/erik/.m2/repository/com/fasterxml/jackson/dataformat/jackson-dataformat-toml/2.18.1/jackson-dataformat-toml-2.18.1.jar:/Users/erik/.m2/repository/com/fasterxml/jackson/core/jackson-core/2.18.1/jackson-core-2.18.1.jar:/Users/erik/.m2/repository/com/fasterxml/jackson/datatype/jackson-datatype-jsr310/2.18.1/jackson-datatype-jsr310-2.18.1.jar:/Users/erik/.m2/repository/com/fasterxml/jackson/core/jackson-annotations/2.18.1/jackson-annotations-2.18.1.jar:/Users/erik/.m2/repository/org/flywaydb/flyway-database-oracle/10.20.1/flyway-database-oracle-10.20.1.jar:/Users/erik/.m2/repository/com/oracle/database/jdbc/ojdbc11/23.5.0.24.07/ojdbc11-23.5.0.24.07.jar:/Users/erik/.m2/repository/org/springframework/boot/spring-boot-starter/3.4.0/spring-boot-starter-3.4.0.jar:/Users/erik/.m2/repository/org/springframework/boot/spring-boot/3.4.0/spring-boot-3.4.0.jar:/Users/erik/.m2/repository/org/springframework/boot/spring-boot-autoconfigure/3.4.0/spring-boot-autoconfigure-3.4.0.jar:/Users/erik/.m2/repository/org/springframework/boot/spring-boot-starter-logging/3.4.0/spring-boot-starter-logging-3.4.0.jar:/Users/erik/.m2/repository/ch/qos/logback/logback-classic/1.5.12/logback-classic-1.5.12.jar:/Users/erik/.m2/repository/ch/qos/logback/logback-core/1.5.12/logback-core-1.5.12.jar:/Users/erik/.m2/repository/org/apache/logging/log4j/log4j-to-slf4j/2.24.1/log4j-to-slf4j-2.24.1.jar:/Users/erik/.m2/repository/org/apache/logging/log4j/log4j-api/2.24.1/log4j-api-2.24.1.jar:/Users/erik/.m2/repository/org/slf4j/jul-to-slf4j/2.0.16/jul-to-slf4j-2.0.16.jar:/Users/erik/.m2/repository/jakarta/annotation/jakarta.annotation-api/2.1.1/jakarta.annotation-api-2.1.1.jar:/Users/erik/.m2/repository/org/springframework/spring-core/6.2.0/spring-core-6.2.0.jar:/Users/erik/.m2/repository/org/springframework/spring-jcl/6.2.0/spring-jcl-6.2.0.jar:/Users/erik/.m2/repository/org/yaml/snakeyaml/2.3/snakeyaml-2.3.jar:/Users/erik/.m2/repository/org/mybatis/spring/boot/mybatis-spring-boot-starter/3.0.3/mybatis-spring-boot-starter-3.0.3.jar:/Users/erik/.m2/repository/org/mybatis/spring/boot/mybatis-spring-boot-autoconfigure/3.0.3/mybatis-spring-boot-autoconfigure-3.0.3.jar:/Users/erik/.m2/repository/org/mybatis/mybatis/3.5.14/mybatis-3.5.14.jar:/Users/erik/.m2/repository/org/mybatis/mybatis-spring/3.0.3/mybatis-spring-3.0.3.jar:/Users/erik/.m2/repository/org/mybatis/spring/boot/mybatis-spring-boot-starter-test/3.0.3/mybatis-spring-boot-starter-test-3.0.3.jar:/Users/erik/.m2/repository/org/mybatis/spring/boot/mybatis-spring-boot-test-autoconfigure/3.0.3/mybatis-spring-boot-test-autoconfigure-3.0.3.jar:/Users/erik/.m2/repository/org/springframework/boot/spring-boot-starter-web/3.4.0/spring-boot-starter-web-3.4.0.jar:/Users/erik/.m2/repository/org/springframework/boot/spring-boot-starter-json/3.4.0/spring-boot-starter-json-3.4.0.jar:/Users/erik/.m2/repository/com/fasterxml/jackson/datatype/jackson-datatype-jdk8/2.18.1/jackson-datatype-jdk8-2.18.1.jar:/Users/erik/.m2/repository/com/fasterxml/jackson/module/jackson-module-parameter-names/2.18.1/jackson-module-parameter-names-2.18.1.jar:/Users/erik/.m2/repository/org/springframework/boot/spring-boot-starter-tomcat/3.4.0/spring-boot-starter-tomcat-3.4.0.jar:/Users/erik/.m2/repository/org/apache/tomcat/embed/tomcat-embed-core/10.1.33/tomcat-embed-core-10.1.33.jar:/Users/erik/.m2/repository/org/apache/tomcat/embed/tomcat-embed-websocket/10.1.33/tomcat-embed-websocket-10.1.33.jar:/Users/erik/.m2/repository/org/springframework/spring-web/6.2.0/spring-web-6.2.0.jar:/Users/erik/.m2/repository/io/micrometer/micrometer-observation/1.14.1/micrometer-observation-1.14.1.jar:/Users/erik/.m2/repository/io/micrometer/micrometer-commons/1.14.1/micrometer-commons-1.14.1.jar:/Users/erik/.m2/repository/org/springframework/spring-webmvc/6.2.0/spring-webmvc-6.2.0.jar:/Users/erik/.m2/repository/org/springframework/spring-expression/6.2.0/spring-expression-6.2.0.jar:/Users/erik/.m2/repository/org/springframework/boot/spring-boot-starter-validation/3.4.0/spring-boot-starter-validation-3.4.0.jar:/Users/erik/.m2/repository/org/apache/tomcat/embed/tomcat-embed-el/10.1.33/tomcat-embed-el-10.1.33.jar:/Users/erik/.m2/repository/org/hibernate/validator/hibernate-validator/8.0.1.Final/hibernate-validator-8.0.1.Final.jar:/Users/erik/.m2/repository/jakarta/validation/jakarta.validation-api/3.0.2/jakarta.validation-api-3.0.2.jar:/Users/erik/.m2/repository/io/swagger/core/v3/swagger-annotations/2.2.22/swagger-annotations-2.2.22.jar:/Users/erik/.m2/repository/org/openapitools/jackson-databind-nullable/0.2.6/jackson-databind-nullable-0.2.6.jar:/Users/erik/.m2/repository/com/fasterxml/jackson/core/jackson-databind/2.18.1/jackson-databind-2.18.1.jar:/Users/erik/.m2/repository/org/javamoney/moneta/moneta-core/1.4.4/moneta-core-1.4.4.jar:/Users/erik/.m2/repository/javax/money/money-api/1.1/money-api-1.1.jar:/Users/erik/.m2/repository/com/squareup/okhttp3/okhttp/4.12.0/okhttp-4.12.0.jar:/Users/erik/.m2/repository/com/squareup/okio/okio/3.6.0/okio-3.6.0.jar:/Users/erik/.m2/repository/com/squareup/okio/okio-jvm/3.6.0/okio-jvm-3.6.0.jar:/Users/erik/.m2/repository/org/jetbrains/kotlin/kotlin-stdlib-common/1.9.25/kotlin-stdlib-common-1.9.25.jar:/Users/erik/.m2/repository/org/jetbrains/kotlin/kotlin-stdlib-jdk8/1.9.25/kotlin-stdlib-jdk8-1.9.25.jar:/Users/erik/.m2/repository/org/jetbrains/kotlin/kotlin-stdlib/1.9.25/kotlin-stdlib-1.9.25.jar:/Users/erik/.m2/repository/org/jetbrains/kotlin/kotlin-stdlib-jdk7/1.9.25/kotlin-stdlib-jdk7-1.9.25.jar:/Users/erik/.m2/repository/org/springframework/boot/spring-boot-starter-test/3.4.0/spring-boot-starter-test-3.4.0.jar:/Users/erik/.m2/repository/org/springframework/boot/spring-boot-test/3.4.0/spring-boot-test-3.4.0.jar:/Users/erik/.m2/repository/org/springframework/boot/spring-boot-test-autoconfigure/3.4.0/spring-boot-test-autoconfigure-3.4.0.jar:/Users/erik/.m2/repository/com/jayway/jsonpath/json-path/2.9.0/json-path-2.9.0.jar:/Users/erik/.m2/repository/jakarta/xml/bind/jakarta.xml.bind-api/4.0.2/jakarta.xml.bind-api-4.0.2.jar:/Users/erik/.m2/repository/jakarta/activation/jakarta.activation-api/2.1.3/jakarta.activation-api-2.1.3.jar:/Users/erik/.m2/repository/net/minidev/json-smart/2.5.1/json-smart-2.5.1.jar:/Users/erik/.m2/repository/net/minidev/accessors-smart/2.5.1/accessors-smart-2.5.1.jar:/Users/erik/.m2/repository/org/ow2/asm/asm/9.6/asm-9.6.jar:/Users/erik/.m2/repository/org/assertj/assertj-core/3.26.3/assertj-core-3.26.3.jar:/Users/erik/.m2/repository/org/awaitility/awaitility/4.2.2/awaitility-4.2.2.jar:/Users/erik/.m2/repository/org/hamcrest/hamcrest/2.2/hamcrest-2.2.jar:/Users/erik/.m2/repository/org/junit/jupiter/junit-jupiter/5.11.3/junit-jupiter-5.11.3.jar:/Users/erik/.m2/repository/org/junit/jupiter/junit-jupiter-api/5.11.3/junit-jupiter-api-5.11.3.jar:/Users/erik/.m2/repository/org/opentest4j/opentest4j/1.3.0/opentest4j-1.3.0.jar:/Users/erik/.m2/repository/org/junit/platform/junit-platform-commons/1.11.3/junit-platform-commons-1.11.3.jar:/Users/erik/.m2/repository/org/apiguardian/apiguardian-api/1.1.2/apiguardian-api-1.1.2.jar:/Users/erik/.m2/repository/org/junit/jupiter/junit-jupiter-params/5.11.3/junit-jupiter-params-5.11.3.jar:/Users/erik/.m2/repository/org/junit/jupiter/junit-jupiter-engine/5.11.3/junit-jupiter-engine-5.11.3.jar:/Users/erik/.m2/repository/org/junit/platform/junit-platform-engine/1.11.3/junit-platform-engine-1.11.3.jar:/Users/erik/.m2/repository/org/mockito/mockito-core/5.14.2/mockito-core-5.14.2.jar:/Users/erik/.m2/repository/net/bytebuddy/byte-buddy-agent/1.15.10/byte-buddy-agent-1.15.10.jar:/Users/erik/.m2/repository/org/objenesis/objenesis/3.3/objenesis-3.3.jar:/Users/erik/.m2/repository/org/mockito/mockito-junit-jupiter/5.14.2/mockito-junit-jupiter-5.14.2.jar:/Users/erik/.m2/repository/org/skyscreamer/jsonassert/1.5.3/jsonassert-1.5.3.jar:/Users/erik/.m2/repository/com/vaadin/external/google/android-json/0.0.20131108.vaadin1/android-json-0.0.20131108.vaadin1.jar:/Users/erik/.m2/repository/org/springframework/spring-test/6.2.0/spring-test-6.2.0.jar:/Users/erik/.m2/repository/org/xmlunit/xmlunit-core/2.10.0/xmlunit-core-2.10.0.jar:/Users/erik/.m2/repository/org/springframework/boot/spring-boot-testcontainers/3.4.0/spring-boot-testcontainers-3.4.0.jar:/Users/erik/.m2/repository/org/testcontainers/testcontainers/1.20.4/testcontainers-1.20.4.jar:/Users/erik/.m2/repository/junit/junit/4.13.2/junit-4.13.2.jar:/Users/erik/.m2/repository/org/hamcrest/hamcrest-core/2.2/hamcrest-core-2.2.jar:/Users/erik/.m2/repository/org/apache/commons/commons-compress/1.24.0/commons-compress-1.24.0.jar:/Users/erik/.m2/repository/org/rnorth/duct-tape/duct-tape/1.0.8/duct-tape-1.0.8.jar:/Users/erik/.m2/repository/org/jetbrains/annotations/17.0.0/annotations-17.0.0.jar:/Users/erik/.m2/repository/com/github/docker-java/docker-java-api/3.4.0/docker-java-api-3.4.0.jar:/Users/erik/.m2/repository/com/github/docker-java/docker-java-transport-zerodep/3.4.0/docker-java-transport-zerodep-3.4.0.jar:/Users/erik/.m2/repository/com/github/docker-java/docker-java-transport/3.4.0/docker-java-transport-3.4.0.jar:/Users/erik/.m2/repository/net/java/dev/jna/jna/5.13.0/jna-5.13.0.jar:/Users/erik/.m2/repository/org/testcontainers/oracle-xe/1.20.4/oracle-xe-1.20.4.jar:/Users/erik/.m2/repository/org/testcontainers/jdbc/1.20.4/jdbc-1.20.4.jar:/Users/erik/.m2/repository/org/testcontainers/database-commons/1.20.4/database-commons-1.20.4.jar:/Users/erik/.m2/repository/org/testcontainers/junit-jupiter/1.20.4/junit-jupiter-1.20.4.jar:/Users/erik/.m2/repository/org/instancio/instancio-junit/5.4.0/instancio-junit-5.4.0.jar:/Users/erik/.m2/repository/org/instancio/instancio-core/5.4.0/instancio-core-5.4.0.jar:/Users/erik/.m2/repository/com/tngtech/archunit/archunit-junit5/1.4.0/archunit-junit5-1.4.0.jar:/Users/erik/.m2/repository/com/tngtech/archunit/archunit-junit5-api/1.4.0/archunit-junit5-api-1.4.0.jar:/Users/erik/.m2/repository/com/tngtech/archunit/archunit/1.4.0/archunit-1.4.0.jar:/Users/erik/.m2/repository/com/tngtech/archunit/archunit-junit5-engine/1.4.0/archunit-junit5-engine-1.4.0.jar:/Users/erik/.m2/repository/com/tngtech/archunit/archunit-junit5-engine-api/1.4.0/archunit-junit5-engine-api-1.4.0.jar:, java.version: =25.0.3}. 
2026-08-27T17:45:33.941+01:00  INFO 74676 --- [oulearning] [           main] t.gvenzl/oracle-free:23-slim-faststart   : Container gvenzl/oracle-free:23-slim-faststart started in PT9.244845S

  .   ____          _            __ _ _
 /\\ / ___'_ __ _ _(_)_ __  __ _ \ \ \ \
( ( )\___ | '_ | '_| | '_ \/ _` | \ \ \ \
 \\/  ___)| |_)| | | | | || (_| |  ) ) ) )
  '  |____| .__|_| |_|_| |_\__, | / / / /
 =========|_|==============|___/=/_/_/_/

 :: Spring Boot ::                (v3.4.0)

2026-08-27T17:45:33.960+01:00  INFO 74676 --- [oulearning] [           main] c.e.o.b.i.p.MyBatisBudgetRepositoryIT    : Starting MyBatisBudgetRepositoryIT using Java 25.0.3 with PID 74676 (started by erik in /Users/erik/dev/oulearning)
2026-08-27T17:45:33.960+01:00  INFO 74676 --- [oulearning] [           main] c.e.o.b.i.p.MyBatisBudgetRepositoryIT    : No active profile set, falling back to 1 default profile: "default"
2026-08-27T17:45:34.136+01:00  INFO 74676 --- [oulearning] [           main] org.flywaydb.core.FlywayExecutor         : Database: jdbc:oracle:thin:@localhost:62155/FREEPDB1 (Oracle 23.26)
2026-08-27T17:45:34.174+01:00  WARN 74676 --- [oulearning] [           main] o.f.c.internal.database.base.Database    : Flyway upgrade recommended: Oracle 23.26 is newer than this version of Flyway and support has not been tested. The latest supported version of Oracle is 21.3.
2026-08-27T17:45:34.251+01:00  INFO 74676 --- [oulearning] [           main] o.f.c.i.s.JdbcTableSchemaHistory         : Schema history table "TEST"."flyway_schema_history" does not exist yet
2026-08-27T17:45:34.251+01:00  INFO 74676 --- [oulearning] [           main] o.f.core.internal.command.DbValidate     : Successfully validated 3 migrations (execution time 00:00.073s)
2026-08-27T17:45:34.918+01:00  INFO 74676 --- [oulearning] [           main] o.f.c.i.s.JdbcTableSchemaHistory         : Creating Schema History table "TEST"."flyway_schema_history" ...
2026-08-27T17:45:35.134+01:00  INFO 74676 --- [oulearning] [           main] o.f.core.internal.command.DbMigrate      : Current version of schema "TEST": << Empty Schema >>
2026-08-27T17:45:35.139+01:00  INFO 74676 --- [oulearning] [           main] o.f.core.internal.command.DbMigrate      : Migrating schema "TEST" to version "202608241431 - initial schema"
2026-08-27T17:45:35.886+01:00  INFO 74676 --- [oulearning] [           main] o.f.core.internal.command.DbMigrate      : Migrating schema "TEST" to version "202608251000 - add active column"
2026-08-27T17:45:36.009+01:00  INFO 74676 --- [oulearning] [           main] o.f.core.internal.command.DbMigrate      : Migrating schema "TEST" to version "202608251220 - normalize external provider"
2026-08-27T17:45:36.373+01:00  INFO 74676 --- [oulearning] [           main] o.f.core.internal.command.DbMigrate      : Successfully applied 3 migrations to schema "TEST", now at version v202608251220 (execution time 00:00.632s)
2026-08-27T17:45:36.407+01:00  INFO 74676 --- [oulearning] [           main] c.e.o.b.i.p.MyBatisBudgetRepositoryIT    : Started MyBatisBudgetRepositoryIT in 2.464 seconds (process running for 155.968)
2026-08-27T17:45:36.409+01:00  INFO 74676 --- [oulearning] [           main] com.zaxxer.hikari.HikariDataSource       : HikariPool-7 - Starting...
2026-08-27T17:45:36.464+01:00  INFO 74676 --- [oulearning] [           main] com.zaxxer.hikari.pool.HikariPool        : HikariPool-7 - Added connection oracle.jdbc.driver.T4CConnection@67af3485
2026-08-27T17:45:36.464+01:00  INFO 74676 --- [oulearning] [           main] com.zaxxer.hikari.HikariDataSource       : HikariPool-7 - Start completed.
2026-08-27T17:45:36.654+01:00  INFO 74676 --- [oulearning] [onnection adder] oracle.jdbc                              : entering args (oracle.jdbc.internal.AbstractConnectionBuilder$1@1b9410b1)
2026-08-27T17:45:36.654+01:00  INFO 74676 --- [oulearning] [onnection adder] oracle.jdbc                              : traceId=408B594E. 
2026-08-27T17:45:36.654+01:00  INFO 74676 --- [oulearning] [onnection adder] oracle.jdbc                              : Session Attributes: 
sdu=8192, tdu=2097152
nt: host=localhost, port=62155, socketOptions={0=YES, 1=NO, 17=0, 18=false, 2=30000, 20=true, 38=TLS, 23=40, 24=50, 40=false, 25=0}
    socket=null
client profile={oracle.net.encryption_types_client=(), oracle.net.crypto_seed=, oracle.net.authentication_services=(), oracle.net.setFIPSMode=false, oracle.net.kerberos5_mutual_authentication=false, oracle.net.encryption_client=ACCEPTED, oracle.net.crypto_checksum_client=ACCEPTED, oracle.net.crypto_checksum_types_client=()}
onBreakReset=false, dataEOF=false, negotiatedOptions=0x0, connected=false
TTIINIT enabled=false, TTC cookie enabled=false

2026-08-27T17:45:36.654+01:00  INFO 74676 --- [oulearning] [onnection adder] oracle.jdbc                              : traceId=408B594E, anoEnabled=true. 
2026-08-27T17:45:36.655+01:00  INFO 74676 --- [oulearning] [onnection adder] oracle.jdbc                              : Connection establishment failed due to IOException, will be trying with next available connect option.
2026-08-27T17:45:36.655+01:00  INFO 74676 --- [oulearning] [onnection adder] oracle.jdbc                              : Got Refused, SessionTraceId = 408B594E
2026-08-27T17:45:36.655+01:00  INFO 74676 --- [oulearning] [onnection adder] oracle.jdbc                              : Outbound interrupt timer cancelled null
2026-08-27T17:45:36.655+01:00  INFO 74676 --- [oulearning] [onnection adder] oracle.jdbc                              : Session Attributes: 
sdu=8192, tdu=2097152
nt: host=localhost, port=62155, socketOptions={0=YES, 1=NO, 17=0, 18=false, 2=30000, 20=true, 38=TLS, 23=40, 24=50, 40=false, 25=0}
    socket=null
client profile={oracle.net.encryption_types_client=(), oracle.net.crypto_seed=, oracle.net.authentication_services=(), oracle.net.setFIPSMode=false, oracle.net.kerberos5_mutual_authentication=false, oracle.net.encryption_client=ACCEPTED, oracle.net.crypto_checksum_client=ACCEPTED, oracle.net.crypto_checksum_types_client=()}
onBreakReset=false, dataEOF=false, negotiatedOptions=0x0, connected=false
TTIINIT enabled=false, TTC cookie enabled=false

2026-08-27T17:45:36.655+01:00  INFO 74676 --- [oulearning] [onnection adder] oracle.jdbc                              : Connection establishment failed due to IOException, will be trying with next available connect option.
2026-08-27T17:45:36.655+01:00  INFO 74676 --- [oulearning] [onnection adder] oracle.jdbc                              : Got Refused, SessionTraceId = 408B594E
2026-08-27T17:45:36.655+01:00  INFO 74676 --- [oulearning] [onnection adder] oracle.jdbc                              : Outbound interrupt timer cancelled null
2026-08-27T17:45:36.655+01:00  INFO 74676 --- [oulearning] [onnection adder] oracle.jdbc                              : throwing

java.sql.SQLRecoverableException: ORA-17002: I/O error: Connection reset, connect lapse 1 ms., Authentication lapse 0 ms.
https://docs.oracle.com/error-help/db/ora-17002/
	at oracle.jdbc.driver.T4CConnection.handleLogonIOException(T4CConnection.java:1660) ~[ojdbc11-23.5.0.24.07.jar:23.5.0.24.07]
	at oracle.jdbc.driver.T4CConnection.logon(T4CConnection.java:1142) ~[ojdbc11-23.5.0.24.07.jar:23.5.0.24.07]
	at oracle.jdbc.driver.PhysicalConnection.connect(PhysicalConnection.java:1206) ~[ojdbc11-23.5.0.24.07.jar:23.5.0.24.07]
	at oracle.jdbc.driver.T4CDriverExtension.getConnection(T4CDriverExtension.java:105) ~[ojdbc11-23.5.0.24.07.jar:23.5.0.24.07]
	at oracle.jdbc.driver.OracleDriver.connect(OracleDriver.java:886) ~[ojdbc11-23.5.0.24.07.jar:23.5.0.24.07]
	at oracle.jdbc.driver.OracleDriver.connect(OracleDriver.java:693) ~[ojdbc11-23.5.0.24.07.jar:23.5.0.24.07]
	at com.zaxxer.hikari.util.DriverDataSource.getConnection(DriverDataSource.java:137) ~[HikariCP-5.1.0.jar:na]
	at com.zaxxer.hikari.pool.PoolBase.newConnection(PoolBase.java:360) ~[HikariCP-5.1.0.jar:na]
	at com.zaxxer.hikari.pool.PoolBase.newPoolEntry(PoolBase.java:202) ~[HikariCP-5.1.0.jar:na]
	at com.zaxxer.hikari.pool.HikariPool.createPoolEntry(HikariPool.java:461) ~[HikariCP-5.1.0.jar:na]
	at com.zaxxer.hikari.pool.HikariPool$PoolEntryCreator.call(HikariPool.java:724) ~[HikariCP-5.1.0.jar:na]
	at com.zaxxer.hikari.pool.HikariPool$PoolEntryCreator.call(HikariPool.java:703) ~[HikariCP-5.1.0.jar:na]
	at java.base/java.util.concurrent.FutureTask.run(FutureTask.java:328) ~[na:na]
	at java.base/java.util.concurrent.ThreadPoolExecutor.runWorker(ThreadPoolExecutor.java:1090) ~[na:na]
	at java.base/java.util.concurrent.ThreadPoolExecutor$Worker.run(ThreadPoolExecutor.java:614) ~[na:na]
	at java.base/java.lang.Thread.run(Thread.java:1474) ~[na:na]
Caused by: java.io.IOException: Connection reset, connect lapse 1 ms., Authentication lapse 0 ms.
	at oracle.jdbc.driver.T4CConnection.handleLogonIOException(T4CConnection.java:1655) ~[ojdbc11-23.5.0.24.07.jar:23.5.0.24.07]
	... 15 common frames omitted
Caused by: java.io.IOException: Connection reset, connect lapse 1 ms.
	at oracle.net.ns.NSProtocolNIO.negotiateConnection(NSProtocolNIO.java:263) ~[ojdbc11-23.5.0.24.07.jar:23.5.0.24.07]
	at oracle.net.ns.NSProtocol.connect(NSProtocol.java:352) ~[ojdbc11-23.5.0.24.07.jar:23.5.0.24.07]
	at oracle.jdbc.driver.T4CConnection.connectNetworkSessionProtocol(T4CConnection.java:3419) ~[ojdbc11-23.5.0.24.07.jar:23.5.0.24.07]
	at oracle.jdbc.driver.T4CConnection.logon(T4CConnection.java:1018) ~[ojdbc11-23.5.0.24.07.jar:23.5.0.24.07]
	... 14 common frames omitted
Caused by: java.net.SocketException: Connection reset
	at java.base/sun.nio.ch.SocketChannelImpl.throwConnectionReset(SocketChannelImpl.java:399) ~[na:na]
	at java.base/sun.nio.ch.SocketChannelImpl.blockingRead(SocketChannelImpl.java:1420) ~[na:na]
	at java.base/sun.nio.ch.SocketInputStream.implRead(SocketInputStream.java:70) ~[na:na]
	at java.base/sun.nio.ch.SocketInputStream.read(SocketInputStream.java:78) ~[na:na]
	at oracle.net.nt.TimeoutSocketChannel.doBlockedRead(TimeoutSocketChannel.java:600) ~[ojdbc11-23.5.0.24.07.jar:23.5.0.24.07]
	at oracle.net.nt.TimeoutSocketChannel.read(TimeoutSocketChannel.java:536) ~[ojdbc11-23.5.0.24.07.jar:23.5.0.24.07]
	at oracle.net.ns.NSProtocolNIO.doSocketRead(NSProtocolNIO.java:1224) ~[ojdbc11-23.5.0.24.07.jar:23.5.0.24.07]
	at oracle.net.ns.NIOPacket.readNIOPacket(NIOPacket.java:436) ~[ojdbc11-23.5.0.24.07.jar:23.5.0.24.07]
	at oracle.net.ns.NSProtocolNIO.negotiateConnection(NSProtocolNIO.java:216) ~[ojdbc11-23.5.0.24.07.jar:23.5.0.24.07]
	... 17 common frames omitted

2026-08-27T17:45:36.655+01:00  INFO 74676 --- [oulearning] [onnection adder] oracle.jdbc                              : properties={LOCALE=en_US, DriverVersion=23.5.0.24.07, java.library.path: =/Users/erik/Library/Java/Extensions:/Library/Java/Extensions:/Network/Library/Java/Extensions:/System/Library/Java/Extensions:/usr/lib/java:., java.class.path: =/Users/erik/dev/oulearning/target/test-classes:/Users/erik/dev/oulearning/target/classes:/Users/erik/.m2/repository/org/springframework/boot/spring-boot-starter-data-jpa/3.4.0/spring-boot-starter-data-jpa-3.4.0.jar:/Users/erik/.m2/repository/org/springframework/boot/spring-boot-starter-jdbc/3.4.0/spring-boot-starter-jdbc-3.4.0.jar:/Users/erik/.m2/repository/com/zaxxer/HikariCP/5.1.0/HikariCP-5.1.0.jar:/Users/erik/.m2/repository/org/springframework/spring-jdbc/6.2.0/spring-jdbc-6.2.0.jar:/Users/erik/.m2/repository/org/hibernate/orm/hibernate-core/6.6.2.Final/hibernate-core-6.6.2.Final.jar:/Users/erik/.m2/repository/jakarta/persistence/jakarta.persistence-api/3.1.0/jakarta.persistence-api-3.1.0.jar:/Users/erik/.m2/repository/jakarta/transaction/jakarta.transaction-api/2.0.1/jakarta.transaction-api-2.0.1.jar:/Users/erik/.m2/repository/org/jboss/logging/jboss-logging/3.6.1.Final/jboss-logging-3.6.1.Final.jar:/Users/erik/.m2/repository/org/hibernate/common/hibernate-commons-annotations/7.0.3.Final/hibernate-commons-annotations-7.0.3.Final.jar:/Users/erik/.m2/repository/io/smallrye/jandex/3.2.0/jandex-3.2.0.jar:/Users/erik/.m2/repository/com/fasterxml/classmate/1.7.0/classmate-1.7.0.jar:/Users/erik/.m2/repository/net/bytebuddy/byte-buddy/1.15.10/byte-buddy-1.15.10.jar:/Users/erik/.m2/repository/org/glassfish/jaxb/jaxb-runtime/4.0.5/jaxb-runtime-4.0.5.jar:/Users/erik/.m2/repository/org/glassfish/jaxb/jaxb-core/4.0.5/jaxb-core-4.0.5.jar:/Users/erik/.m2/repository/org/eclipse/angus/angus-activation/2.0.2/angus-activation-2.0.2.jar:/Users/erik/.m2/repository/org/glassfish/jaxb/txw2/4.0.5/txw2-4.0.5.jar:/Users/erik/.m2/repository/com/sun/istack/istack-commons-runtime/4.1.2/istack-commons-runtime-4.1.2.jar:/Users/erik/.m2/repository/jakarta/inject/jakarta.inject-api/2.0.1/jakarta.inject-api-2.0.1.jar:/Users/erik/.m2/repository/org/antlr/antlr4-runtime/4.13.0/antlr4-runtime-4.13.0.jar:/Users/erik/.m2/repository/org/springframework/data/spring-data-jpa/3.4.0/spring-data-jpa-3.4.0.jar:/Users/erik/.m2/repository/org/springframework/data/spring-data-commons/3.4.0/spring-data-commons-3.4.0.jar:/Users/erik/.m2/repository/org/springframework/spring-orm/6.2.0/spring-orm-6.2.0.jar:/Users/erik/.m2/repository/org/springframework/spring-context/6.2.0/spring-context-6.2.0.jar:/Users/erik/.m2/repository/org/springframework/spring-aop/6.2.0/spring-aop-6.2.0.jar:/Users/erik/.m2/repository/org/springframework/spring-tx/6.2.0/spring-tx-6.2.0.jar:/Users/erik/.m2/repository/org/springframework/spring-beans/6.2.0/spring-beans-6.2.0.jar:/Users/erik/.m2/repository/org/slf4j/slf4j-api/2.0.16/slf4j-api-2.0.16.jar:/Users/erik/.m2/repository/org/springframework/spring-aspects/6.2.0/spring-aspects-6.2.0.jar:/Users/erik/.m2/repository/org/aspectj/aspectjweaver/1.9.22.1/aspectjweaver-1.9.22.1.jar:/Users/erik/.m2/repository/org/flywaydb/flyway-core/10.20.1/flyway-core-10.20.1.jar:/Users/erik/.m2/repository/com/fasterxml/jackson/dataformat/jackson-dataformat-toml/2.18.1/jackson-dataformat-toml-2.18.1.jar:/Users/erik/.m2/repository/com/fasterxml/jackson/core/jackson-core/2.18.1/jackson-core-2.18.1.jar:/Users/erik/.m2/repository/com/fasterxml/jackson/datatype/jackson-datatype-jsr310/2.18.1/jackson-datatype-jsr310-2.18.1.jar:/Users/erik/.m2/repository/com/fasterxml/jackson/core/jackson-annotations/2.18.1/jackson-annotations-2.18.1.jar:/Users/erik/.m2/repository/org/flywaydb/flyway-database-oracle/10.20.1/flyway-database-oracle-10.20.1.jar:/Users/erik/.m2/repository/com/oracle/database/jdbc/ojdbc11/23.5.0.24.07/ojdbc11-23.5.0.24.07.jar:/Users/erik/.m2/repository/org/springframework/boot/spring-boot-starter/3.4.0/spring-boot-starter-3.4.0.jar:/Users/erik/.m2/repository/org/springframework/boot/spring-boot/3.4.0/spring-boot-3.4.0.jar:/Users/erik/.m2/repository/org/springframework/boot/spring-boot-autoconfigure/3.4.0/spring-boot-autoconfigure-3.4.0.jar:/Users/erik/.m2/repository/org/springframework/boot/spring-boot-starter-logging/3.4.0/spring-boot-starter-logging-3.4.0.jar:/Users/erik/.m2/repository/ch/qos/logback/logback-classic/1.5.12/logback-classic-1.5.12.jar:/Users/erik/.m2/repository/ch/qos/logback/logback-core/1.5.12/logback-core-1.5.12.jar:/Users/erik/.m2/repository/org/apache/logging/log4j/log4j-to-slf4j/2.24.1/log4j-to-slf4j-2.24.1.jar:/Users/erik/.m2/repository/org/apache/logging/log4j/log4j-api/2.24.1/log4j-api-2.24.1.jar:/Users/erik/.m2/repository/org/slf4j/jul-to-slf4j/2.0.16/jul-to-slf4j-2.0.16.jar:/Users/erik/.m2/repository/jakarta/annotation/jakarta.annotation-api/2.1.1/jakarta.annotation-api-2.1.1.jar:/Users/erik/.m2/repository/org/springframework/spring-core/6.2.0/spring-core-6.2.0.jar:/Users/erik/.m2/repository/org/springframework/spring-jcl/6.2.0/spring-jcl-6.2.0.jar:/Users/erik/.m2/repository/org/yaml/snakeyaml/2.3/snakeyaml-2.3.jar:/Users/erik/.m2/repository/org/mybatis/spring/boot/mybatis-spring-boot-starter/3.0.3/mybatis-spring-boot-starter-3.0.3.jar:/Users/erik/.m2/repository/org/mybatis/spring/boot/mybatis-spring-boot-autoconfigure/3.0.3/mybatis-spring-boot-autoconfigure-3.0.3.jar:/Users/erik/.m2/repository/org/mybatis/mybatis/3.5.14/mybatis-3.5.14.jar:/Users/erik/.m2/repository/org/mybatis/mybatis-spring/3.0.3/mybatis-spring-3.0.3.jar:/Users/erik/.m2/repository/org/mybatis/spring/boot/mybatis-spring-boot-starter-test/3.0.3/mybatis-spring-boot-starter-test-3.0.3.jar:/Users/erik/.m2/repository/org/mybatis/spring/boot/mybatis-spring-boot-test-autoconfigure/3.0.3/mybatis-spring-boot-test-autoconfigure-3.0.3.jar:/Users/erik/.m2/repository/org/springframework/boot/spring-boot-starter-web/3.4.0/spring-boot-starter-web-3.4.0.jar:/Users/erik/.m2/repository/org/springframework/boot/spring-boot-starter-json/3.4.0/spring-boot-starter-json-3.4.0.jar:/Users/erik/.m2/repository/com/fasterxml/jackson/datatype/jackson-datatype-jdk8/2.18.1/jackson-datatype-jdk8-2.18.1.jar:/Users/erik/.m2/repository/com/fasterxml/jackson/module/jackson-module-parameter-names/2.18.1/jackson-module-parameter-names-2.18.1.jar:/Users/erik/.m2/repository/org/springframework/boot/spring-boot-starter-tomcat/3.4.0/spring-boot-starter-tomcat-3.4.0.jar:/Users/erik/.m2/repository/org/apache/tomcat/embed/tomcat-embed-core/10.1.33/tomcat-embed-core-10.1.33.jar:/Users/erik/.m2/repository/org/apache/tomcat/embed/tomcat-embed-websocket/10.1.33/tomcat-embed-websocket-10.1.33.jar:/Users/erik/.m2/repository/org/springframework/spring-web/6.2.0/spring-web-6.2.0.jar:/Users/erik/.m2/repository/io/micrometer/micrometer-observation/1.14.1/micrometer-observation-1.14.1.jar:/Users/erik/.m2/repository/io/micrometer/micrometer-commons/1.14.1/micrometer-commons-1.14.1.jar:/Users/erik/.m2/repository/org/springframework/spring-webmvc/6.2.0/spring-webmvc-6.2.0.jar:/Users/erik/.m2/repository/org/springframework/spring-expression/6.2.0/spring-expression-6.2.0.jar:/Users/erik/.m2/repository/org/springframework/boot/spring-boot-starter-validation/3.4.0/spring-boot-starter-validation-3.4.0.jar:/Users/erik/.m2/repository/org/apache/tomcat/embed/tomcat-embed-el/10.1.33/tomcat-embed-el-10.1.33.jar:/Users/erik/.m2/repository/org/hibernate/validator/hibernate-validator/8.0.1.Final/hibernate-validator-8.0.1.Final.jar:/Users/erik/.m2/repository/jakarta/validation/jakarta.validation-api/3.0.2/jakarta.validation-api-3.0.2.jar:/Users/erik/.m2/repository/io/swagger/core/v3/swagger-annotations/2.2.22/swagger-annotations-2.2.22.jar:/Users/erik/.m2/repository/org/openapitools/jackson-databind-nullable/0.2.6/jackson-databind-nullable-0.2.6.jar:/Users/erik/.m2/repository/com/fasterxml/jackson/core/jackson-databind/2.18.1/jackson-databind-2.18.1.jar:/Users/erik/.m2/repository/org/javamoney/moneta/moneta-core/1.4.4/moneta-core-1.4.4.jar:/Users/erik/.m2/repository/javax/money/money-api/1.1/money-api-1.1.jar:/Users/erik/.m2/repository/com/squareup/okhttp3/okhttp/4.12.0/okhttp-4.12.0.jar:/Users/erik/.m2/repository/com/squareup/okio/okio/3.6.0/okio-3.6.0.jar:/Users/erik/.m2/repository/com/squareup/okio/okio-jvm/3.6.0/okio-jvm-3.6.0.jar:/Users/erik/.m2/repository/org/jetbrains/kotlin/kotlin-stdlib-common/1.9.25/kotlin-stdlib-common-1.9.25.jar:/Users/erik/.m2/repository/org/jetbrains/kotlin/kotlin-stdlib-jdk8/1.9.25/kotlin-stdlib-jdk8-1.9.25.jar:/Users/erik/.m2/repository/org/jetbrains/kotlin/kotlin-stdlib/1.9.25/kotlin-stdlib-1.9.25.jar:/Users/erik/.m2/repository/org/jetbrains/kotlin/kotlin-stdlib-jdk7/1.9.25/kotlin-stdlib-jdk7-1.9.25.jar:/Users/erik/.m2/repository/org/springframework/boot/spring-boot-starter-test/3.4.0/spring-boot-starter-test-3.4.0.jar:/Users/erik/.m2/repository/org/springframework/boot/spring-boot-test/3.4.0/spring-boot-test-3.4.0.jar:/Users/erik/.m2/repository/org/springframework/boot/spring-boot-test-autoconfigure/3.4.0/spring-boot-test-autoconfigure-3.4.0.jar:/Users/erik/.m2/repository/com/jayway/jsonpath/json-path/2.9.0/json-path-2.9.0.jar:/Users/erik/.m2/repository/jakarta/xml/bind/jakarta.xml.bind-api/4.0.2/jakarta.xml.bind-api-4.0.2.jar:/Users/erik/.m2/repository/jakarta/activation/jakarta.activation-api/2.1.3/jakarta.activation-api-2.1.3.jar:/Users/erik/.m2/repository/net/minidev/json-smart/2.5.1/json-smart-2.5.1.jar:/Users/erik/.m2/repository/net/minidev/accessors-smart/2.5.1/accessors-smart-2.5.1.jar:/Users/erik/.m2/repository/org/ow2/asm/asm/9.6/asm-9.6.jar:/Users/erik/.m2/repository/org/assertj/assertj-core/3.26.3/assertj-core-3.26.3.jar:/Users/erik/.m2/repository/org/awaitility/awaitility/4.2.2/awaitility-4.2.2.jar:/Users/erik/.m2/repository/org/hamcrest/hamcrest/2.2/hamcrest-2.2.jar:/Users/erik/.m2/repository/org/junit/jupiter/junit-jupiter/5.11.3/junit-jupiter-5.11.3.jar:/Users/erik/.m2/repository/org/junit/jupiter/junit-jupiter-api/5.11.3/junit-jupiter-api-5.11.3.jar:/Users/erik/.m2/repository/org/opentest4j/opentest4j/1.3.0/opentest4j-1.3.0.jar:/Users/erik/.m2/repository/org/junit/platform/junit-platform-commons/1.11.3/junit-platform-commons-1.11.3.jar:/Users/erik/.m2/repository/org/apiguardian/apiguardian-api/1.1.2/apiguardian-api-1.1.2.jar:/Users/erik/.m2/repository/org/junit/jupiter/junit-jupiter-params/5.11.3/junit-jupiter-params-5.11.3.jar:/Users/erik/.m2/repository/org/junit/jupiter/junit-jupiter-engine/5.11.3/junit-jupiter-engine-5.11.3.jar:/Users/erik/.m2/repository/org/junit/platform/junit-platform-engine/1.11.3/junit-platform-engine-1.11.3.jar:/Users/erik/.m2/repository/org/mockito/mockito-core/5.14.2/mockito-core-5.14.2.jar:/Users/erik/.m2/repository/net/bytebuddy/byte-buddy-agent/1.15.10/byte-buddy-agent-1.15.10.jar:/Users/erik/.m2/repository/org/objenesis/objenesis/3.3/objenesis-3.3.jar:/Users/erik/.m2/repository/org/mockito/mockito-junit-jupiter/5.14.2/mockito-junit-jupiter-5.14.2.jar:/Users/erik/.m2/repository/org/skyscreamer/jsonassert/1.5.3/jsonassert-1.5.3.jar:/Users/erik/.m2/repository/com/vaadin/external/google/android-json/0.0.20131108.vaadin1/android-json-0.0.20131108.vaadin1.jar:/Users/erik/.m2/repository/org/springframework/spring-test/6.2.0/spring-test-6.2.0.jar:/Users/erik/.m2/repository/org/xmlunit/xmlunit-core/2.10.0/xmlunit-core-2.10.0.jar:/Users/erik/.m2/repository/org/springframework/boot/spring-boot-testcontainers/3.4.0/spring-boot-testcontainers-3.4.0.jar:/Users/erik/.m2/repository/org/testcontainers/testcontainers/1.20.4/testcontainers-1.20.4.jar:/Users/erik/.m2/repository/junit/junit/4.13.2/junit-4.13.2.jar:/Users/erik/.m2/repository/org/hamcrest/hamcrest-core/2.2/hamcrest-core-2.2.jar:/Users/erik/.m2/repository/org/apache/commons/commons-compress/1.24.0/commons-compress-1.24.0.jar:/Users/erik/.m2/repository/org/rnorth/duct-tape/duct-tape/1.0.8/duct-tape-1.0.8.jar:/Users/erik/.m2/repository/org/jetbrains/annotations/17.0.0/annotations-17.0.0.jar:/Users/erik/.m2/repository/com/github/docker-java/docker-java-api/3.4.0/docker-java-api-3.4.0.jar:/Users/erik/.m2/repository/com/github/docker-java/docker-java-transport-zerodep/3.4.0/docker-java-transport-zerodep-3.4.0.jar:/Users/erik/.m2/repository/com/github/docker-java/docker-java-transport/3.4.0/docker-java-transport-3.4.0.jar:/Users/erik/.m2/repository/net/java/dev/jna/jna/5.13.0/jna-5.13.0.jar:/Users/erik/.m2/repository/org/testcontainers/oracle-xe/1.20.4/oracle-xe-1.20.4.jar:/Users/erik/.m2/repository/org/testcontainers/jdbc/1.20.4/jdbc-1.20.4.jar:/Users/erik/.m2/repository/org/testcontainers/database-commons/1.20.4/database-commons-1.20.4.jar:/Users/erik/.m2/repository/org/testcontainers/junit-jupiter/1.20.4/junit-jupiter-1.20.4.jar:/Users/erik/.m2/repository/org/instancio/instancio-junit/5.4.0/instancio-junit-5.4.0.jar:/Users/erik/.m2/repository/org/instancio/instancio-core/5.4.0/instancio-core-5.4.0.jar:/Users/erik/.m2/repository/com/tngtech/archunit/archunit-junit5/1.4.0/archunit-junit5-1.4.0.jar:/Users/erik/.m2/repository/com/tngtech/archunit/archunit-junit5-api/1.4.0/archunit-junit5-api-1.4.0.jar:/Users/erik/.m2/repository/com/tngtech/archunit/archunit/1.4.0/archunit-1.4.0.jar:/Users/erik/.m2/repository/com/tngtech/archunit/archunit-junit5-engine/1.4.0/archunit-junit5-engine-1.4.0.jar:/Users/erik/.m2/repository/com/tngtech/archunit/archunit-junit5-engine-api/1.4.0/archunit-junit5-engine-api-1.4.0.jar:, java.version: =25.0.3}. 
2026-08-27T17:45:36.673+01:00  INFO 74676 --- [oulearning] [onnection adder] oracle.jdbc                              : entering args (oracle.jdbc.internal.AbstractConnectionBuilder$1@53657085)
2026-08-27T17:45:36.673+01:00  INFO 74676 --- [oulearning] [onnection adder] oracle.jdbc                              : traceId=61902BEA. 
2026-08-27T17:45:36.673+01:00  INFO 74676 --- [oulearning] [onnection adder] oracle.jdbc                              : Session Attributes: 
sdu=8192, tdu=2097152
nt: host=localhost, port=62155, socketOptions={0=YES, 1=NO, 17=0, 18=false, 2=30000, 20=true, 38=TLS, 23=40, 24=50, 40=false, 25=0}
    socket=null
client profile={oracle.net.encryption_types_client=(), oracle.net.crypto_seed=, oracle.net.authentication_services=(), oracle.net.setFIPSMode=false, oracle.net.kerberos5_mutual_authentication=false, oracle.net.encryption_client=ACCEPTED, oracle.net.crypto_checksum_client=ACCEPTED, oracle.net.crypto_checksum_types_client=()}
onBreakReset=false, dataEOF=false, negotiatedOptions=0x0, connected=false
TTIINIT enabled=false, TTC cookie enabled=false

2026-08-27T17:45:36.673+01:00  INFO 74676 --- [oulearning] [onnection adder] oracle.jdbc                              : traceId=61902BEA, anoEnabled=true. 
2026-08-27T17:45:36.674+01:00  INFO 74676 --- [oulearning] [onnection adder] oracle.jdbc                              : Connection establishment failed due to IOException, will be trying with next available connect option.
2026-08-27T17:45:36.674+01:00  INFO 74676 --- [oulearning] [onnection adder] oracle.jdbc                              : Got Refused, SessionTraceId = 61902BEA
2026-08-27T17:45:36.674+01:00  INFO 74676 --- [oulearning] [onnection adder] oracle.jdbc                              : Outbound interrupt timer cancelled null
2026-08-27T17:45:36.674+01:00  INFO 74676 --- [oulearning] [onnection adder] oracle.jdbc                              : Session Attributes: 
sdu=8192, tdu=2097152
nt: host=localhost, port=62155, socketOptions={0=YES, 1=NO, 17=0, 18=false, 2=30000, 20=true, 38=TLS, 23=40, 24=50, 40=false, 25=0}
    socket=null
client profile={oracle.net.encryption_types_client=(), oracle.net.crypto_seed=, oracle.net.authentication_services=(), oracle.net.setFIPSMode=false, oracle.net.kerberos5_mutual_authentication=false, oracle.net.encryption_client=ACCEPTED, oracle.net.crypto_checksum_client=ACCEPTED, oracle.net.crypto_checksum_types_client=()}
onBreakReset=false, dataEOF=false, negotiatedOptions=0x0, connected=false
TTIINIT enabled=false, TTC cookie enabled=false

2026-08-27T17:45:36.674+01:00  INFO 74676 --- [oulearning] [onnection adder] oracle.jdbc                              : Connection establishment failed due to IOException, will be trying with next available connect option.
2026-08-27T17:45:36.674+01:00  INFO 74676 --- [oulearning] [onnection adder] oracle.jdbc                              : Got Refused, SessionTraceId = 61902BEA
2026-08-27T17:45:36.674+01:00  INFO 74676 --- [oulearning] [onnection adder] oracle.jdbc                              : Outbound interrupt timer cancelled null
2026-08-27T17:45:36.674+01:00  INFO 74676 --- [oulearning] [onnection adder] oracle.jdbc                              : throwing

java.sql.SQLRecoverableException: ORA-17002: I/O error: Connection reset, connect lapse 1 ms., Authentication lapse 0 ms.
https://docs.oracle.com/error-help/db/ora-17002/
	at oracle.jdbc.driver.T4CConnection.handleLogonIOException(T4CConnection.java:1660) ~[ojdbc11-23.5.0.24.07.jar:23.5.0.24.07]
	at oracle.jdbc.driver.T4CConnection.logon(T4CConnection.java:1142) ~[ojdbc11-23.5.0.24.07.jar:23.5.0.24.07]
	at oracle.jdbc.driver.PhysicalConnection.connect(PhysicalConnection.java:1206) ~[ojdbc11-23.5.0.24.07.jar:23.5.0.24.07]
	at oracle.jdbc.driver.T4CDriverExtension.getConnection(T4CDriverExtension.java:105) ~[ojdbc11-23.5.0.24.07.jar:23.5.0.24.07]
	at oracle.jdbc.driver.OracleDriver.connect(OracleDriver.java:886) ~[ojdbc11-23.5.0.24.07.jar:23.5.0.24.07]
	at oracle.jdbc.driver.OracleDriver.connect(OracleDriver.java:693) ~[ojdbc11-23.5.0.24.07.jar:23.5.0.24.07]
	at com.zaxxer.hikari.util.DriverDataSource.getConnection(DriverDataSource.java:137) ~[HikariCP-5.1.0.jar:na]
	at com.zaxxer.hikari.pool.PoolBase.newConnection(PoolBase.java:360) ~[HikariCP-5.1.0.jar:na]
	at com.zaxxer.hikari.pool.PoolBase.newPoolEntry(PoolBase.java:202) ~[HikariCP-5.1.0.jar:na]
	at com.zaxxer.hikari.pool.HikariPool.createPoolEntry(HikariPool.java:461) ~[HikariCP-5.1.0.jar:na]
	at com.zaxxer.hikari.pool.HikariPool$PoolEntryCreator.call(HikariPool.java:724) ~[HikariCP-5.1.0.jar:na]
	at com.zaxxer.hikari.pool.HikariPool$PoolEntryCreator.call(HikariPool.java:703) ~[HikariCP-5.1.0.jar:na]
	at java.base/java.util.concurrent.FutureTask.run(FutureTask.java:328) ~[na:na]
	at java.base/java.util.concurrent.ThreadPoolExecutor.runWorker(ThreadPoolExecutor.java:1090) ~[na:na]
	at java.base/java.util.concurrent.ThreadPoolExecutor$Worker.run(ThreadPoolExecutor.java:614) ~[na:na]
	at java.base/java.lang.Thread.run(Thread.java:1474) ~[na:na]
Caused by: java.io.IOException: Connection reset, connect lapse 1 ms., Authentication lapse 0 ms.
	at oracle.jdbc.driver.T4CConnection.handleLogonIOException(T4CConnection.java:1655) ~[ojdbc11-23.5.0.24.07.jar:23.5.0.24.07]
	... 15 common frames omitted
Caused by: java.io.IOException: Connection reset, connect lapse 1 ms.
	at oracle.net.ns.NSProtocolNIO.negotiateConnection(NSProtocolNIO.java:263) ~[ojdbc11-23.5.0.24.07.jar:23.5.0.24.07]
	at oracle.net.ns.NSProtocol.connect(NSProtocol.java:352) ~[ojdbc11-23.5.0.24.07.jar:23.5.0.24.07]
	at oracle.jdbc.driver.T4CConnection.connectNetworkSessionProtocol(T4CConnection.java:3419) ~[ojdbc11-23.5.0.24.07.jar:23.5.0.24.07]
	at oracle.jdbc.driver.T4CConnection.logon(T4CConnection.java:1018) ~[ojdbc11-23.5.0.24.07.jar:23.5.0.24.07]
	... 14 common frames omitted
Caused by: java.net.SocketException: Connection reset
	at java.base/sun.nio.ch.SocketChannelImpl.throwConnectionReset(SocketChannelImpl.java:399) ~[na:na]
	at java.base/sun.nio.ch.SocketChannelImpl.blockingRead(SocketChannelImpl.java:1420) ~[na:na]
	at java.base/sun.nio.ch.SocketInputStream.implRead(SocketInputStream.java:70) ~[na:na]
	at java.base/sun.nio.ch.SocketInputStream.read(SocketInputStream.java:78) ~[na:na]
	at oracle.net.nt.TimeoutSocketChannel.doBlockedRead(TimeoutSocketChannel.java:600) ~[ojdbc11-23.5.0.24.07.jar:23.5.0.24.07]
	at oracle.net.nt.TimeoutSocketChannel.read(TimeoutSocketChannel.java:536) ~[ojdbc11-23.5.0.24.07.jar:23.5.0.24.07]
	at oracle.net.ns.NSProtocolNIO.doSocketRead(NSProtocolNIO.java:1224) ~[ojdbc11-23.5.0.24.07.jar:23.5.0.24.07]
	at oracle.net.ns.NIOPacket.readNIOPacket(NIOPacket.java:436) ~[ojdbc11-23.5.0.24.07.jar:23.5.0.24.07]
	at oracle.net.ns.NSProtocolNIO.negotiateConnection(NSProtocolNIO.java:216) ~[ojdbc11-23.5.0.24.07.jar:23.5.0.24.07]
	... 17 common frames omitted

2026-08-27T17:45:36.674+01:00  INFO 74676 --- [oulearning] [onnection adder] oracle.jdbc                              : properties={LOCALE=en_US, DriverVersion=23.5.0.24.07, java.library.path: =/Users/erik/Library/Java/Extensions:/Library/Java/Extensions:/Network/Library/Java/Extensions:/System/Library/Java/Extensions:/usr/lib/java:., java.class.path: =/Users/erik/dev/oulearning/target/test-classes:/Users/erik/dev/oulearning/target/classes:/Users/erik/.m2/repository/org/springframework/boot/spring-boot-starter-data-jpa/3.4.0/spring-boot-starter-data-jpa-3.4.0.jar:/Users/erik/.m2/repository/org/springframework/boot/spring-boot-starter-jdbc/3.4.0/spring-boot-starter-jdbc-3.4.0.jar:/Users/erik/.m2/repository/com/zaxxer/HikariCP/5.1.0/HikariCP-5.1.0.jar:/Users/erik/.m2/repository/org/springframework/spring-jdbc/6.2.0/spring-jdbc-6.2.0.jar:/Users/erik/.m2/repository/org/hibernate/orm/hibernate-core/6.6.2.Final/hibernate-core-6.6.2.Final.jar:/Users/erik/.m2/repository/jakarta/persistence/jakarta.persistence-api/3.1.0/jakarta.persistence-api-3.1.0.jar:/Users/erik/.m2/repository/jakarta/transaction/jakarta.transaction-api/2.0.1/jakarta.transaction-api-2.0.1.jar:/Users/erik/.m2/repository/org/jboss/logging/jboss-logging/3.6.1.Final/jboss-logging-3.6.1.Final.jar:/Users/erik/.m2/repository/org/hibernate/common/hibernate-commons-annotations/7.0.3.Final/hibernate-commons-annotations-7.0.3.Final.jar:/Users/erik/.m2/repository/io/smallrye/jandex/3.2.0/jandex-3.2.0.jar:/Users/erik/.m2/repository/com/fasterxml/classmate/1.7.0/classmate-1.7.0.jar:/Users/erik/.m2/repository/net/bytebuddy/byte-buddy/1.15.10/byte-buddy-1.15.10.jar:/Users/erik/.m2/repository/org/glassfish/jaxb/jaxb-runtime/4.0.5/jaxb-runtime-4.0.5.jar:/Users/erik/.m2/repository/org/glassfish/jaxb/jaxb-core/4.0.5/jaxb-core-4.0.5.jar:/Users/erik/.m2/repository/org/eclipse/angus/angus-activation/2.0.2/angus-activation-2.0.2.jar:/Users/erik/.m2/repository/org/glassfish/jaxb/txw2/4.0.5/txw2-4.0.5.jar:/Users/erik/.m2/repository/com/sun/istack/istack-commons-runtime/4.1.2/istack-commons-runtime-4.1.2.jar:/Users/erik/.m2/repository/jakarta/inject/jakarta.inject-api/2.0.1/jakarta.inject-api-2.0.1.jar:/Users/erik/.m2/repository/org/antlr/antlr4-runtime/4.13.0/antlr4-runtime-4.13.0.jar:/Users/erik/.m2/repository/org/springframework/data/spring-data-jpa/3.4.0/spring-data-jpa-3.4.0.jar:/Users/erik/.m2/repository/org/springframework/data/spring-data-commons/3.4.0/spring-data-commons-3.4.0.jar:/Users/erik/.m2/repository/org/springframework/spring-orm/6.2.0/spring-orm-6.2.0.jar:/Users/erik/.m2/repository/org/springframework/spring-context/6.2.0/spring-context-6.2.0.jar:/Users/erik/.m2/repository/org/springframework/spring-aop/6.2.0/spring-aop-6.2.0.jar:/Users/erik/.m2/repository/org/springframework/spring-tx/6.2.0/spring-tx-6.2.0.jar:/Users/erik/.m2/repository/org/springframework/spring-beans/6.2.0/spring-beans-6.2.0.jar:/Users/erik/.m2/repository/org/slf4j/slf4j-api/2.0.16/slf4j-api-2.0.16.jar:/Users/erik/.m2/repository/org/springframework/spring-aspects/6.2.0/spring-aspects-6.2.0.jar:/Users/erik/.m2/repository/org/aspectj/aspectjweaver/1.9.22.1/aspectjweaver-1.9.22.1.jar:/Users/erik/.m2/repository/org/flywaydb/flyway-core/10.20.1/flyway-core-10.20.1.jar:/Users/erik/.m2/repository/com/fasterxml/jackson/dataformat/jackson-dataformat-toml/2.18.1/jackson-dataformat-toml-2.18.1.jar:/Users/erik/.m2/repository/com/fasterxml/jackson/core/jackson-core/2.18.1/jackson-core-2.18.1.jar:/Users/erik/.m2/repository/com/fasterxml/jackson/datatype/jackson-datatype-jsr310/2.18.1/jackson-datatype-jsr310-2.18.1.jar:/Users/erik/.m2/repository/com/fasterxml/jackson/core/jackson-annotations/2.18.1/jackson-annotations-2.18.1.jar:/Users/erik/.m2/repository/org/flywaydb/flyway-database-oracle/10.20.1/flyway-database-oracle-10.20.1.jar:/Users/erik/.m2/repository/com/oracle/database/jdbc/ojdbc11/23.5.0.24.07/ojdbc11-23.5.0.24.07.jar:/Users/erik/.m2/repository/org/springframework/boot/spring-boot-starter/3.4.0/spring-boot-starter-3.4.0.jar:/Users/erik/.m2/repository/org/springframework/boot/spring-boot/3.4.0/spring-boot-3.4.0.jar:/Users/erik/.m2/repository/org/springframework/boot/spring-boot-autoconfigure/3.4.0/spring-boot-autoconfigure-3.4.0.jar:/Users/erik/.m2/repository/org/springframework/boot/spring-boot-starter-logging/3.4.0/spring-boot-starter-logging-3.4.0.jar:/Users/erik/.m2/repository/ch/qos/logback/logback-classic/1.5.12/logback-classic-1.5.12.jar:/Users/erik/.m2/repository/ch/qos/logback/logback-core/1.5.12/logback-core-1.5.12.jar:/Users/erik/.m2/repository/org/apache/logging/log4j/log4j-to-slf4j/2.24.1/log4j-to-slf4j-2.24.1.jar:/Users/erik/.m2/repository/org/apache/logging/log4j/log4j-api/2.24.1/log4j-api-2.24.1.jar:/Users/erik/.m2/repository/org/slf4j/jul-to-slf4j/2.0.16/jul-to-slf4j-2.0.16.jar:/Users/erik/.m2/repository/jakarta/annotation/jakarta.annotation-api/2.1.1/jakarta.annotation-api-2.1.1.jar:/Users/erik/.m2/repository/org/springframework/spring-core/6.2.0/spring-core-6.2.0.jar:/Users/erik/.m2/repository/org/springframework/spring-jcl/6.2.0/spring-jcl-6.2.0.jar:/Users/erik/.m2/repository/org/yaml/snakeyaml/2.3/snakeyaml-2.3.jar:/Users/erik/.m2/repository/org/mybatis/spring/boot/mybatis-spring-boot-starter/3.0.3/mybatis-spring-boot-starter-3.0.3.jar:/Users/erik/.m2/repository/org/mybatis/spring/boot/mybatis-spring-boot-autoconfigure/3.0.3/mybatis-spring-boot-autoconfigure-3.0.3.jar:/Users/erik/.m2/repository/org/mybatis/mybatis/3.5.14/mybatis-3.5.14.jar:/Users/erik/.m2/repository/org/mybatis/mybatis-spring/3.0.3/mybatis-spring-3.0.3.jar:/Users/erik/.m2/repository/org/mybatis/spring/boot/mybatis-spring-boot-starter-test/3.0.3/mybatis-spring-boot-starter-test-3.0.3.jar:/Users/erik/.m2/repository/org/mybatis/spring/boot/mybatis-spring-boot-test-autoconfigure/3.0.3/mybatis-spring-boot-test-autoconfigure-3.0.3.jar:/Users/erik/.m2/repository/org/springframework/boot/spring-boot-starter-web/3.4.0/spring-boot-starter-web-3.4.0.jar:/Users/erik/.m2/repository/org/springframework/boot/spring-boot-starter-json/3.4.0/spring-boot-starter-json-3.4.0.jar:/Users/erik/.m2/repository/com/fasterxml/jackson/datatype/jackson-datatype-jdk8/2.18.1/jackson-datatype-jdk8-2.18.1.jar:/Users/erik/.m2/repository/com/fasterxml/jackson/module/jackson-module-parameter-names/2.18.1/jackson-module-parameter-names-2.18.1.jar:/Users/erik/.m2/repository/org/springframework/boot/spring-boot-starter-tomcat/3.4.0/spring-boot-starter-tomcat-3.4.0.jar:/Users/erik/.m2/repository/org/apache/tomcat/embed/tomcat-embed-core/10.1.33/tomcat-embed-core-10.1.33.jar:/Users/erik/.m2/repository/org/apache/tomcat/embed/tomcat-embed-websocket/10.1.33/tomcat-embed-websocket-10.1.33.jar:/Users/erik/.m2/repository/org/springframework/spring-web/6.2.0/spring-web-6.2.0.jar:/Users/erik/.m2/repository/io/micrometer/micrometer-observation/1.14.1/micrometer-observation-1.14.1.jar:/Users/erik/.m2/repository/io/micrometer/micrometer-commons/1.14.1/micrometer-commons-1.14.1.jar:/Users/erik/.m2/repository/org/springframework/spring-webmvc/6.2.0/spring-webmvc-6.2.0.jar:/Users/erik/.m2/repository/org/springframework/spring-expression/6.2.0/spring-expression-6.2.0.jar:/Users/erik/.m2/repository/org/springframework/boot/spring-boot-starter-validation/3.4.0/spring-boot-starter-validation-3.4.0.jar:/Users/erik/.m2/repository/org/apache/tomcat/embed/tomcat-embed-el/10.1.33/tomcat-embed-el-10.1.33.jar:/Users/erik/.m2/repository/org/hibernate/validator/hibernate-validator/8.0.1.Final/hibernate-validator-8.0.1.Final.jar:/Users/erik/.m2/repository/jakarta/validation/jakarta.validation-api/3.0.2/jakarta.validation-api-3.0.2.jar:/Users/erik/.m2/repository/io/swagger/core/v3/swagger-annotations/2.2.22/swagger-annotations-2.2.22.jar:/Users/erik/.m2/repository/org/openapitools/jackson-databind-nullable/0.2.6/jackson-databind-nullable-0.2.6.jar:/Users/erik/.m2/repository/com/fasterxml/jackson/core/jackson-databind/2.18.1/jackson-databind-2.18.1.jar:/Users/erik/.m2/repository/org/javamoney/moneta/moneta-core/1.4.4/moneta-core-1.4.4.jar:/Users/erik/.m2/repository/javax/money/money-api/1.1/money-api-1.1.jar:/Users/erik/.m2/repository/com/squareup/okhttp3/okhttp/4.12.0/okhttp-4.12.0.jar:/Users/erik/.m2/repository/com/squareup/okio/okio/3.6.0/okio-3.6.0.jar:/Users/erik/.m2/repository/com/squareup/okio/okio-jvm/3.6.0/okio-jvm-3.6.0.jar:/Users/erik/.m2/repository/org/jetbrains/kotlin/kotlin-stdlib-common/1.9.25/kotlin-stdlib-common-1.9.25.jar:/Users/erik/.m2/repository/org/jetbrains/kotlin/kotlin-stdlib-jdk8/1.9.25/kotlin-stdlib-jdk8-1.9.25.jar:/Users/erik/.m2/repository/org/jetbrains/kotlin/kotlin-stdlib/1.9.25/kotlin-stdlib-1.9.25.jar:/Users/erik/.m2/repository/org/jetbrains/kotlin/kotlin-stdlib-jdk7/1.9.25/kotlin-stdlib-jdk7-1.9.25.jar:/Users/erik/.m2/repository/org/springframework/boot/spring-boot-starter-test/3.4.0/spring-boot-starter-test-3.4.0.jar:/Users/erik/.m2/repository/org/springframework/boot/spring-boot-test/3.4.0/spring-boot-test-3.4.0.jar:/Users/erik/.m2/repository/org/springframework/boot/spring-boot-test-autoconfigure/3.4.0/spring-boot-test-autoconfigure-3.4.0.jar:/Users/erik/.m2/repository/com/jayway/jsonpath/json-path/2.9.0/json-path-2.9.0.jar:/Users/erik/.m2/repository/jakarta/xml/bind/jakarta.xml.bind-api/4.0.2/jakarta.xml.bind-api-4.0.2.jar:/Users/erik/.m2/repository/jakarta/activation/jakarta.activation-api/2.1.3/jakarta.activation-api-2.1.3.jar:/Users/erik/.m2/repository/net/minidev/json-smart/2.5.1/json-smart-2.5.1.jar:/Users/erik/.m2/repository/net/minidev/accessors-smart/2.5.1/accessors-smart-2.5.1.jar:/Users/erik/.m2/repository/org/ow2/asm/asm/9.6/asm-9.6.jar:/Users/erik/.m2/repository/org/assertj/assertj-core/3.26.3/assertj-core-3.26.3.jar:/Users/erik/.m2/repository/org/awaitility/awaitility/4.2.2/awaitility-4.2.2.jar:/Users/erik/.m2/repository/org/hamcrest/hamcrest/2.2/hamcrest-2.2.jar:/Users/erik/.m2/repository/org/junit/jupiter/junit-jupiter/5.11.3/junit-jupiter-5.11.3.jar:/Users/erik/.m2/repository/org/junit/jupiter/junit-jupiter-api/5.11.3/junit-jupiter-api-5.11.3.jar:/Users/erik/.m2/repository/org/opentest4j/opentest4j/1.3.0/opentest4j-1.3.0.jar:/Users/erik/.m2/repository/org/junit/platform/junit-platform-commons/1.11.3/junit-platform-commons-1.11.3.jar:/Users/erik/.m2/repository/org/apiguardian/apiguardian-api/1.1.2/apiguardian-api-1.1.2.jar:/Users/erik/.m2/repository/org/junit/jupiter/junit-jupiter-params/5.11.3/junit-jupiter-params-5.11.3.jar:/Users/erik/.m2/repository/org/junit/jupiter/junit-jupiter-engine/5.11.3/junit-jupiter-engine-5.11.3.jar:/Users/erik/.m2/repository/org/junit/platform/junit-platform-engine/1.11.3/junit-platform-engine-1.11.3.jar:/Users/erik/.m2/repository/org/mockito/mockito-core/5.14.2/mockito-core-5.14.2.jar:/Users/erik/.m2/repository/net/bytebuddy/byte-buddy-agent/1.15.10/byte-buddy-agent-1.15.10.jar:/Users/erik/.m2/repository/org/objenesis/objenesis/3.3/objenesis-3.3.jar:/Users/erik/.m2/repository/org/mockito/mockito-junit-jupiter/5.14.2/mockito-junit-jupiter-5.14.2.jar:/Users/erik/.m2/repository/org/skyscreamer/jsonassert/1.5.3/jsonassert-1.5.3.jar:/Users/erik/.m2/repository/com/vaadin/external/google/android-json/0.0.20131108.vaadin1/android-json-0.0.20131108.vaadin1.jar:/Users/erik/.m2/repository/org/springframework/spring-test/6.2.0/spring-test-6.2.0.jar:/Users/erik/.m2/repository/org/xmlunit/xmlunit-core/2.10.0/xmlunit-core-2.10.0.jar:/Users/erik/.m2/repository/org/springframework/boot/spring-boot-testcontainers/3.4.0/spring-boot-testcontainers-3.4.0.jar:/Users/erik/.m2/repository/org/testcontainers/testcontainers/1.20.4/testcontainers-1.20.4.jar:/Users/erik/.m2/repository/junit/junit/4.13.2/junit-4.13.2.jar:/Users/erik/.m2/repository/org/hamcrest/hamcrest-core/2.2/hamcrest-core-2.2.jar:/Users/erik/.m2/repository/org/apache/commons/commons-compress/1.24.0/commons-compress-1.24.0.jar:/Users/erik/.m2/repository/org/rnorth/duct-tape/duct-tape/1.0.8/duct-tape-1.0.8.jar:/Users/erik/.m2/repository/org/jetbrains/annotations/17.0.0/annotations-17.0.0.jar:/Users/erik/.m2/repository/com/github/docker-java/docker-java-api/3.4.0/docker-java-api-3.4.0.jar:/Users/erik/.m2/repository/com/github/docker-java/docker-java-transport-zerodep/3.4.0/docker-java-transport-zerodep-3.4.0.jar:/Users/erik/.m2/repository/com/github/docker-java/docker-java-transport/3.4.0/docker-java-transport-3.4.0.jar:/Users/erik/.m2/repository/net/java/dev/jna/jna/5.13.0/jna-5.13.0.jar:/Users/erik/.m2/repository/org/testcontainers/oracle-xe/1.20.4/oracle-xe-1.20.4.jar:/Users/erik/.m2/repository/org/testcontainers/jdbc/1.20.4/jdbc-1.20.4.jar:/Users/erik/.m2/repository/org/testcontainers/database-commons/1.20.4/database-commons-1.20.4.jar:/Users/erik/.m2/repository/org/testcontainers/junit-jupiter/1.20.4/junit-jupiter-1.20.4.jar:/Users/erik/.m2/repository/org/instancio/instancio-junit/5.4.0/instancio-junit-5.4.0.jar:/Users/erik/.m2/repository/org/instancio/instancio-core/5.4.0/instancio-core-5.4.0.jar:/Users/erik/.m2/repository/com/tngtech/archunit/archunit-junit5/1.4.0/archunit-junit5-1.4.0.jar:/Users/erik/.m2/repository/com/tngtech/archunit/archunit-junit5-api/1.4.0/archunit-junit5-api-1.4.0.jar:/Users/erik/.m2/repository/com/tngtech/archunit/archunit/1.4.0/archunit-1.4.0.jar:/Users/erik/.m2/repository/com/tngtech/archunit/archunit-junit5-engine/1.4.0/archunit-junit5-engine-1.4.0.jar:/Users/erik/.m2/repository/com/tngtech/archunit/archunit-junit5-engine-api/1.4.0/archunit-junit5-engine-api-1.4.0.jar:, java.version: =25.0.3}. 
2026-08-27T17:45:36.703+01:00  INFO 74676 --- [oulearning] [onnection adder] oracle.jdbc                              : entering args (oracle.jdbc.internal.AbstractConnectionBuilder$1@d0142b6)
2026-08-27T17:45:36.703+01:00  INFO 74676 --- [oulearning] [onnection adder] oracle.jdbc                              : traceId=6557A014. 
2026-08-27T17:45:36.703+01:00  INFO 74676 --- [oulearning] [onnection adder] oracle.jdbc                              : Session Attributes: 
sdu=8192, tdu=2097152
nt: host=localhost, port=62155, socketOptions={0=YES, 1=NO, 17=0, 18=false, 2=30000, 20=true, 38=TLS, 23=40, 24=50, 40=false, 25=0}
    socket=null
client profile={oracle.net.encryption_types_client=(), oracle.net.crypto_seed=, oracle.net.authentication_services=(), oracle.net.setFIPSMode=false, oracle.net.kerberos5_mutual_authentication=false, oracle.net.encryption_client=ACCEPTED, oracle.net.crypto_checksum_client=ACCEPTED, oracle.net.crypto_checksum_types_client=()}
onBreakReset=false, dataEOF=false, negotiatedOptions=0x0, connected=false
TTIINIT enabled=false, TTC cookie enabled=false

2026-08-27T17:45:36.703+01:00  INFO 74676 --- [oulearning] [onnection adder] oracle.jdbc                              : traceId=6557A014, anoEnabled=true. 
2026-08-27T17:45:36.703+01:00  INFO 74676 --- [oulearning] [onnection adder] oracle.jdbc                              : Connection establishment failed due to IOException, will be trying with next available connect option.
2026-08-27T17:45:36.703+01:00  INFO 74676 --- [oulearning] [onnection adder] oracle.jdbc                              : Got Refused, SessionTraceId = 6557A014
2026-08-27T17:45:36.703+01:00  INFO 74676 --- [oulearning] [onnection adder] oracle.jdbc                              : Outbound interrupt timer cancelled null
2026-08-27T17:45:36.703+01:00  INFO 74676 --- [oulearning] [onnection adder] oracle.jdbc                              : Session Attributes: 
sdu=8192, tdu=2097152
nt: host=localhost, port=62155, socketOptions={0=YES, 1=NO, 17=0, 18=false, 2=30000, 20=true, 38=TLS, 23=40, 24=50, 40=false, 25=0}
    socket=null
client profile={oracle.net.encryption_types_client=(), oracle.net.crypto_seed=, oracle.net.authentication_services=(), oracle.net.setFIPSMode=false, oracle.net.kerberos5_mutual_authentication=false, oracle.net.encryption_client=ACCEPTED, oracle.net.crypto_checksum_client=ACCEPTED, oracle.net.crypto_checksum_types_client=()}
onBreakReset=false, dataEOF=false, negotiatedOptions=0x0, connected=false
TTIINIT enabled=false, TTC cookie enabled=false

2026-08-27T17:45:36.703+01:00  INFO 74676 --- [oulearning] [onnection adder] oracle.jdbc                              : Connection establishment failed due to IOException, will be trying with next available connect option.
2026-08-27T17:45:36.703+01:00  INFO 74676 --- [oulearning] [onnection adder] oracle.jdbc                              : Got Refused, SessionTraceId = 6557A014
2026-08-27T17:45:36.703+01:00  INFO 74676 --- [oulearning] [onnection adder] oracle.jdbc                              : Outbound interrupt timer cancelled null
2026-08-27T17:45:36.703+01:00  INFO 74676 --- [oulearning] [onnection adder] oracle.jdbc                              : throwing

java.sql.SQLRecoverableException: ORA-17002: I/O error: Connection reset, connect lapse 1 ms., Authentication lapse 0 ms.
https://docs.oracle.com/error-help/db/ora-17002/
	at oracle.jdbc.driver.T4CConnection.handleLogonIOException(T4CConnection.java:1660) ~[ojdbc11-23.5.0.24.07.jar:23.5.0.24.07]
	at oracle.jdbc.driver.T4CConnection.logon(T4CConnection.java:1142) ~[ojdbc11-23.5.0.24.07.jar:23.5.0.24.07]
	at oracle.jdbc.driver.PhysicalConnection.connect(PhysicalConnection.java:1206) ~[ojdbc11-23.5.0.24.07.jar:23.5.0.24.07]
	at oracle.jdbc.driver.T4CDriverExtension.getConnection(T4CDriverExtension.java:105) ~[ojdbc11-23.5.0.24.07.jar:23.5.0.24.07]
	at oracle.jdbc.driver.OracleDriver.connect(OracleDriver.java:886) ~[ojdbc11-23.5.0.24.07.jar:23.5.0.24.07]
	at oracle.jdbc.driver.OracleDriver.connect(OracleDriver.java:693) ~[ojdbc11-23.5.0.24.07.jar:23.5.0.24.07]
	at com.zaxxer.hikari.util.DriverDataSource.getConnection(DriverDataSource.java:137) ~[HikariCP-5.1.0.jar:na]
	at com.zaxxer.hikari.pool.PoolBase.newConnection(PoolBase.java:360) ~[HikariCP-5.1.0.jar:na]
	at com.zaxxer.hikari.pool.PoolBase.newPoolEntry(PoolBase.java:202) ~[HikariCP-5.1.0.jar:na]
	at com.zaxxer.hikari.pool.HikariPool.createPoolEntry(HikariPool.java:461) ~[HikariCP-5.1.0.jar:na]
	at com.zaxxer.hikari.pool.HikariPool$PoolEntryCreator.call(HikariPool.java:724) ~[HikariCP-5.1.0.jar:na]
	at com.zaxxer.hikari.pool.HikariPool$PoolEntryCreator.call(HikariPool.java:703) ~[HikariCP-5.1.0.jar:na]
	at java.base/java.util.concurrent.FutureTask.run(FutureTask.java:328) ~[na:na]
	at java.base/java.util.concurrent.ThreadPoolExecutor.runWorker(ThreadPoolExecutor.java:1090) ~[na:na]
	at java.base/java.util.concurrent.ThreadPoolExecutor$Worker.run(ThreadPoolExecutor.java:614) ~[na:na]
	at java.base/java.lang.Thread.run(Thread.java:1474) ~[na:na]
Caused by: java.io.IOException: Connection reset, connect lapse 1 ms., Authentication lapse 0 ms.
	at oracle.jdbc.driver.T4CConnection.handleLogonIOException(T4CConnection.java:1655) ~[ojdbc11-23.5.0.24.07.jar:23.5.0.24.07]
	... 15 common frames omitted
Caused by: java.io.IOException: Connection reset, connect lapse 1 ms.
	at oracle.net.ns.NSProtocolNIO.negotiateConnection(NSProtocolNIO.java:263) ~[ojdbc11-23.5.0.24.07.jar:23.5.0.24.07]
	at oracle.net.ns.NSProtocol.connect(NSProtocol.java:352) ~[ojdbc11-23.5.0.24.07.jar:23.5.0.24.07]
	at oracle.jdbc.driver.T4CConnection.connectNetworkSessionProtocol(T4CConnection.java:3419) ~[ojdbc11-23.5.0.24.07.jar:23.5.0.24.07]
	at oracle.jdbc.driver.T4CConnection.logon(T4CConnection.java:1018) ~[ojdbc11-23.5.0.24.07.jar:23.5.0.24.07]
	... 14 common frames omitted
Caused by: java.net.SocketException: Connection reset
	at java.base/sun.nio.ch.SocketChannelImpl.throwConnectionReset(SocketChannelImpl.java:399) ~[na:na]
	at java.base/sun.nio.ch.SocketChannelImpl.blockingRead(SocketChannelImpl.java:1420) ~[na:na]
	at java.base/sun.nio.ch.SocketInputStream.implRead(SocketInputStream.java:70) ~[na:na]
	at java.base/sun.nio.ch.SocketInputStream.read(SocketInputStream.java:78) ~[na:na]
	at oracle.net.nt.TimeoutSocketChannel.doBlockedRead(TimeoutSocketChannel.java:600) ~[ojdbc11-23.5.0.24.07.jar:23.5.0.24.07]
	at oracle.net.nt.TimeoutSocketChannel.read(TimeoutSocketChannel.java:536) ~[ojdbc11-23.5.0.24.07.jar:23.5.0.24.07]
	at oracle.net.ns.NSProtocolNIO.doSocketRead(NSProtocolNIO.java:1224) ~[ojdbc11-23.5.0.24.07.jar:23.5.0.24.07]
	at oracle.net.ns.NIOPacket.readNIOPacket(NIOPacket.java:436) ~[ojdbc11-23.5.0.24.07.jar:23.5.0.24.07]
	at oracle.net.ns.NSProtocolNIO.negotiateConnection(NSProtocolNIO.java:216) ~[ojdbc11-23.5.0.24.07.jar:23.5.0.24.07]
	... 17 common frames omitted

2026-08-27T17:45:36.703+01:00  INFO 74676 --- [oulearning] [onnection adder] oracle.jdbc                              : properties={LOCALE=en_US, DriverVersion=23.5.0.24.07, java.library.path: =/Users/erik/Library/Java/Extensions:/Library/Java/Extensions:/Network/Library/Java/Extensions:/System/Library/Java/Extensions:/usr/lib/java:., java.class.path: =/Users/erik/dev/oulearning/target/test-classes:/Users/erik/dev/oulearning/target/classes:/Users/erik/.m2/repository/org/springframework/boot/spring-boot-starter-data-jpa/3.4.0/spring-boot-starter-data-jpa-3.4.0.jar:/Users/erik/.m2/repository/org/springframework/boot/spring-boot-starter-jdbc/3.4.0/spring-boot-starter-jdbc-3.4.0.jar:/Users/erik/.m2/repository/com/zaxxer/HikariCP/5.1.0/HikariCP-5.1.0.jar:/Users/erik/.m2/repository/org/springframework/spring-jdbc/6.2.0/spring-jdbc-6.2.0.jar:/Users/erik/.m2/repository/org/hibernate/orm/hibernate-core/6.6.2.Final/hibernate-core-6.6.2.Final.jar:/Users/erik/.m2/repository/jakarta/persistence/jakarta.persistence-api/3.1.0/jakarta.persistence-api-3.1.0.jar:/Users/erik/.m2/repository/jakarta/transaction/jakarta.transaction-api/2.0.1/jakarta.transaction-api-2.0.1.jar:/Users/erik/.m2/repository/org/jboss/logging/jboss-logging/3.6.1.Final/jboss-logging-3.6.1.Final.jar:/Users/erik/.m2/repository/org/hibernate/common/hibernate-commons-annotations/7.0.3.Final/hibernate-commons-annotations-7.0.3.Final.jar:/Users/erik/.m2/repository/io/smallrye/jandex/3.2.0/jandex-3.2.0.jar:/Users/erik/.m2/repository/com/fasterxml/classmate/1.7.0/classmate-1.7.0.jar:/Users/erik/.m2/repository/net/bytebuddy/byte-buddy/1.15.10/byte-buddy-1.15.10.jar:/Users/erik/.m2/repository/org/glassfish/jaxb/jaxb-runtime/4.0.5/jaxb-runtime-4.0.5.jar:/Users/erik/.m2/repository/org/glassfish/jaxb/jaxb-core/4.0.5/jaxb-core-4.0.5.jar:/Users/erik/.m2/repository/org/eclipse/angus/angus-activation/2.0.2/angus-activation-2.0.2.jar:/Users/erik/.m2/repository/org/glassfish/jaxb/txw2/4.0.5/txw2-4.0.5.jar:/Users/erik/.m2/repository/com/sun/istack/istack-commons-runtime/4.1.2/istack-commons-runtime-4.1.2.jar:/Users/erik/.m2/repository/jakarta/inject/jakarta.inject-api/2.0.1/jakarta.inject-api-2.0.1.jar:/Users/erik/.m2/repository/org/antlr/antlr4-runtime/4.13.0/antlr4-runtime-4.13.0.jar:/Users/erik/.m2/repository/org/springframework/data/spring-data-jpa/3.4.0/spring-data-jpa-3.4.0.jar:/Users/erik/.m2/repository/org/springframework/data/spring-data-commons/3.4.0/spring-data-commons-3.4.0.jar:/Users/erik/.m2/repository/org/springframework/spring-orm/6.2.0/spring-orm-6.2.0.jar:/Users/erik/.m2/repository/org/springframework/spring-context/6.2.0/spring-context-6.2.0.jar:/Users/erik/.m2/repository/org/springframework/spring-aop/6.2.0/spring-aop-6.2.0.jar:/Users/erik/.m2/repository/org/springframework/spring-tx/6.2.0/spring-tx-6.2.0.jar:/Users/erik/.m2/repository/org/springframework/spring-beans/6.2.0/spring-beans-6.2.0.jar:/Users/erik/.m2/repository/org/slf4j/slf4j-api/2.0.16/slf4j-api-2.0.16.jar:/Users/erik/.m2/repository/org/springframework/spring-aspects/6.2.0/spring-aspects-6.2.0.jar:/Users/erik/.m2/repository/org/aspectj/aspectjweaver/1.9.22.1/aspectjweaver-1.9.22.1.jar:/Users/erik/.m2/repository/org/flywaydb/flyway-core/10.20.1/flyway-core-10.20.1.jar:/Users/erik/.m2/repository/com/fasterxml/jackson/dataformat/jackson-dataformat-toml/2.18.1/jackson-dataformat-toml-2.18.1.jar:/Users/erik/.m2/repository/com/fasterxml/jackson/core/jackson-core/2.18.1/jackson-core-2.18.1.jar:/Users/erik/.m2/repository/com/fasterxml/jackson/datatype/jackson-datatype-jsr310/2.18.1/jackson-datatype-jsr310-2.18.1.jar:/Users/erik/.m2/repository/com/fasterxml/jackson/core/jackson-annotations/2.18.1/jackson-annotations-2.18.1.jar:/Users/erik/.m2/repository/org/flywaydb/flyway-database-oracle/10.20.1/flyway-database-oracle-10.20.1.jar:/Users/erik/.m2/repository/com/oracle/database/jdbc/ojdbc11/23.5.0.24.07/ojdbc11-23.5.0.24.07.jar:/Users/erik/.m2/repository/org/springframework/boot/spring-boot-starter/3.4.0/spring-boot-starter-3.4.0.jar:/Users/erik/.m2/repository/org/springframework/boot/spring-boot/3.4.0/spring-boot-3.4.0.jar:/Users/erik/.m2/repository/org/springframework/boot/spring-boot-autoconfigure/3.4.0/spring-boot-autoconfigure-3.4.0.jar:/Users/erik/.m2/repository/org/springframework/boot/spring-boot-starter-logging/3.4.0/spring-boot-starter-logging-3.4.0.jar:/Users/erik/.m2/repository/ch/qos/logback/logback-classic/1.5.12/logback-classic-1.5.12.jar:/Users/erik/.m2/repository/ch/qos/logback/logback-core/1.5.12/logback-core-1.5.12.jar:/Users/erik/.m2/repository/org/apache/logging/log4j/log4j-to-slf4j/2.24.1/log4j-to-slf4j-2.24.1.jar:/Users/erik/.m2/repository/org/apache/logging/log4j/log4j-api/2.24.1/log4j-api-2.24.1.jar:/Users/erik/.m2/repository/org/slf4j/jul-to-slf4j/2.0.16/jul-to-slf4j-2.0.16.jar:/Users/erik/.m2/repository/jakarta/annotation/jakarta.annotation-api/2.1.1/jakarta.annotation-api-2.1.1.jar:/Users/erik/.m2/repository/org/springframework/spring-core/6.2.0/spring-core-6.2.0.jar:/Users/erik/.m2/repository/org/springframework/spring-jcl/6.2.0/spring-jcl-6.2.0.jar:/Users/erik/.m2/repository/org/yaml/snakeyaml/2.3/snakeyaml-2.3.jar:/Users/erik/.m2/repository/org/mybatis/spring/boot/mybatis-spring-boot-starter/3.0.3/mybatis-spring-boot-starter-3.0.3.jar:/Users/erik/.m2/repository/org/mybatis/spring/boot/mybatis-spring-boot-autoconfigure/3.0.3/mybatis-spring-boot-autoconfigure-3.0.3.jar:/Users/erik/.m2/repository/org/mybatis/mybatis/3.5.14/mybatis-3.5.14.jar:/Users/erik/.m2/repository/org/mybatis/mybatis-spring/3.0.3/mybatis-spring-3.0.3.jar:/Users/erik/.m2/repository/org/mybatis/spring/boot/mybatis-spring-boot-starter-test/3.0.3/mybatis-spring-boot-starter-test-3.0.3.jar:/Users/erik/.m2/repository/org/mybatis/spring/boot/mybatis-spring-boot-test-autoconfigure/3.0.3/mybatis-spring-boot-test-autoconfigure-3.0.3.jar:/Users/erik/.m2/repository/org/springframework/boot/spring-boot-starter-web/3.4.0/spring-boot-starter-web-3.4.0.jar:/Users/erik/.m2/repository/org/springframework/boot/spring-boot-starter-json/3.4.0/spring-boot-starter-json-3.4.0.jar:/Users/erik/.m2/repository/com/fasterxml/jackson/datatype/jackson-datatype-jdk8/2.18.1/jackson-datatype-jdk8-2.18.1.jar:/Users/erik/.m2/repository/com/fasterxml/jackson/module/jackson-module-parameter-names/2.18.1/jackson-module-parameter-names-2.18.1.jar:/Users/erik/.m2/repository/org/springframework/boot/spring-boot-starter-tomcat/3.4.0/spring-boot-starter-tomcat-3.4.0.jar:/Users/erik/.m2/repository/org/apache/tomcat/embed/tomcat-embed-core/10.1.33/tomcat-embed-core-10.1.33.jar:/Users/erik/.m2/repository/org/apache/tomcat/embed/tomcat-embed-websocket/10.1.33/tomcat-embed-websocket-10.1.33.jar:/Users/erik/.m2/repository/org/springframework/spring-web/6.2.0/spring-web-6.2.0.jar:/Users/erik/.m2/repository/io/micrometer/micrometer-observation/1.14.1/micrometer-observation-1.14.1.jar:/Users/erik/.m2/repository/io/micrometer/micrometer-commons/1.14.1/micrometer-commons-1.14.1.jar:/Users/erik/.m2/repository/org/springframework/spring-webmvc/6.2.0/spring-webmvc-6.2.0.jar:/Users/erik/.m2/repository/org/springframework/spring-expression/6.2.0/spring-expression-6.2.0.jar:/Users/erik/.m2/repository/org/springframework/boot/spring-boot-starter-validation/3.4.0/spring-boot-starter-validation-3.4.0.jar:/Users/erik/.m2/repository/org/apache/tomcat/embed/tomcat-embed-el/10.1.33/tomcat-embed-el-10.1.33.jar:/Users/erik/.m2/repository/org/hibernate/validator/hibernate-validator/8.0.1.Final/hibernate-validator-8.0.1.Final.jar:/Users/erik/.m2/repository/jakarta/validation/jakarta.validation-api/3.0.2/jakarta.validation-api-3.0.2.jar:/Users/erik/.m2/repository/io/swagger/core/v3/swagger-annotations/2.2.22/swagger-annotations-2.2.22.jar:/Users/erik/.m2/repository/org/openapitools/jackson-databind-nullable/0.2.6/jackson-databind-nullable-0.2.6.jar:/Users/erik/.m2/repository/com/fasterxml/jackson/core/jackson-databind/2.18.1/jackson-databind-2.18.1.jar:/Users/erik/.m2/repository/org/javamoney/moneta/moneta-core/1.4.4/moneta-core-1.4.4.jar:/Users/erik/.m2/repository/javax/money/money-api/1.1/money-api-1.1.jar:/Users/erik/.m2/repository/com/squareup/okhttp3/okhttp/4.12.0/okhttp-4.12.0.jar:/Users/erik/.m2/repository/com/squareup/okio/okio/3.6.0/okio-3.6.0.jar:/Users/erik/.m2/repository/com/squareup/okio/okio-jvm/3.6.0/okio-jvm-3.6.0.jar:/Users/erik/.m2/repository/org/jetbrains/kotlin/kotlin-stdlib-common/1.9.25/kotlin-stdlib-common-1.9.25.jar:/Users/erik/.m2/repository/org/jetbrains/kotlin/kotlin-stdlib-jdk8/1.9.25/kotlin-stdlib-jdk8-1.9.25.jar:/Users/erik/.m2/repository/org/jetbrains/kotlin/kotlin-stdlib/1.9.25/kotlin-stdlib-1.9.25.jar:/Users/erik/.m2/repository/org/jetbrains/kotlin/kotlin-stdlib-jdk7/1.9.25/kotlin-stdlib-jdk7-1.9.25.jar:/Users/erik/.m2/repository/org/springframework/boot/spring-boot-starter-test/3.4.0/spring-boot-starter-test-3.4.0.jar:/Users/erik/.m2/repository/org/springframework/boot/spring-boot-test/3.4.0/spring-boot-test-3.4.0.jar:/Users/erik/.m2/repository/org/springframework/boot/spring-boot-test-autoconfigure/3.4.0/spring-boot-test-autoconfigure-3.4.0.jar:/Users/erik/.m2/repository/com/jayway/jsonpath/json-path/2.9.0/json-path-2.9.0.jar:/Users/erik/.m2/repository/jakarta/xml/bind/jakarta.xml.bind-api/4.0.2/jakarta.xml.bind-api-4.0.2.jar:/Users/erik/.m2/repository/jakarta/activation/jakarta.activation-api/2.1.3/jakarta.activation-api-2.1.3.jar:/Users/erik/.m2/repository/net/minidev/json-smart/2.5.1/json-smart-2.5.1.jar:/Users/erik/.m2/repository/net/minidev/accessors-smart/2.5.1/accessors-smart-2.5.1.jar:/Users/erik/.m2/repository/org/ow2/asm/asm/9.6/asm-9.6.jar:/Users/erik/.m2/repository/org/assertj/assertj-core/3.26.3/assertj-core-3.26.3.jar:/Users/erik/.m2/repository/org/awaitility/awaitility/4.2.2/awaitility-4.2.2.jar:/Users/erik/.m2/repository/org/hamcrest/hamcrest/2.2/hamcrest-2.2.jar:/Users/erik/.m2/repository/org/junit/jupiter/junit-jupiter/5.11.3/junit-jupiter-5.11.3.jar:/Users/erik/.m2/repository/org/junit/jupiter/junit-jupiter-api/5.11.3/junit-jupiter-api-5.11.3.jar:/Users/erik/.m2/repository/org/opentest4j/opentest4j/1.3.0/opentest4j-1.3.0.jar:/Users/erik/.m2/repository/org/junit/platform/junit-platform-commons/1.11.3/junit-platform-commons-1.11.3.jar:/Users/erik/.m2/repository/org/apiguardian/apiguardian-api/1.1.2/apiguardian-api-1.1.2.jar:/Users/erik/.m2/repository/org/junit/jupiter/junit-jupiter-params/5.11.3/junit-jupiter-params-5.11.3.jar:/Users/erik/.m2/repository/org/junit/jupiter/junit-jupiter-engine/5.11.3/junit-jupiter-engine-5.11.3.jar:/Users/erik/.m2/repository/org/junit/platform/junit-platform-engine/1.11.3/junit-platform-engine-1.11.3.jar:/Users/erik/.m2/repository/org/mockito/mockito-core/5.14.2/mockito-core-5.14.2.jar:/Users/erik/.m2/repository/net/bytebuddy/byte-buddy-agent/1.15.10/byte-buddy-agent-1.15.10.jar:/Users/erik/.m2/repository/org/objenesis/objenesis/3.3/objenesis-3.3.jar:/Users/erik/.m2/repository/org/mockito/mockito-junit-jupiter/5.14.2/mockito-junit-jupiter-5.14.2.jar:/Users/erik/.m2/repository/org/skyscreamer/jsonassert/1.5.3/jsonassert-1.5.3.jar:/Users/erik/.m2/repository/com/vaadin/external/google/android-json/0.0.20131108.vaadin1/android-json-0.0.20131108.vaadin1.jar:/Users/erik/.m2/repository/org/springframework/spring-test/6.2.0/spring-test-6.2.0.jar:/Users/erik/.m2/repository/org/xmlunit/xmlunit-core/2.10.0/xmlunit-core-2.10.0.jar:/Users/erik/.m2/repository/org/springframework/boot/spring-boot-testcontainers/3.4.0/spring-boot-testcontainers-3.4.0.jar:/Users/erik/.m2/repository/org/testcontainers/testcontainers/1.20.4/testcontainers-1.20.4.jar:/Users/erik/.m2/repository/junit/junit/4.13.2/junit-4.13.2.jar:/Users/erik/.m2/repository/org/hamcrest/hamcrest-core/2.2/hamcrest-core-2.2.jar:/Users/erik/.m2/repository/org/apache/commons/commons-compress/1.24.0/commons-compress-1.24.0.jar:/Users/erik/.m2/repository/org/rnorth/duct-tape/duct-tape/1.0.8/duct-tape-1.0.8.jar:/Users/erik/.m2/repository/org/jetbrains/annotations/17.0.0/annotations-17.0.0.jar:/Users/erik/.m2/repository/com/github/docker-java/docker-java-api/3.4.0/docker-java-api-3.4.0.jar:/Users/erik/.m2/repository/com/github/docker-java/docker-java-transport-zerodep/3.4.0/docker-java-transport-zerodep-3.4.0.jar:/Users/erik/.m2/repository/com/github/docker-java/docker-java-transport/3.4.0/docker-java-transport-3.4.0.jar:/Users/erik/.m2/repository/net/java/dev/jna/jna/5.13.0/jna-5.13.0.jar:/Users/erik/.m2/repository/org/testcontainers/oracle-xe/1.20.4/oracle-xe-1.20.4.jar:/Users/erik/.m2/repository/org/testcontainers/jdbc/1.20.4/jdbc-1.20.4.jar:/Users/erik/.m2/repository/org/testcontainers/database-commons/1.20.4/database-commons-1.20.4.jar:/Users/erik/.m2/repository/org/testcontainers/junit-jupiter/1.20.4/junit-jupiter-1.20.4.jar:/Users/erik/.m2/repository/org/instancio/instancio-junit/5.4.0/instancio-junit-5.4.0.jar:/Users/erik/.m2/repository/org/instancio/instancio-core/5.4.0/instancio-core-5.4.0.jar:/Users/erik/.m2/repository/com/tngtech/archunit/archunit-junit5/1.4.0/archunit-junit5-1.4.0.jar:/Users/erik/.m2/repository/com/tngtech/archunit/archunit-junit5-api/1.4.0/archunit-junit5-api-1.4.0.jar:/Users/erik/.m2/repository/com/tngtech/archunit/archunit/1.4.0/archunit-1.4.0.jar:/Users/erik/.m2/repository/com/tngtech/archunit/archunit-junit5-engine/1.4.0/archunit-junit5-engine-1.4.0.jar:/Users/erik/.m2/repository/com/tngtech/archunit/archunit-junit5-engine-api/1.4.0/archunit-junit5-engine-api-1.4.0.jar:, java.version: =25.0.3}. 
2026-08-27T17:45:36.753+01:00  INFO 74676 --- [oulearning] [onnection adder] oracle.jdbc                              : entering args (oracle.jdbc.internal.AbstractConnectionBuilder$1@7a27cefd)
2026-08-27T17:45:36.753+01:00  INFO 74676 --- [oulearning] [onnection adder] oracle.jdbc                              : traceId=3E5DB92D. 
2026-08-27T17:45:36.753+01:00  INFO 74676 --- [oulearning] [onnection adder] oracle.jdbc                              : Session Attributes: 
sdu=8192, tdu=2097152
nt: host=localhost, port=62155, socketOptions={0=YES, 1=NO, 17=0, 18=false, 2=30000, 20=true, 38=TLS, 23=40, 24=50, 40=false, 25=0}
    socket=null
client profile={oracle.net.encryption_types_client=(), oracle.net.crypto_seed=, oracle.net.authentication_services=(), oracle.net.setFIPSMode=false, oracle.net.kerberos5_mutual_authentication=false, oracle.net.encryption_client=ACCEPTED, oracle.net.crypto_checksum_client=ACCEPTED, oracle.net.crypto_checksum_types_client=()}
onBreakReset=false, dataEOF=false, negotiatedOptions=0x0, connected=false
TTIINIT enabled=false, TTC cookie enabled=false

2026-08-27T17:45:36.754+01:00  INFO 74676 --- [oulearning] [onnection adder] oracle.jdbc                              : traceId=3E5DB92D, anoEnabled=true. 
2026-08-27T17:45:36.754+01:00  INFO 74676 --- [oulearning] [onnection adder] oracle.jdbc                              : Connection establishment failed due to IOException, will be trying with next available connect option.
2026-08-27T17:45:36.754+01:00  INFO 74676 --- [oulearning] [onnection adder] oracle.jdbc                              : Got Refused, SessionTraceId = 3E5DB92D
2026-08-27T17:45:36.754+01:00  INFO 74676 --- [oulearning] [onnection adder] oracle.jdbc                              : Outbound interrupt timer cancelled null
2026-08-27T17:45:36.754+01:00  INFO 74676 --- [oulearning] [onnection adder] oracle.jdbc                              : Session Attributes: 
sdu=8192, tdu=2097152
nt: host=localhost, port=62155, socketOptions={0=YES, 1=NO, 17=0, 18=false, 2=30000, 20=true, 38=TLS, 23=40, 24=50, 40=false, 25=0}
    socket=null
client profile={oracle.net.encryption_types_client=(), oracle.net.crypto_seed=, oracle.net.authentication_services=(), oracle.net.setFIPSMode=false, oracle.net.kerberos5_mutual_authentication=false, oracle.net.encryption_client=ACCEPTED, oracle.net.crypto_checksum_client=ACCEPTED, oracle.net.crypto_checksum_types_client=()}
onBreakReset=false, dataEOF=false, negotiatedOptions=0x0, connected=false
TTIINIT enabled=false, TTC cookie enabled=false

2026-08-27T17:45:36.754+01:00  INFO 74676 --- [oulearning] [onnection adder] oracle.jdbc                              : Connection establishment failed due to IOException, will be trying with next available connect option.
2026-08-27T17:45:36.754+01:00  INFO 74676 --- [oulearning] [onnection adder] oracle.jdbc                              : Got Refused, SessionTraceId = 3E5DB92D
2026-08-27T17:45:36.754+01:00  INFO 74676 --- [oulearning] [onnection adder] oracle.jdbc                              : Outbound interrupt timer cancelled null
2026-08-27T17:45:36.754+01:00  INFO 74676 --- [oulearning] [onnection adder] oracle.jdbc                              : throwing

java.sql.SQLRecoverableException: ORA-17002: I/O error: Connection reset, connect lapse 1 ms., Authentication lapse 0 ms.
https://docs.oracle.com/error-help/db/ora-17002/
	at oracle.jdbc.driver.T4CConnection.handleLogonIOException(T4CConnection.java:1660) ~[ojdbc11-23.5.0.24.07.jar:23.5.0.24.07]
	at oracle.jdbc.driver.T4CConnection.logon(T4CConnection.java:1142) ~[ojdbc11-23.5.0.24.07.jar:23.5.0.24.07]
	at oracle.jdbc.driver.PhysicalConnection.connect(PhysicalConnection.java:1206) ~[ojdbc11-23.5.0.24.07.jar:23.5.0.24.07]
	at oracle.jdbc.driver.T4CDriverExtension.getConnection(T4CDriverExtension.java:105) ~[ojdbc11-23.5.0.24.07.jar:23.5.0.24.07]
	at oracle.jdbc.driver.OracleDriver.connect(OracleDriver.java:886) ~[ojdbc11-23.5.0.24.07.jar:23.5.0.24.07]
	at oracle.jdbc.driver.OracleDriver.connect(OracleDriver.java:693) ~[ojdbc11-23.5.0.24.07.jar:23.5.0.24.07]
	at com.zaxxer.hikari.util.DriverDataSource.getConnection(DriverDataSource.java:137) ~[HikariCP-5.1.0.jar:na]
	at com.zaxxer.hikari.pool.PoolBase.newConnection(PoolBase.java:360) ~[HikariCP-5.1.0.jar:na]
	at com.zaxxer.hikari.pool.PoolBase.newPoolEntry(PoolBase.java:202) ~[HikariCP-5.1.0.jar:na]
	at com.zaxxer.hikari.pool.HikariPool.createPoolEntry(HikariPool.java:461) ~[HikariCP-5.1.0.jar:na]
	at com.zaxxer.hikari.pool.HikariPool$PoolEntryCreator.call(HikariPool.java:724) ~[HikariCP-5.1.0.jar:na]
	at com.zaxxer.hikari.pool.HikariPool$PoolEntryCreator.call(HikariPool.java:703) ~[HikariCP-5.1.0.jar:na]
	at java.base/java.util.concurrent.FutureTask.run(FutureTask.java:328) ~[na:na]
	at java.base/java.util.concurrent.ThreadPoolExecutor.runWorker(ThreadPoolExecutor.java:1090) ~[na:na]
	at java.base/java.util.concurrent.ThreadPoolExecutor$Worker.run(ThreadPoolExecutor.java:614) ~[na:na]
	at java.base/java.lang.Thread.run(Thread.java:1474) ~[na:na]
Caused by: java.io.IOException: Connection reset, connect lapse 1 ms., Authentication lapse 0 ms.
	at oracle.jdbc.driver.T4CConnection.handleLogonIOException(T4CConnection.java:1655) ~[ojdbc11-23.5.0.24.07.jar:23.5.0.24.07]
	... 15 common frames omitted
Caused by: java.io.IOException: Connection reset, connect lapse 1 ms.
	at oracle.net.ns.NSProtocolNIO.negotiateConnection(NSProtocolNIO.java:263) ~[ojdbc11-23.5.0.24.07.jar:23.5.0.24.07]
	at oracle.net.ns.NSProtocol.connect(NSProtocol.java:352) ~[ojdbc11-23.5.0.24.07.jar:23.5.0.24.07]
	at oracle.jdbc.driver.T4CConnection.connectNetworkSessionProtocol(T4CConnection.java:3419) ~[ojdbc11-23.5.0.24.07.jar:23.5.0.24.07]
	at oracle.jdbc.driver.T4CConnection.logon(T4CConnection.java:1018) ~[ojdbc11-23.5.0.24.07.jar:23.5.0.24.07]
	... 14 common frames omitted
Caused by: java.net.SocketException: Connection reset
	at java.base/sun.nio.ch.SocketChannelImpl.throwConnectionReset(SocketChannelImpl.java:399) ~[na:na]
	at java.base/sun.nio.ch.SocketChannelImpl.blockingRead(SocketChannelImpl.java:1420) ~[na:na]
	at java.base/sun.nio.ch.SocketInputStream.implRead(SocketInputStream.java:70) ~[na:na]
	at java.base/sun.nio.ch.SocketInputStream.read(SocketInputStream.java:78) ~[na:na]
	at oracle.net.nt.TimeoutSocketChannel.doBlockedRead(TimeoutSocketChannel.java:600) ~[ojdbc11-23.5.0.24.07.jar:23.5.0.24.07]
	at oracle.net.nt.TimeoutSocketChannel.read(TimeoutSocketChannel.java:536) ~[ojdbc11-23.5.0.24.07.jar:23.5.0.24.07]
	at oracle.net.ns.NSProtocolNIO.doSocketRead(NSProtocolNIO.java:1224) ~[ojdbc11-23.5.0.24.07.jar:23.5.0.24.07]
	at oracle.net.ns.NIOPacket.readNIOPacket(NIOPacket.java:436) ~[ojdbc11-23.5.0.24.07.jar:23.5.0.24.07]
	at oracle.net.ns.NSProtocolNIO.negotiateConnection(NSProtocolNIO.java:216) ~[ojdbc11-23.5.0.24.07.jar:23.5.0.24.07]
	... 17 common frames omitted

2026-08-27T17:45:36.755+01:00  INFO 74676 --- [oulearning] [onnection adder] oracle.jdbc                              : properties={LOCALE=en_US, DriverVersion=23.5.0.24.07, java.library.path: =/Users/erik/Library/Java/Extensions:/Library/Java/Extensions:/Network/Library/Java/Extensions:/System/Library/Java/Extensions:/usr/lib/java:., java.class.path: =/Users/erik/dev/oulearning/target/test-classes:/Users/erik/dev/oulearning/target/classes:/Users/erik/.m2/repository/org/springframework/boot/spring-boot-starter-data-jpa/3.4.0/spring-boot-starter-data-jpa-3.4.0.jar:/Users/erik/.m2/repository/org/springframework/boot/spring-boot-starter-jdbc/3.4.0/spring-boot-starter-jdbc-3.4.0.jar:/Users/erik/.m2/repository/com/zaxxer/HikariCP/5.1.0/HikariCP-5.1.0.jar:/Users/erik/.m2/repository/org/springframework/spring-jdbc/6.2.0/spring-jdbc-6.2.0.jar:/Users/erik/.m2/repository/org/hibernate/orm/hibernate-core/6.6.2.Final/hibernate-core-6.6.2.Final.jar:/Users/erik/.m2/repository/jakarta/persistence/jakarta.persistence-api/3.1.0/jakarta.persistence-api-3.1.0.jar:/Users/erik/.m2/repository/jakarta/transaction/jakarta.transaction-api/2.0.1/jakarta.transaction-api-2.0.1.jar:/Users/erik/.m2/repository/org/jboss/logging/jboss-logging/3.6.1.Final/jboss-logging-3.6.1.Final.jar:/Users/erik/.m2/repository/org/hibernate/common/hibernate-commons-annotations/7.0.3.Final/hibernate-commons-annotations-7.0.3.Final.jar:/Users/erik/.m2/repository/io/smallrye/jandex/3.2.0/jandex-3.2.0.jar:/Users/erik/.m2/repository/com/fasterxml/classmate/1.7.0/classmate-1.7.0.jar:/Users/erik/.m2/repository/net/bytebuddy/byte-buddy/1.15.10/byte-buddy-1.15.10.jar:/Users/erik/.m2/repository/org/glassfish/jaxb/jaxb-runtime/4.0.5/jaxb-runtime-4.0.5.jar:/Users/erik/.m2/repository/org/glassfish/jaxb/jaxb-core/4.0.5/jaxb-core-4.0.5.jar:/Users/erik/.m2/repository/org/eclipse/angus/angus-activation/2.0.2/angus-activation-2.0.2.jar:/Users/erik/.m2/repository/org/glassfish/jaxb/txw2/4.0.5/txw2-4.0.5.jar:/Users/erik/.m2/repository/com/sun/istack/istack-commons-runtime/4.1.2/istack-commons-runtime-4.1.2.jar:/Users/erik/.m2/repository/jakarta/inject/jakarta.inject-api/2.0.1/jakarta.inject-api-2.0.1.jar:/Users/erik/.m2/repository/org/antlr/antlr4-runtime/4.13.0/antlr4-runtime-4.13.0.jar:/Users/erik/.m2/repository/org/springframework/data/spring-data-jpa/3.4.0/spring-data-jpa-3.4.0.jar:/Users/erik/.m2/repository/org/springframework/data/spring-data-commons/3.4.0/spring-data-commons-3.4.0.jar:/Users/erik/.m2/repository/org/springframework/spring-orm/6.2.0/spring-orm-6.2.0.jar:/Users/erik/.m2/repository/org/springframework/spring-context/6.2.0/spring-context-6.2.0.jar:/Users/erik/.m2/repository/org/springframework/spring-aop/6.2.0/spring-aop-6.2.0.jar:/Users/erik/.m2/repository/org/springframework/spring-tx/6.2.0/spring-tx-6.2.0.jar:/Users/erik/.m2/repository/org/springframework/spring-beans/6.2.0/spring-beans-6.2.0.jar:/Users/erik/.m2/repository/org/slf4j/slf4j-api/2.0.16/slf4j-api-2.0.16.jar:/Users/erik/.m2/repository/org/springframework/spring-aspects/6.2.0/spring-aspects-6.2.0.jar:/Users/erik/.m2/repository/org/aspectj/aspectjweaver/1.9.22.1/aspectjweaver-1.9.22.1.jar:/Users/erik/.m2/repository/org/flywaydb/flyway-core/10.20.1/flyway-core-10.20.1.jar:/Users/erik/.m2/repository/com/fasterxml/jackson/dataformat/jackson-dataformat-toml/2.18.1/jackson-dataformat-toml-2.18.1.jar:/Users/erik/.m2/repository/com/fasterxml/jackson/core/jackson-core/2.18.1/jackson-core-2.18.1.jar:/Users/erik/.m2/repository/com/fasterxml/jackson/datatype/jackson-datatype-jsr310/2.18.1/jackson-datatype-jsr310-2.18.1.jar:/Users/erik/.m2/repository/com/fasterxml/jackson/core/jackson-annotations/2.18.1/jackson-annotations-2.18.1.jar:/Users/erik/.m2/repository/org/flywaydb/flyway-database-oracle/10.20.1/flyway-database-oracle-10.20.1.jar:/Users/erik/.m2/repository/com/oracle/database/jdbc/ojdbc11/23.5.0.24.07/ojdbc11-23.5.0.24.07.jar:/Users/erik/.m2/repository/org/springframework/boot/spring-boot-starter/3.4.0/spring-boot-starter-3.4.0.jar:/Users/erik/.m2/repository/org/springframework/boot/spring-boot/3.4.0/spring-boot-3.4.0.jar:/Users/erik/.m2/repository/org/springframework/boot/spring-boot-autoconfigure/3.4.0/spring-boot-autoconfigure-3.4.0.jar:/Users/erik/.m2/repository/org/springframework/boot/spring-boot-starter-logging/3.4.0/spring-boot-starter-logging-3.4.0.jar:/Users/erik/.m2/repository/ch/qos/logback/logback-classic/1.5.12/logback-classic-1.5.12.jar:/Users/erik/.m2/repository/ch/qos/logback/logback-core/1.5.12/logback-core-1.5.12.jar:/Users/erik/.m2/repository/org/apache/logging/log4j/log4j-to-slf4j/2.24.1/log4j-to-slf4j-2.24.1.jar:/Users/erik/.m2/repository/org/apache/logging/log4j/log4j-api/2.24.1/log4j-api-2.24.1.jar:/Users/erik/.m2/repository/org/slf4j/jul-to-slf4j/2.0.16/jul-to-slf4j-2.0.16.jar:/Users/erik/.m2/repository/jakarta/annotation/jakarta.annotation-api/2.1.1/jakarta.annotation-api-2.1.1.jar:/Users/erik/.m2/repository/org/springframework/spring-core/6.2.0/spring-core-6.2.0.jar:/Users/erik/.m2/repository/org/springframework/spring-jcl/6.2.0/spring-jcl-6.2.0.jar:/Users/erik/.m2/repository/org/yaml/snakeyaml/2.3/snakeyaml-2.3.jar:/Users/erik/.m2/repository/org/mybatis/spring/boot/mybatis-spring-boot-starter/3.0.3/mybatis-spring-boot-starter-3.0.3.jar:/Users/erik/.m2/repository/org/mybatis/spring/boot/mybatis-spring-boot-autoconfigure/3.0.3/mybatis-spring-boot-autoconfigure-3.0.3.jar:/Users/erik/.m2/repository/org/mybatis/mybatis/3.5.14/mybatis-3.5.14.jar:/Users/erik/.m2/repository/org/mybatis/mybatis-spring/3.0.3/mybatis-spring-3.0.3.jar:/Users/erik/.m2/repository/org/mybatis/spring/boot/mybatis-spring-boot-starter-test/3.0.3/mybatis-spring-boot-starter-test-3.0.3.jar:/Users/erik/.m2/repository/org/mybatis/spring/boot/mybatis-spring-boot-test-autoconfigure/3.0.3/mybatis-spring-boot-test-autoconfigure-3.0.3.jar:/Users/erik/.m2/repository/org/springframework/boot/spring-boot-starter-web/3.4.0/spring-boot-starter-web-3.4.0.jar:/Users/erik/.m2/repository/org/springframework/boot/spring-boot-starter-json/3.4.0/spring-boot-starter-json-3.4.0.jar:/Users/erik/.m2/repository/com/fasterxml/jackson/datatype/jackson-datatype-jdk8/2.18.1/jackson-datatype-jdk8-2.18.1.jar:/Users/erik/.m2/repository/com/fasterxml/jackson/module/jackson-module-parameter-names/2.18.1/jackson-module-parameter-names-2.18.1.jar:/Users/erik/.m2/repository/org/springframework/boot/spring-boot-starter-tomcat/3.4.0/spring-boot-starter-tomcat-3.4.0.jar:/Users/erik/.m2/repository/org/apache/tomcat/embed/tomcat-embed-core/10.1.33/tomcat-embed-core-10.1.33.jar:/Users/erik/.m2/repository/org/apache/tomcat/embed/tomcat-embed-websocket/10.1.33/tomcat-embed-websocket-10.1.33.jar:/Users/erik/.m2/repository/org/springframework/spring-web/6.2.0/spring-web-6.2.0.jar:/Users/erik/.m2/repository/io/micrometer/micrometer-observation/1.14.1/micrometer-observation-1.14.1.jar:/Users/erik/.m2/repository/io/micrometer/micrometer-commons/1.14.1/micrometer-commons-1.14.1.jar:/Users/erik/.m2/repository/org/springframework/spring-webmvc/6.2.0/spring-webmvc-6.2.0.jar:/Users/erik/.m2/repository/org/springframework/spring-expression/6.2.0/spring-expression-6.2.0.jar:/Users/erik/.m2/repository/org/springframework/boot/spring-boot-starter-validation/3.4.0/spring-boot-starter-validation-3.4.0.jar:/Users/erik/.m2/repository/org/apache/tomcat/embed/tomcat-embed-el/10.1.33/tomcat-embed-el-10.1.33.jar:/Users/erik/.m2/repository/org/hibernate/validator/hibernate-validator/8.0.1.Final/hibernate-validator-8.0.1.Final.jar:/Users/erik/.m2/repository/jakarta/validation/jakarta.validation-api/3.0.2/jakarta.validation-api-3.0.2.jar:/Users/erik/.m2/repository/io/swagger/core/v3/swagger-annotations/2.2.22/swagger-annotations-2.2.22.jar:/Users/erik/.m2/repository/org/openapitools/jackson-databind-nullable/0.2.6/jackson-databind-nullable-0.2.6.jar:/Users/erik/.m2/repository/com/fasterxml/jackson/core/jackson-databind/2.18.1/jackson-databind-2.18.1.jar:/Users/erik/.m2/repository/org/javamoney/moneta/moneta-core/1.4.4/moneta-core-1.4.4.jar:/Users/erik/.m2/repository/javax/money/money-api/1.1/money-api-1.1.jar:/Users/erik/.m2/repository/com/squareup/okhttp3/okhttp/4.12.0/okhttp-4.12.0.jar:/Users/erik/.m2/repository/com/squareup/okio/okio/3.6.0/okio-3.6.0.jar:/Users/erik/.m2/repository/com/squareup/okio/okio-jvm/3.6.0/okio-jvm-3.6.0.jar:/Users/erik/.m2/repository/org/jetbrains/kotlin/kotlin-stdlib-common/1.9.25/kotlin-stdlib-common-1.9.25.jar:/Users/erik/.m2/repository/org/jetbrains/kotlin/kotlin-stdlib-jdk8/1.9.25/kotlin-stdlib-jdk8-1.9.25.jar:/Users/erik/.m2/repository/org/jetbrains/kotlin/kotlin-stdlib/1.9.25/kotlin-stdlib-1.9.25.jar:/Users/erik/.m2/repository/org/jetbrains/kotlin/kotlin-stdlib-jdk7/1.9.25/kotlin-stdlib-jdk7-1.9.25.jar:/Users/erik/.m2/repository/org/springframework/boot/spring-boot-starter-test/3.4.0/spring-boot-starter-test-3.4.0.jar:/Users/erik/.m2/repository/org/springframework/boot/spring-boot-test/3.4.0/spring-boot-test-3.4.0.jar:/Users/erik/.m2/repository/org/springframework/boot/spring-boot-test-autoconfigure/3.4.0/spring-boot-test-autoconfigure-3.4.0.jar:/Users/erik/.m2/repository/com/jayway/jsonpath/json-path/2.9.0/json-path-2.9.0.jar:/Users/erik/.m2/repository/jakarta/xml/bind/jakarta.xml.bind-api/4.0.2/jakarta.xml.bind-api-4.0.2.jar:/Users/erik/.m2/repository/jakarta/activation/jakarta.activation-api/2.1.3/jakarta.activation-api-2.1.3.jar:/Users/erik/.m2/repository/net/minidev/json-smart/2.5.1/json-smart-2.5.1.jar:/Users/erik/.m2/repository/net/minidev/accessors-smart/2.5.1/accessors-smart-2.5.1.jar:/Users/erik/.m2/repository/org/ow2/asm/asm/9.6/asm-9.6.jar:/Users/erik/.m2/repository/org/assertj/assertj-core/3.26.3/assertj-core-3.26.3.jar:/Users/erik/.m2/repository/org/awaitility/awaitility/4.2.2/awaitility-4.2.2.jar:/Users/erik/.m2/repository/org/hamcrest/hamcrest/2.2/hamcrest-2.2.jar:/Users/erik/.m2/repository/org/junit/jupiter/junit-jupiter/5.11.3/junit-jupiter-5.11.3.jar:/Users/erik/.m2/repository/org/junit/jupiter/junit-jupiter-api/5.11.3/junit-jupiter-api-5.11.3.jar:/Users/erik/.m2/repository/org/opentest4j/opentest4j/1.3.0/opentest4j-1.3.0.jar:/Users/erik/.m2/repository/org/junit/platform/junit-platform-commons/1.11.3/junit-platform-commons-1.11.3.jar:/Users/erik/.m2/repository/org/apiguardian/apiguardian-api/1.1.2/apiguardian-api-1.1.2.jar:/Users/erik/.m2/repository/org/junit/jupiter/junit-jupiter-params/5.11.3/junit-jupiter-params-5.11.3.jar:/Users/erik/.m2/repository/org/junit/jupiter/junit-jupiter-engine/5.11.3/junit-jupiter-engine-5.11.3.jar:/Users/erik/.m2/repository/org/junit/platform/junit-platform-engine/1.11.3/junit-platform-engine-1.11.3.jar:/Users/erik/.m2/repository/org/mockito/mockito-core/5.14.2/mockito-core-5.14.2.jar:/Users/erik/.m2/repository/net/bytebuddy/byte-buddy-agent/1.15.10/byte-buddy-agent-1.15.10.jar:/Users/erik/.m2/repository/org/objenesis/objenesis/3.3/objenesis-3.3.jar:/Users/erik/.m2/repository/org/mockito/mockito-junit-jupiter/5.14.2/mockito-junit-jupiter-5.14.2.jar:/Users/erik/.m2/repository/org/skyscreamer/jsonassert/1.5.3/jsonassert-1.5.3.jar:/Users/erik/.m2/repository/com/vaadin/external/google/android-json/0.0.20131108.vaadin1/android-json-0.0.20131108.vaadin1.jar:/Users/erik/.m2/repository/org/springframework/spring-test/6.2.0/spring-test-6.2.0.jar:/Users/erik/.m2/repository/org/xmlunit/xmlunit-core/2.10.0/xmlunit-core-2.10.0.jar:/Users/erik/.m2/repository/org/springframework/boot/spring-boot-testcontainers/3.4.0/spring-boot-testcontainers-3.4.0.jar:/Users/erik/.m2/repository/org/testcontainers/testcontainers/1.20.4/testcontainers-1.20.4.jar:/Users/erik/.m2/repository/junit/junit/4.13.2/junit-4.13.2.jar:/Users/erik/.m2/repository/org/hamcrest/hamcrest-core/2.2/hamcrest-core-2.2.jar:/Users/erik/.m2/repository/org/apache/commons/commons-compress/1.24.0/commons-compress-1.24.0.jar:/Users/erik/.m2/repository/org/rnorth/duct-tape/duct-tape/1.0.8/duct-tape-1.0.8.jar:/Users/erik/.m2/repository/org/jetbrains/annotations/17.0.0/annotations-17.0.0.jar:/Users/erik/.m2/repository/com/github/docker-java/docker-java-api/3.4.0/docker-java-api-3.4.0.jar:/Users/erik/.m2/repository/com/github/docker-java/docker-java-transport-zerodep/3.4.0/docker-java-transport-zerodep-3.4.0.jar:/Users/erik/.m2/repository/com/github/docker-java/docker-java-transport/3.4.0/docker-java-transport-3.4.0.jar:/Users/erik/.m2/repository/net/java/dev/jna/jna/5.13.0/jna-5.13.0.jar:/Users/erik/.m2/repository/org/testcontainers/oracle-xe/1.20.4/oracle-xe-1.20.4.jar:/Users/erik/.m2/repository/org/testcontainers/jdbc/1.20.4/jdbc-1.20.4.jar:/Users/erik/.m2/repository/org/testcontainers/database-commons/1.20.4/database-commons-1.20.4.jar:/Users/erik/.m2/repository/org/testcontainers/junit-jupiter/1.20.4/junit-jupiter-1.20.4.jar:/Users/erik/.m2/repository/org/instancio/instancio-junit/5.4.0/instancio-junit-5.4.0.jar:/Users/erik/.m2/repository/org/instancio/instancio-core/5.4.0/instancio-core-5.4.0.jar:/Users/erik/.m2/repository/com/tngtech/archunit/archunit-junit5/1.4.0/archunit-junit5-1.4.0.jar:/Users/erik/.m2/repository/com/tngtech/archunit/archunit-junit5-api/1.4.0/archunit-junit5-api-1.4.0.jar:/Users/erik/.m2/repository/com/tngtech/archunit/archunit/1.4.0/archunit-1.4.0.jar:/Users/erik/.m2/repository/com/tngtech/archunit/archunit-junit5-engine/1.4.0/archunit-junit5-engine-1.4.0.jar:/Users/erik/.m2/repository/com/tngtech/archunit/archunit-junit5-engine-api/1.4.0/archunit-junit5-engine-api-1.4.0.jar:, java.version: =25.0.3}. 
[ERROR] Tests run: 3, Failures: 0, Errors: 1, Skipped: 0, Time elapsed: 12.39 s <<< FAILURE! -- in com.example.oulearning.budgeting.infrastructure.persistence.MyBatisBudgetRepositoryIT
[ERROR] com.example.oulearning.budgeting.infrastructure.persistence.MyBatisBudgetRepositoryIT.givenValidBudget_whenSaving_thenCanBeRetrieved -- Time elapsed: 0.084 s <<< ERROR!
org.springframework.dao.DataIntegrityViolationException: 

### Error updating database.  Cause: java.sql.SQLIntegrityConstraintViolationException: ORA-02291: integrity constraint (TEST.FK_BUDGET_OU) violated - parent key not found

https://docs.oracle.com/error-help/db/ora-02291/
### The error may exist in com/example/oulearning/budgeting/infrastructure/persistence/BudgetMapper.java (best guess)
### The error may involve com.example.oulearning.budgeting.infrastructure.persistence.BudgetMapper.insert-Inline
### The error occurred while setting parameters
### SQL: INSERT INTO budget (id, organizational_unit_id, fiscal_year, total_amount, reserved_amount, available_amount, active) VALUES (?, ?, ?, ?, ?, ?, ?)
### Cause: java.sql.SQLIntegrityConstraintViolationException: ORA-02291: integrity constraint (TEST.FK_BUDGET_OU) violated - parent key not found

https://docs.oracle.com/error-help/db/ora-02291/
; ORA-02291: integrity constraint (TEST.FK_BUDGET_OU) violated - parent key not found

https://docs.oracle.com/error-help/db/ora-02291/
	at org.springframework.jdbc.support.SQLErrorCodeSQLExceptionTranslator.doTranslate(SQLErrorCodeSQLExceptionTranslator.java:258)
	at org.springframework.jdbc.support.AbstractFallbackSQLExceptionTranslator.translate(AbstractFallbackSQLExceptionTranslator.java:107)
	at org.mybatis.spring.MyBatisExceptionTranslator.translateExceptionIfPossible(MyBatisExceptionTranslator.java:92)
	at org.mybatis.spring.SqlSessionTemplate$SqlSessionInterceptor.invoke(SqlSessionTemplate.java:439)
	at jdk.proxy2/jdk.proxy2.$Proxy149.insert(Unknown Source)
	at org.mybatis.spring.SqlSessionTemplate.insert(SqlSessionTemplate.java:272)
	at org.apache.ibatis.binding.MapperMethod.execute(MapperMethod.java:62)
	at org.apache.ibatis.binding.MapperProxy$PlainMethodInvoker.invoke(MapperProxy.java:141)
	at org.apache.ibatis.binding.MapperProxy.invoke(MapperProxy.java:86)
	at com.example.oulearning.budgeting.infrastructure.persistence.$Proxy154.insert(Unknown Source)
	at com.example.oulearning.budgeting.infrastructure.persistence.MyBatisBudgetRepository.save(MyBatisBudgetRepository.java:38)
	at com.example.oulearning.budgeting.infrastructure.persistence.MyBatisBudgetRepositoryIT.givenValidBudget_whenSaving_thenCanBeRetrieved(MyBatisBudgetRepositoryIT.java:67)
	at java.base/java.lang.reflect.Method.invoke(Method.java:565)
	at java.base/java.util.ArrayList.forEach(ArrayList.java:1604)
	at java.base/java.util.ArrayList.forEach(ArrayList.java:1604)
Caused by: java.sql.SQLIntegrityConstraintViolationException: ORA-02291: integrity constraint (TEST.FK_BUDGET_OU) violated - parent key not found

https://docs.oracle.com/error-help/db/ora-02291/
	at oracle.jdbc.driver.T4CTTIoer11.processError(T4CTTIoer11.java:709)
	at oracle.jdbc.driver.T4CTTIoer11.processError(T4CTTIoer11.java:609)
	at oracle.jdbc.driver.T4C8Oall.processError(T4C8Oall.java:1347)
	at oracle.jdbc.driver.T4CTTIfun.receive(T4CTTIfun.java:1100)
	at oracle.jdbc.driver.T4CTTIfun.doRPC(T4CTTIfun.java:408)
	at oracle.jdbc.driver.T4C8Oall.doOALL(T4C8Oall.java:499)
	at oracle.jdbc.driver.T4CPreparedStatement.doOall8(T4CPreparedStatement.java:274)
	at oracle.jdbc.driver.T4CPreparedStatement.executeForRows(T4CPreparedStatement.java:1484)
	at oracle.jdbc.driver.OracleStatement.executeSQLStatement(OracleStatement.java:2008)
	at oracle.jdbc.driver.OracleStatement.doExecuteWithTimeout(OracleStatement.java:1621)
	at oracle.jdbc.driver.OraclePreparedStatement.executeInternal(OraclePreparedStatement.java:3955)
	at oracle.jdbc.driver.OraclePreparedStatement.doExecute(OraclePreparedStatement.java:4422)
	at oracle.jdbc.driver.OraclePreparedStatement.execute(OraclePreparedStatement.java:4408)
	at oracle.jdbc.driver.OraclePreparedStatementWrapper.execute(OraclePreparedStatementWrapper.java:1015)
	at com.zaxxer.hikari.pool.ProxyPreparedStatement.execute(ProxyPreparedStatement.java:44)
	at com.zaxxer.hikari.pool.HikariProxyPreparedStatement.execute(HikariProxyPreparedStatement.java)
	at org.apache.ibatis.executor.statement.PreparedStatementHandler.update(PreparedStatementHandler.java:48)
	at org.apache.ibatis.executor.statement.RoutingStatementHandler.update(RoutingStatementHandler.java:75)
	at org.apache.ibatis.executor.SimpleExecutor.doUpdate(SimpleExecutor.java:50)
	at org.apache.ibatis.executor.BaseExecutor.update(BaseExecutor.java:117)
	at org.apache.ibatis.executor.CachingExecutor.update(CachingExecutor.java:76)
	at org.apache.ibatis.session.defaults.DefaultSqlSession.update(DefaultSqlSession.java:197)
	at org.apache.ibatis.session.defaults.DefaultSqlSession.insert(DefaultSqlSession.java:184)
	at java.base/jdk.internal.reflect.DirectMethodHandleAccessor.invoke(DirectMethodHandleAccessor.java:104)
	at java.base/java.lang.reflect.Method.invoke(Method.java:565)
	at org.mybatis.spring.SqlSessionTemplate$SqlSessionInterceptor.invoke(SqlSessionTemplate.java:425)
	... 11 more
Caused by: Error : 2291, Position : 0, SQL = INSERT INTO budget (id, organizational_unit_id, fiscal_year, total_amount, reserved_amount, available_amount, active) VALUES (:1 , :2 , :3 , :4 , :5 , :6 , :7 ) RETURNING id INTO :8  [SQL INCLUDES EXPRESSIONS ADDED BY THE ORACLE JDBC DRIVER], Original SQL = INSERT INTO budget (id, organizational_unit_id, fiscal_year, total_amount, reserved_amount, available_amount, active) VALUES (?, ?, ?, ?, ?, ?, ?) RETURNING id INTO ?, Error Message = ORA-02291: integrity constraint (TEST.FK_BUDGET_OU) violated - parent key not found

	at oracle.jdbc.driver.T4CTTIoer11.processError(T4CTTIoer11.java:717)
	... 36 more

[INFO] Running com.example.oulearning.budgeting.BudgetingWorkflowIT
2026-08-27T17:45:37.073+01:00  INFO 74676 --- [oulearning] [           main] t.c.s.AnnotationConfigContextLoaderUtils : Could not detect default configuration classes for test class [com.example.oulearning.budgeting.BudgetingWorkflowIT]: BudgetingWorkflowIT does not declare any static, non-private, non-final, nested classes annotated with @Configuration.
2026-08-27T17:45:37.090+01:00  INFO 74676 --- [oulearning] [           main] .b.t.c.SpringBootTestContextBootstrapper : Found @SpringBootConfiguration com.example.oulearning.OulearningApplication for test class com.example.oulearning.budgeting.BudgetingWorkflowIT
2026-08-27T17:45:37.092+01:00  INFO 74676 --- [oulearning] [           main] t.gvenzl/oracle-free:23-slim-faststart   : Creating container for image: gvenzl/oracle-free:23-slim-faststart
2026-08-27T17:45:37.148+01:00  INFO 74676 --- [oulearning] [           main] t.gvenzl/oracle-free:23-slim-faststart   : Container gvenzl/oracle-free:23-slim-faststart is starting: f0cd4e254a5e38f67e12e340425cf1e793fc7af6da187fda585669b7e725c839
2026-08-27T17:45:37.849+01:00  INFO 74676 --- [oulearning] [onnection adder] oracle.jdbc                              : entering args (oracle.jdbc.internal.AbstractConnectionBuilder$1@515c1be8)
2026-08-27T17:45:37.849+01:00  INFO 74676 --- [oulearning] [onnection adder] oracle.jdbc                              : traceId=177C94F8. 
2026-08-27T17:45:37.849+01:00  INFO 74676 --- [oulearning] [onnection adder] oracle.jdbc                              : Session Attributes: 
sdu=8192, tdu=2097152
nt: host=localhost, port=62155, socketOptions={0=YES, 1=NO, 17=0, 18=false, 2=30000, 20=true, 38=TLS, 23=40, 24=50, 40=false, 25=0}
    socket=null
client profile={oracle.net.encryption_types_client=(), oracle.net.crypto_seed=, oracle.net.authentication_services=(), oracle.net.setFIPSMode=false, oracle.net.kerberos5_mutual_authentication=false, oracle.net.encryption_client=ACCEPTED, oracle.net.crypto_checksum_client=ACCEPTED, oracle.net.crypto_checksum_types_client=()}
onBreakReset=false, dataEOF=false, negotiatedOptions=0x0, connected=false
TTIINIT enabled=false, TTC cookie enabled=false

2026-08-27T17:45:37.849+01:00  INFO 74676 --- [oulearning] [onnection adder] oracle.jdbc                              : traceId=177C94F8, anoEnabled=true. 
2026-08-27T17:45:37.849+01:00  INFO 74676 --- [oulearning] [onnection adder] oracle.jdbc                              : Got Refused, SessionTraceId = 177C94F8
2026-08-27T17:45:37.849+01:00  INFO 74676 --- [oulearning] [onnection adder] oracle.jdbc                              : Outbound interrupt timer cancelled null
2026-08-27T17:45:37.849+01:00  INFO 74676 --- [oulearning] [onnection adder] oracle.jdbc                              : throwing

java.sql.SQLRecoverableException: ORA-12514: Cannot connect to database. Service FREEPDB1 is not registered with the listener at host localhost port 62155. (CONNECTION_ID=t0EQdCPmTNu9gxySJvqrcg==)
https://docs.oracle.com/error-help/db/ora-12514/
	at oracle.jdbc.driver.T4CConnection.handleLogonNetException(T4CConnection.java:1617) ~[ojdbc11-23.5.0.24.07.jar:23.5.0.24.07]
	at oracle.jdbc.driver.T4CConnection.logon(T4CConnection.java:1139) ~[ojdbc11-23.5.0.24.07.jar:23.5.0.24.07]
	at oracle.jdbc.driver.PhysicalConnection.connect(PhysicalConnection.java:1206) ~[ojdbc11-23.5.0.24.07.jar:23.5.0.24.07]
	at oracle.jdbc.driver.T4CDriverExtension.getConnection(T4CDriverExtension.java:105) ~[ojdbc11-23.5.0.24.07.jar:23.5.0.24.07]
	at oracle.jdbc.driver.OracleDriver.connect(OracleDriver.java:886) ~[ojdbc11-23.5.0.24.07.jar:23.5.0.24.07]
	at oracle.jdbc.driver.OracleDriver.connect(OracleDriver.java:693) ~[ojdbc11-23.5.0.24.07.jar:23.5.0.24.07]
	at com.zaxxer.hikari.util.DriverDataSource.getConnection(DriverDataSource.java:137) ~[HikariCP-5.1.0.jar:na]
	at com.zaxxer.hikari.pool.PoolBase.newConnection(PoolBase.java:360) ~[HikariCP-5.1.0.jar:na]
	at com.zaxxer.hikari.pool.PoolBase.newPoolEntry(PoolBase.java:202) ~[HikariCP-5.1.0.jar:na]
	at com.zaxxer.hikari.pool.HikariPool.createPoolEntry(HikariPool.java:461) ~[HikariCP-5.1.0.jar:na]
	at com.zaxxer.hikari.pool.HikariPool$PoolEntryCreator.call(HikariPool.java:724) ~[HikariCP-5.1.0.jar:na]
	at com.zaxxer.hikari.pool.HikariPool$PoolEntryCreator.call(HikariPool.java:703) ~[HikariCP-5.1.0.jar:na]
	at java.base/java.util.concurrent.FutureTask.run(FutureTask.java:328) ~[na:na]
	at java.base/java.util.concurrent.ThreadPoolExecutor.runWorker(ThreadPoolExecutor.java:1090) ~[na:na]
	at java.base/java.util.concurrent.ThreadPoolExecutor$Worker.run(ThreadPoolExecutor.java:614) ~[na:na]
	at java.base/java.lang.Thread.run(Thread.java:1474) ~[na:na]
Caused by: oracle.net.ns.NetException: ORA-12514: Cannot connect to database. Service FREEPDB1 is not registered with the listener at host localhost port 62155. (CONNECTION_ID=t0EQdCPmTNu9gxySJvqrcg==)
https://docs.oracle.com/error-help/db/ora-12514/
	at oracle.net.ns.NSProtocolNIO.createRefusePacketException(NSProtocolNIO.java:915) ~[ojdbc11-23.5.0.24.07.jar:23.5.0.24.07]
	at oracle.net.ns.NSProtocolNIO.handleConnectPacketResponse(NSProtocolNIO.java:461) ~[ojdbc11-23.5.0.24.07.jar:23.5.0.24.07]
	at oracle.net.ns.NSProtocolNIO.negotiateConnection(NSProtocolNIO.java:269) ~[ojdbc11-23.5.0.24.07.jar:23.5.0.24.07]
	at oracle.net.ns.NSProtocol.connect(NSProtocol.java:352) ~[ojdbc11-23.5.0.24.07.jar:23.5.0.24.07]
	at oracle.jdbc.driver.T4CConnection.connectNetworkSessionProtocol(T4CConnection.java:3419) ~[ojdbc11-23.5.0.24.07.jar:23.5.0.24.07]
	at oracle.jdbc.driver.T4CConnection.logon(T4CConnection.java:1018) ~[ojdbc11-23.5.0.24.07.jar:23.5.0.24.07]
	... 14 common frames omitted

2026-08-27T17:45:37.850+01:00  INFO 74676 --- [oulearning] [onnection adder] oracle.jdbc                              : properties={LOCALE=en_US, DriverVersion=23.5.0.24.07, java.library.path: =/Users/erik/Library/Java/Extensions:/Library/Java/Extensions:/Network/Library/Java/Extensions:/System/Library/Java/Extensions:/usr/lib/java:., java.class.path: =/Users/erik/dev/oulearning/target/test-classes:/Users/erik/dev/oulearning/target/classes:/Users/erik/.m2/repository/org/springframework/boot/spring-boot-starter-data-jpa/3.4.0/spring-boot-starter-data-jpa-3.4.0.jar:/Users/erik/.m2/repository/org/springframework/boot/spring-boot-starter-jdbc/3.4.0/spring-boot-starter-jdbc-3.4.0.jar:/Users/erik/.m2/repository/com/zaxxer/HikariCP/5.1.0/HikariCP-5.1.0.jar:/Users/erik/.m2/repository/org/springframework/spring-jdbc/6.2.0/spring-jdbc-6.2.0.jar:/Users/erik/.m2/repository/org/hibernate/orm/hibernate-core/6.6.2.Final/hibernate-core-6.6.2.Final.jar:/Users/erik/.m2/repository/jakarta/persistence/jakarta.persistence-api/3.1.0/jakarta.persistence-api-3.1.0.jar:/Users/erik/.m2/repository/jakarta/transaction/jakarta.transaction-api/2.0.1/jakarta.transaction-api-2.0.1.jar:/Users/erik/.m2/repository/org/jboss/logging/jboss-logging/3.6.1.Final/jboss-logging-3.6.1.Final.jar:/Users/erik/.m2/repository/org/hibernate/common/hibernate-commons-annotations/7.0.3.Final/hibernate-commons-annotations-7.0.3.Final.jar:/Users/erik/.m2/repository/io/smallrye/jandex/3.2.0/jandex-3.2.0.jar:/Users/erik/.m2/repository/com/fasterxml/classmate/1.7.0/classmate-1.7.0.jar:/Users/erik/.m2/repository/net/bytebuddy/byte-buddy/1.15.10/byte-buddy-1.15.10.jar:/Users/erik/.m2/repository/org/glassfish/jaxb/jaxb-runtime/4.0.5/jaxb-runtime-4.0.5.jar:/Users/erik/.m2/repository/org/glassfish/jaxb/jaxb-core/4.0.5/jaxb-core-4.0.5.jar:/Users/erik/.m2/repository/org/eclipse/angus/angus-activation/2.0.2/angus-activation-2.0.2.jar:/Users/erik/.m2/repository/org/glassfish/jaxb/txw2/4.0.5/txw2-4.0.5.jar:/Users/erik/.m2/repository/com/sun/istack/istack-commons-runtime/4.1.2/istack-commons-runtime-4.1.2.jar:/Users/erik/.m2/repository/jakarta/inject/jakarta.inject-api/2.0.1/jakarta.inject-api-2.0.1.jar:/Users/erik/.m2/repository/org/antlr/antlr4-runtime/4.13.0/antlr4-runtime-4.13.0.jar:/Users/erik/.m2/repository/org/springframework/data/spring-data-jpa/3.4.0/spring-data-jpa-3.4.0.jar:/Users/erik/.m2/repository/org/springframework/data/spring-data-commons/3.4.0/spring-data-commons-3.4.0.jar:/Users/erik/.m2/repository/org/springframework/spring-orm/6.2.0/spring-orm-6.2.0.jar:/Users/erik/.m2/repository/org/springframework/spring-context/6.2.0/spring-context-6.2.0.jar:/Users/erik/.m2/repository/org/springframework/spring-aop/6.2.0/spring-aop-6.2.0.jar:/Users/erik/.m2/repository/org/springframework/spring-tx/6.2.0/spring-tx-6.2.0.jar:/Users/erik/.m2/repository/org/springframework/spring-beans/6.2.0/spring-beans-6.2.0.jar:/Users/erik/.m2/repository/org/slf4j/slf4j-api/2.0.16/slf4j-api-2.0.16.jar:/Users/erik/.m2/repository/org/springframework/spring-aspects/6.2.0/spring-aspects-6.2.0.jar:/Users/erik/.m2/repository/org/aspectj/aspectjweaver/1.9.22.1/aspectjweaver-1.9.22.1.jar:/Users/erik/.m2/repository/org/flywaydb/flyway-core/10.20.1/flyway-core-10.20.1.jar:/Users/erik/.m2/repository/com/fasterxml/jackson/dataformat/jackson-dataformat-toml/2.18.1/jackson-dataformat-toml-2.18.1.jar:/Users/erik/.m2/repository/com/fasterxml/jackson/core/jackson-core/2.18.1/jackson-core-2.18.1.jar:/Users/erik/.m2/repository/com/fasterxml/jackson/datatype/jackson-datatype-jsr310/2.18.1/jackson-datatype-jsr310-2.18.1.jar:/Users/erik/.m2/repository/com/fasterxml/jackson/core/jackson-annotations/2.18.1/jackson-annotations-2.18.1.jar:/Users/erik/.m2/repository/org/flywaydb/flyway-database-oracle/10.20.1/flyway-database-oracle-10.20.1.jar:/Users/erik/.m2/repository/com/oracle/database/jdbc/ojdbc11/23.5.0.24.07/ojdbc11-23.5.0.24.07.jar:/Users/erik/.m2/repository/org/springframework/boot/spring-boot-starter/3.4.0/spring-boot-starter-3.4.0.jar:/Users/erik/.m2/repository/org/springframework/boot/spring-boot/3.4.0/spring-boot-3.4.0.jar:/Users/erik/.m2/repository/org/springframework/boot/spring-boot-autoconfigure/3.4.0/spring-boot-autoconfigure-3.4.0.jar:/Users/erik/.m2/repository/org/springframework/boot/spring-boot-starter-logging/3.4.0/spring-boot-starter-logging-3.4.0.jar:/Users/erik/.m2/repository/ch/qos/logback/logback-classic/1.5.12/logback-classic-1.5.12.jar:/Users/erik/.m2/repository/ch/qos/logback/logback-core/1.5.12/logback-core-1.5.12.jar:/Users/erik/.m2/repository/org/apache/logging/log4j/log4j-to-slf4j/2.24.1/log4j-to-slf4j-2.24.1.jar:/Users/erik/.m2/repository/org/apache/logging/log4j/log4j-api/2.24.1/log4j-api-2.24.1.jar:/Users/erik/.m2/repository/org/slf4j/jul-to-slf4j/2.0.16/jul-to-slf4j-2.0.16.jar:/Users/erik/.m2/repository/jakarta/annotation/jakarta.annotation-api/2.1.1/jakarta.annotation-api-2.1.1.jar:/Users/erik/.m2/repository/org/springframework/spring-core/6.2.0/spring-core-6.2.0.jar:/Users/erik/.m2/repository/org/springframework/spring-jcl/6.2.0/spring-jcl-6.2.0.jar:/Users/erik/.m2/repository/org/yaml/snakeyaml/2.3/snakeyaml-2.3.jar:/Users/erik/.m2/repository/org/mybatis/spring/boot/mybatis-spring-boot-starter/3.0.3/mybatis-spring-boot-starter-3.0.3.jar:/Users/erik/.m2/repository/org/mybatis/spring/boot/mybatis-spring-boot-autoconfigure/3.0.3/mybatis-spring-boot-autoconfigure-3.0.3.jar:/Users/erik/.m2/repository/org/mybatis/mybatis/3.5.14/mybatis-3.5.14.jar:/Users/erik/.m2/repository/org/mybatis/mybatis-spring/3.0.3/mybatis-spring-3.0.3.jar:/Users/erik/.m2/repository/org/mybatis/spring/boot/mybatis-spring-boot-starter-test/3.0.3/mybatis-spring-boot-starter-test-3.0.3.jar:/Users/erik/.m2/repository/org/mybatis/spring/boot/mybatis-spring-boot-test-autoconfigure/3.0.3/mybatis-spring-boot-test-autoconfigure-3.0.3.jar:/Users/erik/.m2/repository/org/springframework/boot/spring-boot-starter-web/3.4.0/spring-boot-starter-web-3.4.0.jar:/Users/erik/.m2/repository/org/springframework/boot/spring-boot-starter-json/3.4.0/spring-boot-starter-json-3.4.0.jar:/Users/erik/.m2/repository/com/fasterxml/jackson/datatype/jackson-datatype-jdk8/2.18.1/jackson-datatype-jdk8-2.18.1.jar:/Users/erik/.m2/repository/com/fasterxml/jackson/module/jackson-module-parameter-names/2.18.1/jackson-module-parameter-names-2.18.1.jar:/Users/erik/.m2/repository/org/springframework/boot/spring-boot-starter-tomcat/3.4.0/spring-boot-starter-tomcat-3.4.0.jar:/Users/erik/.m2/repository/org/apache/tomcat/embed/tomcat-embed-core/10.1.33/tomcat-embed-core-10.1.33.jar:/Users/erik/.m2/repository/org/apache/tomcat/embed/tomcat-embed-websocket/10.1.33/tomcat-embed-websocket-10.1.33.jar:/Users/erik/.m2/repository/org/springframework/spring-web/6.2.0/spring-web-6.2.0.jar:/Users/erik/.m2/repository/io/micrometer/micrometer-observation/1.14.1/micrometer-observation-1.14.1.jar:/Users/erik/.m2/repository/io/micrometer/micrometer-commons/1.14.1/micrometer-commons-1.14.1.jar:/Users/erik/.m2/repository/org/springframework/spring-webmvc/6.2.0/spring-webmvc-6.2.0.jar:/Users/erik/.m2/repository/org/springframework/spring-expression/6.2.0/spring-expression-6.2.0.jar:/Users/erik/.m2/repository/org/springframework/boot/spring-boot-starter-validation/3.4.0/spring-boot-starter-validation-3.4.0.jar:/Users/erik/.m2/repository/org/apache/tomcat/embed/tomcat-embed-el/10.1.33/tomcat-embed-el-10.1.33.jar:/Users/erik/.m2/repository/org/hibernate/validator/hibernate-validator/8.0.1.Final/hibernate-validator-8.0.1.Final.jar:/Users/erik/.m2/repository/jakarta/validation/jakarta.validation-api/3.0.2/jakarta.validation-api-3.0.2.jar:/Users/erik/.m2/repository/io/swagger/core/v3/swagger-annotations/2.2.22/swagger-annotations-2.2.22.jar:/Users/erik/.m2/repository/org/openapitools/jackson-databind-nullable/0.2.6/jackson-databind-nullable-0.2.6.jar:/Users/erik/.m2/repository/com/fasterxml/jackson/core/jackson-databind/2.18.1/jackson-databind-2.18.1.jar:/Users/erik/.m2/repository/org/javamoney/moneta/moneta-core/1.4.4/moneta-core-1.4.4.jar:/Users/erik/.m2/repository/javax/money/money-api/1.1/money-api-1.1.jar:/Users/erik/.m2/repository/com/squareup/okhttp3/okhttp/4.12.0/okhttp-4.12.0.jar:/Users/erik/.m2/repository/com/squareup/okio/okio/3.6.0/okio-3.6.0.jar:/Users/erik/.m2/repository/com/squareup/okio/okio-jvm/3.6.0/okio-jvm-3.6.0.jar:/Users/erik/.m2/repository/org/jetbrains/kotlin/kotlin-stdlib-common/1.9.25/kotlin-stdlib-common-1.9.25.jar:/Users/erik/.m2/repository/org/jetbrains/kotlin/kotlin-stdlib-jdk8/1.9.25/kotlin-stdlib-jdk8-1.9.25.jar:/Users/erik/.m2/repository/org/jetbrains/kotlin/kotlin-stdlib/1.9.25/kotlin-stdlib-1.9.25.jar:/Users/erik/.m2/repository/org/jetbrains/kotlin/kotlin-stdlib-jdk7/1.9.25/kotlin-stdlib-jdk7-1.9.25.jar:/Users/erik/.m2/repository/org/springframework/boot/spring-boot-starter-test/3.4.0/spring-boot-starter-test-3.4.0.jar:/Users/erik/.m2/repository/org/springframework/boot/spring-boot-test/3.4.0/spring-boot-test-3.4.0.jar:/Users/erik/.m2/repository/org/springframework/boot/spring-boot-test-autoconfigure/3.4.0/spring-boot-test-autoconfigure-3.4.0.jar:/Users/erik/.m2/repository/com/jayway/jsonpath/json-path/2.9.0/json-path-2.9.0.jar:/Users/erik/.m2/repository/jakarta/xml/bind/jakarta.xml.bind-api/4.0.2/jakarta.xml.bind-api-4.0.2.jar:/Users/erik/.m2/repository/jakarta/activation/jakarta.activation-api/2.1.3/jakarta.activation-api-2.1.3.jar:/Users/erik/.m2/repository/net/minidev/json-smart/2.5.1/json-smart-2.5.1.jar:/Users/erik/.m2/repository/net/minidev/accessors-smart/2.5.1/accessors-smart-2.5.1.jar:/Users/erik/.m2/repository/org/ow2/asm/asm/9.6/asm-9.6.jar:/Users/erik/.m2/repository/org/assertj/assertj-core/3.26.3/assertj-core-3.26.3.jar:/Users/erik/.m2/repository/org/awaitility/awaitility/4.2.2/awaitility-4.2.2.jar:/Users/erik/.m2/repository/org/hamcrest/hamcrest/2.2/hamcrest-2.2.jar:/Users/erik/.m2/repository/org/junit/jupiter/junit-jupiter/5.11.3/junit-jupiter-5.11.3.jar:/Users/erik/.m2/repository/org/junit/jupiter/junit-jupiter-api/5.11.3/junit-jupiter-api-5.11.3.jar:/Users/erik/.m2/repository/org/opentest4j/opentest4j/1.3.0/opentest4j-1.3.0.jar:/Users/erik/.m2/repository/org/junit/platform/junit-platform-commons/1.11.3/junit-platform-commons-1.11.3.jar:/Users/erik/.m2/repository/org/apiguardian/apiguardian-api/1.1.2/apiguardian-api-1.1.2.jar:/Users/erik/.m2/repository/org/junit/jupiter/junit-jupiter-params/5.11.3/junit-jupiter-params-5.11.3.jar:/Users/erik/.m2/repository/org/junit/jupiter/junit-jupiter-engine/5.11.3/junit-jupiter-engine-5.11.3.jar:/Users/erik/.m2/repository/org/junit/platform/junit-platform-engine/1.11.3/junit-platform-engine-1.11.3.jar:/Users/erik/.m2/repository/org/mockito/mockito-core/5.14.2/mockito-core-5.14.2.jar:/Users/erik/.m2/repository/net/bytebuddy/byte-buddy-agent/1.15.10/byte-buddy-agent-1.15.10.jar:/Users/erik/.m2/repository/org/objenesis/objenesis/3.3/objenesis-3.3.jar:/Users/erik/.m2/repository/org/mockito/mockito-junit-jupiter/5.14.2/mockito-junit-jupiter-5.14.2.jar:/Users/erik/.m2/repository/org/skyscreamer/jsonassert/1.5.3/jsonassert-1.5.3.jar:/Users/erik/.m2/repository/com/vaadin/external/google/android-json/0.0.20131108.vaadin1/android-json-0.0.20131108.vaadin1.jar:/Users/erik/.m2/repository/org/springframework/spring-test/6.2.0/spring-test-6.2.0.jar:/Users/erik/.m2/repository/org/xmlunit/xmlunit-core/2.10.0/xmlunit-core-2.10.0.jar:/Users/erik/.m2/repository/org/springframework/boot/spring-boot-testcontainers/3.4.0/spring-boot-testcontainers-3.4.0.jar:/Users/erik/.m2/repository/org/testcontainers/testcontainers/1.20.4/testcontainers-1.20.4.jar:/Users/erik/.m2/repository/junit/junit/4.13.2/junit-4.13.2.jar:/Users/erik/.m2/repository/org/hamcrest/hamcrest-core/2.2/hamcrest-core-2.2.jar:/Users/erik/.m2/repository/org/apache/commons/commons-compress/1.24.0/commons-compress-1.24.0.jar:/Users/erik/.m2/repository/org/rnorth/duct-tape/duct-tape/1.0.8/duct-tape-1.0.8.jar:/Users/erik/.m2/repository/org/jetbrains/annotations/17.0.0/annotations-17.0.0.jar:/Users/erik/.m2/repository/com/github/docker-java/docker-java-api/3.4.0/docker-java-api-3.4.0.jar:/Users/erik/.m2/repository/com/github/docker-java/docker-java-transport-zerodep/3.4.0/docker-java-transport-zerodep-3.4.0.jar:/Users/erik/.m2/repository/com/github/docker-java/docker-java-transport/3.4.0/docker-java-transport-3.4.0.jar:/Users/erik/.m2/repository/net/java/dev/jna/jna/5.13.0/jna-5.13.0.jar:/Users/erik/.m2/repository/org/testcontainers/oracle-xe/1.20.4/oracle-xe-1.20.4.jar:/Users/erik/.m2/repository/org/testcontainers/jdbc/1.20.4/jdbc-1.20.4.jar:/Users/erik/.m2/repository/org/testcontainers/database-commons/1.20.4/database-commons-1.20.4.jar:/Users/erik/.m2/repository/org/testcontainers/junit-jupiter/1.20.4/junit-jupiter-1.20.4.jar:/Users/erik/.m2/repository/org/instancio/instancio-junit/5.4.0/instancio-junit-5.4.0.jar:/Users/erik/.m2/repository/org/instancio/instancio-core/5.4.0/instancio-core-5.4.0.jar:/Users/erik/.m2/repository/com/tngtech/archunit/archunit-junit5/1.4.0/archunit-junit5-1.4.0.jar:/Users/erik/.m2/repository/com/tngtech/archunit/archunit-junit5-api/1.4.0/archunit-junit5-api-1.4.0.jar:/Users/erik/.m2/repository/com/tngtech/archunit/archunit/1.4.0/archunit-1.4.0.jar:/Users/erik/.m2/repository/com/tngtech/archunit/archunit-junit5-engine/1.4.0/archunit-junit5-engine-1.4.0.jar:/Users/erik/.m2/repository/com/tngtech/archunit/archunit-junit5-engine-api/1.4.0/archunit-junit5-engine-api-1.4.0.jar:, java.version: =25.0.3}. 
2026-08-27T17:45:46.096+01:00  INFO 74676 --- [oulearning] [           main] t.gvenzl/oracle-free:23-slim-faststart   : Container gvenzl/oracle-free:23-slim-faststart started in PT9.003936S

  .   ____          _            __ _ _
 /\\ / ___'_ __ _ _(_)_ __  __ _ \ \ \ \
( ( )\___ | '_ | '_| | '_ \/ _` | \ \ \ \
 \\/  ___)| |_)| | | | | || (_| |  ) ) ) )
  '  |____| .__|_| |_|_| |_\__, | / / / /
 =========|_|==============|___/=/_/_/_/

 :: Spring Boot ::                (v3.4.0)

2026-08-27T17:45:46.109+01:00  INFO 74676 --- [oulearning] [           main] c.e.o.budgeting.BudgetingWorkflowIT      : Starting BudgetingWorkflowIT using Java 25.0.3 with PID 74676 (started by erik in /Users/erik/dev/oulearning)
2026-08-27T17:45:46.109+01:00  INFO 74676 --- [oulearning] [           main] c.e.o.budgeting.BudgetingWorkflowIT      : No active profile set, falling back to 1 default profile: "default"
2026-08-27T17:45:46.216+01:00  INFO 74676 --- [oulearning] [           main] .s.d.r.c.RepositoryConfigurationDelegate : Bootstrapping Spring Data JPA repositories in DEFAULT mode.
2026-08-27T17:45:46.228+01:00  INFO 74676 --- [oulearning] [           main] .s.d.r.c.RepositoryConfigurationDelegate : Finished Spring Data repository scanning in 10 ms. Found 0 JPA repository interfaces.
2026-08-27T17:45:46.281+01:00  INFO 74676 --- [oulearning] [           main] o.s.b.w.embedded.tomcat.TomcatWebServer  : Tomcat initialized with port 0 (http)
2026-08-27T17:45:46.282+01:00  INFO 74676 --- [oulearning] [           main] o.apache.catalina.core.StandardService   : Starting service [Tomcat]
2026-08-27T17:45:46.282+01:00  INFO 74676 --- [oulearning] [           main] o.apache.catalina.core.StandardEngine    : Starting Servlet engine: [Apache Tomcat/10.1.33]
2026-08-27T17:45:46.291+01:00  INFO 74676 --- [oulearning] [           main] o.a.c.c.C.[Tomcat-2].[localhost].[/]     : Initializing Spring embedded WebApplicationContext
2026-08-27T17:45:46.291+01:00  INFO 74676 --- [oulearning] [           main] w.s.c.ServletWebServerApplicationContext : Root WebApplicationContext: initialization completed in 181 ms
2026-08-27T17:45:46.400+01:00  INFO 74676 --- [oulearning] [           main] org.flywaydb.core.FlywayExecutor         : Database: jdbc:oracle:thin:@localhost:62200/FREEPDB1 (Oracle 23.26)
2026-08-27T17:45:46.444+01:00  WARN 74676 --- [oulearning] [           main] o.f.c.internal.database.base.Database    : Flyway upgrade recommended: Oracle 23.26 is newer than this version of Flyway and support has not been tested. The latest supported version of Oracle is 21.3.
2026-08-27T17:45:46.560+01:00  INFO 74676 --- [oulearning] [           main] o.f.c.i.s.JdbcTableSchemaHistory         : Schema history table "TEST"."flyway_schema_history" does not exist yet
2026-08-27T17:45:46.560+01:00  INFO 74676 --- [oulearning] [           main] o.f.core.internal.command.DbValidate     : Successfully validated 3 migrations (execution time 00:00.111s)
2026-08-27T17:45:47.271+01:00  INFO 74676 --- [oulearning] [           main] o.f.c.i.s.JdbcTableSchemaHistory         : Creating Schema History table "TEST"."flyway_schema_history" ...
2026-08-27T17:45:47.544+01:00  INFO 74676 --- [oulearning] [           main] o.f.core.internal.command.DbMigrate      : Current version of schema "TEST": << Empty Schema >>
2026-08-27T17:45:47.548+01:00  INFO 74676 --- [oulearning] [           main] o.f.core.internal.command.DbMigrate      : Migrating schema "TEST" to version "202608241431 - initial schema"
2026-08-27T17:45:48.317+01:00  INFO 74676 --- [oulearning] [           main] o.f.core.internal.command.DbMigrate      : Migrating schema "TEST" to version "202608251000 - add active column"
2026-08-27T17:45:48.443+01:00  INFO 74676 --- [oulearning] [           main] o.f.core.internal.command.DbMigrate      : Migrating schema "TEST" to version "202608251220 - normalize external provider"
2026-08-27T17:45:48.951+01:00  INFO 74676 --- [oulearning] [           main] o.f.core.internal.command.DbMigrate      : Successfully applied 3 migrations to schema "TEST", now at version v202608251220 (execution time 00:00.790s)
2026-08-27T17:45:48.982+01:00  INFO 74676 --- [oulearning] [           main] o.hibernate.jpa.internal.util.LogHelper  : HHH000204: Processing PersistenceUnitInfo [name: default]
2026-08-27T17:45:48.984+01:00  INFO 74676 --- [oulearning] [           main] o.h.c.internal.RegionFactoryInitiator    : HHH000026: Second-level cache disabled
2026-08-27T17:45:48.990+01:00  INFO 74676 --- [oulearning] [           main] o.s.o.j.p.SpringPersistenceUnitInfo      : No LoadTimeWeaver setup: ignoring JPA class transformer
2026-08-27T17:45:48.990+01:00  INFO 74676 --- [oulearning] [           main] com.zaxxer.hikari.HikariDataSource       : HikariPool-8 - Starting...
2026-08-27T17:45:49.059+01:00  INFO 74676 --- [oulearning] [           main] com.zaxxer.hikari.pool.HikariPool        : HikariPool-8 - Added connection oracle.jdbc.driver.T4CConnection@22e2ef57
2026-08-27T17:45:49.059+01:00  INFO 74676 --- [oulearning] [           main] com.zaxxer.hikari.HikariDataSource       : HikariPool-8 - Start completed.
2026-08-27T17:45:49.070+01:00  WARN 74676 --- [oulearning] [           main] org.hibernate.orm.deprecation            : HHH90000025: OracleDialect does not need to be specified explicitly using 'hibernate.dialect' (remove the property setting and it will be selected by default)
2026-08-27T17:45:49.080+01:00  INFO 74676 --- [oulearning] [           main] org.hibernate.orm.connections.pooling    : HHH10001005: Database info:
	Database JDBC URL [Connecting through datasource 'HikariDataSource (HikariPool-8)']
	Database driver: undefined/unknown
	Database version: 23.26
	Autocommit mode: undefined/unknown
	Isolation level: undefined/unknown
	Minimum pool size: undefined/unknown
	Maximum pool size: undefined/unknown
2026-08-27T17:45:49.099+01:00  INFO 74676 --- [oulearning] [           main] o.h.e.t.j.p.i.JtaPlatformInitiator       : HHH000489: No JTA platform available (set 'hibernate.transaction.jta.platform' to enable JTA platform integration)
2026-08-27T17:45:49.099+01:00  INFO 74676 --- [oulearning] [           main] j.LocalContainerEntityManagerFactoryBean : Initialized JPA EntityManagerFactory for persistence unit 'default'
2026-08-27T17:45:49.166+01:00  WARN 74676 --- [oulearning] [           main] JpaBaseConfiguration$JpaWebConfiguration : spring.jpa.open-in-view is enabled by default. Therefore, database queries may be performed during view rendering. Explicitly configure spring.jpa.open-in-view to disable this warning
2026-08-27T17:45:49.236+01:00  INFO 74676 --- [oulearning] [           main] o.s.b.w.embedded.tomcat.TomcatWebServer  : Tomcat started on port 62242 (http) with context path '/'
2026-08-27T17:45:49.238+01:00  INFO 74676 --- [oulearning] [           main] c.e.o.budgeting.BudgetingWorkflowIT      : Started BudgetingWorkflowIT in 3.14 seconds (process running for 168.799)
2026-08-27T17:45:49.308+01:00  INFO 74676 --- [oulearning] [o-auto-3-exec-1] o.a.c.c.C.[Tomcat-2].[localhost].[/]     : Initializing Spring DispatcherServlet 'dispatcherServlet'
2026-08-27T17:45:49.308+01:00  INFO 74676 --- [oulearning] [o-auto-3-exec-1] o.s.web.servlet.DispatcherServlet        : Initializing Servlet 'dispatcherServlet'
2026-08-27T17:45:49.309+01:00  INFO 74676 --- [oulearning] [o-auto-3-exec-1] o.s.web.servlet.DispatcherServlet        : Completed initialization in 1 ms
2026-08-27T17:45:49.451+01:00  INFO 74676 --- [oulearning] [onnection adder] oracle.jdbc                              : entering args (oracle.jdbc.internal.AbstractConnectionBuilder$1@7814bfbb)
2026-08-27T17:45:49.451+01:00  INFO 74676 --- [oulearning] [onnection adder] oracle.jdbc                              : traceId=191CCE1B. 
2026-08-27T17:45:49.451+01:00  INFO 74676 --- [oulearning] [onnection adder] oracle.jdbc                              : Session Attributes: 
sdu=8192, tdu=2097152
nt: host=localhost, port=62200, socketOptions={0=YES, 1=NO, 17=0, 18=false, 2=30000, 20=true, 38=TLS, 23=40, 24=50, 40=false, 25=0}
    socket=null
client profile={oracle.net.encryption_types_client=(), oracle.net.crypto_seed=, oracle.net.authentication_services=(), oracle.net.setFIPSMode=false, oracle.net.kerberos5_mutual_authentication=false, oracle.net.encryption_client=ACCEPTED, oracle.net.crypto_checksum_client=ACCEPTED, oracle.net.crypto_checksum_types_client=()}
onBreakReset=false, dataEOF=false, negotiatedOptions=0x0, connected=false
TTIINIT enabled=false, TTC cookie enabled=false

2026-08-27T17:45:49.451+01:00  INFO 74676 --- [oulearning] [onnection adder] oracle.jdbc                              : traceId=191CCE1B, anoEnabled=true. 
2026-08-27T17:45:49.451+01:00  INFO 74676 --- [oulearning] [onnection adder] oracle.jdbc                              : Connection establishment failed due to IOException, will be trying with next available connect option.
2026-08-27T17:45:49.451+01:00  INFO 74676 --- [oulearning] [onnection adder] oracle.jdbc                              : Got Refused, SessionTraceId = 191CCE1B
2026-08-27T17:45:49.451+01:00  INFO 74676 --- [oulearning] [onnection adder] oracle.jdbc                              : Outbound interrupt timer cancelled null
2026-08-27T17:45:49.451+01:00  INFO 74676 --- [oulearning] [onnection adder] oracle.jdbc                              : Session Attributes: 
sdu=8192, tdu=2097152
nt: host=localhost, port=62200, socketOptions={0=YES, 1=NO, 17=0, 18=false, 2=30000, 20=true, 38=TLS, 23=40, 24=50, 40=false, 25=0}
    socket=null
client profile={oracle.net.encryption_types_client=(), oracle.net.crypto_seed=, oracle.net.authentication_services=(), oracle.net.setFIPSMode=false, oracle.net.kerberos5_mutual_authentication=false, oracle.net.encryption_client=ACCEPTED, oracle.net.crypto_checksum_client=ACCEPTED, oracle.net.crypto_checksum_types_client=()}
onBreakReset=false, dataEOF=false, negotiatedOptions=0x0, connected=false
TTIINIT enabled=false, TTC cookie enabled=false

2026-08-27T17:45:49.451+01:00  INFO 74676 --- [oulearning] [onnection adder] oracle.jdbc                              : Connection establishment failed due to IOException, will be trying with next available connect option.
2026-08-27T17:45:49.451+01:00  INFO 74676 --- [oulearning] [onnection adder] oracle.jdbc                              : Got Refused, SessionTraceId = 191CCE1B
2026-08-27T17:45:49.451+01:00  INFO 74676 --- [oulearning] [onnection adder] oracle.jdbc                              : Outbound interrupt timer cancelled null
2026-08-27T17:45:49.451+01:00  INFO 74676 --- [oulearning] [onnection adder] oracle.jdbc                              : throwing

java.sql.SQLRecoverableException: ORA-17002: I/O error: Connection reset, connect lapse 0 ms., Authentication lapse 0 ms.
https://docs.oracle.com/error-help/db/ora-17002/
	at oracle.jdbc.driver.T4CConnection.handleLogonIOException(T4CConnection.java:1660) ~[ojdbc11-23.5.0.24.07.jar:23.5.0.24.07]
	at oracle.jdbc.driver.T4CConnection.logon(T4CConnection.java:1142) ~[ojdbc11-23.5.0.24.07.jar:23.5.0.24.07]
	at oracle.jdbc.driver.PhysicalConnection.connect(PhysicalConnection.java:1206) ~[ojdbc11-23.5.0.24.07.jar:23.5.0.24.07]
	at oracle.jdbc.driver.T4CDriverExtension.getConnection(T4CDriverExtension.java:105) ~[ojdbc11-23.5.0.24.07.jar:23.5.0.24.07]
	at oracle.jdbc.driver.OracleDriver.connect(OracleDriver.java:886) ~[ojdbc11-23.5.0.24.07.jar:23.5.0.24.07]
	at oracle.jdbc.driver.OracleDriver.connect(OracleDriver.java:693) ~[ojdbc11-23.5.0.24.07.jar:23.5.0.24.07]
	at com.zaxxer.hikari.util.DriverDataSource.getConnection(DriverDataSource.java:137) ~[HikariCP-5.1.0.jar:na]
	at com.zaxxer.hikari.pool.PoolBase.newConnection(PoolBase.java:360) ~[HikariCP-5.1.0.jar:na]
	at com.zaxxer.hikari.pool.PoolBase.newPoolEntry(PoolBase.java:202) ~[HikariCP-5.1.0.jar:na]
	at com.zaxxer.hikari.pool.HikariPool.createPoolEntry(HikariPool.java:461) ~[HikariCP-5.1.0.jar:na]
	at com.zaxxer.hikari.pool.HikariPool$PoolEntryCreator.call(HikariPool.java:724) ~[HikariCP-5.1.0.jar:na]
	at com.zaxxer.hikari.pool.HikariPool$PoolEntryCreator.call(HikariPool.java:703) ~[HikariCP-5.1.0.jar:na]
	at java.base/java.util.concurrent.FutureTask.run(FutureTask.java:328) ~[na:na]
	at java.base/java.util.concurrent.ThreadPoolExecutor.runWorker(ThreadPoolExecutor.java:1090) ~[na:na]
	at java.base/java.util.concurrent.ThreadPoolExecutor$Worker.run(ThreadPoolExecutor.java:614) ~[na:na]
	at java.base/java.lang.Thread.run(Thread.java:1474) ~[na:na]
Caused by: java.io.IOException: Connection reset, connect lapse 0 ms., Authentication lapse 0 ms.
	at oracle.jdbc.driver.T4CConnection.handleLogonIOException(T4CConnection.java:1655) ~[ojdbc11-23.5.0.24.07.jar:23.5.0.24.07]
	... 15 common frames omitted
Caused by: java.io.IOException: Connection reset, connect lapse 0 ms.
	at oracle.net.ns.NSProtocolNIO.negotiateConnection(NSProtocolNIO.java:263) ~[ojdbc11-23.5.0.24.07.jar:23.5.0.24.07]
	at oracle.net.ns.NSProtocol.connect(NSProtocol.java:352) ~[ojdbc11-23.5.0.24.07.jar:23.5.0.24.07]
	at oracle.jdbc.driver.T4CConnection.connectNetworkSessionProtocol(T4CConnection.java:3419) ~[ojdbc11-23.5.0.24.07.jar:23.5.0.24.07]
	at oracle.jdbc.driver.T4CConnection.logon(T4CConnection.java:1018) ~[ojdbc11-23.5.0.24.07.jar:23.5.0.24.07]
	... 14 common frames omitted
Caused by: java.net.SocketException: Connection reset
	at java.base/sun.nio.ch.SocketChannelImpl.throwConnectionReset(SocketChannelImpl.java:399) ~[na:na]
	at java.base/sun.nio.ch.SocketChannelImpl.blockingRead(SocketChannelImpl.java:1420) ~[na:na]
	at java.base/sun.nio.ch.SocketInputStream.implRead(SocketInputStream.java:70) ~[na:na]
	at java.base/sun.nio.ch.SocketInputStream.read(SocketInputStream.java:78) ~[na:na]
	at oracle.net.nt.TimeoutSocketChannel.doBlockedRead(TimeoutSocketChannel.java:600) ~[ojdbc11-23.5.0.24.07.jar:23.5.0.24.07]
	at oracle.net.nt.TimeoutSocketChannel.read(TimeoutSocketChannel.java:536) ~[ojdbc11-23.5.0.24.07.jar:23.5.0.24.07]
	at oracle.net.ns.NSProtocolNIO.doSocketRead(NSProtocolNIO.java:1224) ~[ojdbc11-23.5.0.24.07.jar:23.5.0.24.07]
	at oracle.net.ns.NIOPacket.readNIOPacket(NIOPacket.java:436) ~[ojdbc11-23.5.0.24.07.jar:23.5.0.24.07]
	at oracle.net.ns.NSProtocolNIO.negotiateConnection(NSProtocolNIO.java:216) ~[ojdbc11-23.5.0.24.07.jar:23.5.0.24.07]
	... 17 common frames omitted

2026-08-27T17:45:49.451+01:00  INFO 74676 --- [oulearning] [onnection adder] oracle.jdbc                              : properties={LOCALE=en_US, DriverVersion=23.5.0.24.07, java.library.path: =/Users/erik/Library/Java/Extensions:/Library/Java/Extensions:/Network/Library/Java/Extensions:/System/Library/Java/Extensions:/usr/lib/java:., java.class.path: =/Users/erik/dev/oulearning/target/test-classes:/Users/erik/dev/oulearning/target/classes:/Users/erik/.m2/repository/org/springframework/boot/spring-boot-starter-data-jpa/3.4.0/spring-boot-starter-data-jpa-3.4.0.jar:/Users/erik/.m2/repository/org/springframework/boot/spring-boot-starter-jdbc/3.4.0/spring-boot-starter-jdbc-3.4.0.jar:/Users/erik/.m2/repository/com/zaxxer/HikariCP/5.1.0/HikariCP-5.1.0.jar:/Users/erik/.m2/repository/org/springframework/spring-jdbc/6.2.0/spring-jdbc-6.2.0.jar:/Users/erik/.m2/repository/org/hibernate/orm/hibernate-core/6.6.2.Final/hibernate-core-6.6.2.Final.jar:/Users/erik/.m2/repository/jakarta/persistence/jakarta.persistence-api/3.1.0/jakarta.persistence-api-3.1.0.jar:/Users/erik/.m2/repository/jakarta/transaction/jakarta.transaction-api/2.0.1/jakarta.transaction-api-2.0.1.jar:/Users/erik/.m2/repository/org/jboss/logging/jboss-logging/3.6.1.Final/jboss-logging-3.6.1.Final.jar:/Users/erik/.m2/repository/org/hibernate/common/hibernate-commons-annotations/7.0.3.Final/hibernate-commons-annotations-7.0.3.Final.jar:/Users/erik/.m2/repository/io/smallrye/jandex/3.2.0/jandex-3.2.0.jar:/Users/erik/.m2/repository/com/fasterxml/classmate/1.7.0/classmate-1.7.0.jar:/Users/erik/.m2/repository/net/bytebuddy/byte-buddy/1.15.10/byte-buddy-1.15.10.jar:/Users/erik/.m2/repository/org/glassfish/jaxb/jaxb-runtime/4.0.5/jaxb-runtime-4.0.5.jar:/Users/erik/.m2/repository/org/glassfish/jaxb/jaxb-core/4.0.5/jaxb-core-4.0.5.jar:/Users/erik/.m2/repository/org/eclipse/angus/angus-activation/2.0.2/angus-activation-2.0.2.jar:/Users/erik/.m2/repository/org/glassfish/jaxb/txw2/4.0.5/txw2-4.0.5.jar:/Users/erik/.m2/repository/com/sun/istack/istack-commons-runtime/4.1.2/istack-commons-runtime-4.1.2.jar:/Users/erik/.m2/repository/jakarta/inject/jakarta.inject-api/2.0.1/jakarta.inject-api-2.0.1.jar:/Users/erik/.m2/repository/org/antlr/antlr4-runtime/4.13.0/antlr4-runtime-4.13.0.jar:/Users/erik/.m2/repository/org/springframework/data/spring-data-jpa/3.4.0/spring-data-jpa-3.4.0.jar:/Users/erik/.m2/repository/org/springframework/data/spring-data-commons/3.4.0/spring-data-commons-3.4.0.jar:/Users/erik/.m2/repository/org/springframework/spring-orm/6.2.0/spring-orm-6.2.0.jar:/Users/erik/.m2/repository/org/springframework/spring-context/6.2.0/spring-context-6.2.0.jar:/Users/erik/.m2/repository/org/springframework/spring-aop/6.2.0/spring-aop-6.2.0.jar:/Users/erik/.m2/repository/org/springframework/spring-tx/6.2.0/spring-tx-6.2.0.jar:/Users/erik/.m2/repository/org/springframework/spring-beans/6.2.0/spring-beans-6.2.0.jar:/Users/erik/.m2/repository/org/slf4j/slf4j-api/2.0.16/slf4j-api-2.0.16.jar:/Users/erik/.m2/repository/org/springframework/spring-aspects/6.2.0/spring-aspects-6.2.0.jar:/Users/erik/.m2/repository/org/aspectj/aspectjweaver/1.9.22.1/aspectjweaver-1.9.22.1.jar:/Users/erik/.m2/repository/org/flywaydb/flyway-core/10.20.1/flyway-core-10.20.1.jar:/Users/erik/.m2/repository/com/fasterxml/jackson/dataformat/jackson-dataformat-toml/2.18.1/jackson-dataformat-toml-2.18.1.jar:/Users/erik/.m2/repository/com/fasterxml/jackson/core/jackson-core/2.18.1/jackson-core-2.18.1.jar:/Users/erik/.m2/repository/com/fasterxml/jackson/datatype/jackson-datatype-jsr310/2.18.1/jackson-datatype-jsr310-2.18.1.jar:/Users/erik/.m2/repository/com/fasterxml/jackson/core/jackson-annotations/2.18.1/jackson-annotations-2.18.1.jar:/Users/erik/.m2/repository/org/flywaydb/flyway-database-oracle/10.20.1/flyway-database-oracle-10.20.1.jar:/Users/erik/.m2/repository/com/oracle/database/jdbc/ojdbc11/23.5.0.24.07/ojdbc11-23.5.0.24.07.jar:/Users/erik/.m2/repository/org/springframework/boot/spring-boot-starter/3.4.0/spring-boot-starter-3.4.0.jar:/Users/erik/.m2/repository/org/springframework/boot/spring-boot/3.4.0/spring-boot-3.4.0.jar:/Users/erik/.m2/repository/org/springframework/boot/spring-boot-autoconfigure/3.4.0/spring-boot-autoconfigure-3.4.0.jar:/Users/erik/.m2/repository/org/springframework/boot/spring-boot-starter-logging/3.4.0/spring-boot-starter-logging-3.4.0.jar:/Users/erik/.m2/repository/ch/qos/logback/logback-classic/1.5.12/logback-classic-1.5.12.jar:/Users/erik/.m2/repository/ch/qos/logback/logback-core/1.5.12/logback-core-1.5.12.jar:/Users/erik/.m2/repository/org/apache/logging/log4j/log4j-to-slf4j/2.24.1/log4j-to-slf4j-2.24.1.jar:/Users/erik/.m2/repository/org/apache/logging/log4j/log4j-api/2.24.1/log4j-api-2.24.1.jar:/Users/erik/.m2/repository/org/slf4j/jul-to-slf4j/2.0.16/jul-to-slf4j-2.0.16.jar:/Users/erik/.m2/repository/jakarta/annotation/jakarta.annotation-api/2.1.1/jakarta.annotation-api-2.1.1.jar:/Users/erik/.m2/repository/org/springframework/spring-core/6.2.0/spring-core-6.2.0.jar:/Users/erik/.m2/repository/org/springframework/spring-jcl/6.2.0/spring-jcl-6.2.0.jar:/Users/erik/.m2/repository/org/yaml/snakeyaml/2.3/snakeyaml-2.3.jar:/Users/erik/.m2/repository/org/mybatis/spring/boot/mybatis-spring-boot-starter/3.0.3/mybatis-spring-boot-starter-3.0.3.jar:/Users/erik/.m2/repository/org/mybatis/spring/boot/mybatis-spring-boot-autoconfigure/3.0.3/mybatis-spring-boot-autoconfigure-3.0.3.jar:/Users/erik/.m2/repository/org/mybatis/mybatis/3.5.14/mybatis-3.5.14.jar:/Users/erik/.m2/repository/org/mybatis/mybatis-spring/3.0.3/mybatis-spring-3.0.3.jar:/Users/erik/.m2/repository/org/mybatis/spring/boot/mybatis-spring-boot-starter-test/3.0.3/mybatis-spring-boot-starter-test-3.0.3.jar:/Users/erik/.m2/repository/org/mybatis/spring/boot/mybatis-spring-boot-test-autoconfigure/3.0.3/mybatis-spring-boot-test-autoconfigure-3.0.3.jar:/Users/erik/.m2/repository/org/springframework/boot/spring-boot-starter-web/3.4.0/spring-boot-starter-web-3.4.0.jar:/Users/erik/.m2/repository/org/springframework/boot/spring-boot-starter-json/3.4.0/spring-boot-starter-json-3.4.0.jar:/Users/erik/.m2/repository/com/fasterxml/jackson/datatype/jackson-datatype-jdk8/2.18.1/jackson-datatype-jdk8-2.18.1.jar:/Users/erik/.m2/repository/com/fasterxml/jackson/module/jackson-module-parameter-names/2.18.1/jackson-module-parameter-names-2.18.1.jar:/Users/erik/.m2/repository/org/springframework/boot/spring-boot-starter-tomcat/3.4.0/spring-boot-starter-tomcat-3.4.0.jar:/Users/erik/.m2/repository/org/apache/tomcat/embed/tomcat-embed-core/10.1.33/tomcat-embed-core-10.1.33.jar:/Users/erik/.m2/repository/org/apache/tomcat/embed/tomcat-embed-websocket/10.1.33/tomcat-embed-websocket-10.1.33.jar:/Users/erik/.m2/repository/org/springframework/spring-web/6.2.0/spring-web-6.2.0.jar:/Users/erik/.m2/repository/io/micrometer/micrometer-observation/1.14.1/micrometer-observation-1.14.1.jar:/Users/erik/.m2/repository/io/micrometer/micrometer-commons/1.14.1/micrometer-commons-1.14.1.jar:/Users/erik/.m2/repository/org/springframework/spring-webmvc/6.2.0/spring-webmvc-6.2.0.jar:/Users/erik/.m2/repository/org/springframework/spring-expression/6.2.0/spring-expression-6.2.0.jar:/Users/erik/.m2/repository/org/springframework/boot/spring-boot-starter-validation/3.4.0/spring-boot-starter-validation-3.4.0.jar:/Users/erik/.m2/repository/org/apache/tomcat/embed/tomcat-embed-el/10.1.33/tomcat-embed-el-10.1.33.jar:/Users/erik/.m2/repository/org/hibernate/validator/hibernate-validator/8.0.1.Final/hibernate-validator-8.0.1.Final.jar:/Users/erik/.m2/repository/jakarta/validation/jakarta.validation-api/3.0.2/jakarta.validation-api-3.0.2.jar:/Users/erik/.m2/repository/io/swagger/core/v3/swagger-annotations/2.2.22/swagger-annotations-2.2.22.jar:/Users/erik/.m2/repository/org/openapitools/jackson-databind-nullable/0.2.6/jackson-databind-nullable-0.2.6.jar:/Users/erik/.m2/repository/com/fasterxml/jackson/core/jackson-databind/2.18.1/jackson-databind-2.18.1.jar:/Users/erik/.m2/repository/org/javamoney/moneta/moneta-core/1.4.4/moneta-core-1.4.4.jar:/Users/erik/.m2/repository/javax/money/money-api/1.1/money-api-1.1.jar:/Users/erik/.m2/repository/com/squareup/okhttp3/okhttp/4.12.0/okhttp-4.12.0.jar:/Users/erik/.m2/repository/com/squareup/okio/okio/3.6.0/okio-3.6.0.jar:/Users/erik/.m2/repository/com/squareup/okio/okio-jvm/3.6.0/okio-jvm-3.6.0.jar:/Users/erik/.m2/repository/org/jetbrains/kotlin/kotlin-stdlib-common/1.9.25/kotlin-stdlib-common-1.9.25.jar:/Users/erik/.m2/repository/org/jetbrains/kotlin/kotlin-stdlib-jdk8/1.9.25/kotlin-stdlib-jdk8-1.9.25.jar:/Users/erik/.m2/repository/org/jetbrains/kotlin/kotlin-stdlib/1.9.25/kotlin-stdlib-1.9.25.jar:/Users/erik/.m2/repository/org/jetbrains/kotlin/kotlin-stdlib-jdk7/1.9.25/kotlin-stdlib-jdk7-1.9.25.jar:/Users/erik/.m2/repository/org/springframework/boot/spring-boot-starter-test/3.4.0/spring-boot-starter-test-3.4.0.jar:/Users/erik/.m2/repository/org/springframework/boot/spring-boot-test/3.4.0/spring-boot-test-3.4.0.jar:/Users/erik/.m2/repository/org/springframework/boot/spring-boot-test-autoconfigure/3.4.0/spring-boot-test-autoconfigure-3.4.0.jar:/Users/erik/.m2/repository/com/jayway/jsonpath/json-path/2.9.0/json-path-2.9.0.jar:/Users/erik/.m2/repository/jakarta/xml/bind/jakarta.xml.bind-api/4.0.2/jakarta.xml.bind-api-4.0.2.jar:/Users/erik/.m2/repository/jakarta/activation/jakarta.activation-api/2.1.3/jakarta.activation-api-2.1.3.jar:/Users/erik/.m2/repository/net/minidev/json-smart/2.5.1/json-smart-2.5.1.jar:/Users/erik/.m2/repository/net/minidev/accessors-smart/2.5.1/accessors-smart-2.5.1.jar:/Users/erik/.m2/repository/org/ow2/asm/asm/9.6/asm-9.6.jar:/Users/erik/.m2/repository/org/assertj/assertj-core/3.26.3/assertj-core-3.26.3.jar:/Users/erik/.m2/repository/org/awaitility/awaitility/4.2.2/awaitility-4.2.2.jar:/Users/erik/.m2/repository/org/hamcrest/hamcrest/2.2/hamcrest-2.2.jar:/Users/erik/.m2/repository/org/junit/jupiter/junit-jupiter/5.11.3/junit-jupiter-5.11.3.jar:/Users/erik/.m2/repository/org/junit/jupiter/junit-jupiter-api/5.11.3/junit-jupiter-api-5.11.3.jar:/Users/erik/.m2/repository/org/opentest4j/opentest4j/1.3.0/opentest4j-1.3.0.jar:/Users/erik/.m2/repository/org/junit/platform/junit-platform-commons/1.11.3/junit-platform-commons-1.11.3.jar:/Users/erik/.m2/repository/org/apiguardian/apiguardian-api/1.1.2/apiguardian-api-1.1.2.jar:/Users/erik/.m2/repository/org/junit/jupiter/junit-jupiter-params/5.11.3/junit-jupiter-params-5.11.3.jar:/Users/erik/.m2/repository/org/junit/jupiter/junit-jupiter-engine/5.11.3/junit-jupiter-engine-5.11.3.jar:/Users/erik/.m2/repository/org/junit/platform/junit-platform-engine/1.11.3/junit-platform-engine-1.11.3.jar:/Users/erik/.m2/repository/org/mockito/mockito-core/5.14.2/mockito-core-5.14.2.jar:/Users/erik/.m2/repository/net/bytebuddy/byte-buddy-agent/1.15.10/byte-buddy-agent-1.15.10.jar:/Users/erik/.m2/repository/org/objenesis/objenesis/3.3/objenesis-3.3.jar:/Users/erik/.m2/repository/org/mockito/mockito-junit-jupiter/5.14.2/mockito-junit-jupiter-5.14.2.jar:/Users/erik/.m2/repository/org/skyscreamer/jsonassert/1.5.3/jsonassert-1.5.3.jar:/Users/erik/.m2/repository/com/vaadin/external/google/android-json/0.0.20131108.vaadin1/android-json-0.0.20131108.vaadin1.jar:/Users/erik/.m2/repository/org/springframework/spring-test/6.2.0/spring-test-6.2.0.jar:/Users/erik/.m2/repository/org/xmlunit/xmlunit-core/2.10.0/xmlunit-core-2.10.0.jar:/Users/erik/.m2/repository/org/springframework/boot/spring-boot-testcontainers/3.4.0/spring-boot-testcontainers-3.4.0.jar:/Users/erik/.m2/repository/org/testcontainers/testcontainers/1.20.4/testcontainers-1.20.4.jar:/Users/erik/.m2/repository/junit/junit/4.13.2/junit-4.13.2.jar:/Users/erik/.m2/repository/org/hamcrest/hamcrest-core/2.2/hamcrest-core-2.2.jar:/Users/erik/.m2/repository/org/apache/commons/commons-compress/1.24.0/commons-compress-1.24.0.jar:/Users/erik/.m2/repository/org/rnorth/duct-tape/duct-tape/1.0.8/duct-tape-1.0.8.jar:/Users/erik/.m2/repository/org/jetbrains/annotations/17.0.0/annotations-17.0.0.jar:/Users/erik/.m2/repository/com/github/docker-java/docker-java-api/3.4.0/docker-java-api-3.4.0.jar:/Users/erik/.m2/repository/com/github/docker-java/docker-java-transport-zerodep/3.4.0/docker-java-transport-zerodep-3.4.0.jar:/Users/erik/.m2/repository/com/github/docker-java/docker-java-transport/3.4.0/docker-java-transport-3.4.0.jar:/Users/erik/.m2/repository/net/java/dev/jna/jna/5.13.0/jna-5.13.0.jar:/Users/erik/.m2/repository/org/testcontainers/oracle-xe/1.20.4/oracle-xe-1.20.4.jar:/Users/erik/.m2/repository/org/testcontainers/jdbc/1.20.4/jdbc-1.20.4.jar:/Users/erik/.m2/repository/org/testcontainers/database-commons/1.20.4/database-commons-1.20.4.jar:/Users/erik/.m2/repository/org/testcontainers/junit-jupiter/1.20.4/junit-jupiter-1.20.4.jar:/Users/erik/.m2/repository/org/instancio/instancio-junit/5.4.0/instancio-junit-5.4.0.jar:/Users/erik/.m2/repository/org/instancio/instancio-core/5.4.0/instancio-core-5.4.0.jar:/Users/erik/.m2/repository/com/tngtech/archunit/archunit-junit5/1.4.0/archunit-junit5-1.4.0.jar:/Users/erik/.m2/repository/com/tngtech/archunit/archunit-junit5-api/1.4.0/archunit-junit5-api-1.4.0.jar:/Users/erik/.m2/repository/com/tngtech/archunit/archunit/1.4.0/archunit-1.4.0.jar:/Users/erik/.m2/repository/com/tngtech/archunit/archunit-junit5-engine/1.4.0/archunit-junit5-engine-1.4.0.jar:/Users/erik/.m2/repository/com/tngtech/archunit/archunit-junit5-engine-api/1.4.0/archunit-junit5-engine-api-1.4.0.jar:, java.version: =25.0.3}. 
2026-08-27T17:45:49.467+01:00  INFO 74676 --- [oulearning] [onnection adder] oracle.jdbc                              : entering args (oracle.jdbc.internal.AbstractConnectionBuilder$1@415cb654)
2026-08-27T17:45:49.467+01:00  INFO 74676 --- [oulearning] [onnection adder] oracle.jdbc                              : traceId=38533B34. 
2026-08-27T17:45:49.467+01:00  INFO 74676 --- [oulearning] [onnection adder] oracle.jdbc                              : Session Attributes: 
sdu=8192, tdu=2097152
nt: host=localhost, port=62200, socketOptions={0=YES, 1=NO, 17=0, 18=false, 2=30000, 20=true, 38=TLS, 23=40, 24=50, 40=false, 25=0}
    socket=null
client profile={oracle.net.encryption_types_client=(), oracle.net.crypto_seed=, oracle.net.authentication_services=(), oracle.net.setFIPSMode=false, oracle.net.kerberos5_mutual_authentication=false, oracle.net.encryption_client=ACCEPTED, oracle.net.crypto_checksum_client=ACCEPTED, oracle.net.crypto_checksum_types_client=()}
onBreakReset=false, dataEOF=false, negotiatedOptions=0x0, connected=false
TTIINIT enabled=false, TTC cookie enabled=false

2026-08-27T17:45:49.467+01:00  INFO 74676 --- [oulearning] [onnection adder] oracle.jdbc                              : traceId=38533B34, anoEnabled=true. 
2026-08-27T17:45:49.467+01:00  INFO 74676 --- [oulearning] [onnection adder] oracle.jdbc                              : Connection establishment failed due to IOException, will be trying with next available connect option.
2026-08-27T17:45:49.467+01:00  INFO 74676 --- [oulearning] [onnection adder] oracle.jdbc                              : Got Refused, SessionTraceId = 38533B34
2026-08-27T17:45:49.467+01:00  INFO 74676 --- [oulearning] [onnection adder] oracle.jdbc                              : Outbound interrupt timer cancelled null
2026-08-27T17:45:49.467+01:00  INFO 74676 --- [oulearning] [onnection adder] oracle.jdbc                              : Session Attributes: 
sdu=8192, tdu=2097152
nt: host=localhost, port=62200, socketOptions={0=YES, 1=NO, 17=0, 18=false, 2=30000, 20=true, 38=TLS, 23=40, 24=50, 40=false, 25=0}
    socket=null
client profile={oracle.net.encryption_types_client=(), oracle.net.crypto_seed=, oracle.net.authentication_services=(), oracle.net.setFIPSMode=false, oracle.net.kerberos5_mutual_authentication=false, oracle.net.encryption_client=ACCEPTED, oracle.net.crypto_checksum_client=ACCEPTED, oracle.net.crypto_checksum_types_client=()}
onBreakReset=false, dataEOF=false, negotiatedOptions=0x0, connected=false
TTIINIT enabled=false, TTC cookie enabled=false

2026-08-27T17:45:49.467+01:00  INFO 74676 --- [oulearning] [onnection adder] oracle.jdbc                              : Connection establishment failed due to IOException, will be trying with next available connect option.
2026-08-27T17:45:49.467+01:00  INFO 74676 --- [oulearning] [onnection adder] oracle.jdbc                              : Got Refused, SessionTraceId = 38533B34
2026-08-27T17:45:49.467+01:00  INFO 74676 --- [oulearning] [onnection adder] oracle.jdbc                              : Outbound interrupt timer cancelled null
2026-08-27T17:45:49.467+01:00  INFO 74676 --- [oulearning] [onnection adder] oracle.jdbc                              : throwing

java.sql.SQLRecoverableException: ORA-17002: I/O error: Connection reset, connect lapse 1 ms., Authentication lapse 0 ms.
https://docs.oracle.com/error-help/db/ora-17002/
	at oracle.jdbc.driver.T4CConnection.handleLogonIOException(T4CConnection.java:1660) ~[ojdbc11-23.5.0.24.07.jar:23.5.0.24.07]
	at oracle.jdbc.driver.T4CConnection.logon(T4CConnection.java:1142) ~[ojdbc11-23.5.0.24.07.jar:23.5.0.24.07]
	at oracle.jdbc.driver.PhysicalConnection.connect(PhysicalConnection.java:1206) ~[ojdbc11-23.5.0.24.07.jar:23.5.0.24.07]
	at oracle.jdbc.driver.T4CDriverExtension.getConnection(T4CDriverExtension.java:105) ~[ojdbc11-23.5.0.24.07.jar:23.5.0.24.07]
	at oracle.jdbc.driver.OracleDriver.connect(OracleDriver.java:886) ~[ojdbc11-23.5.0.24.07.jar:23.5.0.24.07]
	at oracle.jdbc.driver.OracleDriver.connect(OracleDriver.java:693) ~[ojdbc11-23.5.0.24.07.jar:23.5.0.24.07]
	at com.zaxxer.hikari.util.DriverDataSource.getConnection(DriverDataSource.java:137) ~[HikariCP-5.1.0.jar:na]
	at com.zaxxer.hikari.pool.PoolBase.newConnection(PoolBase.java:360) ~[HikariCP-5.1.0.jar:na]
	at com.zaxxer.hikari.pool.PoolBase.newPoolEntry(PoolBase.java:202) ~[HikariCP-5.1.0.jar:na]
	at com.zaxxer.hikari.pool.HikariPool.createPoolEntry(HikariPool.java:461) ~[HikariCP-5.1.0.jar:na]
	at com.zaxxer.hikari.pool.HikariPool$PoolEntryCreator.call(HikariPool.java:724) ~[HikariCP-5.1.0.jar:na]
	at com.zaxxer.hikari.pool.HikariPool$PoolEntryCreator.call(HikariPool.java:703) ~[HikariCP-5.1.0.jar:na]
	at java.base/java.util.concurrent.FutureTask.run(FutureTask.java:328) ~[na:na]
	at java.base/java.util.concurrent.ThreadPoolExecutor.runWorker(ThreadPoolExecutor.java:1090) ~[na:na]
	at java.base/java.util.concurrent.ThreadPoolExecutor$Worker.run(ThreadPoolExecutor.java:614) ~[na:na]
	at java.base/java.lang.Thread.run(Thread.java:1474) ~[na:na]
Caused by: java.io.IOException: Connection reset, connect lapse 1 ms., Authentication lapse 0 ms.
	at oracle.jdbc.driver.T4CConnection.handleLogonIOException(T4CConnection.java:1655) ~[ojdbc11-23.5.0.24.07.jar:23.5.0.24.07]
	... 15 common frames omitted
Caused by: java.io.IOException: Connection reset, connect lapse 1 ms.
	at oracle.net.ns.NSProtocolNIO.negotiateConnection(NSProtocolNIO.java:263) ~[ojdbc11-23.5.0.24.07.jar:23.5.0.24.07]
	at oracle.net.ns.NSProtocol.connect(NSProtocol.java:352) ~[ojdbc11-23.5.0.24.07.jar:23.5.0.24.07]
	at oracle.jdbc.driver.T4CConnection.connectNetworkSessionProtocol(T4CConnection.java:3419) ~[ojdbc11-23.5.0.24.07.jar:23.5.0.24.07]
	at oracle.jdbc.driver.T4CConnection.logon(T4CConnection.java:1018) ~[ojdbc11-23.5.0.24.07.jar:23.5.0.24.07]
	... 14 common frames omitted
Caused by: java.net.SocketException: Connection reset
	at java.base/sun.nio.ch.SocketChannelImpl.throwConnectionReset(SocketChannelImpl.java:399) ~[na:na]
	at java.base/sun.nio.ch.SocketChannelImpl.blockingRead(SocketChannelImpl.java:1420) ~[na:na]
	at java.base/sun.nio.ch.SocketInputStream.implRead(SocketInputStream.java:70) ~[na:na]
	at java.base/sun.nio.ch.SocketInputStream.read(SocketInputStream.java:78) ~[na:na]
	at oracle.net.nt.TimeoutSocketChannel.doBlockedRead(TimeoutSocketChannel.java:600) ~[ojdbc11-23.5.0.24.07.jar:23.5.0.24.07]
	at oracle.net.nt.TimeoutSocketChannel.read(TimeoutSocketChannel.java:536) ~[ojdbc11-23.5.0.24.07.jar:23.5.0.24.07]
	at oracle.net.ns.NSProtocolNIO.doSocketRead(NSProtocolNIO.java:1224) ~[ojdbc11-23.5.0.24.07.jar:23.5.0.24.07]
	at oracle.net.ns.NIOPacket.readNIOPacket(NIOPacket.java:436) ~[ojdbc11-23.5.0.24.07.jar:23.5.0.24.07]
	at oracle.net.ns.NSProtocolNIO.negotiateConnection(NSProtocolNIO.java:216) ~[ojdbc11-23.5.0.24.07.jar:23.5.0.24.07]
	... 17 common frames omitted

2026-08-27T17:45:49.468+01:00  INFO 74676 --- [oulearning] [onnection adder] oracle.jdbc                              : properties={LOCALE=en_US, DriverVersion=23.5.0.24.07, java.library.path: =/Users/erik/Library/Java/Extensions:/Library/Java/Extensions:/Network/Library/Java/Extensions:/System/Library/Java/Extensions:/usr/lib/java:., java.class.path: =/Users/erik/dev/oulearning/target/test-classes:/Users/erik/dev/oulearning/target/classes:/Users/erik/.m2/repository/org/springframework/boot/spring-boot-starter-data-jpa/3.4.0/spring-boot-starter-data-jpa-3.4.0.jar:/Users/erik/.m2/repository/org/springframework/boot/spring-boot-starter-jdbc/3.4.0/spring-boot-starter-jdbc-3.4.0.jar:/Users/erik/.m2/repository/com/zaxxer/HikariCP/5.1.0/HikariCP-5.1.0.jar:/Users/erik/.m2/repository/org/springframework/spring-jdbc/6.2.0/spring-jdbc-6.2.0.jar:/Users/erik/.m2/repository/org/hibernate/orm/hibernate-core/6.6.2.Final/hibernate-core-6.6.2.Final.jar:/Users/erik/.m2/repository/jakarta/persistence/jakarta.persistence-api/3.1.0/jakarta.persistence-api-3.1.0.jar:/Users/erik/.m2/repository/jakarta/transaction/jakarta.transaction-api/2.0.1/jakarta.transaction-api-2.0.1.jar:/Users/erik/.m2/repository/org/jboss/logging/jboss-logging/3.6.1.Final/jboss-logging-3.6.1.Final.jar:/Users/erik/.m2/repository/org/hibernate/common/hibernate-commons-annotations/7.0.3.Final/hibernate-commons-annotations-7.0.3.Final.jar:/Users/erik/.m2/repository/io/smallrye/jandex/3.2.0/jandex-3.2.0.jar:/Users/erik/.m2/repository/com/fasterxml/classmate/1.7.0/classmate-1.7.0.jar:/Users/erik/.m2/repository/net/bytebuddy/byte-buddy/1.15.10/byte-buddy-1.15.10.jar:/Users/erik/.m2/repository/org/glassfish/jaxb/jaxb-runtime/4.0.5/jaxb-runtime-4.0.5.jar:/Users/erik/.m2/repository/org/glassfish/jaxb/jaxb-core/4.0.5/jaxb-core-4.0.5.jar:/Users/erik/.m2/repository/org/eclipse/angus/angus-activation/2.0.2/angus-activation-2.0.2.jar:/Users/erik/.m2/repository/org/glassfish/jaxb/txw2/4.0.5/txw2-4.0.5.jar:/Users/erik/.m2/repository/com/sun/istack/istack-commons-runtime/4.1.2/istack-commons-runtime-4.1.2.jar:/Users/erik/.m2/repository/jakarta/inject/jakarta.inject-api/2.0.1/jakarta.inject-api-2.0.1.jar:/Users/erik/.m2/repository/org/antlr/antlr4-runtime/4.13.0/antlr4-runtime-4.13.0.jar:/Users/erik/.m2/repository/org/springframework/data/spring-data-jpa/3.4.0/spring-data-jpa-3.4.0.jar:/Users/erik/.m2/repository/org/springframework/data/spring-data-commons/3.4.0/spring-data-commons-3.4.0.jar:/Users/erik/.m2/repository/org/springframework/spring-orm/6.2.0/spring-orm-6.2.0.jar:/Users/erik/.m2/repository/org/springframework/spring-context/6.2.0/spring-context-6.2.0.jar:/Users/erik/.m2/repository/org/springframework/spring-aop/6.2.0/spring-aop-6.2.0.jar:/Users/erik/.m2/repository/org/springframework/spring-tx/6.2.0/spring-tx-6.2.0.jar:/Users/erik/.m2/repository/org/springframework/spring-beans/6.2.0/spring-beans-6.2.0.jar:/Users/erik/.m2/repository/org/slf4j/slf4j-api/2.0.16/slf4j-api-2.0.16.jar:/Users/erik/.m2/repository/org/springframework/spring-aspects/6.2.0/spring-aspects-6.2.0.jar:/Users/erik/.m2/repository/org/aspectj/aspectjweaver/1.9.22.1/aspectjweaver-1.9.22.1.jar:/Users/erik/.m2/repository/org/flywaydb/flyway-core/10.20.1/flyway-core-10.20.1.jar:/Users/erik/.m2/repository/com/fasterxml/jackson/dataformat/jackson-dataformat-toml/2.18.1/jackson-dataformat-toml-2.18.1.jar:/Users/erik/.m2/repository/com/fasterxml/jackson/core/jackson-core/2.18.1/jackson-core-2.18.1.jar:/Users/erik/.m2/repository/com/fasterxml/jackson/datatype/jackson-datatype-jsr310/2.18.1/jackson-datatype-jsr310-2.18.1.jar:/Users/erik/.m2/repository/com/fasterxml/jackson/core/jackson-annotations/2.18.1/jackson-annotations-2.18.1.jar:/Users/erik/.m2/repository/org/flywaydb/flyway-database-oracle/10.20.1/flyway-database-oracle-10.20.1.jar:/Users/erik/.m2/repository/com/oracle/database/jdbc/ojdbc11/23.5.0.24.07/ojdbc11-23.5.0.24.07.jar:/Users/erik/.m2/repository/org/springframework/boot/spring-boot-starter/3.4.0/spring-boot-starter-3.4.0.jar:/Users/erik/.m2/repository/org/springframework/boot/spring-boot/3.4.0/spring-boot-3.4.0.jar:/Users/erik/.m2/repository/org/springframework/boot/spring-boot-autoconfigure/3.4.0/spring-boot-autoconfigure-3.4.0.jar:/Users/erik/.m2/repository/org/springframework/boot/spring-boot-starter-logging/3.4.0/spring-boot-starter-logging-3.4.0.jar:/Users/erik/.m2/repository/ch/qos/logback/logback-classic/1.5.12/logback-classic-1.5.12.jar:/Users/erik/.m2/repository/ch/qos/logback/logback-core/1.5.12/logback-core-1.5.12.jar:/Users/erik/.m2/repository/org/apache/logging/log4j/log4j-to-slf4j/2.24.1/log4j-to-slf4j-2.24.1.jar:/Users/erik/.m2/repository/org/apache/logging/log4j/log4j-api/2.24.1/log4j-api-2.24.1.jar:/Users/erik/.m2/repository/org/slf4j/jul-to-slf4j/2.0.16/jul-to-slf4j-2.0.16.jar:/Users/erik/.m2/repository/jakarta/annotation/jakarta.annotation-api/2.1.1/jakarta.annotation-api-2.1.1.jar:/Users/erik/.m2/repository/org/springframework/spring-core/6.2.0/spring-core-6.2.0.jar:/Users/erik/.m2/repository/org/springframework/spring-jcl/6.2.0/spring-jcl-6.2.0.jar:/Users/erik/.m2/repository/org/yaml/snakeyaml/2.3/snakeyaml-2.3.jar:/Users/erik/.m2/repository/org/mybatis/spring/boot/mybatis-spring-boot-starter/3.0.3/mybatis-spring-boot-starter-3.0.3.jar:/Users/erik/.m2/repository/org/mybatis/spring/boot/mybatis-spring-boot-autoconfigure/3.0.3/mybatis-spring-boot-autoconfigure-3.0.3.jar:/Users/erik/.m2/repository/org/mybatis/mybatis/3.5.14/mybatis-3.5.14.jar:/Users/erik/.m2/repository/org/mybatis/mybatis-spring/3.0.3/mybatis-spring-3.0.3.jar:/Users/erik/.m2/repository/org/mybatis/spring/boot/mybatis-spring-boot-starter-test/3.0.3/mybatis-spring-boot-starter-test-3.0.3.jar:/Users/erik/.m2/repository/org/mybatis/spring/boot/mybatis-spring-boot-test-autoconfigure/3.0.3/mybatis-spring-boot-test-autoconfigure-3.0.3.jar:/Users/erik/.m2/repository/org/springframework/boot/spring-boot-starter-web/3.4.0/spring-boot-starter-web-3.4.0.jar:/Users/erik/.m2/repository/org/springframework/boot/spring-boot-starter-json/3.4.0/spring-boot-starter-json-3.4.0.jar:/Users/erik/.m2/repository/com/fasterxml/jackson/datatype/jackson-datatype-jdk8/2.18.1/jackson-datatype-jdk8-2.18.1.jar:/Users/erik/.m2/repository/com/fasterxml/jackson/module/jackson-module-parameter-names/2.18.1/jackson-module-parameter-names-2.18.1.jar:/Users/erik/.m2/repository/org/springframework/boot/spring-boot-starter-tomcat/3.4.0/spring-boot-starter-tomcat-3.4.0.jar:/Users/erik/.m2/repository/org/apache/tomcat/embed/tomcat-embed-core/10.1.33/tomcat-embed-core-10.1.33.jar:/Users/erik/.m2/repository/org/apache/tomcat/embed/tomcat-embed-websocket/10.1.33/tomcat-embed-websocket-10.1.33.jar:/Users/erik/.m2/repository/org/springframework/spring-web/6.2.0/spring-web-6.2.0.jar:/Users/erik/.m2/repository/io/micrometer/micrometer-observation/1.14.1/micrometer-observation-1.14.1.jar:/Users/erik/.m2/repository/io/micrometer/micrometer-commons/1.14.1/micrometer-commons-1.14.1.jar:/Users/erik/.m2/repository/org/springframework/spring-webmvc/6.2.0/spring-webmvc-6.2.0.jar:/Users/erik/.m2/repository/org/springframework/spring-expression/6.2.0/spring-expression-6.2.0.jar:/Users/erik/.m2/repository/org/springframework/boot/spring-boot-starter-validation/3.4.0/spring-boot-starter-validation-3.4.0.jar:/Users/erik/.m2/repository/org/apache/tomcat/embed/tomcat-embed-el/10.1.33/tomcat-embed-el-10.1.33.jar:/Users/erik/.m2/repository/org/hibernate/validator/hibernate-validator/8.0.1.Final/hibernate-validator-8.0.1.Final.jar:/Users/erik/.m2/repository/jakarta/validation/jakarta.validation-api/3.0.2/jakarta.validation-api-3.0.2.jar:/Users/erik/.m2/repository/io/swagger/core/v3/swagger-annotations/2.2.22/swagger-annotations-2.2.22.jar:/Users/erik/.m2/repository/org/openapitools/jackson-databind-nullable/0.2.6/jackson-databind-nullable-0.2.6.jar:/Users/erik/.m2/repository/com/fasterxml/jackson/core/jackson-databind/2.18.1/jackson-databind-2.18.1.jar:/Users/erik/.m2/repository/org/javamoney/moneta/moneta-core/1.4.4/moneta-core-1.4.4.jar:/Users/erik/.m2/repository/javax/money/money-api/1.1/money-api-1.1.jar:/Users/erik/.m2/repository/com/squareup/okhttp3/okhttp/4.12.0/okhttp-4.12.0.jar:/Users/erik/.m2/repository/com/squareup/okio/okio/3.6.0/okio-3.6.0.jar:/Users/erik/.m2/repository/com/squareup/okio/okio-jvm/3.6.0/okio-jvm-3.6.0.jar:/Users/erik/.m2/repository/org/jetbrains/kotlin/kotlin-stdlib-common/1.9.25/kotlin-stdlib-common-1.9.25.jar:/Users/erik/.m2/repository/org/jetbrains/kotlin/kotlin-stdlib-jdk8/1.9.25/kotlin-stdlib-jdk8-1.9.25.jar:/Users/erik/.m2/repository/org/jetbrains/kotlin/kotlin-stdlib/1.9.25/kotlin-stdlib-1.9.25.jar:/Users/erik/.m2/repository/org/jetbrains/kotlin/kotlin-stdlib-jdk7/1.9.25/kotlin-stdlib-jdk7-1.9.25.jar:/Users/erik/.m2/repository/org/springframework/boot/spring-boot-starter-test/3.4.0/spring-boot-starter-test-3.4.0.jar:/Users/erik/.m2/repository/org/springframework/boot/spring-boot-test/3.4.0/spring-boot-test-3.4.0.jar:/Users/erik/.m2/repository/org/springframework/boot/spring-boot-test-autoconfigure/3.4.0/spring-boot-test-autoconfigure-3.4.0.jar:/Users/erik/.m2/repository/com/jayway/jsonpath/json-path/2.9.0/json-path-2.9.0.jar:/Users/erik/.m2/repository/jakarta/xml/bind/jakarta.xml.bind-api/4.0.2/jakarta.xml.bind-api-4.0.2.jar:/Users/erik/.m2/repository/jakarta/activation/jakarta.activation-api/2.1.3/jakarta.activation-api-2.1.3.jar:/Users/erik/.m2/repository/net/minidev/json-smart/2.5.1/json-smart-2.5.1.jar:/Users/erik/.m2/repository/net/minidev/accessors-smart/2.5.1/accessors-smart-2.5.1.jar:/Users/erik/.m2/repository/org/ow2/asm/asm/9.6/asm-9.6.jar:/Users/erik/.m2/repository/org/assertj/assertj-core/3.26.3/assertj-core-3.26.3.jar:/Users/erik/.m2/repository/org/awaitility/awaitility/4.2.2/awaitility-4.2.2.jar:/Users/erik/.m2/repository/org/hamcrest/hamcrest/2.2/hamcrest-2.2.jar:/Users/erik/.m2/repository/org/junit/jupiter/junit-jupiter/5.11.3/junit-jupiter-5.11.3.jar:/Users/erik/.m2/repository/org/junit/jupiter/junit-jupiter-api/5.11.3/junit-jupiter-api-5.11.3.jar:/Users/erik/.m2/repository/org/opentest4j/opentest4j/1.3.0/opentest4j-1.3.0.jar:/Users/erik/.m2/repository/org/junit/platform/junit-platform-commons/1.11.3/junit-platform-commons-1.11.3.jar:/Users/erik/.m2/repository/org/apiguardian/apiguardian-api/1.1.2/apiguardian-api-1.1.2.jar:/Users/erik/.m2/repository/org/junit/jupiter/junit-jupiter-params/5.11.3/junit-jupiter-params-5.11.3.jar:/Users/erik/.m2/repository/org/junit/jupiter/junit-jupiter-engine/5.11.3/junit-jupiter-engine-5.11.3.jar:/Users/erik/.m2/repository/org/junit/platform/junit-platform-engine/1.11.3/junit-platform-engine-1.11.3.jar:/Users/erik/.m2/repository/org/mockito/mockito-core/5.14.2/mockito-core-5.14.2.jar:/Users/erik/.m2/repository/net/bytebuddy/byte-buddy-agent/1.15.10/byte-buddy-agent-1.15.10.jar:/Users/erik/.m2/repository/org/objenesis/objenesis/3.3/objenesis-3.3.jar:/Users/erik/.m2/repository/org/mockito/mockito-junit-jupiter/5.14.2/mockito-junit-jupiter-5.14.2.jar:/Users/erik/.m2/repository/org/skyscreamer/jsonassert/1.5.3/jsonassert-1.5.3.jar:/Users/erik/.m2/repository/com/vaadin/external/google/android-json/0.0.20131108.vaadin1/android-json-0.0.20131108.vaadin1.jar:/Users/erik/.m2/repository/org/springframework/spring-test/6.2.0/spring-test-6.2.0.jar:/Users/erik/.m2/repository/org/xmlunit/xmlunit-core/2.10.0/xmlunit-core-2.10.0.jar:/Users/erik/.m2/repository/org/springframework/boot/spring-boot-testcontainers/3.4.0/spring-boot-testcontainers-3.4.0.jar:/Users/erik/.m2/repository/org/testcontainers/testcontainers/1.20.4/testcontainers-1.20.4.jar:/Users/erik/.m2/repository/junit/junit/4.13.2/junit-4.13.2.jar:/Users/erik/.m2/repository/org/hamcrest/hamcrest-core/2.2/hamcrest-core-2.2.jar:/Users/erik/.m2/repository/org/apache/commons/commons-compress/1.24.0/commons-compress-1.24.0.jar:/Users/erik/.m2/repository/org/rnorth/duct-tape/duct-tape/1.0.8/duct-tape-1.0.8.jar:/Users/erik/.m2/repository/org/jetbrains/annotations/17.0.0/annotations-17.0.0.jar:/Users/erik/.m2/repository/com/github/docker-java/docker-java-api/3.4.0/docker-java-api-3.4.0.jar:/Users/erik/.m2/repository/com/github/docker-java/docker-java-transport-zerodep/3.4.0/docker-java-transport-zerodep-3.4.0.jar:/Users/erik/.m2/repository/com/github/docker-java/docker-java-transport/3.4.0/docker-java-transport-3.4.0.jar:/Users/erik/.m2/repository/net/java/dev/jna/jna/5.13.0/jna-5.13.0.jar:/Users/erik/.m2/repository/org/testcontainers/oracle-xe/1.20.4/oracle-xe-1.20.4.jar:/Users/erik/.m2/repository/org/testcontainers/jdbc/1.20.4/jdbc-1.20.4.jar:/Users/erik/.m2/repository/org/testcontainers/database-commons/1.20.4/database-commons-1.20.4.jar:/Users/erik/.m2/repository/org/testcontainers/junit-jupiter/1.20.4/junit-jupiter-1.20.4.jar:/Users/erik/.m2/repository/org/instancio/instancio-junit/5.4.0/instancio-junit-5.4.0.jar:/Users/erik/.m2/repository/org/instancio/instancio-core/5.4.0/instancio-core-5.4.0.jar:/Users/erik/.m2/repository/com/tngtech/archunit/archunit-junit5/1.4.0/archunit-junit5-1.4.0.jar:/Users/erik/.m2/repository/com/tngtech/archunit/archunit-junit5-api/1.4.0/archunit-junit5-api-1.4.0.jar:/Users/erik/.m2/repository/com/tngtech/archunit/archunit/1.4.0/archunit-1.4.0.jar:/Users/erik/.m2/repository/com/tngtech/archunit/archunit-junit5-engine/1.4.0/archunit-junit5-engine-1.4.0.jar:/Users/erik/.m2/repository/com/tngtech/archunit/archunit-junit5-engine-api/1.4.0/archunit-junit5-engine-api-1.4.0.jar:, java.version: =25.0.3}. 
2026-08-27T17:45:49.500+01:00  INFO 74676 --- [oulearning] [onnection adder] oracle.jdbc                              : entering args (oracle.jdbc.internal.AbstractConnectionBuilder$1@75a62755)
2026-08-27T17:45:49.500+01:00  INFO 74676 --- [oulearning] [onnection adder] oracle.jdbc                              : traceId=547D0D0E. 
2026-08-27T17:45:49.500+01:00  INFO 74676 --- [oulearning] [onnection adder] oracle.jdbc                              : Session Attributes: 
sdu=8192, tdu=2097152
nt: host=localhost, port=62200, socketOptions={0=YES, 1=NO, 17=0, 18=false, 2=30000, 20=true, 38=TLS, 23=40, 24=50, 40=false, 25=0}
    socket=null
client profile={oracle.net.encryption_types_client=(), oracle.net.crypto_seed=, oracle.net.authentication_services=(), oracle.net.setFIPSMode=false, oracle.net.kerberos5_mutual_authentication=false, oracle.net.encryption_client=ACCEPTED, oracle.net.crypto_checksum_client=ACCEPTED, oracle.net.crypto_checksum_types_client=()}
onBreakReset=false, dataEOF=false, negotiatedOptions=0x0, connected=false
TTIINIT enabled=false, TTC cookie enabled=false

2026-08-27T17:45:49.500+01:00  INFO 74676 --- [oulearning] [onnection adder] oracle.jdbc                              : traceId=547D0D0E, anoEnabled=true. 
2026-08-27T17:45:49.500+01:00  INFO 74676 --- [oulearning] [onnection adder] oracle.jdbc                              : Connection establishment failed due to IOException, will be trying with next available connect option.
2026-08-27T17:45:49.500+01:00  INFO 74676 --- [oulearning] [onnection adder] oracle.jdbc                              : Got Refused, SessionTraceId = 547D0D0E
2026-08-27T17:45:49.500+01:00  INFO 74676 --- [oulearning] [onnection adder] oracle.jdbc                              : Outbound interrupt timer cancelled null
2026-08-27T17:45:49.500+01:00  INFO 74676 --- [oulearning] [onnection adder] oracle.jdbc                              : Session Attributes: 
sdu=8192, tdu=2097152
nt: host=localhost, port=62200, socketOptions={0=YES, 1=NO, 17=0, 18=false, 2=30000, 20=true, 38=TLS, 23=40, 24=50, 40=false, 25=0}
    socket=null
client profile={oracle.net.encryption_types_client=(), oracle.net.crypto_seed=, oracle.net.authentication_services=(), oracle.net.setFIPSMode=false, oracle.net.kerberos5_mutual_authentication=false, oracle.net.encryption_client=ACCEPTED, oracle.net.crypto_checksum_client=ACCEPTED, oracle.net.crypto_checksum_types_client=()}
onBreakReset=false, dataEOF=false, negotiatedOptions=0x0, connected=false
TTIINIT enabled=false, TTC cookie enabled=false

2026-08-27T17:45:49.500+01:00  INFO 74676 --- [oulearning] [onnection adder] oracle.jdbc                              : Connection establishment failed due to IOException, will be trying with next available connect option.
2026-08-27T17:45:49.500+01:00  INFO 74676 --- [oulearning] [onnection adder] oracle.jdbc                              : Got Refused, SessionTraceId = 547D0D0E
2026-08-27T17:45:49.500+01:00  INFO 74676 --- [oulearning] [onnection adder] oracle.jdbc                              : Outbound interrupt timer cancelled null
2026-08-27T17:45:49.500+01:00  INFO 74676 --- [oulearning] [onnection adder] oracle.jdbc                              : throwing

java.sql.SQLRecoverableException: ORA-17002: I/O error: Connection reset, connect lapse 0 ms., Authentication lapse 0 ms.
https://docs.oracle.com/error-help/db/ora-17002/
	at oracle.jdbc.driver.T4CConnection.handleLogonIOException(T4CConnection.java:1660) ~[ojdbc11-23.5.0.24.07.jar:23.5.0.24.07]
	at oracle.jdbc.driver.T4CConnection.logon(T4CConnection.java:1142) ~[ojdbc11-23.5.0.24.07.jar:23.5.0.24.07]
	at oracle.jdbc.driver.PhysicalConnection.connect(PhysicalConnection.java:1206) ~[ojdbc11-23.5.0.24.07.jar:23.5.0.24.07]
	at oracle.jdbc.driver.T4CDriverExtension.getConnection(T4CDriverExtension.java:105) ~[ojdbc11-23.5.0.24.07.jar:23.5.0.24.07]
	at oracle.jdbc.driver.OracleDriver.connect(OracleDriver.java:886) ~[ojdbc11-23.5.0.24.07.jar:23.5.0.24.07]
	at oracle.jdbc.driver.OracleDriver.connect(OracleDriver.java:693) ~[ojdbc11-23.5.0.24.07.jar:23.5.0.24.07]
	at com.zaxxer.hikari.util.DriverDataSource.getConnection(DriverDataSource.java:137) ~[HikariCP-5.1.0.jar:na]
	at com.zaxxer.hikari.pool.PoolBase.newConnection(PoolBase.java:360) ~[HikariCP-5.1.0.jar:na]
	at com.zaxxer.hikari.pool.PoolBase.newPoolEntry(PoolBase.java:202) ~[HikariCP-5.1.0.jar:na]
	at com.zaxxer.hikari.pool.HikariPool.createPoolEntry(HikariPool.java:461) ~[HikariCP-5.1.0.jar:na]
	at com.zaxxer.hikari.pool.HikariPool$PoolEntryCreator.call(HikariPool.java:724) ~[HikariCP-5.1.0.jar:na]
	at com.zaxxer.hikari.pool.HikariPool$PoolEntryCreator.call(HikariPool.java:703) ~[HikariCP-5.1.0.jar:na]
	at java.base/java.util.concurrent.FutureTask.run(FutureTask.java:328) ~[na:na]
	at java.base/java.util.concurrent.ThreadPoolExecutor.runWorker(ThreadPoolExecutor.java:1090) ~[na:na]
	at java.base/java.util.concurrent.ThreadPoolExecutor$Worker.run(ThreadPoolExecutor.java:614) ~[na:na]
	at java.base/java.lang.Thread.run(Thread.java:1474) ~[na:na]
Caused by: java.io.IOException: Connection reset, connect lapse 0 ms., Authentication lapse 0 ms.
	at oracle.jdbc.driver.T4CConnection.handleLogonIOException(T4CConnection.java:1655) ~[ojdbc11-23.5.0.24.07.jar:23.5.0.24.07]
	... 15 common frames omitted
Caused by: java.io.IOException: Connection reset, connect lapse 0 ms.
	at oracle.net.ns.NSProtocolNIO.negotiateConnection(NSProtocolNIO.java:263) ~[ojdbc11-23.5.0.24.07.jar:23.5.0.24.07]
	at oracle.net.ns.NSProtocol.connect(NSProtocol.java:352) ~[ojdbc11-23.5.0.24.07.jar:23.5.0.24.07]
	at oracle.jdbc.driver.T4CConnection.connectNetworkSessionProtocol(T4CConnection.java:3419) ~[ojdbc11-23.5.0.24.07.jar:23.5.0.24.07]
	at oracle.jdbc.driver.T4CConnection.logon(T4CConnection.java:1018) ~[ojdbc11-23.5.0.24.07.jar:23.5.0.24.07]
	... 14 common frames omitted
Caused by: java.net.SocketException: Connection reset
	at java.base/sun.nio.ch.SocketChannelImpl.throwConnectionReset(SocketChannelImpl.java:399) ~[na:na]
	at java.base/sun.nio.ch.SocketChannelImpl.blockingRead(SocketChannelImpl.java:1420) ~[na:na]
	at java.base/sun.nio.ch.SocketInputStream.implRead(SocketInputStream.java:70) ~[na:na]
	at java.base/sun.nio.ch.SocketInputStream.read(SocketInputStream.java:78) ~[na:na]
	at oracle.net.nt.TimeoutSocketChannel.doBlockedRead(TimeoutSocketChannel.java:600) ~[ojdbc11-23.5.0.24.07.jar:23.5.0.24.07]
	at oracle.net.nt.TimeoutSocketChannel.read(TimeoutSocketChannel.java:536) ~[ojdbc11-23.5.0.24.07.jar:23.5.0.24.07]
	at oracle.net.ns.NSProtocolNIO.doSocketRead(NSProtocolNIO.java:1224) ~[ojdbc11-23.5.0.24.07.jar:23.5.0.24.07]
	at oracle.net.ns.NIOPacket.readNIOPacket(NIOPacket.java:436) ~[ojdbc11-23.5.0.24.07.jar:23.5.0.24.07]
	at oracle.net.ns.NSProtocolNIO.negotiateConnection(NSProtocolNIO.java:216) ~[ojdbc11-23.5.0.24.07.jar:23.5.0.24.07]
	... 17 common frames omitted

2026-08-27T17:45:49.501+01:00  INFO 74676 --- [oulearning] [onnection adder] oracle.jdbc                              : properties={LOCALE=en_US, DriverVersion=23.5.0.24.07, java.library.path: =/Users/erik/Library/Java/Extensions:/Library/Java/Extensions:/Network/Library/Java/Extensions:/System/Library/Java/Extensions:/usr/lib/java:., java.class.path: =/Users/erik/dev/oulearning/target/test-classes:/Users/erik/dev/oulearning/target/classes:/Users/erik/.m2/repository/org/springframework/boot/spring-boot-starter-data-jpa/3.4.0/spring-boot-starter-data-jpa-3.4.0.jar:/Users/erik/.m2/repository/org/springframework/boot/spring-boot-starter-jdbc/3.4.0/spring-boot-starter-jdbc-3.4.0.jar:/Users/erik/.m2/repository/com/zaxxer/HikariCP/5.1.0/HikariCP-5.1.0.jar:/Users/erik/.m2/repository/org/springframework/spring-jdbc/6.2.0/spring-jdbc-6.2.0.jar:/Users/erik/.m2/repository/org/hibernate/orm/hibernate-core/6.6.2.Final/hibernate-core-6.6.2.Final.jar:/Users/erik/.m2/repository/jakarta/persistence/jakarta.persistence-api/3.1.0/jakarta.persistence-api-3.1.0.jar:/Users/erik/.m2/repository/jakarta/transaction/jakarta.transaction-api/2.0.1/jakarta.transaction-api-2.0.1.jar:/Users/erik/.m2/repository/org/jboss/logging/jboss-logging/3.6.1.Final/jboss-logging-3.6.1.Final.jar:/Users/erik/.m2/repository/org/hibernate/common/hibernate-commons-annotations/7.0.3.Final/hibernate-commons-annotations-7.0.3.Final.jar:/Users/erik/.m2/repository/io/smallrye/jandex/3.2.0/jandex-3.2.0.jar:/Users/erik/.m2/repository/com/fasterxml/classmate/1.7.0/classmate-1.7.0.jar:/Users/erik/.m2/repository/net/bytebuddy/byte-buddy/1.15.10/byte-buddy-1.15.10.jar:/Users/erik/.m2/repository/org/glassfish/jaxb/jaxb-runtime/4.0.5/jaxb-runtime-4.0.5.jar:/Users/erik/.m2/repository/org/glassfish/jaxb/jaxb-core/4.0.5/jaxb-core-4.0.5.jar:/Users/erik/.m2/repository/org/eclipse/angus/angus-activation/2.0.2/angus-activation-2.0.2.jar:/Users/erik/.m2/repository/org/glassfish/jaxb/txw2/4.0.5/txw2-4.0.5.jar:/Users/erik/.m2/repository/com/sun/istack/istack-commons-runtime/4.1.2/istack-commons-runtime-4.1.2.jar:/Users/erik/.m2/repository/jakarta/inject/jakarta.inject-api/2.0.1/jakarta.inject-api-2.0.1.jar:/Users/erik/.m2/repository/org/antlr/antlr4-runtime/4.13.0/antlr4-runtime-4.13.0.jar:/Users/erik/.m2/repository/org/springframework/data/spring-data-jpa/3.4.0/spring-data-jpa-3.4.0.jar:/Users/erik/.m2/repository/org/springframework/data/spring-data-commons/3.4.0/spring-data-commons-3.4.0.jar:/Users/erik/.m2/repository/org/springframework/spring-orm/6.2.0/spring-orm-6.2.0.jar:/Users/erik/.m2/repository/org/springframework/spring-context/6.2.0/spring-context-6.2.0.jar:/Users/erik/.m2/repository/org/springframework/spring-aop/6.2.0/spring-aop-6.2.0.jar:/Users/erik/.m2/repository/org/springframework/spring-tx/6.2.0/spring-tx-6.2.0.jar:/Users/erik/.m2/repository/org/springframework/spring-beans/6.2.0/spring-beans-6.2.0.jar:/Users/erik/.m2/repository/org/slf4j/slf4j-api/2.0.16/slf4j-api-2.0.16.jar:/Users/erik/.m2/repository/org/springframework/spring-aspects/6.2.0/spring-aspects-6.2.0.jar:/Users/erik/.m2/repository/org/aspectj/aspectjweaver/1.9.22.1/aspectjweaver-1.9.22.1.jar:/Users/erik/.m2/repository/org/flywaydb/flyway-core/10.20.1/flyway-core-10.20.1.jar:/Users/erik/.m2/repository/com/fasterxml/jackson/dataformat/jackson-dataformat-toml/2.18.1/jackson-dataformat-toml-2.18.1.jar:/Users/erik/.m2/repository/com/fasterxml/jackson/core/jackson-core/2.18.1/jackson-core-2.18.1.jar:/Users/erik/.m2/repository/com/fasterxml/jackson/datatype/jackson-datatype-jsr310/2.18.1/jackson-datatype-jsr310-2.18.1.jar:/Users/erik/.m2/repository/com/fasterxml/jackson/core/jackson-annotations/2.18.1/jackson-annotations-2.18.1.jar:/Users/erik/.m2/repository/org/flywaydb/flyway-database-oracle/10.20.1/flyway-database-oracle-10.20.1.jar:/Users/erik/.m2/repository/com/oracle/database/jdbc/ojdbc11/23.5.0.24.07/ojdbc11-23.5.0.24.07.jar:/Users/erik/.m2/repository/org/springframework/boot/spring-boot-starter/3.4.0/spring-boot-starter-3.4.0.jar:/Users/erik/.m2/repository/org/springframework/boot/spring-boot/3.4.0/spring-boot-3.4.0.jar:/Users/erik/.m2/repository/org/springframework/boot/spring-boot-autoconfigure/3.4.0/spring-boot-autoconfigure-3.4.0.jar:/Users/erik/.m2/repository/org/springframework/boot/spring-boot-starter-logging/3.4.0/spring-boot-starter-logging-3.4.0.jar:/Users/erik/.m2/repository/ch/qos/logback/logback-classic/1.5.12/logback-classic-1.5.12.jar:/Users/erik/.m2/repository/ch/qos/logback/logback-core/1.5.12/logback-core-1.5.12.jar:/Users/erik/.m2/repository/org/apache/logging/log4j/log4j-to-slf4j/2.24.1/log4j-to-slf4j-2.24.1.jar:/Users/erik/.m2/repository/org/apache/logging/log4j/log4j-api/2.24.1/log4j-api-2.24.1.jar:/Users/erik/.m2/repository/org/slf4j/jul-to-slf4j/2.0.16/jul-to-slf4j-2.0.16.jar:/Users/erik/.m2/repository/jakarta/annotation/jakarta.annotation-api/2.1.1/jakarta.annotation-api-2.1.1.jar:/Users/erik/.m2/repository/org/springframework/spring-core/6.2.0/spring-core-6.2.0.jar:/Users/erik/.m2/repository/org/springframework/spring-jcl/6.2.0/spring-jcl-6.2.0.jar:/Users/erik/.m2/repository/org/yaml/snakeyaml/2.3/snakeyaml-2.3.jar:/Users/erik/.m2/repository/org/mybatis/spring/boot/mybatis-spring-boot-starter/3.0.3/mybatis-spring-boot-starter-3.0.3.jar:/Users/erik/.m2/repository/org/mybatis/spring/boot/mybatis-spring-boot-autoconfigure/3.0.3/mybatis-spring-boot-autoconfigure-3.0.3.jar:/Users/erik/.m2/repository/org/mybatis/mybatis/3.5.14/mybatis-3.5.14.jar:/Users/erik/.m2/repository/org/mybatis/mybatis-spring/3.0.3/mybatis-spring-3.0.3.jar:/Users/erik/.m2/repository/org/mybatis/spring/boot/mybatis-spring-boot-starter-test/3.0.3/mybatis-spring-boot-starter-test-3.0.3.jar:/Users/erik/.m2/repository/org/mybatis/spring/boot/mybatis-spring-boot-test-autoconfigure/3.0.3/mybatis-spring-boot-test-autoconfigure-3.0.3.jar:/Users/erik/.m2/repository/org/springframework/boot/spring-boot-starter-web/3.4.0/spring-boot-starter-web-3.4.0.jar:/Users/erik/.m2/repository/org/springframework/boot/spring-boot-starter-json/3.4.0/spring-boot-starter-json-3.4.0.jar:/Users/erik/.m2/repository/com/fasterxml/jackson/datatype/jackson-datatype-jdk8/2.18.1/jackson-datatype-jdk8-2.18.1.jar:/Users/erik/.m2/repository/com/fasterxml/jackson/module/jackson-module-parameter-names/2.18.1/jackson-module-parameter-names-2.18.1.jar:/Users/erik/.m2/repository/org/springframework/boot/spring-boot-starter-tomcat/3.4.0/spring-boot-starter-tomcat-3.4.0.jar:/Users/erik/.m2/repository/org/apache/tomcat/embed/tomcat-embed-core/10.1.33/tomcat-embed-core-10.1.33.jar:/Users/erik/.m2/repository/org/apache/tomcat/embed/tomcat-embed-websocket/10.1.33/tomcat-embed-websocket-10.1.33.jar:/Users/erik/.m2/repository/org/springframework/spring-web/6.2.0/spring-web-6.2.0.jar:/Users/erik/.m2/repository/io/micrometer/micrometer-observation/1.14.1/micrometer-observation-1.14.1.jar:/Users/erik/.m2/repository/io/micrometer/micrometer-commons/1.14.1/micrometer-commons-1.14.1.jar:/Users/erik/.m2/repository/org/springframework/spring-webmvc/6.2.0/spring-webmvc-6.2.0.jar:/Users/erik/.m2/repository/org/springframework/spring-expression/6.2.0/spring-expression-6.2.0.jar:/Users/erik/.m2/repository/org/springframework/boot/spring-boot-starter-validation/3.4.0/spring-boot-starter-validation-3.4.0.jar:/Users/erik/.m2/repository/org/apache/tomcat/embed/tomcat-embed-el/10.1.33/tomcat-embed-el-10.1.33.jar:/Users/erik/.m2/repository/org/hibernate/validator/hibernate-validator/8.0.1.Final/hibernate-validator-8.0.1.Final.jar:/Users/erik/.m2/repository/jakarta/validation/jakarta.validation-api/3.0.2/jakarta.validation-api-3.0.2.jar:/Users/erik/.m2/repository/io/swagger/core/v3/swagger-annotations/2.2.22/swagger-annotations-2.2.22.jar:/Users/erik/.m2/repository/org/openapitools/jackson-databind-nullable/0.2.6/jackson-databind-nullable-0.2.6.jar:/Users/erik/.m2/repository/com/fasterxml/jackson/core/jackson-databind/2.18.1/jackson-databind-2.18.1.jar:/Users/erik/.m2/repository/org/javamoney/moneta/moneta-core/1.4.4/moneta-core-1.4.4.jar:/Users/erik/.m2/repository/javax/money/money-api/1.1/money-api-1.1.jar:/Users/erik/.m2/repository/com/squareup/okhttp3/okhttp/4.12.0/okhttp-4.12.0.jar:/Users/erik/.m2/repository/com/squareup/okio/okio/3.6.0/okio-3.6.0.jar:/Users/erik/.m2/repository/com/squareup/okio/okio-jvm/3.6.0/okio-jvm-3.6.0.jar:/Users/erik/.m2/repository/org/jetbrains/kotlin/kotlin-stdlib-common/1.9.25/kotlin-stdlib-common-1.9.25.jar:/Users/erik/.m2/repository/org/jetbrains/kotlin/kotlin-stdlib-jdk8/1.9.25/kotlin-stdlib-jdk8-1.9.25.jar:/Users/erik/.m2/repository/org/jetbrains/kotlin/kotlin-stdlib/1.9.25/kotlin-stdlib-1.9.25.jar:/Users/erik/.m2/repository/org/jetbrains/kotlin/kotlin-stdlib-jdk7/1.9.25/kotlin-stdlib-jdk7-1.9.25.jar:/Users/erik/.m2/repository/org/springframework/boot/spring-boot-starter-test/3.4.0/spring-boot-starter-test-3.4.0.jar:/Users/erik/.m2/repository/org/springframework/boot/spring-boot-test/3.4.0/spring-boot-test-3.4.0.jar:/Users/erik/.m2/repository/org/springframework/boot/spring-boot-test-autoconfigure/3.4.0/spring-boot-test-autoconfigure-3.4.0.jar:/Users/erik/.m2/repository/com/jayway/jsonpath/json-path/2.9.0/json-path-2.9.0.jar:/Users/erik/.m2/repository/jakarta/xml/bind/jakarta.xml.bind-api/4.0.2/jakarta.xml.bind-api-4.0.2.jar:/Users/erik/.m2/repository/jakarta/activation/jakarta.activation-api/2.1.3/jakarta.activation-api-2.1.3.jar:/Users/erik/.m2/repository/net/minidev/json-smart/2.5.1/json-smart-2.5.1.jar:/Users/erik/.m2/repository/net/minidev/accessors-smart/2.5.1/accessors-smart-2.5.1.jar:/Users/erik/.m2/repository/org/ow2/asm/asm/9.6/asm-9.6.jar:/Users/erik/.m2/repository/org/assertj/assertj-core/3.26.3/assertj-core-3.26.3.jar:/Users/erik/.m2/repository/org/awaitility/awaitility/4.2.2/awaitility-4.2.2.jar:/Users/erik/.m2/repository/org/hamcrest/hamcrest/2.2/hamcrest-2.2.jar:/Users/erik/.m2/repository/org/junit/jupiter/junit-jupiter/5.11.3/junit-jupiter-5.11.3.jar:/Users/erik/.m2/repository/org/junit/jupiter/junit-jupiter-api/5.11.3/junit-jupiter-api-5.11.3.jar:/Users/erik/.m2/repository/org/opentest4j/opentest4j/1.3.0/opentest4j-1.3.0.jar:/Users/erik/.m2/repository/org/junit/platform/junit-platform-commons/1.11.3/junit-platform-commons-1.11.3.jar:/Users/erik/.m2/repository/org/apiguardian/apiguardian-api/1.1.2/apiguardian-api-1.1.2.jar:/Users/erik/.m2/repository/org/junit/jupiter/junit-jupiter-params/5.11.3/junit-jupiter-params-5.11.3.jar:/Users/erik/.m2/repository/org/junit/jupiter/junit-jupiter-engine/5.11.3/junit-jupiter-engine-5.11.3.jar:/Users/erik/.m2/repository/org/junit/platform/junit-platform-engine/1.11.3/junit-platform-engine-1.11.3.jar:/Users/erik/.m2/repository/org/mockito/mockito-core/5.14.2/mockito-core-5.14.2.jar:/Users/erik/.m2/repository/net/bytebuddy/byte-buddy-agent/1.15.10/byte-buddy-agent-1.15.10.jar:/Users/erik/.m2/repository/org/objenesis/objenesis/3.3/objenesis-3.3.jar:/Users/erik/.m2/repository/org/mockito/mockito-junit-jupiter/5.14.2/mockito-junit-jupiter-5.14.2.jar:/Users/erik/.m2/repository/org/skyscreamer/jsonassert/1.5.3/jsonassert-1.5.3.jar:/Users/erik/.m2/repository/com/vaadin/external/google/android-json/0.0.20131108.vaadin1/android-json-0.0.20131108.vaadin1.jar:/Users/erik/.m2/repository/org/springframework/spring-test/6.2.0/spring-test-6.2.0.jar:/Users/erik/.m2/repository/org/xmlunit/xmlunit-core/2.10.0/xmlunit-core-2.10.0.jar:/Users/erik/.m2/repository/org/springframework/boot/spring-boot-testcontainers/3.4.0/spring-boot-testcontainers-3.4.0.jar:/Users/erik/.m2/repository/org/testcontainers/testcontainers/1.20.4/testcontainers-1.20.4.jar:/Users/erik/.m2/repository/junit/junit/4.13.2/junit-4.13.2.jar:/Users/erik/.m2/repository/org/hamcrest/hamcrest-core/2.2/hamcrest-core-2.2.jar:/Users/erik/.m2/repository/org/apache/commons/commons-compress/1.24.0/commons-compress-1.24.0.jar:/Users/erik/.m2/repository/org/rnorth/duct-tape/duct-tape/1.0.8/duct-tape-1.0.8.jar:/Users/erik/.m2/repository/org/jetbrains/annotations/17.0.0/annotations-17.0.0.jar:/Users/erik/.m2/repository/com/github/docker-java/docker-java-api/3.4.0/docker-java-api-3.4.0.jar:/Users/erik/.m2/repository/com/github/docker-java/docker-java-transport-zerodep/3.4.0/docker-java-transport-zerodep-3.4.0.jar:/Users/erik/.m2/repository/com/github/docker-java/docker-java-transport/3.4.0/docker-java-transport-3.4.0.jar:/Users/erik/.m2/repository/net/java/dev/jna/jna/5.13.0/jna-5.13.0.jar:/Users/erik/.m2/repository/org/testcontainers/oracle-xe/1.20.4/oracle-xe-1.20.4.jar:/Users/erik/.m2/repository/org/testcontainers/jdbc/1.20.4/jdbc-1.20.4.jar:/Users/erik/.m2/repository/org/testcontainers/database-commons/1.20.4/database-commons-1.20.4.jar:/Users/erik/.m2/repository/org/testcontainers/junit-jupiter/1.20.4/junit-jupiter-1.20.4.jar:/Users/erik/.m2/repository/org/instancio/instancio-junit/5.4.0/instancio-junit-5.4.0.jar:/Users/erik/.m2/repository/org/instancio/instancio-core/5.4.0/instancio-core-5.4.0.jar:/Users/erik/.m2/repository/com/tngtech/archunit/archunit-junit5/1.4.0/archunit-junit5-1.4.0.jar:/Users/erik/.m2/repository/com/tngtech/archunit/archunit-junit5-api/1.4.0/archunit-junit5-api-1.4.0.jar:/Users/erik/.m2/repository/com/tngtech/archunit/archunit/1.4.0/archunit-1.4.0.jar:/Users/erik/.m2/repository/com/tngtech/archunit/archunit-junit5-engine/1.4.0/archunit-junit5-engine-1.4.0.jar:/Users/erik/.m2/repository/com/tngtech/archunit/archunit-junit5-engine-api/1.4.0/archunit-junit5-engine-api-1.4.0.jar:, java.version: =25.0.3}. 
2026-08-27T17:45:49.554+01:00  INFO 74676 --- [oulearning] [onnection adder] oracle.jdbc                              : entering args (oracle.jdbc.internal.AbstractConnectionBuilder$1@e1ab97f)
2026-08-27T17:45:49.554+01:00  INFO 74676 --- [oulearning] [onnection adder] oracle.jdbc                              : traceId=6ADDD6CE. 
2026-08-27T17:45:49.554+01:00  INFO 74676 --- [oulearning] [onnection adder] oracle.jdbc                              : Session Attributes: 
sdu=8192, tdu=2097152
nt: host=localhost, port=62200, socketOptions={0=YES, 1=NO, 17=0, 18=false, 2=30000, 20=true, 38=TLS, 23=40, 24=50, 40=false, 25=0}
    socket=null
client profile={oracle.net.encryption_types_client=(), oracle.net.crypto_seed=, oracle.net.authentication_services=(), oracle.net.setFIPSMode=false, oracle.net.kerberos5_mutual_authentication=false, oracle.net.encryption_client=ACCEPTED, oracle.net.crypto_checksum_client=ACCEPTED, oracle.net.crypto_checksum_types_client=()}
onBreakReset=false, dataEOF=false, negotiatedOptions=0x0, connected=false
TTIINIT enabled=false, TTC cookie enabled=false

2026-08-27T17:45:49.555+01:00  INFO 74676 --- [oulearning] [onnection adder] oracle.jdbc                              : traceId=6ADDD6CE, anoEnabled=true. 
2026-08-27T17:45:49.555+01:00  INFO 74676 --- [oulearning] [onnection adder] oracle.jdbc                              : Connection establishment failed due to IOException, will be trying with next available connect option.
2026-08-27T17:45:49.555+01:00  INFO 74676 --- [oulearning] [onnection adder] oracle.jdbc                              : Got Refused, SessionTraceId = 6ADDD6CE
2026-08-27T17:45:49.555+01:00  INFO 74676 --- [oulearning] [onnection adder] oracle.jdbc                              : Outbound interrupt timer cancelled null
2026-08-27T17:45:49.555+01:00  INFO 74676 --- [oulearning] [onnection adder] oracle.jdbc                              : Session Attributes: 
sdu=8192, tdu=2097152
nt: host=localhost, port=62200, socketOptions={0=YES, 1=NO, 17=0, 18=false, 2=30000, 20=true, 38=TLS, 23=40, 24=50, 40=false, 25=0}
    socket=null
client profile={oracle.net.encryption_types_client=(), oracle.net.crypto_seed=, oracle.net.authentication_services=(), oracle.net.setFIPSMode=false, oracle.net.kerberos5_mutual_authentication=false, oracle.net.encryption_client=ACCEPTED, oracle.net.crypto_checksum_client=ACCEPTED, oracle.net.crypto_checksum_types_client=()}
onBreakReset=false, dataEOF=false, negotiatedOptions=0x0, connected=false
TTIINIT enabled=false, TTC cookie enabled=false

2026-08-27T17:45:49.555+01:00  INFO 74676 --- [oulearning] [onnection adder] oracle.jdbc                              : Connection establishment failed due to IOException, will be trying with next available connect option.
2026-08-27T17:45:49.555+01:00  INFO 74676 --- [oulearning] [onnection adder] oracle.jdbc                              : Got Refused, SessionTraceId = 6ADDD6CE
2026-08-27T17:45:49.555+01:00  INFO 74676 --- [oulearning] [onnection adder] oracle.jdbc                              : Outbound interrupt timer cancelled null
2026-08-27T17:45:49.555+01:00  INFO 74676 --- [oulearning] [onnection adder] oracle.jdbc                              : throwing

java.sql.SQLRecoverableException: ORA-17002: I/O error: Connection reset, connect lapse 0 ms., Authentication lapse 0 ms.
https://docs.oracle.com/error-help/db/ora-17002/
	at oracle.jdbc.driver.T4CConnection.handleLogonIOException(T4CConnection.java:1660) ~[ojdbc11-23.5.0.24.07.jar:23.5.0.24.07]
	at oracle.jdbc.driver.T4CConnection.logon(T4CConnection.java:1142) ~[ojdbc11-23.5.0.24.07.jar:23.5.0.24.07]
	at oracle.jdbc.driver.PhysicalConnection.connect(PhysicalConnection.java:1206) ~[ojdbc11-23.5.0.24.07.jar:23.5.0.24.07]
	at oracle.jdbc.driver.T4CDriverExtension.getConnection(T4CDriverExtension.java:105) ~[ojdbc11-23.5.0.24.07.jar:23.5.0.24.07]
	at oracle.jdbc.driver.OracleDriver.connect(OracleDriver.java:886) ~[ojdbc11-23.5.0.24.07.jar:23.5.0.24.07]
	at oracle.jdbc.driver.OracleDriver.connect(OracleDriver.java:693) ~[ojdbc11-23.5.0.24.07.jar:23.5.0.24.07]
	at com.zaxxer.hikari.util.DriverDataSource.getConnection(DriverDataSource.java:137) ~[HikariCP-5.1.0.jar:na]
	at com.zaxxer.hikari.pool.PoolBase.newConnection(PoolBase.java:360) ~[HikariCP-5.1.0.jar:na]
	at com.zaxxer.hikari.pool.PoolBase.newPoolEntry(PoolBase.java:202) ~[HikariCP-5.1.0.jar:na]
	at com.zaxxer.hikari.pool.HikariPool.createPoolEntry(HikariPool.java:461) ~[HikariCP-5.1.0.jar:na]
	at com.zaxxer.hikari.pool.HikariPool$PoolEntryCreator.call(HikariPool.java:724) ~[HikariCP-5.1.0.jar:na]
	at com.zaxxer.hikari.pool.HikariPool$PoolEntryCreator.call(HikariPool.java:703) ~[HikariCP-5.1.0.jar:na]
	at java.base/java.util.concurrent.FutureTask.run(FutureTask.java:328) ~[na:na]
	at java.base/java.util.concurrent.ThreadPoolExecutor.runWorker(ThreadPoolExecutor.java:1090) ~[na:na]
	at java.base/java.util.concurrent.ThreadPoolExecutor$Worker.run(ThreadPoolExecutor.java:614) ~[na:na]
	at java.base/java.lang.Thread.run(Thread.java:1474) ~[na:na]
Caused by: java.io.IOException: Connection reset, connect lapse 0 ms., Authentication lapse 0 ms.
	at oracle.jdbc.driver.T4CConnection.handleLogonIOException(T4CConnection.java:1655) ~[ojdbc11-23.5.0.24.07.jar:23.5.0.24.07]
	... 15 common frames omitted
Caused by: java.io.IOException: Connection reset, connect lapse 0 ms.
	at oracle.net.ns.NSProtocolNIO.negotiateConnection(NSProtocolNIO.java:263) ~[ojdbc11-23.5.0.24.07.jar:23.5.0.24.07]
	at oracle.net.ns.NSProtocol.connect(NSProtocol.java:352) ~[ojdbc11-23.5.0.24.07.jar:23.5.0.24.07]
	at oracle.jdbc.driver.T4CConnection.connectNetworkSessionProtocol(T4CConnection.java:3419) ~[ojdbc11-23.5.0.24.07.jar:23.5.0.24.07]
	at oracle.jdbc.driver.T4CConnection.logon(T4CConnection.java:1018) ~[ojdbc11-23.5.0.24.07.jar:23.5.0.24.07]
	... 14 common frames omitted
Caused by: java.net.SocketException: Connection reset
	at java.base/sun.nio.ch.SocketChannelImpl.throwConnectionReset(SocketChannelImpl.java:399) ~[na:na]
	at java.base/sun.nio.ch.SocketChannelImpl.blockingRead(SocketChannelImpl.java:1420) ~[na:na]
	at java.base/sun.nio.ch.SocketInputStream.implRead(SocketInputStream.java:70) ~[na:na]
	at java.base/sun.nio.ch.SocketInputStream.read(SocketInputStream.java:78) ~[na:na]
	at oracle.net.nt.TimeoutSocketChannel.doBlockedRead(TimeoutSocketChannel.java:600) ~[ojdbc11-23.5.0.24.07.jar:23.5.0.24.07]
	at oracle.net.nt.TimeoutSocketChannel.read(TimeoutSocketChannel.java:536) ~[ojdbc11-23.5.0.24.07.jar:23.5.0.24.07]
	at oracle.net.ns.NSProtocolNIO.doSocketRead(NSProtocolNIO.java:1224) ~[ojdbc11-23.5.0.24.07.jar:23.5.0.24.07]
	at oracle.net.ns.NIOPacket.readNIOPacket(NIOPacket.java:436) ~[ojdbc11-23.5.0.24.07.jar:23.5.0.24.07]
	at oracle.net.ns.NSProtocolNIO.negotiateConnection(NSProtocolNIO.java:216) ~[ojdbc11-23.5.0.24.07.jar:23.5.0.24.07]
	... 17 common frames omitted

2026-08-27T17:45:49.555+01:00  INFO 74676 --- [oulearning] [onnection adder] oracle.jdbc                              : properties={LOCALE=en_US, DriverVersion=23.5.0.24.07, java.library.path: =/Users/erik/Library/Java/Extensions:/Library/Java/Extensions:/Network/Library/Java/Extensions:/System/Library/Java/Extensions:/usr/lib/java:., java.class.path: =/Users/erik/dev/oulearning/target/test-classes:/Users/erik/dev/oulearning/target/classes:/Users/erik/.m2/repository/org/springframework/boot/spring-boot-starter-data-jpa/3.4.0/spring-boot-starter-data-jpa-3.4.0.jar:/Users/erik/.m2/repository/org/springframework/boot/spring-boot-starter-jdbc/3.4.0/spring-boot-starter-jdbc-3.4.0.jar:/Users/erik/.m2/repository/com/zaxxer/HikariCP/5.1.0/HikariCP-5.1.0.jar:/Users/erik/.m2/repository/org/springframework/spring-jdbc/6.2.0/spring-jdbc-6.2.0.jar:/Users/erik/.m2/repository/org/hibernate/orm/hibernate-core/6.6.2.Final/hibernate-core-6.6.2.Final.jar:/Users/erik/.m2/repository/jakarta/persistence/jakarta.persistence-api/3.1.0/jakarta.persistence-api-3.1.0.jar:/Users/erik/.m2/repository/jakarta/transaction/jakarta.transaction-api/2.0.1/jakarta.transaction-api-2.0.1.jar:/Users/erik/.m2/repository/org/jboss/logging/jboss-logging/3.6.1.Final/jboss-logging-3.6.1.Final.jar:/Users/erik/.m2/repository/org/hibernate/common/hibernate-commons-annotations/7.0.3.Final/hibernate-commons-annotations-7.0.3.Final.jar:/Users/erik/.m2/repository/io/smallrye/jandex/3.2.0/jandex-3.2.0.jar:/Users/erik/.m2/repository/com/fasterxml/classmate/1.7.0/classmate-1.7.0.jar:/Users/erik/.m2/repository/net/bytebuddy/byte-buddy/1.15.10/byte-buddy-1.15.10.jar:/Users/erik/.m2/repository/org/glassfish/jaxb/jaxb-runtime/4.0.5/jaxb-runtime-4.0.5.jar:/Users/erik/.m2/repository/org/glassfish/jaxb/jaxb-core/4.0.5/jaxb-core-4.0.5.jar:/Users/erik/.m2/repository/org/eclipse/angus/angus-activation/2.0.2/angus-activation-2.0.2.jar:/Users/erik/.m2/repository/org/glassfish/jaxb/txw2/4.0.5/txw2-4.0.5.jar:/Users/erik/.m2/repository/com/sun/istack/istack-commons-runtime/4.1.2/istack-commons-runtime-4.1.2.jar:/Users/erik/.m2/repository/jakarta/inject/jakarta.inject-api/2.0.1/jakarta.inject-api-2.0.1.jar:/Users/erik/.m2/repository/org/antlr/antlr4-runtime/4.13.0/antlr4-runtime-4.13.0.jar:/Users/erik/.m2/repository/org/springframework/data/spring-data-jpa/3.4.0/spring-data-jpa-3.4.0.jar:/Users/erik/.m2/repository/org/springframework/data/spring-data-commons/3.4.0/spring-data-commons-3.4.0.jar:/Users/erik/.m2/repository/org/springframework/spring-orm/6.2.0/spring-orm-6.2.0.jar:/Users/erik/.m2/repository/org/springframework/spring-context/6.2.0/spring-context-6.2.0.jar:/Users/erik/.m2/repository/org/springframework/spring-aop/6.2.0/spring-aop-6.2.0.jar:/Users/erik/.m2/repository/org/springframework/spring-tx/6.2.0/spring-tx-6.2.0.jar:/Users/erik/.m2/repository/org/springframework/spring-beans/6.2.0/spring-beans-6.2.0.jar:/Users/erik/.m2/repository/org/slf4j/slf4j-api/2.0.16/slf4j-api-2.0.16.jar:/Users/erik/.m2/repository/org/springframework/spring-aspects/6.2.0/spring-aspects-6.2.0.jar:/Users/erik/.m2/repository/org/aspectj/aspectjweaver/1.9.22.1/aspectjweaver-1.9.22.1.jar:/Users/erik/.m2/repository/org/flywaydb/flyway-core/10.20.1/flyway-core-10.20.1.jar:/Users/erik/.m2/repository/com/fasterxml/jackson/dataformat/jackson-dataformat-toml/2.18.1/jackson-dataformat-toml-2.18.1.jar:/Users/erik/.m2/repository/com/fasterxml/jackson/core/jackson-core/2.18.1/jackson-core-2.18.1.jar:/Users/erik/.m2/repository/com/fasterxml/jackson/datatype/jackson-datatype-jsr310/2.18.1/jackson-datatype-jsr310-2.18.1.jar:/Users/erik/.m2/repository/com/fasterxml/jackson/core/jackson-annotations/2.18.1/jackson-annotations-2.18.1.jar:/Users/erik/.m2/repository/org/flywaydb/flyway-database-oracle/10.20.1/flyway-database-oracle-10.20.1.jar:/Users/erik/.m2/repository/com/oracle/database/jdbc/ojdbc11/23.5.0.24.07/ojdbc11-23.5.0.24.07.jar:/Users/erik/.m2/repository/org/springframework/boot/spring-boot-starter/3.4.0/spring-boot-starter-3.4.0.jar:/Users/erik/.m2/repository/org/springframework/boot/spring-boot/3.4.0/spring-boot-3.4.0.jar:/Users/erik/.m2/repository/org/springframework/boot/spring-boot-autoconfigure/3.4.0/spring-boot-autoconfigure-3.4.0.jar:/Users/erik/.m2/repository/org/springframework/boot/spring-boot-starter-logging/3.4.0/spring-boot-starter-logging-3.4.0.jar:/Users/erik/.m2/repository/ch/qos/logback/logback-classic/1.5.12/logback-classic-1.5.12.jar:/Users/erik/.m2/repository/ch/qos/logback/logback-core/1.5.12/logback-core-1.5.12.jar:/Users/erik/.m2/repository/org/apache/logging/log4j/log4j-to-slf4j/2.24.1/log4j-to-slf4j-2.24.1.jar:/Users/erik/.m2/repository/org/apache/logging/log4j/log4j-api/2.24.1/log4j-api-2.24.1.jar:/Users/erik/.m2/repository/org/slf4j/jul-to-slf4j/2.0.16/jul-to-slf4j-2.0.16.jar:/Users/erik/.m2/repository/jakarta/annotation/jakarta.annotation-api/2.1.1/jakarta.annotation-api-2.1.1.jar:/Users/erik/.m2/repository/org/springframework/spring-core/6.2.0/spring-core-6.2.0.jar:/Users/erik/.m2/repository/org/springframework/spring-jcl/6.2.0/spring-jcl-6.2.0.jar:/Users/erik/.m2/repository/org/yaml/snakeyaml/2.3/snakeyaml-2.3.jar:/Users/erik/.m2/repository/org/mybatis/spring/boot/mybatis-spring-boot-starter/3.0.3/mybatis-spring-boot-starter-3.0.3.jar:/Users/erik/.m2/repository/org/mybatis/spring/boot/mybatis-spring-boot-autoconfigure/3.0.3/mybatis-spring-boot-autoconfigure-3.0.3.jar:/Users/erik/.m2/repository/org/mybatis/mybatis/3.5.14/mybatis-3.5.14.jar:/Users/erik/.m2/repository/org/mybatis/mybatis-spring/3.0.3/mybatis-spring-3.0.3.jar:/Users/erik/.m2/repository/org/mybatis/spring/boot/mybatis-spring-boot-starter-test/3.0.3/mybatis-spring-boot-starter-test-3.0.3.jar:/Users/erik/.m2/repository/org/mybatis/spring/boot/mybatis-spring-boot-test-autoconfigure/3.0.3/mybatis-spring-boot-test-autoconfigure-3.0.3.jar:/Users/erik/.m2/repository/org/springframework/boot/spring-boot-starter-web/3.4.0/spring-boot-starter-web-3.4.0.jar:/Users/erik/.m2/repository/org/springframework/boot/spring-boot-starter-json/3.4.0/spring-boot-starter-json-3.4.0.jar:/Users/erik/.m2/repository/com/fasterxml/jackson/datatype/jackson-datatype-jdk8/2.18.1/jackson-datatype-jdk8-2.18.1.jar:/Users/erik/.m2/repository/com/fasterxml/jackson/module/jackson-module-parameter-names/2.18.1/jackson-module-parameter-names-2.18.1.jar:/Users/erik/.m2/repository/org/springframework/boot/spring-boot-starter-tomcat/3.4.0/spring-boot-starter-tomcat-3.4.0.jar:/Users/erik/.m2/repository/org/apache/tomcat/embed/tomcat-embed-core/10.1.33/tomcat-embed-core-10.1.33.jar:/Users/erik/.m2/repository/org/apache/tomcat/embed/tomcat-embed-websocket/10.1.33/tomcat-embed-websocket-10.1.33.jar:/Users/erik/.m2/repository/org/springframework/spring-web/6.2.0/spring-web-6.2.0.jar:/Users/erik/.m2/repository/io/micrometer/micrometer-observation/1.14.1/micrometer-observation-1.14.1.jar:/Users/erik/.m2/repository/io/micrometer/micrometer-commons/1.14.1/micrometer-commons-1.14.1.jar:/Users/erik/.m2/repository/org/springframework/spring-webmvc/6.2.0/spring-webmvc-6.2.0.jar:/Users/erik/.m2/repository/org/springframework/spring-expression/6.2.0/spring-expression-6.2.0.jar:/Users/erik/.m2/repository/org/springframework/boot/spring-boot-starter-validation/3.4.0/spring-boot-starter-validation-3.4.0.jar:/Users/erik/.m2/repository/org/apache/tomcat/embed/tomcat-embed-el/10.1.33/tomcat-embed-el-10.1.33.jar:/Users/erik/.m2/repository/org/hibernate/validator/hibernate-validator/8.0.1.Final/hibernate-validator-8.0.1.Final.jar:/Users/erik/.m2/repository/jakarta/validation/jakarta.validation-api/3.0.2/jakarta.validation-api-3.0.2.jar:/Users/erik/.m2/repository/io/swagger/core/v3/swagger-annotations/2.2.22/swagger-annotations-2.2.22.jar:/Users/erik/.m2/repository/org/openapitools/jackson-databind-nullable/0.2.6/jackson-databind-nullable-0.2.6.jar:/Users/erik/.m2/repository/com/fasterxml/jackson/core/jackson-databind/2.18.1/jackson-databind-2.18.1.jar:/Users/erik/.m2/repository/org/javamoney/moneta/moneta-core/1.4.4/moneta-core-1.4.4.jar:/Users/erik/.m2/repository/javax/money/money-api/1.1/money-api-1.1.jar:/Users/erik/.m2/repository/com/squareup/okhttp3/okhttp/4.12.0/okhttp-4.12.0.jar:/Users/erik/.m2/repository/com/squareup/okio/okio/3.6.0/okio-3.6.0.jar:/Users/erik/.m2/repository/com/squareup/okio/okio-jvm/3.6.0/okio-jvm-3.6.0.jar:/Users/erik/.m2/repository/org/jetbrains/kotlin/kotlin-stdlib-common/1.9.25/kotlin-stdlib-common-1.9.25.jar:/Users/erik/.m2/repository/org/jetbrains/kotlin/kotlin-stdlib-jdk8/1.9.25/kotlin-stdlib-jdk8-1.9.25.jar:/Users/erik/.m2/repository/org/jetbrains/kotlin/kotlin-stdlib/1.9.25/kotlin-stdlib-1.9.25.jar:/Users/erik/.m2/repository/org/jetbrains/kotlin/kotlin-stdlib-jdk7/1.9.25/kotlin-stdlib-jdk7-1.9.25.jar:/Users/erik/.m2/repository/org/springframework/boot/spring-boot-starter-test/3.4.0/spring-boot-starter-test-3.4.0.jar:/Users/erik/.m2/repository/org/springframework/boot/spring-boot-test/3.4.0/spring-boot-test-3.4.0.jar:/Users/erik/.m2/repository/org/springframework/boot/spring-boot-test-autoconfigure/3.4.0/spring-boot-test-autoconfigure-3.4.0.jar:/Users/erik/.m2/repository/com/jayway/jsonpath/json-path/2.9.0/json-path-2.9.0.jar:/Users/erik/.m2/repository/jakarta/xml/bind/jakarta.xml.bind-api/4.0.2/jakarta.xml.bind-api-4.0.2.jar:/Users/erik/.m2/repository/jakarta/activation/jakarta.activation-api/2.1.3/jakarta.activation-api-2.1.3.jar:/Users/erik/.m2/repository/net/minidev/json-smart/2.5.1/json-smart-2.5.1.jar:/Users/erik/.m2/repository/net/minidev/accessors-smart/2.5.1/accessors-smart-2.5.1.jar:/Users/erik/.m2/repository/org/ow2/asm/asm/9.6/asm-9.6.jar:/Users/erik/.m2/repository/org/assertj/assertj-core/3.26.3/assertj-core-3.26.3.jar:/Users/erik/.m2/repository/org/awaitility/awaitility/4.2.2/awaitility-4.2.2.jar:/Users/erik/.m2/repository/org/hamcrest/hamcrest/2.2/hamcrest-2.2.jar:/Users/erik/.m2/repository/org/junit/jupiter/junit-jupiter/5.11.3/junit-jupiter-5.11.3.jar:/Users/erik/.m2/repository/org/junit/jupiter/junit-jupiter-api/5.11.3/junit-jupiter-api-5.11.3.jar:/Users/erik/.m2/repository/org/opentest4j/opentest4j/1.3.0/opentest4j-1.3.0.jar:/Users/erik/.m2/repository/org/junit/platform/junit-platform-commons/1.11.3/junit-platform-commons-1.11.3.jar:/Users/erik/.m2/repository/org/apiguardian/apiguardian-api/1.1.2/apiguardian-api-1.1.2.jar:/Users/erik/.m2/repository/org/junit/jupiter/junit-jupiter-params/5.11.3/junit-jupiter-params-5.11.3.jar:/Users/erik/.m2/repository/org/junit/jupiter/junit-jupiter-engine/5.11.3/junit-jupiter-engine-5.11.3.jar:/Users/erik/.m2/repository/org/junit/platform/junit-platform-engine/1.11.3/junit-platform-engine-1.11.3.jar:/Users/erik/.m2/repository/org/mockito/mockito-core/5.14.2/mockito-core-5.14.2.jar:/Users/erik/.m2/repository/net/bytebuddy/byte-buddy-agent/1.15.10/byte-buddy-agent-1.15.10.jar:/Users/erik/.m2/repository/org/objenesis/objenesis/3.3/objenesis-3.3.jar:/Users/erik/.m2/repository/org/mockito/mockito-junit-jupiter/5.14.2/mockito-junit-jupiter-5.14.2.jar:/Users/erik/.m2/repository/org/skyscreamer/jsonassert/1.5.3/jsonassert-1.5.3.jar:/Users/erik/.m2/repository/com/vaadin/external/google/android-json/0.0.20131108.vaadin1/android-json-0.0.20131108.vaadin1.jar:/Users/erik/.m2/repository/org/springframework/spring-test/6.2.0/spring-test-6.2.0.jar:/Users/erik/.m2/repository/org/xmlunit/xmlunit-core/2.10.0/xmlunit-core-2.10.0.jar:/Users/erik/.m2/repository/org/springframework/boot/spring-boot-testcontainers/3.4.0/spring-boot-testcontainers-3.4.0.jar:/Users/erik/.m2/repository/org/testcontainers/testcontainers/1.20.4/testcontainers-1.20.4.jar:/Users/erik/.m2/repository/junit/junit/4.13.2/junit-4.13.2.jar:/Users/erik/.m2/repository/org/hamcrest/hamcrest-core/2.2/hamcrest-core-2.2.jar:/Users/erik/.m2/repository/org/apache/commons/commons-compress/1.24.0/commons-compress-1.24.0.jar:/Users/erik/.m2/repository/org/rnorth/duct-tape/duct-tape/1.0.8/duct-tape-1.0.8.jar:/Users/erik/.m2/repository/org/jetbrains/annotations/17.0.0/annotations-17.0.0.jar:/Users/erik/.m2/repository/com/github/docker-java/docker-java-api/3.4.0/docker-java-api-3.4.0.jar:/Users/erik/.m2/repository/com/github/docker-java/docker-java-transport-zerodep/3.4.0/docker-java-transport-zerodep-3.4.0.jar:/Users/erik/.m2/repository/com/github/docker-java/docker-java-transport/3.4.0/docker-java-transport-3.4.0.jar:/Users/erik/.m2/repository/net/java/dev/jna/jna/5.13.0/jna-5.13.0.jar:/Users/erik/.m2/repository/org/testcontainers/oracle-xe/1.20.4/oracle-xe-1.20.4.jar:/Users/erik/.m2/repository/org/testcontainers/jdbc/1.20.4/jdbc-1.20.4.jar:/Users/erik/.m2/repository/org/testcontainers/database-commons/1.20.4/database-commons-1.20.4.jar:/Users/erik/.m2/repository/org/testcontainers/junit-jupiter/1.20.4/junit-jupiter-1.20.4.jar:/Users/erik/.m2/repository/org/instancio/instancio-junit/5.4.0/instancio-junit-5.4.0.jar:/Users/erik/.m2/repository/org/instancio/instancio-core/5.4.0/instancio-core-5.4.0.jar:/Users/erik/.m2/repository/com/tngtech/archunit/archunit-junit5/1.4.0/archunit-junit5-1.4.0.jar:/Users/erik/.m2/repository/com/tngtech/archunit/archunit-junit5-api/1.4.0/archunit-junit5-api-1.4.0.jar:/Users/erik/.m2/repository/com/tngtech/archunit/archunit/1.4.0/archunit-1.4.0.jar:/Users/erik/.m2/repository/com/tngtech/archunit/archunit-junit5-engine/1.4.0/archunit-junit5-engine-1.4.0.jar:/Users/erik/.m2/repository/com/tngtech/archunit/archunit-junit5-engine-api/1.4.0/archunit-junit5-engine-api-1.4.0.jar:, java.version: =25.0.3}. 
[INFO] Tests run: 1, Failures: 0, Errors: 0, Skipped: 0, Time elapsed: 12.75 s -- in com.example.oulearning.budgeting.BudgetingWorkflowIT
[INFO] 
[INFO] Results:
[INFO] 
[ERROR] Failures: 
[ERROR]   TrainingWorkflowIT.givenValidTrainingRequest_whenProgressingThroughLifecycle_thenReturnsExpectedResults:83 
expected: 201 CREATED
 but was: 400 BAD_REQUEST
[ERROR] Errors: 
[ERROR]   MyBatisBudgetRepositoryIT.givenValidBudget_whenSaving_thenCanBeRetrieved:67 » DataIntegrityViolation 
### Error updating database.  Cause: java.sql.SQLIntegrityConstraintViolationException: ORA-02291: integrity constraint (TEST.FK_BUDGET_OU) violated - parent key not found

https://docs.oracle.com/error-help/db/ora-02291/
### The error may exist in com/example/oulearning/budgeting/infrastructure/persistence/BudgetMapper.java (best guess)
### The error may involve com.example.oulearning.budgeting.infrastructure.persistence.BudgetMapper.insert-Inline
### The error occurred while setting parameters
### SQL: INSERT INTO budget (id, organizational_unit_id, fiscal_year, total_amount, reserved_amount, available_amount, active) VALUES (?, ?, ?, ?, ?, ?, ?)
### Cause: java.sql.SQLIntegrityConstraintViolationException: ORA-02291: integrity constraint (TEST.FK_BUDGET_OU) violated - parent key not found

https://docs.oracle.com/error-help/db/ora-02291/
; ORA-02291: integrity constraint (TEST.FK_BUDGET_OU) violated - parent key not found

https://docs.oracle.com/error-help/db/ora-02291/
[ERROR]   MyBatisOrganizationalUnitRepositoryIT » ContainerLaunch Container startup failed for image gvenzl/oracle-free:23-slim-faststart
[ERROR]   MyBatisTrainingRepositoryIT.givenExistingTrainingWithAttendees_whenUpdating_thenAttendeesArePersisted:98 » DataIntegrityViolation 
### Error updating database.  Cause: java.sql.SQLIntegrityConstraintViolationException: ORA-02291: integrity constraint (TEST.FK_TA_EMPLOYEE) violated - parent key not found

https://docs.oracle.com/error-help/db/ora-02291/
### The error may exist in com/example/oulearning/training/infrastructure/persistence/TrainingMapper.java (best guess)
### The error may involve com.example.oulearning.training.infrastructure.persistence.TrainingMapper.insertAttendee-Inline
### The error occurred while setting parameters
### SQL: INSERT INTO training_attendee (training_id, employee_id) VALUES (?, ?)
### Cause: java.sql.SQLIntegrityConstraintViolationException: ORA-02291: integrity constraint (TEST.FK_TA_EMPLOYEE) violated - parent key not found

https://docs.oracle.com/error-help/db/ora-02291/
; ORA-02291: integrity constraint (TEST.FK_TA_EMPLOYEE) violated - parent key not found

https://docs.oracle.com/error-help/db/ora-02291/
[ERROR]   MyBatisTrainingRepositoryIT.givenValidTraining_whenSaving_thenCanBeRetrieved:71 » DataIntegrityViolation 
### Error updating database.  Cause: java.sql.SQLIntegrityConstraintViolationException: ORA-02291: integrity constraint (TEST.FK_TRAINING_TYPE) violated - parent key not found

https://docs.oracle.com/error-help/db/ora-02291/
### The error may exist in com/example/oulearning/training/infrastructure/persistence/TrainingMapper.java (best guess)
### The error may involve com.example.oulearning.training.infrastructure.persistence.TrainingMapper.insert-Inline
### The error occurred while setting parameters
### SQL: INSERT INTO training (id, requested_by_employee_id, organizational_unit_id, name, cost_amount, cost_currency, hours, purpose_type, purpose_other, type_id, status, manager_review_comments, manager_review_modality, manager_review_start_date, manager_review_end_date, manager_review_external_provider_id, manager_review_reviewed_at, created_at, updated_at, active) VALUES (?, ?, ?, ?, ?, ?, ?, ?, ?, ?, ?, ?, ?, ?, ?, ?, ?, ?, ?, ?)
### Cause: java.sql.SQLIntegrityConstraintViolationException: ORA-02291: integrity constraint (TEST.FK_TRAINING_TYPE) violated - parent key not found

https://docs.oracle.com/error-help/db/ora-02291/
; ORA-02291: integrity constraint (TEST.FK_TRAINING_TYPE) violated - parent key not found

https://docs.oracle.com/error-help/db/ora-02291/
[INFO] 
[ERROR] Tests run: 36, Failures: 1, Errors: 4, Skipped: 0
[INFO] 
[INFO] ------------------------------------------------------------------------
[INFO] BUILD SUCCESS
[INFO] ------------------------------------------------------------------------
[INFO] Total time:  03:10 min
[INFO] Finished at: 2026-08-27T17:46:09+01:00
[INFO] ------------------------------------------------------------------------
