corporateKey,firstName,lastName,email,phone,role,ouName
CK0001,James,Smith,emp0001@apexglobal.com,+14150000001,MANAGER,Apex Global Corporation
CK0002,Mary,Davis,emp0002@apexglobal.com,+14150000002,MANAGER,North America Division
CK0003,Robert,Anderson,emp0003@apexglobal.com,+14150000003,MANAGER,EMEA Division
CK0004,Patricia,Perez,emp0004@apexglobal.com,+14150000004,MANAGER,APAC Division
CK0005,John,Lewis,emp0005@apexglobal.com,+14150000005,MANAGER,LATAM Division
CK0006,Jennifer,Scott,emp0006@apexglobal.com,+14150000006,MANAGER,Global Engineering
CK0007,Michael,Nelson,emp0007@apexglobal.com,+14150000007,MANAGER,Product Innovation
CK0008,Linda,Roberts,emp0008@apexglobal.com,+14150000008,MANAGER,Financial Services
CK0009,David,Cruz,emp0009@apexglobal.com,+14150000009,MANAGER,People and Culture
CK0010,Elizabeth,Murphy,emp0010@apexglobal.com,+14150000010,MANAGER,Legal and Risk
CK0011,William,Peterson,emp0011@apexglobal.com,+14150000011,MANAGER,North America Division Branch 1
CK0012,Barbara,Cox,emp0012@apexglobal.com,+14150000012,MANAGER,North America Division Branch 2
CK0013,Richard,James,emp0013@apexglobal.com,+14150000013,MANAGER,North America Division Branch 3
CK0014,Susan,Alvarez,emp0014@apexglobal.com,+14150000014,MANAGER,North America Division Branch 4
CK0015,Joseph,Foster,emp0015@apexglobal.com,+14150000015,MANAGER,EMEA Division Branch 1
CK0016,Jessica,Garcia,emp0016@apexglobal.com,+14150000016,MANAGER,EMEA Division Branch 2
CK0017,Thomas,Gonzalez,emp0017@apexglobal.com,+14150000017,MANAGER,EMEA Division Branch 3
CK0018,Sarah,Martin,emp0018@apexglobal.com,+14150000018,MANAGER,EMEA Division Branch 4
CK0019,Charles,Clark,emp0019@apexglobal.com,+14150000019,MANAGER,APAC Division Branch 1
CK0020,Karen,King,emp0020@apexglobal.com,+14150000020,MANAGER,APAC Division Branch 2
CK0021,Christopher,Green,emp0021@apexglobal.com,+14150000021,MANAGER,APAC Division Branch 3
CK0022,Lisa,Mitchell,emp0022@apexglobal.com,+14150000022,MANAGER,APAC Division Branch 4
CK0023,Daniel,Diaz,emp0023@apexglobal.com,+14150000023,MANAGER,LATAM Division Branch 1
CK0024,Nancy,Morris,emp0024@apexglobal.com,+14150000024,MANAGER,LATAM Division Branch 2
CK0025,Matthew,Morgan,emp0025@apexglobal.com,+14150000025,MANAGER,LATAM Division Branch 3
CK0026,Betty,Ramos,emp0026@apexglobal.com,+14150000026,MANAGER,Global Engineering Branch 1
CK0027,Anthony,Chavez,emp0027@apexglobal.com,+14150000027,MANAGER,Global Engineering Branch 2
CK0028,Margaret,Hughes,emp0028@apexglobal.com,+14150000028,MANAGER,Global Engineering Branch 3
CK0029,Mark,Long,emp0029@apexglobal.com,+14150000029,MANAGER,Product Innovation Branch 1
CK0030,Sandra,Brown,emp0030@apexglobal.com,+14150000030,MANAGER,Product Innovation Branch 2
CK0031,Donald,Hernandez,emp0031@apexglobal.com,+14150000031,MANAGER,Product Innovation Branch 3
CK0032,Ashley,Moore,emp0032@apexglobal.com,+14150000032,MANAGER,Financial Services Branch 1
CK0033,Steven,Harris,emp0033@apexglobal.com,+14150000033,MANAGER,Financial Services Branch 2
CK0034,Kimberly,Young,emp0034@apexglobal.com,+14150000034,MANAGER,Financial Services Branch 3
CK0035,Paul,Hill,emp0035@apexglobal.com,+14150000035,MANAGER,People and Culture Branch 1
CK0036,Emily,Rivera,emp0036@apexglobal.com,+14150000036,MANAGER,People and Culture Branch 2
CK0037,Andrew,Evans,emp0037@apexglobal.com,+14150000037,MANAGER,People and Culture Branch 3
CK0038,Donna,Reyes,emp0038@apexglobal.com,+14150000038,MANAGER,Legal and Risk Branch 1
CK0039,Joshua,Gutierrez,emp0039@apexglobal.com,+14150000039,MANAGER,Legal and Risk Branch 2
CK0040,Michelle,Kelly,emp0040@apexglobal.com,+14150000040,MANAGER,Legal and Risk Branch 3
CK0041,Kenneth,Watson,emp0041@apexglobal.com,+14150000041,MANAGER,North America Division Branch 1 Unit 1
CK0042,Carol,Mendoza,emp0042@apexglobal.com,+14150000042,MANAGER,North America Division Branch 1 Unit 2
CK0043,Kevin,Patel,emp0043@apexglobal.com,+14150000043,MANAGER,North America Division Branch 2 Unit 1
CK0044,Amanda,Johnson,emp0044@apexglobal.com,+14150000044,MANAGER,North America Division Branch 2 Unit 2
CK0045,Brian,Rodriguez,emp0045@apexglobal.com,+14150000045,MANAGER,North America Division Branch 3 Unit 1
CK0046,Dorothy,Thomas,emp0046@apexglobal.com,+14150000046,MANAGER,North America Division Branch 3 Unit 2
CK0047,George,Thompson,emp0047@apexglobal.com,+14150000047,MANAGER,North America Division Branch 4 Unit 1
CK0048,Melissa,Robinson,emp0048@apexglobal.com,+14150000048,MANAGER,North America Division Branch 4 Unit 2
CK0049,Timothy,Torres,emp0049@apexglobal.com,+14150000049,MANAGER,EMEA Division Branch 1 Unit 1
CK0050,Deborah,Baker,emp0050@apexglobal.com,+14150000050,MANAGER,EMEA Division Branch 1 Unit 2
CK0051,Ronald,Gomez,emp0051@apexglobal.com,+14150000051,MANAGER,EMEA Division Branch 2 Unit 1
CK0052,Stephanie,Edwards,emp0052@apexglobal.com,+14150000052,MANAGER,EMEA Division Branch 2 Unit 2
CK0053,Edward,Cook,emp0053@apexglobal.com,+14150000053,MANAGER,EMEA Division Branch 3 Unit 1
CK0054,Rebecca,Bailey,emp0054@apexglobal.com,+14150000054,MANAGER,EMEA Division Branch 3 Unit 2
CK0055,Jason,Ward,emp0055@apexglobal.com,+14150000055,MANAGER,EMEA Division Branch 4 Unit 1
CK0056,Sharon,Bennett,emp0056@apexglobal.com,+14150000056,MANAGER,EMEA Division Branch 4 Unit 2
CK0057,Jeffrey,Castillo,emp0057@apexglobal.com,+14150000057,MANAGER,APAC Division Branch 1 Unit 1
CK0058,Laura,Jimenez,emp0058@apexglobal.com,+14150000058,MANAGER,APAC Division Branch 1 Unit 2
CK0059,Ryan,Miller,emp0059@apexglobal.com,+14150000059,MANAGER,APAC Division Branch 2 Unit 1
CK0060,Cynthia,Wilson,emp0060@apexglobal.com,+14150000060,MANAGER,APAC Division Branch 2 Unit 2
CK0061,Jacob,Lee,emp0061@apexglobal.com,+14150000061,MANAGER,APAC Division Branch 3 Unit 1
CK0062,Kathleen,Ramirez,emp0062@apexglobal.com,+14150000062,MANAGER,APAC Division Branch 3 Unit 2
CK0063,Gary,Wright,emp0063@apexglobal.com,+14150000063,MANAGER,APAC Division Branch 4 Unit 1
CK0064,Amy,Adams,emp0064@apexglobal.com,+14150000064,MANAGER,APAC Division Branch 4 Unit 2
CK0065,Nicholas,Carter,emp0065@apexglobal.com,+14150000065,MANAGER,LATAM Division Branch 1 Unit 1
CK0066,Angela,Parker,emp0066@apexglobal.com,+14150000066,MANAGER,LATAM Division Branch 1 Unit 2
CK0067,Eric,Morales,emp0067@apexglobal.com,+14150000067,MANAGER,LATAM Division Branch 2 Unit 1
CK0068,Shirley,Cooper,emp0068@apexglobal.com,+14150000068,MANAGER,LATAM Division Branch 2 Unit 2
CK0069,Jonathan,Kim,emp0069@apexglobal.com,+14150000069,MANAGER,LATAM Division Branch 3 Unit 1
CK0070,Anna,Wood,emp0070@apexglobal.com,+14150000070,MANAGER,LATAM Division Branch 3 Unit 2
CK0071,Stephen,Price,emp0071@apexglobal.com,+14150000071,MANAGER,Global Engineering Branch 1 Unit 1
CK0072,Brenda,Ross,emp0072@apexglobal.com,+14150000072,MANAGER,Global Engineering Branch 1 Unit 2
CK0073,Larry,Jones,emp0073@apexglobal.com,+14150000073,MANAGER,Global Engineering Branch 2 Unit 1
CK0074,Pamela,Lopez,emp0074@apexglobal.com,+14150000074,MANAGER,Global Engineering Branch 2 Unit 2
CK0075,Justin,Jackson,emp0075@apexglobal.com,+14150000075,MANAGER,Global Engineering Branch 3 Unit 1
CK0076,Emma,Sanchez,emp0076@apexglobal.com,+14150000076,MANAGER,Global Engineering Branch 3 Unit 2
CK0077,Scott,Allen,emp0077@apexglobal.com,+14150000077,MANAGER,Product Innovation Branch 1 Unit 1
CK0078,Nicole,Flores,emp0078@apexglobal.com,+14150000078,MANAGER,Product Innovation Branch 1 Unit 2
CK0079,Brandon,Campbell,emp0079@apexglobal.com,+14150000079,MANAGER,Product Innovation Branch 2 Unit 1
CK0080,Helen,Turner,emp0080@apexglobal.com,+14150000080,MANAGER,Product Innovation Branch 2 Unit 2
CK0081,Benjamin,Stewart,emp0081@apexglobal.com,+14150000081,MANAGER,Product Innovation Branch 3 Unit 1
CK0082,Samantha,Ortiz,emp0082@apexglobal.com,+14150000082,MANAGER,Product Innovation Branch 3 Unit 2
CK0083,Samuel,Howard,emp0083@apexglobal.com,+14150000083,MANAGER,Financial Services Branch 1 Unit 1
CK0084,Katherine,Brooks,emp0084@apexglobal.com,+14150000084,MANAGER,Financial Services Branch 1 Unit 2
CK0085,Gregory,Ruiz,emp0085@apexglobal.com,+14150000085,MANAGER,Financial Services Branch 2 Unit 1
CK0086,Christine,Myers,emp0086@apexglobal.com,+14150000086,MANAGER,Financial Services Branch 2 Unit 2
CK0087,Alexander,Williams,emp0087@apexglobal.com,+14150000087,MANAGER,Financial Services Branch 3 Unit 1
CK0088,Debra,Martinez,emp0088@apexglobal.com,+14150000088,MANAGER,Financial Services Branch 3 Unit 2
CK0089,Frank,Taylor,emp0089@apexglobal.com,+14150000089,MANAGER,People and Culture Branch 1 Unit 1
CK0090,Rachel,White,emp0090@apexglobal.com,+14150000090,MANAGER,People and Culture Branch 1 Unit 2
CK0091,Patrick,Walker,emp0091@apexglobal.com,+14150000091,MANAGER,People and Culture Branch 2 Unit 1
CK0092,Carolyn,Nguyen,emp0092@apexglobal.com,+14150000092,MANAGER,People and Culture Branch 2 Unit 2
CK0093,Raymond,Hall,emp0093@apexglobal.com,+14150000093,MANAGER,People and Culture Branch 3 Unit 1
CK0094,Janet,Phillips,emp0094@apexglobal.com,+14150000094,MANAGER,People and Culture Branch 3 Unit 2
CK0095,Jack,Collins,emp0095@apexglobal.com,+14150000095,MANAGER,Legal and Risk Branch 1 Unit 1
CK0096,Maria,Rogers,emp0096@apexglobal.com,+14150000096,MANAGER,Legal and Risk Branch 1 Unit 2
CK0097,Dennis,Reed,emp0097@apexglobal.com,+14150000097,MANAGER,Legal and Risk Branch 2 Unit 1
CK0098,Heather,Richardson,emp0098@apexglobal.com,+14150000098,MANAGER,Legal and Risk Branch 2 Unit 2
CK0099,Jerry,Gray,emp0099@apexglobal.com,+14150000099,MANAGER,Legal and Risk Branch 3 Unit 1
CK0100,Diane,Sanders,emp0100@apexglobal.com,+14150000100,MANAGER,Legal and Risk Branch 3 Unit 2
CK0101,James,Smith,emp0101@apexglobal.com,+14150000101,MANAGER,Apex Global Corporation
CK0102,Mary,Davis,emp0102@apexglobal.com,+14150000102,EMPLOYEE,North America Division
CK0103,Robert,Anderson,emp0103@apexglobal.com,+14150000103,EMPLOYEE,EMEA Division
CK0104,Patricia,Perez,emp0104@apexglobal.com,+14150000104,EMPLOYEE,APAC Division
CK0105,John,Lewis,emp0105@apexglobal.com,+14150000105,EMPLOYEE,LATAM Division
CK0106,Jennifer,Scott,emp0106@apexglobal.com,+14150000106,TRAINER,Global Engineering
CK0107,Michael,Nelson,emp0107@apexglobal.com,+14150000107,MANAGER,Product Innovation
CK0108,Linda,Roberts,emp0108@apexglobal.com,+14150000108,EMPLOYEE,Financial Services
CK0109,David,Cruz,emp0109@apexglobal.com,+14150000109,EMPLOYEE,People and Culture
CK0110,Elizabeth,Murphy,emp0110@apexglobal.com,+14150000110,EMPLOYEE,Legal and Risk
CK0111,William,Peterson,emp0111@apexglobal.com,+14150000111,EMPLOYEE,North America Division Branch 1
CK0112,Barbara,Cox,emp0112@apexglobal.com,+14150000112,TRAINER,North America Division Branch 2
CK0113,Richard,James,emp0113@apexglobal.com,+14150000113,MANAGER,North America Division Branch 3
CK0114,Susan,Alvarez,emp0114@apexglobal.com,+14150000114,EMPLOYEE,North America Division Branch 4
CK0115,Joseph,Foster,emp0115@apexglobal.com,+14150000115,EMPLOYEE,EMEA Division Branch 1
CK0116,Jessica,Garcia,emp0116@apexglobal.com,+14150000116,EMPLOYEE,EMEA Division Branch 2
CK0117,Thomas,Gonzalez,emp0117@apexglobal.com,+14150000117,EMPLOYEE,EMEA Division Branch 3
CK0118,Sarah,Martin,emp0118@apexglobal.com,+14150000118,TRAINER,EMEA Division Branch 4
CK0119,Charles,Clark,emp0119@apexglobal.com,+14150000119,MANAGER,APAC Division Branch 1
CK0120,Karen,King,emp0120@apexglobal.com,+14150000120,EMPLOYEE,APAC Division Branch 2
CK0121,Christopher,Green,emp0121@apexglobal.com,+14150000121,EMPLOYEE,APAC Division Branch 3
CK0122,Lisa,Mitchell,emp0122@apexglobal.com,+14150000122,EMPLOYEE,APAC Division Branch 4
CK0123,Daniel,Diaz,emp0123@apexglobal.com,+14150000123,EMPLOYEE,LATAM Division Branch 1
CK0124,Nancy,Morris,emp0124@apexglobal.com,+14150000124,TRAINER,LATAM Division Branch 2
CK0125,Matthew,Morgan,emp0125@apexglobal.com,+14150000125,MANAGER,LATAM Division Branch 3
CK0126,Betty,Ramos,emp0126@apexglobal.com,+14150000126,EMPLOYEE,Global Engineering Branch 1
CK0127,Anthony,Chavez,emp0127@apexglobal.com,+14150000127,EMPLOYEE,Global Engineering Branch 2
CK0128,Margaret,Hughes,emp0128@apexglobal.com,+14150000128,EMPLOYEE,Global Engineering Branch 3
CK0129,Mark,Long,emp0129@apexglobal.com,+14150000129,EMPLOYEE,Product Innovation Branch 1
CK0130,Sandra,Brown,emp0130@apexglobal.com,+14150000130,TRAINER,Product Innovation Branch 2
CK0131,Donald,Hernandez,emp0131@apexglobal.com,+14150000131,MANAGER,Product Innovation Branch 3
CK0132,Ashley,Moore,emp0132@apexglobal.com,+14150000132,EMPLOYEE,Financial Services Branch 1
CK0133,Steven,Harris,emp0133@apexglobal.com,+14150000133,EMPLOYEE,Financial Services Branch 2
CK0134,Kimberly,Young,emp0134@apexglobal.com,+14150000134,EMPLOYEE,Financial Services Branch 3
CK0135,Paul,Hill,emp0135@apexglobal.com,+14150000135,EMPLOYEE,People and Culture Branch 1
CK0136,Emily,Rivera,emp0136@apexglobal.com,+14150000136,TRAINER,People and Culture Branch 2
CK0137,Andrew,Evans,emp0137@apexglobal.com,+14150000137,MANAGER,People and Culture Branch 3
CK0138,Donna,Reyes,emp0138@apexglobal.com,+14150000138,EMPLOYEE,Legal and Risk Branch 1
CK0139,Joshua,Gutierrez,emp0139@apexglobal.com,+14150000139,EMPLOYEE,Legal and Risk Branch 2
CK0140,Michelle,Kelly,emp0140@apexglobal.com,+14150000140,EMPLOYEE,Legal and Risk Branch 3
CK0141,Kenneth,Watson,emp0141@apexglobal.com,+14150000141,EMPLOYEE,North America Division Branch 1 Unit 1
CK0142,Carol,Mendoza,emp0142@apexglobal.com,+14150000142,TRAINER,North America Division Branch 1 Unit 2
CK0143,Kevin,Patel,emp0143@apexglobal.com,+14150000143,MANAGER,North America Division Branch 2 Unit 1
CK0144,Amanda,Johnson,emp0144@apexglobal.com,+14150000144,EMPLOYEE,North America Division Branch 2 Unit 2
CK0145,Brian,Rodriguez,emp0145@apexglobal.com,+14150000145,EMPLOYEE,North America Division Branch 3 Unit 1
CK0146,Dorothy,Thomas,emp0146@apexglobal.com,+14150000146,EMPLOYEE,North America Division Branch 3 Unit 2
CK0147,George,Thompson,emp0147@apexglobal.com,+14150000147,EMPLOYEE,North America Division Branch 4 Unit 1
CK0148,Melissa,Robinson,emp0148@apexglobal.com,+14150000148,TRAINER,North America Division Branch 4 Unit 2
CK0149,Timothy,Torres,emp0149@apexglobal.com,+14150000149,MANAGER,EMEA Division Branch 1 Unit 1
CK0150,Deborah,Baker,emp0150@apexglobal.com,+14150000150,EMPLOYEE,EMEA Division Branch 1 Unit 2
CK0151,Ronald,Gomez,emp0151@apexglobal.com,+14150000151,EMPLOYEE,EMEA Division Branch 2 Unit 1
CK0152,Stephanie,Edwards,emp0152@apexglobal.com,+14150000152,EMPLOYEE,EMEA Division Branch 2 Unit 2
CK0153,Edward,Cook,emp0153@apexglobal.com,+14150000153,EMPLOYEE,EMEA Division Branch 3 Unit 1
CK0154,Rebecca,Bailey,emp0154@apexglobal.com,+14150000154,TRAINER,EMEA Division Branch 3 Unit 2
CK0155,Jason,Ward,emp0155@apexglobal.com,+14150000155,MANAGER,EMEA Division Branch 4 Unit 1
CK0156,Sharon,Bennett,emp0156@apexglobal.com,+14150000156,EMPLOYEE,EMEA Division Branch 4 Unit 2
CK0157,Jeffrey,Castillo,emp0157@apexglobal.com,+14150000157,EMPLOYEE,APAC Division Branch 1 Unit 1
CK0158,Laura,Jimenez,emp0158@apexglobal.com,+14150000158,EMPLOYEE,APAC Division Branch 1 Unit 2
CK0159,Ryan,Miller,emp0159@apexglobal.com,+14150000159,EMPLOYEE,APAC Division Branch 2 Unit 1
CK0160,Cynthia,Wilson,emp0160@apexglobal.com,+14150000160,TRAINER,APAC Division Branch 2 Unit 2
CK0161,Jacob,Lee,emp0161@apexglobal.com,+14150000161,MANAGER,APAC Division Branch 3 Unit 1
CK0162,Kathleen,Ramirez,emp0162@apexglobal.com,+14150000162,EMPLOYEE,APAC Division Branch 3 Unit 2
CK0163,Gary,Wright,emp0163@apexglobal.com,+14150000163,EMPLOYEE,APAC Division Branch 4 Unit 1
CK0164,Amy,Adams,emp0164@apexglobal.com,+14150000164,EMPLOYEE,APAC Division Branch 4 Unit 2
CK0165,Nicholas,Carter,emp0165@apexglobal.com,+14150000165,EMPLOYEE,LATAM Division Branch 1 Unit 1
CK0166,Angela,Parker,emp0166@apexglobal.com,+14150000166,TRAINER,LATAM Division Branch 1 Unit 2
CK0167,Eric,Morales,emp0167@apexglobal.com,+14150000167,MANAGER,LATAM Division Branch 2 Unit 1
CK0168,Shirley,Cooper,emp0168@apexglobal.com,+14150000168,EMPLOYEE,LATAM Division Branch 2 Unit 2
CK0169,Jonathan,Kim,emp0169@apexglobal.com,+14150000169,EMPLOYEE,LATAM Division Branch 3 Unit 1
CK0170,Anna,Wood,emp0170@apexglobal.com,+14150000170,EMPLOYEE,LATAM Division Branch 3 Unit 2
CK0171,Stephen,Price,emp0171@apexglobal.com,+14150000171,EMPLOYEE,Global Engineering Branch 1 Unit 1
CK0172,Brenda,Ross,emp0172@apexglobal.com,+14150000172,TRAINER,Global Engineering Branch 1 Unit 2
CK0173,Larry,Jones,emp0173@apexglobal.com,+14150000173,MANAGER,Global Engineering Branch 2 Unit 1
CK0174,Pamela,Lopez,emp0174@apexglobal.com,+14150000174,EMPLOYEE,Global Engineering Branch 2 Unit 2
CK0175,Justin,Jackson,emp0175@apexglobal.com,+14150000175,EMPLOYEE,Global Engineering Branch 3 Unit 1
CK0176,Emma,Sanchez,emp0176@apexglobal.com,+14150000176,EMPLOYEE,Global Engineering Branch 3 Unit 2
CK0177,Scott,Allen,emp0177@apexglobal.com,+14150000177,EMPLOYEE,Product Innovation Branch 1 Unit 1
CK0178,Nicole,Flores,emp0178@apexglobal.com,+14150000178,TRAINER,Product Innovation Branch 1 Unit 2
CK0179,Brandon,Campbell,emp0179@apexglobal.com,+14150000179,MANAGER,Product Innovation Branch 2 Unit 1
CK0180,Helen,Turner,emp0180@apexglobal.com,+14150000180,EMPLOYEE,Product Innovation Branch 2 Unit 2
CK0181,Benjamin,Stewart,emp0181@apexglobal.com,+14150000181,EMPLOYEE,Product Innovation Branch 3 Unit 1
CK0182,Samantha,Ortiz,emp0182@apexglobal.com,+14150000182,EMPLOYEE,Product Innovation Branch 3 Unit 2
CK0183,Samuel,Howard,emp0183@apexglobal.com,+14150000183,EMPLOYEE,Financial Services Branch 1 Unit 1
CK0184,Katherine,Brooks,emp0184@apexglobal.com,+14150000184,TRAINER,Financial Services Branch 1 Unit 2
CK0185,Gregory,Ruiz,emp0185@apexglobal.com,+14150000185,MANAGER,Financial Services Branch 2 Unit 1
CK0186,Christine,Myers,emp0186@apexglobal.com,+14150000186,EMPLOYEE,Financial Services Branch 2 Unit 2
CK0187,Alexander,Williams,emp0187@apexglobal.com,+14150000187,EMPLOYEE,Financial Services Branch 3 Unit 1
CK0188,Debra,Martinez,emp0188@apexglobal.com,+14150000188,EMPLOYEE,Financial Services Branch 3 Unit 2
CK0189,Frank,Taylor,emp0189@apexglobal.com,+14150000189,EMPLOYEE,People and Culture Branch 1 Unit 1
CK0190,Rachel,White,emp0190@apexglobal.com,+14150000190,TRAINER,People and Culture Branch 1 Unit 2
CK0191,Patrick,Walker,emp0191@apexglobal.com,+14150000191,MANAGER,People and Culture Branch 2 Unit 1
CK0192,Carolyn,Nguyen,emp0192@apexglobal.com,+14150000192,EMPLOYEE,People and Culture Branch 2 Unit 2
CK0193,Raymond,Hall,emp0193@apexglobal.com,+14150000193,EMPLOYEE,People and Culture Branch 3 Unit 1
CK0194,Janet,Phillips,emp0194@apexglobal.com,+14150000194,EMPLOYEE,People and Culture Branch 3 Unit 2
CK0195,Jack,Collins,emp0195@apexglobal.com,+14150000195,EMPLOYEE,Legal and Risk Branch 1 Unit 1
CK0196,Maria,Rogers,emp0196@apexglobal.com,+14150000196,TRAINER,Legal and Risk Branch 1 Unit 2
CK0197,Dennis,Reed,emp0197@apexglobal.com,+14150000197,MANAGER,Legal and Risk Branch 2 Unit 1
CK0198,Heather,Richardson,emp0198@apexglobal.com,+14150000198,EMPLOYEE,Legal and Risk Branch 2 Unit 2
CK0199,Jerry,Gray,emp0199@apexglobal.com,+14150000199,EMPLOYEE,Legal and Risk Branch 3 Unit 1
CK0200,Diane,Sanders,emp0200@apexglobal.com,+14150000200,EMPLOYEE,Legal and Risk Branch 3 Unit 2
CK0201,James,Smith,emp0201@apexglobal.com,+14150000201,EMPLOYEE,Apex Global Corporation
CK0202,Mary,Davis,emp0202@apexglobal.com,+14150000202,TRAINER,North America Division
CK0203,Robert,Anderson,emp0203@apexglobal.com,+14150000203,MANAGER,EMEA Division
CK0204,Patricia,Perez,emp0204@apexglobal.com,+14150000204,EMPLOYEE,APAC Division
CK0205,John,Lewis,emp0205@apexglobal.com,+14150000205,EMPLOYEE,LATAM Division
CK0206,Jennifer,Scott,emp0206@apexglobal.com,+14150000206,EMPLOYEE,Global Engineering
CK0207,Michael,Nelson,emp0207@apexglobal.com,+14150000207,EMPLOYEE,Product Innovation
CK0208,Linda,Roberts,emp0208@apexglobal.com,+14150000208,TRAINER,Financial Services
CK0209,David,Cruz,emp0209@apexglobal.com,+14150000209,MANAGER,People and Culture
CK0210,Elizabeth,Murphy,emp0210@apexglobal.com,+14150000210,EMPLOYEE,Legal and Risk
CK0211,William,Peterson,emp0211@apexglobal.com,+14150000211,EMPLOYEE,North America Division Branch 1
CK0212,Barbara,Cox,emp0212@apexglobal.com,+14150000212,EMPLOYEE,North America Division Branch 2
CK0213,Richard,James,emp0213@apexglobal.com,+14150000213,EMPLOYEE,North America Division Branch 3
CK0214,Susan,Alvarez,emp0214@apexglobal.com,+14150000214,TRAINER,North America Division Branch 4
CK0215,Joseph,Foster,emp0215@apexglobal.com,+14150000215,MANAGER,EMEA Division Branch 1
CK0216,Jessica,Garcia,emp0216@apexglobal.com,+14150000216,EMPLOYEE,EMEA Division Branch 2
CK0217,Thomas,Gonzalez,emp0217@apexglobal.com,+14150000217,EMPLOYEE,EMEA Division Branch 3
CK0218,Sarah,Martin,emp0218@apexglobal.com,+14150000218,EMPLOYEE,EMEA Division Branch 4
CK0219,Charles,Clark,emp0219@apexglobal.com,+14150000219,EMPLOYEE,APAC Division Branch 1
CK0220,Karen,King,emp0220@apexglobal.com,+14150000220,TRAINER,APAC Division Branch 2
CK0221,Christopher,Green,emp0221@apexglobal.com,+14150000221,MANAGER,APAC Division Branch 3
CK0222,Lisa,Mitchell,emp0222@apexglobal.com,+14150000222,EMPLOYEE,APAC Division Branch 4
CK0223,Daniel,Diaz,emp0223@apexglobal.com,+14150000223,EMPLOYEE,LATAM Division Branch 1
CK0224,Nancy,Morris,emp0224@apexglobal.com,+14150000224,EMPLOYEE,LATAM Division Branch 2
CK0225,Matthew,Morgan,emp0225@apexglobal.com,+14150000225,EMPLOYEE,LATAM Division Branch 3
CK0226,Betty,Ramos,emp0226@apexglobal.com,+14150000226,TRAINER,Global Engineering Branch 1
CK0227,Anthony,Chavez,emp0227@apexglobal.com,+14150000227,MANAGER,Global Engineering Branch 2
CK0228,Margaret,Hughes,emp0228@apexglobal.com,+14150000228,EMPLOYEE,Global Engineering Branch 3
CK0229,Mark,Long,emp0229@apexglobal.com,+14150000229,EMPLOYEE,Product Innovation Branch 1
CK0230,Sandra,Brown,emp0230@apexglobal.com,+14150000230,EMPLOYEE,Product Innovation Branch 2
CK0231,Donald,Hernandez,emp0231@apexglobal.com,+14150000231,EMPLOYEE,Product Innovation Branch 3
CK0232,Ashley,Moore,emp0232@apexglobal.com,+14150000232,TRAINER,Financial Services Branch 1
CK0233,Steven,Harris,emp0233@apexglobal.com,+14150000233,MANAGER,Financial Services Branch 2
CK0234,Kimberly,Young,emp0234@apexglobal.com,+14150000234,EMPLOYEE,Financial Services Branch 3
CK0235,Paul,Hill,emp0235@apexglobal.com,+14150000235,EMPLOYEE,People and Culture Branch 1
CK0236,Emily,Rivera,emp0236@apexglobal.com,+14150000236,EMPLOYEE,People and Culture Branch 2
CK0237,Andrew,Evans,emp0237@apexglobal.com,+14150000237,EMPLOYEE,People and Culture Branch 3
CK0238,Donna,Reyes,emp0238@apexglobal.com,+14150000238,TRAINER,Legal and Risk Branch 1
CK0239,Joshua,Gutierrez,emp0239@apexglobal.com,+14150000239,MANAGER,Legal and Risk Branch 2
CK0240,Michelle,Kelly,emp0240@apexglobal.com,+14150000240,EMPLOYEE,Legal and Risk Branch 3
CK0241,Kenneth,Watson,emp0241@apexglobal.com,+14150000241,EMPLOYEE,North America Division Branch 1 Unit 1
CK0242,Carol,Mendoza,emp0242@apexglobal.com,+14150000242,EMPLOYEE,North America Division Branch 1 Unit 2
CK0243,Kevin,Patel,emp0243@apexglobal.com,+14150000243,EMPLOYEE,North America Division Branch 2 Unit 1
CK0244,Amanda,Johnson,emp0244@apexglobal.com,+14150000244,TRAINER,North America Division Branch 2 Unit 2
CK0245,Brian,Rodriguez,emp0245@apexglobal.com,+14150000245,MANAGER,North America Division Branch 3 Unit 1
CK0246,Dorothy,Thomas,emp0246@apexglobal.com,+14150000246,EMPLOYEE,North America Division Branch 3 Unit 2
CK0247,George,Thompson,emp0247@apexglobal.com,+14150000247,EMPLOYEE,North America Division Branch 4 Unit 1
CK0248,Melissa,Robinson,emp0248@apexglobal.com,+14150000248,EMPLOYEE,North America Division Branch 4 Unit 2
CK0249,Timothy,Torres,emp0249@apexglobal.com,+14150000249,EMPLOYEE,EMEA Division Branch 1 Unit 1
CK0250,Deborah,Baker,emp0250@apexglobal.com,+14150000250,TRAINER,EMEA Division Branch 1 Unit 2
CK0251,Ronald,Gomez,emp0251@apexglobal.com,+14150000251,MANAGER,EMEA Division Branch 2 Unit 1
CK0252,Stephanie,Edwards,emp0252@apexglobal.com,+14150000252,EMPLOYEE,EMEA Division Branch 2 Unit 2
CK0253,Edward,Cook,emp0253@apexglobal.com,+14150000253,EMPLOYEE,EMEA Division Branch 3 Unit 1
CK0254,Rebecca,Bailey,emp0254@apexglobal.com,+14150000254,EMPLOYEE,EMEA Division Branch 3 Unit 2
CK0255,Jason,Ward,emp0255@apexglobal.com,+14150000255,EMPLOYEE,EMEA Division Branch 4 Unit 1
CK0256,Sharon,Bennett,emp0256@apexglobal.com,+14150000256,TRAINER,EMEA Division Branch 4 Unit 2
CK0257,Jeffrey,Castillo,emp0257@apexglobal.com,+14150000257,MANAGER,APAC Division Branch 1 Unit 1
CK0258,Laura,Jimenez,emp0258@apexglobal.com,+14150000258,EMPLOYEE,APAC Division Branch 1 Unit 2
CK0259,Ryan,Miller,emp0259@apexglobal.com,+14150000259,EMPLOYEE,APAC Division Branch 2 Unit 1
CK0260,Cynthia,Wilson,emp0260@apexglobal.com,+14150000260,EMPLOYEE,APAC Division Branch 2 Unit 2
CK0261,Jacob,Lee,emp0261@apexglobal.com,+14150000261,EMPLOYEE,APAC Division Branch 3 Unit 1
CK0262,Kathleen,Ramirez,emp0262@apexglobal.com,+14150000262,TRAINER,APAC Division Branch 3 Unit 2
CK0263,Gary,Wright,emp0263@apexglobal.com,+14150000263,MANAGER,APAC Division Branch 4 Unit 1
CK0264,Amy,Adams,emp0264@apexglobal.com,+14150000264,EMPLOYEE,APAC Division Branch 4 Unit 2
CK0265,Nicholas,Carter,emp0265@apexglobal.com,+14150000265,EMPLOYEE,LATAM Division Branch 1 Unit 1
CK0266,Angela,Parker,emp0266@apexglobal.com,+14150000266,EMPLOYEE,LATAM Division Branch 1 Unit 2
CK0267,Eric,Morales,emp0267@apexglobal.com,+14150000267,EMPLOYEE,LATAM Division Branch 2 Unit 1
CK0268,Shirley,Cooper,emp0268@apexglobal.com,+14150000268,TRAINER,LATAM Division Branch 2 Unit 2
CK0269,Jonathan,Kim,emp0269@apexglobal.com,+14150000269,MANAGER,LATAM Division Branch 3 Unit 1
CK0270,Anna,Wood,emp0270@apexglobal.com,+14150000270,EMPLOYEE,LATAM Division Branch 3 Unit 2
CK0271,Stephen,Price,emp0271@apexglobal.com,+14150000271,EMPLOYEE,Global Engineering Branch 1 Unit 1
CK0272,Brenda,Ross,emp0272@apexglobal.com,+14150000272,EMPLOYEE,Global Engineering Branch 1 Unit 2
CK0273,Larry,Jones,emp0273@apexglobal.com,+14150000273,EMPLOYEE,Global Engineering Branch 2 Unit 1
CK0274,Pamela,Lopez,emp0274@apexglobal.com,+14150000274,TRAINER,Global Engineering Branch 2 Unit 2
CK0275,Justin,Jackson,emp0275@apexglobal.com,+14150000275,MANAGER,Global Engineering Branch 3 Unit 1
CK0276,Emma,Sanchez,emp0276@apexglobal.com,+14150000276,EMPLOYEE,Global Engineering Branch 3 Unit 2
CK0277,Scott,Allen,emp0277@apexglobal.com,+14150000277,EMPLOYEE,Product Innovation Branch 1 Unit 1
CK0278,Nicole,Flores,emp0278@apexglobal.com,+14150000278,EMPLOYEE,Product Innovation Branch 1 Unit 2
CK0279,Brandon,Campbell,emp0279@apexglobal.com,+14150000279,EMPLOYEE,Product Innovation Branch 2 Unit 1
CK0280,Helen,Turner,emp0280@apexglobal.com,+14150000280,TRAINER,Product Innovation Branch 2 Unit 2
CK0281,Benjamin,Stewart,emp0281@apexglobal.com,+14150000281,MANAGER,Product Innovation Branch 3 Unit 1
CK0282,Samantha,Ortiz,emp0282@apexglobal.com,+14150000282,EMPLOYEE,Product Innovation Branch 3 Unit 2
CK0283,Samuel,Howard,emp0283@apexglobal.com,+14150000283,EMPLOYEE,Financial Services Branch 1 Unit 1
CK0284,Katherine,Brooks,emp0284@apexglobal.com,+14150000284,EMPLOYEE,Financial Services Branch 1 Unit 2
CK0285,Gregory,Ruiz,emp0285@apexglobal.com,+14150000285,EMPLOYEE,Financial Services Branch 2 Unit 1
CK0286,Christine,Myers,emp0286@apexglobal.com,+14150000286,TRAINER,Financial Services Branch 2 Unit 2
CK0287,Alexander,Williams,emp0287@apexglobal.com,+14150000287,MANAGER,Financial Services Branch 3 Unit 1
CK0288,Debra,Martinez,emp0288@apexglobal.com,+14150000288,EMPLOYEE,Financial Services Branch 3 Unit 2
CK0289,Frank,Taylor,emp0289@apexglobal.com,+14150000289,EMPLOYEE,People and Culture Branch 1 Unit 1
CK0290,Rachel,White,emp0290@apexglobal.com,+14150000290,EMPLOYEE,People and Culture Branch 1 Unit 2
CK0291,Patrick,Walker,emp0291@apexglobal.com,+14150000291,EMPLOYEE,People and Culture Branch 2 Unit 1
CK0292,Carolyn,Nguyen,emp0292@apexglobal.com,+14150000292,TRAINER,People and Culture Branch 2 Unit 2
CK0293,Raymond,Hall,emp0293@apexglobal.com,+14150000293,MANAGER,People and Culture Branch 3 Unit 1
CK0294,Janet,Phillips,emp0294@apexglobal.com,+14150000294,EMPLOYEE,People and Culture Branch 3 Unit 2
CK0295,Jack,Collins,emp0295@apexglobal.com,+14150000295,EMPLOYEE,Legal and Risk Branch 1 Unit 1
CK0296,Maria,Rogers,emp0296@apexglobal.com,+14150000296,EMPLOYEE,Legal and Risk Branch 1 Unit 2
CK0297,Dennis,Reed,emp0297@apexglobal.com,+14150000297,EMPLOYEE,Legal and Risk Branch 2 Unit 1
CK0298,Heather,Richardson,emp0298@apexglobal.com,+14150000298,TRAINER,Legal and Risk Branch 2 Unit 2
CK0299,Jerry,Gray,emp0299@apexglobal.com,+14150000299,MANAGER,Legal and Risk Branch 3 Unit 1
CK0300,Diane,Sanders,emp0300@apexglobal.com,+14150000300,EMPLOYEE,Legal and Risk Branch 3 Unit 2
CK0301,James,Smith,emp0301@apexglobal.com,+14150000301,EMPLOYEE,Apex Global Corporation
CK0302,Mary,Davis,emp0302@apexglobal.com,+14150000302,EMPLOYEE,North America Division
CK0303,Robert,Anderson,emp0303@apexglobal.com,+14150000303,EMPLOYEE,EMEA Division
CK0304,Patricia,Perez,emp0304@apexglobal.com,+14150000304,TRAINER,APAC Division
CK0305,John,Lewis,emp0305@apexglobal.com,+14150000305,MANAGER,LATAM Division
CK0306,Jennifer,Scott,emp0306@apexglobal.com,+14150000306,EMPLOYEE,Global Engineering
CK0307,Michael,Nelson,emp0307@apexglobal.com,+14150000307,EMPLOYEE,Product Innovation
CK0308,Linda,Roberts,emp0308@apexglobal.com,+14150000308,EMPLOYEE,Financial Services
CK0309,David,Cruz,emp0309@apexglobal.com,+14150000309,EMPLOYEE,People and Culture
CK0310,Elizabeth,Murphy,emp0310@apexglobal.com,+14150000310,TRAINER,Legal and Risk
CK0311,William,Peterson,emp0311@apexglobal.com,+14150000311,MANAGER,North America Division Branch 1
CK0312,Barbara,Cox,emp0312@apexglobal.com,+14150000312,EMPLOYEE,North America Division Branch 2
CK0313,Richard,James,emp0313@apexglobal.com,+14150000313,EMPLOYEE,North America Division Branch 3
CK0314,Susan,Alvarez,emp0314@apexglobal.com,+14150000314,EMPLOYEE,North America Division Branch 4
CK0315,Joseph,Foster,emp0315@apexglobal.com,+14150000315,EMPLOYEE,EMEA Division Branch 1
CK0316,Jessica,Garcia,emp0316@apexglobal.com,+14150000316,TRAINER,EMEA Division Branch 2
CK0317,Thomas,Gonzalez,emp0317@apexglobal.com,+14150000317,MANAGER,EMEA Division Branch 3
CK0318,Sarah,Martin,emp0318@apexglobal.com,+14150000318,EMPLOYEE,EMEA Division Branch 4
CK0319,Charles,Clark,emp0319@apexglobal.com,+14150000319,EMPLOYEE,APAC Division Branch 1
CK0320,Karen,King,emp0320@apexglobal.com,+14150000320,EMPLOYEE,APAC Division Branch 2
CK0321,Christopher,Green,emp0321@apexglobal.com,+14150000321,EMPLOYEE,APAC Division Branch 3
CK0322,Lisa,Mitchell,emp0322@apexglobal.com,+14150000322,TRAINER,APAC Division Branch 4
CK0323,Daniel,Diaz,emp0323@apexglobal.com,+14150000323,MANAGER,LATAM Division Branch 1
CK0324,Nancy,Morris,emp0324@apexglobal.com,+14150000324,EMPLOYEE,LATAM Division Branch 2
CK0325,Matthew,Morgan,emp0325@apexglobal.com,+14150000325,EMPLOYEE,LATAM Division Branch 3
CK0326,Betty,Ramos,emp0326@apexglobal.com,+14150000326,EMPLOYEE,Global Engineering Branch 1
CK0327,Anthony,Chavez,emp0327@apexglobal.com,+14150000327,EMPLOYEE,Global Engineering Branch 2
CK0328,Margaret,Hughes,emp0328@apexglobal.com,+14150000328,TRAINER,Global Engineering Branch 3
CK0329,Mark,Long,emp0329@apexglobal.com,+14150000329,MANAGER,Product Innovation Branch 1
CK0330,Sandra,Brown,emp0330@apexglobal.com,+14150000330,EMPLOYEE,Product Innovation Branch 2
CK0331,Donald,Hernandez,emp0331@apexglobal.com,+14150000331,EMPLOYEE,Product Innovation Branch 3
CK0332,Ashley,Moore,emp0332@apexglobal.com,+14150000332,EMPLOYEE,Financial Services Branch 1
CK0333,Steven,Harris,emp0333@apexglobal.com,+14150000333,EMPLOYEE,Financial Services Branch 2
CK0334,Kimberly,Young,emp0334@apexglobal.com,+14150000334,TRAINER,Financial Services Branch 3
CK0335,Paul,Hill,emp0335@apexglobal.com,+14150000335,MANAGER,People and Culture Branch 1
CK0336,Emily,Rivera,emp0336@apexglobal.com,+14150000336,EMPLOYEE,People and Culture Branch 2
CK0337,Andrew,Evans,emp0337@apexglobal.com,+14150000337,EMPLOYEE,People and Culture Branch 3
CK0338,Donna,Reyes,emp0338@apexglobal.com,+14150000338,EMPLOYEE,Legal and Risk Branch 1
CK0339,Joshua,Gutierrez,emp0339@apexglobal.com,+14150000339,EMPLOYEE,Legal and Risk Branch 2
CK0340,Michelle,Kelly,emp0340@apexglobal.com,+14150000340,TRAINER,Legal and Risk Branch 3
CK0341,Kenneth,Watson,emp0341@apexglobal.com,+14150000341,MANAGER,North America Division Branch 1 Unit 1
CK0342,Carol,Mendoza,emp0342@apexglobal.com,+14150000342,EMPLOYEE,North America Division Branch 1 Unit 2
CK0343,Kevin,Patel,emp0343@apexglobal.com,+14150000343,EMPLOYEE,North America Division Branch 2 Unit 1
CK0344,Amanda,Johnson,emp0344@apexglobal.com,+14150000344,EMPLOYEE,North America Division Branch 2 Unit 2
CK0345,Brian,Rodriguez,emp0345@apexglobal.com,+14150000345,EMPLOYEE,North America Division Branch 3 Unit 1
CK0346,Dorothy,Thomas,emp0346@apexglobal.com,+14150000346,TRAINER,North America Division Branch 3 Unit 2
CK0347,George,Thompson,emp0347@apexglobal.com,+14150000347,MANAGER,North America Division Branch 4 Unit 1
CK0348,Melissa,Robinson,emp0348@apexglobal.com,+14150000348,EMPLOYEE,North America Division Branch 4 Unit 2
CK0349,Timothy,Torres,emp0349@apexglobal.com,+14150000349,EMPLOYEE,EMEA Division Branch 1 Unit 1
CK0350,Deborah,Baker,emp0350@apexglobal.com,+14150000350,EMPLOYEE,EMEA Division Branch 1 Unit 2
CK0351,Ronald,Gomez,emp0351@apexglobal.com,+14150000351,EMPLOYEE,EMEA Division Branch 2 Unit 1
CK0352,Stephanie,Edwards,emp0352@apexglobal.com,+14150000352,TRAINER,EMEA Division Branch 2 Unit 2
CK0353,Edward,Cook,emp0353@apexglobal.com,+14150000353,MANAGER,EMEA Division Branch 3 Unit 1
CK0354,Rebecca,Bailey,emp0354@apexglobal.com,+14150000354,EMPLOYEE,EMEA Division Branch 3 Unit 2
CK0355,Jason,Ward,emp0355@apexglobal.com,+14150000355,EMPLOYEE,EMEA Division Branch 4 Unit 1
CK0356,Sharon,Bennett,emp0356@apexglobal.com,+14150000356,EMPLOYEE,EMEA Division Branch 4 Unit 2
CK0357,Jeffrey,Castillo,emp0357@apexglobal.com,+14150000357,EMPLOYEE,APAC Division Branch 1 Unit 1
CK0358,Laura,Jimenez,emp0358@apexglobal.com,+14150000358,TRAINER,APAC Division Branch 1 Unit 2
CK0359,Ryan,Miller,emp0359@apexglobal.com,+14150000359,MANAGER,APAC Division Branch 2 Unit 1
CK0360,Cynthia,Wilson,emp0360@apexglobal.com,+14150000360,EMPLOYEE,APAC Division Branch 2 Unit 2
CK0361,Jacob,Lee,emp0361@apexglobal.com,+14150000361,EMPLOYEE,APAC Division Branch 3 Unit 1
CK0362,Kathleen,Ramirez,emp0362@apexglobal.com,+14150000362,EMPLOYEE,APAC Division Branch 3 Unit 2
CK0363,Gary,Wright,emp0363@apexglobal.com,+14150000363,EMPLOYEE,APAC Division Branch 4 Unit 1
CK0364,Amy,Adams,emp0364@apexglobal.com,+14150000364,TRAINER,APAC Division Branch 4 Unit 2
CK0365,Nicholas,Carter,emp0365@apexglobal.com,+14150000365,MANAGER,LATAM Division Branch 1 Unit 1
CK0366,Angela,Parker,emp0366@apexglobal.com,+14150000366,EMPLOYEE,LATAM Division Branch 1 Unit 2
CK0367,Eric,Morales,emp0367@apexglobal.com,+14150000367,EMPLOYEE,LATAM Division Branch 2 Unit 1
CK0368,Shirley,Cooper,emp0368@apexglobal.com,+14150000368,EMPLOYEE,LATAM Division Branch 2 Unit 2
CK0369,Jonathan,Kim,emp0369@apexglobal.com,+14150000369,EMPLOYEE,LATAM Division Branch 3 Unit 1
CK0370,Anna,Wood,emp0370@apexglobal.com,+14150000370,TRAINER,LATAM Division Branch 3 Unit 2
CK0371,Stephen,Price,emp0371@apexglobal.com,+14150000371,MANAGER,Global Engineering Branch 1 Unit 1
CK0372,Brenda,Ross,emp0372@apexglobal.com,+14150000372,EMPLOYEE,Global Engineering Branch 1 Unit 2
CK0373,Larry,Jones,emp0373@apexglobal.com,+14150000373,EMPLOYEE,Global Engineering Branch 2 Unit 1
CK0374,Pamela,Lopez,emp0374@apexglobal.com,+14150000374,EMPLOYEE,Global Engineering Branch 2 Unit 2
CK0375,Justin,Jackson,emp0375@apexglobal.com,+14150000375,EMPLOYEE,Global Engineering Branch 3 Unit 1
CK0376,Emma,Sanchez,emp0376@apexglobal.com,+14150000376,TRAINER,Global Engineering Branch 3 Unit 2
CK0377,Scott,Allen,emp0377@apexglobal.com,+14150000377,MANAGER,Product Innovation Branch 1 Unit 1
CK0378,Nicole,Flores,emp0378@apexglobal.com,+14150000378,EMPLOYEE,Product Innovation Branch 1 Unit 2
CK0379,Brandon,Campbell,emp0379@apexglobal.com,+14150000379,EMPLOYEE,Product Innovation Branch 2 Unit 1
CK0380,Helen,Turner,emp0380@apexglobal.com,+14150000380,EMPLOYEE,Product Innovation Branch 2 Unit 2
CK0381,Benjamin,Stewart,emp0381@apexglobal.com,+14150000381,EMPLOYEE,Product Innovation Branch 3 Unit 1
CK0382,Samantha,Ortiz,emp0382@apexglobal.com,+14150000382,TRAINER,Product Innovation Branch 3 Unit 2
CK0383,Samuel,Howard,emp0383@apexglobal.com,+14150000383,MANAGER,Financial Services Branch 1 Unit 1
CK0384,Katherine,Brooks,emp0384@apexglobal.com,+14150000384,EMPLOYEE,Financial Services Branch 1 Unit 2
CK0385,Gregory,Ruiz,emp0385@apexglobal.com,+14150000385,EMPLOYEE,Financial Services Branch 2 Unit 1
CK0386,Christine,Myers,emp0386@apexglobal.com,+14150000386,EMPLOYEE,Financial Services Branch 2 Unit 2
CK0387,Alexander,Williams,emp0387@apexglobal.com,+14150000387,EMPLOYEE,Financial Services Branch 3 Unit 1
CK0388,Debra,Martinez,emp0388@apexglobal.com,+14150000388,TRAINER,Financial Services Branch 3 Unit 2
CK0389,Frank,Taylor,emp0389@apexglobal.com,+14150000389,MANAGER,People and Culture Branch 1 Unit 1
CK0390,Rachel,White,emp0390@apexglobal.com,+14150000390,EMPLOYEE,People and Culture Branch 1 Unit 2
CK0391,Patrick,Walker,emp0391@apexglobal.com,+14150000391,EMPLOYEE,People and Culture Branch 2 Unit 1
CK0392,Carolyn,Nguyen,emp0392@apexglobal.com,+14150000392,EMPLOYEE,People and Culture Branch 2 Unit 2
CK0393,Raymond,Hall,emp0393@apexglobal.com,+14150000393,EMPLOYEE,People and Culture Branch 3 Unit 1
CK0394,Janet,Phillips,emp0394@apexglobal.com,+14150000394,TRAINER,People and Culture Branch 3 Unit 2
CK0395,Jack,Collins,emp0395@apexglobal.com,+14150000395,MANAGER,Legal and Risk Branch 1 Unit 1
CK0396,Maria,Rogers,emp0396@apexglobal.com,+14150000396,EMPLOYEE,Legal and Risk Branch 1 Unit 2
CK0397,Dennis,Reed,emp0397@apexglobal.com,+14150000397,EMPLOYEE,Legal and Risk Branch 2 Unit 1
CK0398,Heather,Richardson,emp0398@apexglobal.com,+14150000398,EMPLOYEE,Legal and Risk Branch 2 Unit 2
CK0399,Jerry,Gray,emp0399@apexglobal.com,+14150000399,EMPLOYEE,Legal and Risk Branch 3 Unit 1
CK0400,Diane,Sanders,emp0400@apexglobal.com,+14150000400,TRAINER,Legal and Risk Branch 3 Unit 2
CK0401,James,Smith,emp0401@apexglobal.com,+14150000401,MANAGER,Apex Global Corporation
CK0402,Mary,Davis,emp0402@apexglobal.com,+14150000402,EMPLOYEE,North America Division
CK0403,Robert,Anderson,emp0403@apexglobal.com,+14150000403,EMPLOYEE,EMEA Division
CK0404,Patricia,Perez,emp0404@apexglobal.com,+14150000404,EMPLOYEE,APAC Division
CK0405,John,Lewis,emp0405@apexglobal.com,+14150000405,EMPLOYEE,LATAM Division
CK0406,Jennifer,Scott,emp0406@apexglobal.com,+14150000406,TRAINER,Global Engineering
CK0407,Michael,Nelson,emp0407@apexglobal.com,+14150000407,MANAGER,Product Innovation
CK0408,Linda,Roberts,emp0408@apexglobal.com,+14150000408,EMPLOYEE,Financial Services
CK0409,David,Cruz,emp0409@apexglobal.com,+14150000409,EMPLOYEE,People and Culture
CK0410,Elizabeth,Murphy,emp0410@apexglobal.com,+14150000410,EMPLOYEE,Legal and Risk
CK0411,William,Peterson,emp0411@apexglobal.com,+14150000411,EMPLOYEE,North America Division Branch 1
CK0412,Barbara,Cox,emp0412@apexglobal.com,+14150000412,TRAINER,North America Division Branch 2
CK0413,Richard,James,emp0413@apexglobal.com,+14150000413,MANAGER,North America Division Branch 3
CK0414,Susan,Alvarez,emp0414@apexglobal.com,+14150000414,EMPLOYEE,North America Division Branch 4
CK0415,Joseph,Foster,emp0415@apexglobal.com,+14150000415,EMPLOYEE,EMEA Division Branch 1
CK0416,Jessica,Garcia,emp0416@apexglobal.com,+14150000416,EMPLOYEE,EMEA Division Branch 2
CK0417,Thomas,Gonzalez,emp0417@apexglobal.com,+14150000417,EMPLOYEE,EMEA Division Branch 3
CK0418,Sarah,Martin,emp0418@apexglobal.com,+14150000418,TRAINER,EMEA Division Branch 4
CK0419,Charles,Clark,emp0419@apexglobal.com,+14150000419,MANAGER,APAC Division Branch 1
CK0420,Karen,King,emp0420@apexglobal.com,+14150000420,EMPLOYEE,APAC Division Branch 2
CK0421,Christopher,Green,emp0421@apexglobal.com,+14150000421,EMPLOYEE,APAC Division Branch 3
CK0422,Lisa,Mitchell,emp0422@apexglobal.com,+14150000422,EMPLOYEE,APAC Division Branch 4
CK0423,Daniel,Diaz,emp0423@apexglobal.com,+14150000423,EMPLOYEE,LATAM Division Branch 1
CK0424,Nancy,Morris,emp0424@apexglobal.com,+14150000424,TRAINER,LATAM Division Branch 2
CK0425,Matthew,Morgan,emp0425@apexglobal.com,+14150000425,MANAGER,LATAM Division Branch 3
CK0426,Betty,Ramos,emp0426@apexglobal.com,+14150000426,EMPLOYEE,Global Engineering Branch 1
CK0427,Anthony,Chavez,emp0427@apexglobal.com,+14150000427,EMPLOYEE,Global Engineering Branch 2
CK0428,Margaret,Hughes,emp0428@apexglobal.com,+14150000428,EMPLOYEE,Global Engineering Branch 3
CK0429,Mark,Long,emp0429@apexglobal.com,+14150000429,EMPLOYEE,Product Innovation Branch 1
CK0430,Sandra,Brown,emp0430@apexglobal.com,+14150000430,TRAINER,Product Innovation Branch 2
CK0431,Donald,Hernandez,emp0431@apexglobal.com,+14150000431,MANAGER,Product Innovation Branch 3
CK0432,Ashley,Moore,emp0432@apexglobal.com,+14150000432,EMPLOYEE,Financial Services Branch 1
CK0433,Steven,Harris,emp0433@apexglobal.com,+14150000433,EMPLOYEE,Financial Services Branch 2
CK0434,Kimberly,Young,emp0434@apexglobal.com,+14150000434,EMPLOYEE,Financial Services Branch 3
CK0435,Paul,Hill,emp0435@apexglobal.com,+14150000435,EMPLOYEE,People and Culture Branch 1
CK0436,Emily,Rivera,emp0436@apexglobal.com,+14150000436,TRAINER,People and Culture Branch 2
CK0437,Andrew,Evans,emp0437@apexglobal.com,+14150000437,MANAGER,People and Culture Branch 3
CK0438,Donna,Reyes,emp0438@apexglobal.com,+14150000438,EMPLOYEE,Legal and Risk Branch 1
CK0439,Joshua,Gutierrez,emp0439@apexglobal.com,+14150000439,EMPLOYEE,Legal and Risk Branch 2
CK0440,Michelle,Kelly,emp0440@apexglobal.com,+14150000440,EMPLOYEE,Legal and Risk Branch 3
CK0441,Kenneth,Watson,emp0441@apexglobal.com,+14150000441,EMPLOYEE,North America Division Branch 1 Unit 1
CK0442,Carol,Mendoza,emp0442@apexglobal.com,+14150000442,TRAINER,North America Division Branch 1 Unit 2
CK0443,Kevin,Patel,emp0443@apexglobal.com,+14150000443,MANAGER,North America Division Branch 2 Unit 1
CK0444,Amanda,Johnson,emp0444@apexglobal.com,+14150000444,EMPLOYEE,North America Division Branch 2 Unit 2
CK0445,Brian,Rodriguez,emp0445@apexglobal.com,+14150000445,EMPLOYEE,North America Division Branch 3 Unit 1
CK0446,Dorothy,Thomas,emp0446@apexglobal.com,+14150000446,EMPLOYEE,North America Division Branch 3 Unit 2
CK0447,George,Thompson,emp0447@apexglobal.com,+14150000447,EMPLOYEE,North America Division Branch 4 Unit 1
CK0448,Melissa,Robinson,emp0448@apexglobal.com,+14150000448,TRAINER,North America Division Branch 4 Unit 2
CK0449,Timothy,Torres,emp0449@apexglobal.com,+14150000449,MANAGER,EMEA Division Branch 1 Unit 1
CK0450,Deborah,Baker,emp0450@apexglobal.com,+14150000450,EMPLOYEE,EMEA Division Branch 1 Unit 2
CK0451,Ronald,Gomez,emp0451@apexglobal.com,+14150000451,EMPLOYEE,EMEA Division Branch 2 Unit 1
CK0452,Stephanie,Edwards,emp0452@apexglobal.com,+14150000452,EMPLOYEE,EMEA Division Branch 2 Unit 2
CK0453,Edward,Cook,emp0453@apexglobal.com,+14150000453,EMPLOYEE,EMEA Division Branch 3 Unit 1
CK0454,Rebecca,Bailey,emp0454@apexglobal.com,+14150000454,TRAINER,EMEA Division Branch 3 Unit 2
CK0455,Jason,Ward,emp0455@apexglobal.com,+14150000455,MANAGER,EMEA Division Branch 4 Unit 1
CK0456,Sharon,Bennett,emp0456@apexglobal.com,+14150000456,EMPLOYEE,EMEA Division Branch 4 Unit 2
CK0457,Jeffrey,Castillo,emp0457@apexglobal.com,+14150000457,EMPLOYEE,APAC Division Branch 1 Unit 1
CK0458,Laura,Jimenez,emp0458@apexglobal.com,+14150000458,EMPLOYEE,APAC Division Branch 1 Unit 2
CK0459,Ryan,Miller,emp0459@apexglobal.com,+14150000459,EMPLOYEE,APAC Division Branch 2 Unit 1
CK0460,Cynthia,Wilson,emp0460@apexglobal.com,+14150000460,TRAINER,APAC Division Branch 2 Unit 2
CK0461,Jacob,Lee,emp0461@apexglobal.com,+14150000461,MANAGER,APAC Division Branch 3 Unit 1
CK0462,Kathleen,Ramirez,emp0462@apexglobal.com,+14150000462,EMPLOYEE,APAC Division Branch 3 Unit 2
CK0463,Gary,Wright,emp0463@apexglobal.com,+14150000463,EMPLOYEE,APAC Division Branch 4 Unit 1
CK0464,Amy,Adams,emp0464@apexglobal.com,+14150000464,EMPLOYEE,APAC Division Branch 4 Unit 2
CK0465,Nicholas,Carter,emp0465@apexglobal.com,+14150000465,EMPLOYEE,LATAM Division Branch 1 Unit 1
CK0466,Angela,Parker,emp0466@apexglobal.com,+14150000466,TRAINER,LATAM Division Branch 1 Unit 2
CK0467,Eric,Morales,emp0467@apexglobal.com,+14150000467,MANAGER,LATAM Division Branch 2 Unit 1
CK0468,Shirley,Cooper,emp0468@apexglobal.com,+14150000468,EMPLOYEE,LATAM Division Branch 2 Unit 2
CK0469,Jonathan,Kim,emp0469@apexglobal.com,+14150000469,EMPLOYEE,LATAM Division Branch 3 Unit 1
CK0470,Anna,Wood,emp0470@apexglobal.com,+14150000470,EMPLOYEE,LATAM Division Branch 3 Unit 2
CK0471,Stephen,Price,emp0471@apexglobal.com,+14150000471,EMPLOYEE,Global Engineering Branch 1 Unit 1
CK0472,Brenda,Ross,emp0472@apexglobal.com,+14150000472,TRAINER,Global Engineering Branch 1 Unit 2
CK0473,Larry,Jones,emp0473@apexglobal.com,+14150000473,MANAGER,Global Engineering Branch 2 Unit 1
CK0474,Pamela,Lopez,emp0474@apexglobal.com,+14150000474,EMPLOYEE,Global Engineering Branch 2 Unit 2
CK0475,Justin,Jackson,emp0475@apexglobal.com,+14150000475,EMPLOYEE,Global Engineering Branch 3 Unit 1
CK0476,Emma,Sanchez,emp0476@apexglobal.com,+14150000476,EMPLOYEE,Global Engineering Branch 3 Unit 2
CK0477,Scott,Allen,emp0477@apexglobal.com,+14150000477,EMPLOYEE,Product Innovation Branch 1 Unit 1
CK0478,Nicole,Flores,emp0478@apexglobal.com,+14150000478,TRAINER,Product Innovation Branch 1 Unit 2
CK0479,Brandon,Campbell,emp0479@apexglobal.com,+14150000479,MANAGER,Product Innovation Branch 2 Unit 1
CK0480,Helen,Turner,emp0480@apexglobal.com,+14150000480,EMPLOYEE,Product Innovation Branch 2 Unit 2
CK0481,Benjamin,Stewart,emp0481@apexglobal.com,+14150000481,EMPLOYEE,Product Innovation Branch 3 Unit 1
CK0482,Samantha,Ortiz,emp0482@apexglobal.com,+14150000482,EMPLOYEE,Product Innovation Branch 3 Unit 2
CK0483,Samuel,Howard,emp0483@apexglobal.com,+14150000483,EMPLOYEE,Financial Services Branch 1 Unit 1
CK0484,Katherine,Brooks,emp0484@apexglobal.com,+14150000484,TRAINER,Financial Services Branch 1 Unit 2
CK0485,Gregory,Ruiz,emp0485@apexglobal.com,+14150000485,MANAGER,Financial Services Branch 2 Unit 1
CK0486,Christine,Myers,emp0486@apexglobal.com,+14150000486,EMPLOYEE,Financial Services Branch 2 Unit 2
CK0487,Alexander,Williams,emp0487@apexglobal.com,+14150000487,EMPLOYEE,Financial Services Branch 3 Unit 1
CK0488,Debra,Martinez,emp0488@apexglobal.com,+14150000488,EMPLOYEE,Financial Services Branch 3 Unit 2
CK0489,Frank,Taylor,emp0489@apexglobal.com,+14150000489,EMPLOYEE,People and Culture Branch 1 Unit 1
CK0490,Rachel,White,emp0490@apexglobal.com,+14150000490,TRAINER,People and Culture Branch 1 Unit 2
CK0491,Patrick,Walker,emp0491@apexglobal.com,+14150000491,MANAGER,People and Culture Branch 2 Unit 1
CK0492,Carolyn,Nguyen,emp0492@apexglobal.com,+14150000492,EMPLOYEE,People and Culture Branch 2 Unit 2
CK0493,Raymond,Hall,emp0493@apexglobal.com,+14150000493,EMPLOYEE,People and Culture Branch 3 Unit 1
CK0494,Janet,Phillips,emp0494@apexglobal.com,+14150000494,EMPLOYEE,People and Culture Branch 3 Unit 2
CK0495,Jack,Collins,emp0495@apexglobal.com,+14150000495,EMPLOYEE,Legal and Risk Branch 1 Unit 1
CK0496,Maria,Rogers,emp0496@apexglobal.com,+14150000496,TRAINER,Legal and Risk Branch 1 Unit 2
CK0497,Dennis,Reed,emp0497@apexglobal.com,+14150000497,MANAGER,Legal and Risk Branch 2 Unit 1
CK0498,Heather,Richardson,emp0498@apexglobal.com,+14150000498,EMPLOYEE,Legal and Risk Branch 2 Unit 2
CK0499,Jerry,Gray,emp0499@apexglobal.com,+14150000499,EMPLOYEE,Legal and Risk Branch 3 Unit 1
CK0500,Diane,Sanders,emp0500@apexglobal.com,+14150000500,EMPLOYEE,Legal and Risk Branch 3 Unit 2
CK0501,James,Smith,emp0501@apexglobal.com,+14150000501,EMPLOYEE,Apex Global Corporation
CK0502,Mary,Davis,emp0502@apexglobal.com,+14150000502,TRAINER,North America Division
CK0503,Robert,Anderson,emp0503@apexglobal.com,+14150000503,MANAGER,EMEA Division
CK0504,Patricia,Perez,emp0504@apexglobal.com,+14150000504,EMPLOYEE,APAC Division
CK0505,John,Lewis,emp0505@apexglobal.com,+14150000505,EMPLOYEE,LATAM Division
CK0506,Jennifer,Scott,emp0506@apexglobal.com,+14150000506,EMPLOYEE,Global Engineering
CK0507,Michael,Nelson,emp0507@apexglobal.com,+14150000507,EMPLOYEE,Product Innovation
CK0508,Linda,Roberts,emp0508@apexglobal.com,+14150000508,TRAINER,Financial Services
CK0509,David,Cruz,emp0509@apexglobal.com,+14150000509,MANAGER,People and Culture
CK0510,Elizabeth,Murphy,emp0510@apexglobal.com,+14150000510,EMPLOYEE,Legal and Risk
CK0511,William,Peterson,emp0511@apexglobal.com,+14150000511,EMPLOYEE,North America Division Branch 1
CK0512,Barbara,Cox,emp0512@apexglobal.com,+14150000512,EMPLOYEE,North America Division Branch 2
CK0513,Richard,James,emp0513@apexglobal.com,+14150000513,EMPLOYEE,North America Division Branch 3
CK0514,Susan,Alvarez,emp0514@apexglobal.com,+14150000514,TRAINER,North America Division Branch 4
CK0515,Joseph,Foster,emp0515@apexglobal.com,+14150000515,MANAGER,EMEA Division Branch 1
CK0516,Jessica,Garcia,emp0516@apexglobal.com,+14150000516,EMPLOYEE,EMEA Division Branch 2
CK0517,Thomas,Gonzalez,emp0517@apexglobal.com,+14150000517,EMPLOYEE,EMEA Division Branch 3
CK0518,Sarah,Martin,emp0518@apexglobal.com,+14150000518,EMPLOYEE,EMEA Division Branch 4
CK0519,Charles,Clark,emp0519@apexglobal.com,+14150000519,EMPLOYEE,APAC Division Branch 1
CK0520,Karen,King,emp0520@apexglobal.com,+14150000520,TRAINER,APAC Division Branch 2
CK0521,Christopher,Green,emp0521@apexglobal.com,+14150000521,MANAGER,APAC Division Branch 3
CK0522,Lisa,Mitchell,emp0522@apexglobal.com,+14150000522,EMPLOYEE,APAC Division Branch 4
CK0523,Daniel,Diaz,emp0523@apexglobal.com,+14150000523,EMPLOYEE,LATAM Division Branch 1
CK0524,Nancy,Morris,emp0524@apexglobal.com,+14150000524,EMPLOYEE,LATAM Division Branch 2
CK0525,Matthew,Morgan,emp0525@apexglobal.com,+14150000525,EMPLOYEE,LATAM Division Branch 3
CK0526,Betty,Ramos,emp0526@apexglobal.com,+14150000526,TRAINER,Global Engineering Branch 1
CK0527,Anthony,Chavez,emp0527@apexglobal.com,+14150000527,MANAGER,Global Engineering Branch 2
CK0528,Margaret,Hughes,emp0528@apexglobal.com,+14150000528,EMPLOYEE,Global Engineering Branch 3
CK0529,Mark,Long,emp0529@apexglobal.com,+14150000529,EMPLOYEE,Product Innovation Branch 1
CK0530,Sandra,Brown,emp0530@apexglobal.com,+14150000530,EMPLOYEE,Product Innovation Branch 2
CK0531,Donald,Hernandez,emp0531@apexglobal.com,+14150000531,EMPLOYEE,Product Innovation Branch 3
CK0532,Ashley,Moore,emp0532@apexglobal.com,+14150000532,TRAINER,Financial Services Branch 1
CK0533,Steven,Harris,emp0533@apexglobal.com,+14150000533,MANAGER,Financial Services Branch 2
CK0534,Kimberly,Young,emp0534@apexglobal.com,+14150000534,EMPLOYEE,Financial Services Branch 3
CK0535,Paul,Hill,emp0535@apexglobal.com,+14150000535,EMPLOYEE,People and Culture Branch 1
CK0536,Emily,Rivera,emp0536@apexglobal.com,+14150000536,EMPLOYEE,People and Culture Branch 2
CK0537,Andrew,Evans,emp0537@apexglobal.com,+14150000537,EMPLOYEE,People and Culture Branch 3
CK0538,Donna,Reyes,emp0538@apexglobal.com,+14150000538,TRAINER,Legal and Risk Branch 1
CK0539,Joshua,Gutierrez,emp0539@apexglobal.com,+14150000539,MANAGER,Legal and Risk Branch 2
CK0540,Michelle,Kelly,emp0540@apexglobal.com,+14150000540,EMPLOYEE,Legal and Risk Branch 3
CK0541,Kenneth,Watson,emp0541@apexglobal.com,+14150000541,EMPLOYEE,North America Division Branch 1 Unit 1
CK0542,Carol,Mendoza,emp0542@apexglobal.com,+14150000542,EMPLOYEE,North America Division Branch 1 Unit 2
CK0543,Kevin,Patel,emp0543@apexglobal.com,+14150000543,EMPLOYEE,North America Division Branch 2 Unit 1
CK0544,Amanda,Johnson,emp0544@apexglobal.com,+14150000544,TRAINER,North America Division Branch 2 Unit 2
CK0545,Brian,Rodriguez,emp0545@apexglobal.com,+14150000545,MANAGER,North America Division Branch 3 Unit 1
CK0546,Dorothy,Thomas,emp0546@apexglobal.com,+14150000546,EMPLOYEE,North America Division Branch 3 Unit 2
CK0547,George,Thompson,emp0547@apexglobal.com,+14150000547,EMPLOYEE,North America Division Branch 4 Unit 1
CK0548,Melissa,Robinson,emp0548@apexglobal.com,+14150000548,EMPLOYEE,North America Division Branch 4 Unit 2
CK0549,Timothy,Torres,emp0549@apexglobal.com,+14150000549,EMPLOYEE,EMEA Division Branch 1 Unit 1
CK0550,Deborah,Baker,emp0550@apexglobal.com,+14150000550,TRAINER,EMEA Division Branch 1 Unit 2
CK0551,Ronald,Gomez,emp0551@apexglobal.com,+14150000551,MANAGER,EMEA Division Branch 2 Unit 1
CK0552,Stephanie,Edwards,emp0552@apexglobal.com,+14150000552,EMPLOYEE,EMEA Division Branch 2 Unit 2
CK0553,Edward,Cook,emp0553@apexglobal.com,+14150000553,EMPLOYEE,EMEA Division Branch 3 Unit 1
CK0554,Rebecca,Bailey,emp0554@apexglobal.com,+14150000554,EMPLOYEE,EMEA Division Branch 3 Unit 2
CK0555,Jason,Ward,emp0555@apexglobal.com,+14150000555,EMPLOYEE,EMEA Division Branch 4 Unit 1
CK0556,Sharon,Bennett,emp0556@apexglobal.com,+14150000556,TRAINER,EMEA Division Branch 4 Unit 2
CK0557,Jeffrey,Castillo,emp0557@apexglobal.com,+14150000557,MANAGER,APAC Division Branch 1 Unit 1
CK0558,Laura,Jimenez,emp0558@apexglobal.com,+14150000558,EMPLOYEE,APAC Division Branch 1 Unit 2
CK0559,Ryan,Miller,emp0559@apexglobal.com,+14150000559,EMPLOYEE,APAC Division Branch 2 Unit 1
CK0560,Cynthia,Wilson,emp0560@apexglobal.com,+14150000560,EMPLOYEE,APAC Division Branch 2 Unit 2
CK0561,Jacob,Lee,emp0561@apexglobal.com,+14150000561,EMPLOYEE,APAC Division Branch 3 Unit 1
CK0562,Kathleen,Ramirez,emp0562@apexglobal.com,+14150000562,TRAINER,APAC Division Branch 3 Unit 2
CK0563,Gary,Wright,emp0563@apexglobal.com,+14150000563,MANAGER,APAC Division Branch 4 Unit 1
CK0564,Amy,Adams,emp0564@apexglobal.com,+14150000564,EMPLOYEE,APAC Division Branch 4 Unit 2
CK0565,Nicholas,Carter,emp0565@apexglobal.com,+14150000565,EMPLOYEE,LATAM Division Branch 1 Unit 1
CK0566,Angela,Parker,emp0566@apexglobal.com,+14150000566,EMPLOYEE,LATAM Division Branch 1 Unit 2
CK0567,Eric,Morales,emp0567@apexglobal.com,+14150000567,EMPLOYEE,LATAM Division Branch 2 Unit 1
CK0568,Shirley,Cooper,emp0568@apexglobal.com,+14150000568,TRAINER,LATAM Division Branch 2 Unit 2
CK0569,Jonathan,Kim,emp0569@apexglobal.com,+14150000569,MANAGER,LATAM Division Branch 3 Unit 1
CK0570,Anna,Wood,emp0570@apexglobal.com,+14150000570,EMPLOYEE,LATAM Division Branch 3 Unit 2
CK0571,Stephen,Price,emp0571@apexglobal.com,+14150000571,EMPLOYEE,Global Engineering Branch 1 Unit 1
CK0572,Brenda,Ross,emp0572@apexglobal.com,+14150000572,EMPLOYEE,Global Engineering Branch 1 Unit 2
CK0573,Larry,Jones,emp0573@apexglobal.com,+14150000573,EMPLOYEE,Global Engineering Branch 2 Unit 1
CK0574,Pamela,Lopez,emp0574@apexglobal.com,+14150000574,TRAINER,Global Engineering Branch 2 Unit 2
CK0575,Justin,Jackson,emp0575@apexglobal.com,+14150000575,MANAGER,Global Engineering Branch 3 Unit 1
CK0576,Emma,Sanchez,emp0576@apexglobal.com,+14150000576,EMPLOYEE,Global Engineering Branch 3 Unit 2
CK0577,Scott,Allen,emp0577@apexglobal.com,+14150000577,EMPLOYEE,Product Innovation Branch 1 Unit 1
CK0578,Nicole,Flores,emp0578@apexglobal.com,+14150000578,EMPLOYEE,Product Innovation Branch 1 Unit 2
CK0579,Brandon,Campbell,emp0579@apexglobal.com,+14150000579,EMPLOYEE,Product Innovation Branch 2 Unit 1
CK0580,Helen,Turner,emp0580@apexglobal.com,+14150000580,TRAINER,Product Innovation Branch 2 Unit 2
CK0581,Benjamin,Stewart,emp0581@apexglobal.com,+14150000581,MANAGER,Product Innovation Branch 3 Unit 1
CK0582,Samantha,Ortiz,emp0582@apexglobal.com,+14150000582,EMPLOYEE,Product Innovation Branch 3 Unit 2
CK0583,Samuel,Howard,emp0583@apexglobal.com,+14150000583,EMPLOYEE,Financial Services Branch 1 Unit 1
CK0584,Katherine,Brooks,emp0584@apexglobal.com,+14150000584,EMPLOYEE,Financial Services Branch 1 Unit 2
CK0585,Gregory,Ruiz,emp0585@apexglobal.com,+14150000585,EMPLOYEE,Financial Services Branch 2 Unit 1
CK0586,Christine,Myers,emp0586@apexglobal.com,+14150000586,TRAINER,Financial Services Branch 2 Unit 2
CK0587,Alexander,Williams,emp0587@apexglobal.com,+14150000587,MANAGER,Financial Services Branch 3 Unit 1
CK0588,Debra,Martinez,emp0588@apexglobal.com,+14150000588,EMPLOYEE,Financial Services Branch 3 Unit 2
CK0589,Frank,Taylor,emp0589@apexglobal.com,+14150000589,EMPLOYEE,People and Culture Branch 1 Unit 1
CK0590,Rachel,White,emp0590@apexglobal.com,+14150000590,EMPLOYEE,People and Culture Branch 1 Unit 2
CK0591,Patrick,Walker,emp0591@apexglobal.com,+14150000591,EMPLOYEE,People and Culture Branch 2 Unit 1
CK0592,Carolyn,Nguyen,emp0592@apexglobal.com,+14150000592,TRAINER,People and Culture Branch 2 Unit 2
CK0593,Raymond,Hall,emp0593@apexglobal.com,+14150000593,MANAGER,People and Culture Branch 3 Unit 1
CK0594,Janet,Phillips,emp0594@apexglobal.com,+14150000594,EMPLOYEE,People and Culture Branch 3 Unit 2
CK0595,Jack,Collins,emp0595@apexglobal.com,+14150000595,EMPLOYEE,Legal and Risk Branch 1 Unit 1
CK0596,Maria,Rogers,emp0596@apexglobal.com,+14150000596,EMPLOYEE,Legal and Risk Branch 1 Unit 2
CK0597,Dennis,Reed,emp0597@apexglobal.com,+14150000597,EMPLOYEE,Legal and Risk Branch 2 Unit 1
CK0598,Heather,Richardson,emp0598@apexglobal.com,+14150000598,TRAINER,Legal and Risk Branch 2 Unit 2
CK0599,Jerry,Gray,emp0599@apexglobal.com,+14150000599,MANAGER,Legal and Risk Branch 3 Unit 1
CK0600,Diane,Sanders,emp0600@apexglobal.com,+14150000600,EMPLOYEE,Legal and Risk Branch 3 Unit 2
CK0601,James,Smith,emp0601@apexglobal.com,+14150000601,EMPLOYEE,Apex Global Corporation
CK0602,Mary,Davis,emp0602@apexglobal.com,+14150000602,EMPLOYEE,North America Division
CK0603,Robert,Anderson,emp0603@apexglobal.com,+14150000603,EMPLOYEE,EMEA Division
CK0604,Patricia,Perez,emp0604@apexglobal.com,+14150000604,TRAINER,APAC Division
CK0605,John,Lewis,emp0605@apexglobal.com,+14150000605,MANAGER,LATAM Division
CK0606,Jennifer,Scott,emp0606@apexglobal.com,+14150000606,EMPLOYEE,Global Engineering
CK0607,Michael,Nelson,emp0607@apexglobal.com,+14150000607,EMPLOYEE,Product Innovation
CK0608,Linda,Roberts,emp0608@apexglobal.com,+14150000608,EMPLOYEE,Financial Services
CK0609,David,Cruz,emp0609@apexglobal.com,+14150000609,EMPLOYEE,People and Culture
CK0610,Elizabeth,Murphy,emp0610@apexglobal.com,+14150000610,TRAINER,Legal and Risk
CK0611,William,Peterson,emp0611@apexglobal.com,+14150000611,MANAGER,North America Division Branch 1
CK0612,Barbara,Cox,emp0612@apexglobal.com,+14150000612,EMPLOYEE,North America Division Branch 2
CK0613,Richard,James,emp0613@apexglobal.com,+14150000613,EMPLOYEE,North America Division Branch 3
CK0614,Susan,Alvarez,emp0614@apexglobal.com,+14150000614,EMPLOYEE,North America Division Branch 4
CK0615,Joseph,Foster,emp0615@apexglobal.com,+14150000615,EMPLOYEE,EMEA Division Branch 1
CK0616,Jessica,Garcia,emp0616@apexglobal.com,+14150000616,TRAINER,EMEA Division Branch 2
CK0617,Thomas,Gonzalez,emp0617@apexglobal.com,+14150000617,MANAGER,EMEA Division Branch 3
CK0618,Sarah,Martin,emp0618@apexglobal.com,+14150000618,EMPLOYEE,EMEA Division Branch 4
CK0619,Charles,Clark,emp0619@apexglobal.com,+14150000619,EMPLOYEE,APAC Division Branch 1
CK0620,Karen,King,emp0620@apexglobal.com,+14150000620,EMPLOYEE,APAC Division Branch 2
CK0621,Christopher,Green,emp0621@apexglobal.com,+14150000621,EMPLOYEE,APAC Division Branch 3
CK0622,Lisa,Mitchell,emp0622@apexglobal.com,+14150000622,TRAINER,APAC Division Branch 4
CK0623,Daniel,Diaz,emp0623@apexglobal.com,+14150000623,MANAGER,LATAM Division Branch 1
CK0624,Nancy,Morris,emp0624@apexglobal.com,+14150000624,EMPLOYEE,LATAM Division Branch 2
CK0625,Matthew,Morgan,emp0625@apexglobal.com,+14150000625,EMPLOYEE,LATAM Division Branch 3
CK0626,Betty,Ramos,emp0626@apexglobal.com,+14150000626,EMPLOYEE,Global Engineering Branch 1
CK0627,Anthony,Chavez,emp0627@apexglobal.com,+14150000627,EMPLOYEE,Global Engineering Branch 2
CK0628,Margaret,Hughes,emp0628@apexglobal.com,+14150000628,TRAINER,Global Engineering Branch 3
CK0629,Mark,Long,emp0629@apexglobal.com,+14150000629,MANAGER,Product Innovation Branch 1
CK0630,Sandra,Brown,emp0630@apexglobal.com,+14150000630,EMPLOYEE,Product Innovation Branch 2
CK0631,Donald,Hernandez,emp0631@apexglobal.com,+14150000631,EMPLOYEE,Product Innovation Branch 3
CK0632,Ashley,Moore,emp0632@apexglobal.com,+14150000632,EMPLOYEE,Financial Services Branch 1
CK0633,Steven,Harris,emp0633@apexglobal.com,+14150000633,EMPLOYEE,Financial Services Branch 2
CK0634,Kimberly,Young,emp0634@apexglobal.com,+14150000634,TRAINER,Financial Services Branch 3
CK0635,Paul,Hill,emp0635@apexglobal.com,+14150000635,MANAGER,People and Culture Branch 1
CK0636,Emily,Rivera,emp0636@apexglobal.com,+14150000636,EMPLOYEE,People and Culture Branch 2
CK0637,Andrew,Evans,emp0637@apexglobal.com,+14150000637,EMPLOYEE,People and Culture Branch 3
CK0638,Donna,Reyes,emp0638@apexglobal.com,+14150000638,EMPLOYEE,Legal and Risk Branch 1
CK0639,Joshua,Gutierrez,emp0639@apexglobal.com,+14150000639,EMPLOYEE,Legal and Risk Branch 2
CK0640,Michelle,Kelly,emp0640@apexglobal.com,+14150000640,TRAINER,Legal and Risk Branch 3
CK0641,Kenneth,Watson,emp0641@apexglobal.com,+14150000641,MANAGER,North America Division Branch 1 Unit 1
CK0642,Carol,Mendoza,emp0642@apexglobal.com,+14150000642,EMPLOYEE,North America Division Branch 1 Unit 2
CK0643,Kevin,Patel,emp0643@apexglobal.com,+14150000643,EMPLOYEE,North America Division Branch 2 Unit 1
CK0644,Amanda,Johnson,emp0644@apexglobal.com,+14150000644,EMPLOYEE,North America Division Branch 2 Unit 2
CK0645,Brian,Rodriguez,emp0645@apexglobal.com,+14150000645,EMPLOYEE,North America Division Branch 3 Unit 1
CK0646,Dorothy,Thomas,emp0646@apexglobal.com,+14150000646,TRAINER,North America Division Branch 3 Unit 2
CK0647,George,Thompson,emp0647@apexglobal.com,+14150000647,MANAGER,North America Division Branch 4 Unit 1
CK0648,Melissa,Robinson,emp0648@apexglobal.com,+14150000648,EMPLOYEE,North America Division Branch 4 Unit 2
CK0649,Timothy,Torres,emp0649@apexglobal.com,+14150000649,EMPLOYEE,EMEA Division Branch 1 Unit 1
CK0650,Deborah,Baker,emp0650@apexglobal.com,+14150000650,EMPLOYEE,EMEA Division Branch 1 Unit 2
CK0651,Ronald,Gomez,emp0651@apexglobal.com,+14150000651,EMPLOYEE,EMEA Division Branch 2 Unit 1
CK0652,Stephanie,Edwards,emp0652@apexglobal.com,+14150000652,TRAINER,EMEA Division Branch 2 Unit 2
CK0653,Edward,Cook,emp0653@apexglobal.com,+14150000653,MANAGER,EMEA Division Branch 3 Unit 1
CK0654,Rebecca,Bailey,emp0654@apexglobal.com,+14150000654,EMPLOYEE,EMEA Division Branch 3 Unit 2
CK0655,Jason,Ward,emp0655@apexglobal.com,+14150000655,EMPLOYEE,EMEA Division Branch 4 Unit 1
CK0656,Sharon,Bennett,emp0656@apexglobal.com,+14150000656,EMPLOYEE,EMEA Division Branch 4 Unit 2
CK0657,Jeffrey,Castillo,emp0657@apexglobal.com,+14150000657,EMPLOYEE,APAC Division Branch 1 Unit 1
CK0658,Laura,Jimenez,emp0658@apexglobal.com,+14150000658,TRAINER,APAC Division Branch 1 Unit 2
CK0659,Ryan,Miller,emp0659@apexglobal.com,+14150000659,MANAGER,APAC Division Branch 2 Unit 1
CK0660,Cynthia,Wilson,emp0660@apexglobal.com,+14150000660,EMPLOYEE,APAC Division Branch 2 Unit 2
CK0661,Jacob,Lee,emp0661@apexglobal.com,+14150000661,EMPLOYEE,APAC Division Branch 3 Unit 1
CK0662,Kathleen,Ramirez,emp0662@apexglobal.com,+14150000662,EMPLOYEE,APAC Division Branch 3 Unit 2
CK0663,Gary,Wright,emp0663@apexglobal.com,+14150000663,EMPLOYEE,APAC Division Branch 4 Unit 1
CK0664,Amy,Adams,emp0664@apexglobal.com,+14150000664,TRAINER,APAC Division Branch 4 Unit 2
CK0665,Nicholas,Carter,emp0665@apexglobal.com,+14150000665,MANAGER,LATAM Division Branch 1 Unit 1
CK0666,Angela,Parker,emp0666@apexglobal.com,+14150000666,EMPLOYEE,LATAM Division Branch 1 Unit 2
CK0667,Eric,Morales,emp0667@apexglobal.com,+14150000667,EMPLOYEE,LATAM Division Branch 2 Unit 1
CK0668,Shirley,Cooper,emp0668@apexglobal.com,+14150000668,EMPLOYEE,LATAM Division Branch 2 Unit 2
CK0669,Jonathan,Kim,emp0669@apexglobal.com,+14150000669,EMPLOYEE,LATAM Division Branch 3 Unit 1
CK0670,Anna,Wood,emp0670@apexglobal.com,+14150000670,TRAINER,LATAM Division Branch 3 Unit 2
CK0671,Stephen,Price,emp0671@apexglobal.com,+14150000671,MANAGER,Global Engineering Branch 1 Unit 1
CK0672,Brenda,Ross,emp0672@apexglobal.com,+14150000672,EMPLOYEE,Global Engineering Branch 1 Unit 2
CK0673,Larry,Jones,emp0673@apexglobal.com,+14150000673,EMPLOYEE,Global Engineering Branch 2 Unit 1
CK0674,Pamela,Lopez,emp0674@apexglobal.com,+14150000674,EMPLOYEE,Global Engineering Branch 2 Unit 2
CK0675,Justin,Jackson,emp0675@apexglobal.com,+14150000675,EMPLOYEE,Global Engineering Branch 3 Unit 1
CK0676,Emma,Sanchez,emp0676@apexglobal.com,+14150000676,TRAINER,Global Engineering Branch 3 Unit 2
CK0677,Scott,Allen,emp0677@apexglobal.com,+14150000677,MANAGER,Product Innovation Branch 1 Unit 1
CK0678,Nicole,Flores,emp0678@apexglobal.com,+14150000678,EMPLOYEE,Product Innovation Branch 1 Unit 2
CK0679,Brandon,Campbell,emp0679@apexglobal.com,+14150000679,EMPLOYEE,Product Innovation Branch 2 Unit 1
CK0680,Helen,Turner,emp0680@apexglobal.com,+14150000680,EMPLOYEE,Product Innovation Branch 2 Unit 2
CK0681,Benjamin,Stewart,emp0681@apexglobal.com,+14150000681,EMPLOYEE,Product Innovation Branch 3 Unit 1
CK0682,Samantha,Ortiz,emp0682@apexglobal.com,+14150000682,TRAINER,Product Innovation Branch 3 Unit 2
CK0683,Samuel,Howard,emp0683@apexglobal.com,+14150000683,MANAGER,Financial Services Branch 1 Unit 1
CK0684,Katherine,Brooks,emp0684@apexglobal.com,+14150000684,EMPLOYEE,Financial Services Branch 1 Unit 2
CK0685,Gregory,Ruiz,emp0685@apexglobal.com,+14150000685,EMPLOYEE,Financial Services Branch 2 Unit 1
CK0686,Christine,Myers,emp0686@apexglobal.com,+14150000686,EMPLOYEE,Financial Services Branch 2 Unit 2
CK0687,Alexander,Williams,emp0687@apexglobal.com,+14150000687,EMPLOYEE,Financial Services Branch 3 Unit 1
CK0688,Debra,Martinez,emp0688@apexglobal.com,+14150000688,TRAINER,Financial Services Branch 3 Unit 2
CK0689,Frank,Taylor,emp0689@apexglobal.com,+14150000689,MANAGER,People and Culture Branch 1 Unit 1
CK0690,Rachel,White,emp0690@apexglobal.com,+14150000690,EMPLOYEE,People and Culture Branch 1 Unit 2
CK0691,Patrick,Walker,emp0691@apexglobal.com,+14150000691,EMPLOYEE,People and Culture Branch 2 Unit 1
CK0692,Carolyn,Nguyen,emp0692@apexglobal.com,+14150000692,EMPLOYEE,People and Culture Branch 2 Unit 2
CK0693,Raymond,Hall,emp0693@apexglobal.com,+14150000693,EMPLOYEE,People and Culture Branch 3 Unit 1
CK0694,Janet,Phillips,emp0694@apexglobal.com,+14150000694,TRAINER,People and Culture Branch 3 Unit 2
CK0695,Jack,Collins,emp0695@apexglobal.com,+14150000695,MANAGER,Legal and Risk Branch 1 Unit 1
CK0696,Maria,Rogers,emp0696@apexglobal.com,+14150000696,EMPLOYEE,Legal and Risk Branch 1 Unit 2
CK0697,Dennis,Reed,emp0697@apexglobal.com,+14150000697,EMPLOYEE,Legal and Risk Branch 2 Unit 1
CK0698,Heather,Richardson,emp0698@apexglobal.com,+14150000698,EMPLOYEE,Legal and Risk Branch 2 Unit 2
CK0699,Jerry,Gray,emp0699@apexglobal.com,+14150000699,EMPLOYEE,Legal and Risk Branch 3 Unit 1
CK0700,Diane,Sanders,emp0700@apexglobal.com,+14150000700,TRAINER,Legal and Risk Branch 3 Unit 2
CK0701,James,Smith,emp0701@apexglobal.com,+14150000701,MANAGER,Apex Global Corporation
CK0702,Mary,Davis,emp0702@apexglobal.com,+14150000702,EMPLOYEE,North America Division
CK0703,Robert,Anderson,emp0703@apexglobal.com,+14150000703,EMPLOYEE,EMEA Division
CK0704,Patricia,Perez,emp0704@apexglobal.com,+14150000704,EMPLOYEE,APAC Division
CK0705,John,Lewis,emp0705@apexglobal.com,+14150000705,EMPLOYEE,LATAM Division
CK0706,Jennifer,Scott,emp0706@apexglobal.com,+14150000706,TRAINER,Global Engineering
CK0707,Michael,Nelson,emp0707@apexglobal.com,+14150000707,MANAGER,Product Innovation
CK0708,Linda,Roberts,emp0708@apexglobal.com,+14150000708,EMPLOYEE,Financial Services
CK0709,David,Cruz,emp0709@apexglobal.com,+14150000709,EMPLOYEE,People and Culture
CK0710,Elizabeth,Murphy,emp0710@apexglobal.com,+14150000710,EMPLOYEE,Legal and Risk
CK0711,William,Peterson,emp0711@apexglobal.com,+14150000711,EMPLOYEE,North America Division Branch 1
CK0712,Barbara,Cox,emp0712@apexglobal.com,+14150000712,TRAINER,North America Division Branch 2
CK0713,Richard,James,emp0713@apexglobal.com,+14150000713,MANAGER,North America Division Branch 3
CK0714,Susan,Alvarez,emp0714@apexglobal.com,+14150000714,EMPLOYEE,North America Division Branch 4
CK0715,Joseph,Foster,emp0715@apexglobal.com,+14150000715,EMPLOYEE,EMEA Division Branch 1
CK0716,Jessica,Garcia,emp0716@apexglobal.com,+14150000716,EMPLOYEE,EMEA Division Branch 2
CK0717,Thomas,Gonzalez,emp0717@apexglobal.com,+14150000717,EMPLOYEE,EMEA Division Branch 3
CK0718,Sarah,Martin,emp0718@apexglobal.com,+14150000718,TRAINER,EMEA Division Branch 4
CK0719,Charles,Clark,emp0719@apexglobal.com,+14150000719,MANAGER,APAC Division Branch 1
CK0720,Karen,King,emp0720@apexglobal.com,+14150000720,EMPLOYEE,APAC Division Branch 2
CK0721,Christopher,Green,emp0721@apexglobal.com,+14150000721,EMPLOYEE,APAC Division Branch 3
CK0722,Lisa,Mitchell,emp0722@apexglobal.com,+14150000722,EMPLOYEE,APAC Division Branch 4
CK0723,Daniel,Diaz,emp0723@apexglobal.com,+14150000723,EMPLOYEE,LATAM Division Branch 1
CK0724,Nancy,Morris,emp0724@apexglobal.com,+14150000724,TRAINER,LATAM Division Branch 2
CK0725,Matthew,Morgan,emp0725@apexglobal.com,+14150000725,MANAGER,LATAM Division Branch 3
CK0726,Betty,Ramos,emp0726@apexglobal.com,+14150000726,EMPLOYEE,Global Engineering Branch 1
CK0727,Anthony,Chavez,emp0727@apexglobal.com,+14150000727,EMPLOYEE,Global Engineering Branch 2
CK0728,Margaret,Hughes,emp0728@apexglobal.com,+14150000728,EMPLOYEE,Global Engineering Branch 3
CK0729,Mark,Long,emp0729@apexglobal.com,+14150000729,EMPLOYEE,Product Innovation Branch 1
CK0730,Sandra,Brown,emp0730@apexglobal.com,+14150000730,TRAINER,Product Innovation Branch 2
CK0731,Donald,Hernandez,emp0731@apexglobal.com,+14150000731,MANAGER,Product Innovation Branch 3
CK0732,Ashley,Moore,emp0732@apexglobal.com,+14150000732,EMPLOYEE,Financial Services Branch 1
CK0733,Steven,Harris,emp0733@apexglobal.com,+14150000733,EMPLOYEE,Financial Services Branch 2
CK0734,Kimberly,Young,emp0734@apexglobal.com,+14150000734,EMPLOYEE,Financial Services Branch 3
CK0735,Paul,Hill,emp0735@apexglobal.com,+14150000735,EMPLOYEE,People and Culture Branch 1
CK0736,Emily,Rivera,emp0736@apexglobal.com,+14150000736,TRAINER,People and Culture Branch 2
CK0737,Andrew,Evans,emp0737@apexglobal.com,+14150000737,MANAGER,People and Culture Branch 3
CK0738,Donna,Reyes,emp0738@apexglobal.com,+14150000738,EMPLOYEE,Legal and Risk Branch 1
CK0739,Joshua,Gutierrez,emp0739@apexglobal.com,+14150000739,EMPLOYEE,Legal and Risk Branch 2
CK0740,Michelle,Kelly,emp0740@apexglobal.com,+14150000740,EMPLOYEE,Legal and Risk Branch 3
CK0741,Kenneth,Watson,emp0741@apexglobal.com,+14150000741,EMPLOYEE,North America Division Branch 1 Unit 1
CK0742,Carol,Mendoza,emp0742@apexglobal.com,+14150000742,TRAINER,North America Division Branch 1 Unit 2
CK0743,Kevin,Patel,emp0743@apexglobal.com,+14150000743,MANAGER,North America Division Branch 2 Unit 1
CK0744,Amanda,Johnson,emp0744@apexglobal.com,+14150000744,EMPLOYEE,North America Division Branch 2 Unit 2
CK0745,Brian,Rodriguez,emp0745@apexglobal.com,+14150000745,EMPLOYEE,North America Division Branch 3 Unit 1
CK0746,Dorothy,Thomas,emp0746@apexglobal.com,+14150000746,EMPLOYEE,North America Division Branch 3 Unit 2
CK0747,George,Thompson,emp0747@apexglobal.com,+14150000747,EMPLOYEE,North America Division Branch 4 Unit 1
CK0748,Melissa,Robinson,emp0748@apexglobal.com,+14150000748,TRAINER,North America Division Branch 4 Unit 2
CK0749,Timothy,Torres,emp0749@apexglobal.com,+14150000749,MANAGER,EMEA Division Branch 1 Unit 1
CK0750,Deborah,Baker,emp0750@apexglobal.com,+14150000750,EMPLOYEE,EMEA Division Branch 1 Unit 2
CK0751,Ronald,Gomez,emp0751@apexglobal.com,+14150000751,EMPLOYEE,EMEA Division Branch 2 Unit 1
CK0752,Stephanie,Edwards,emp0752@apexglobal.com,+14150000752,EMPLOYEE,EMEA Division Branch 2 Unit 2
CK0753,Edward,Cook,emp0753@apexglobal.com,+14150000753,EMPLOYEE,EMEA Division Branch 3 Unit 1
CK0754,Rebecca,Bailey,emp0754@apexglobal.com,+14150000754,TRAINER,EMEA Division Branch 3 Unit 2
CK0755,Jason,Ward,emp0755@apexglobal.com,+14150000755,MANAGER,EMEA Division Branch 4 Unit 1
CK0756,Sharon,Bennett,emp0756@apexglobal.com,+14150000756,EMPLOYEE,EMEA Division Branch 4 Unit 2
CK0757,Jeffrey,Castillo,emp0757@apexglobal.com,+14150000757,EMPLOYEE,APAC Division Branch 1 Unit 1
CK0758,Laura,Jimenez,emp0758@apexglobal.com,+14150000758,EMPLOYEE,APAC Division Branch 1 Unit 2
CK0759,Ryan,Miller,emp0759@apexglobal.com,+14150000759,EMPLOYEE,APAC Division Branch 2 Unit 1
CK0760,Cynthia,Wilson,emp0760@apexglobal.com,+14150000760,TRAINER,APAC Division Branch 2 Unit 2
CK0761,Jacob,Lee,emp0761@apexglobal.com,+14150000761,MANAGER,APAC Division Branch 3 Unit 1
CK0762,Kathleen,Ramirez,emp0762@apexglobal.com,+14150000762,EMPLOYEE,APAC Division Branch 3 Unit 2
CK0763,Gary,Wright,emp0763@apexglobal.com,+14150000763,EMPLOYEE,APAC Division Branch 4 Unit 1
CK0764,Amy,Adams,emp0764@apexglobal.com,+14150000764,EMPLOYEE,APAC Division Branch 4 Unit 2
CK0765,Nicholas,Carter,emp0765@apexglobal.com,+14150000765,EMPLOYEE,LATAM Division Branch 1 Unit 1
CK0766,Angela,Parker,emp0766@apexglobal.com,+14150000766,TRAINER,LATAM Division Branch 1 Unit 2
CK0767,Eric,Morales,emp0767@apexglobal.com,+14150000767,MANAGER,LATAM Division Branch 2 Unit 1
CK0768,Shirley,Cooper,emp0768@apexglobal.com,+14150000768,EMPLOYEE,LATAM Division Branch 2 Unit 2
CK0769,Jonathan,Kim,emp0769@apexglobal.com,+14150000769,EMPLOYEE,LATAM Division Branch 3 Unit 1
CK0770,Anna,Wood,emp0770@apexglobal.com,+14150000770,EMPLOYEE,LATAM Division Branch 3 Unit 2
CK0771,Stephen,Price,emp0771@apexglobal.com,+14150000771,EMPLOYEE,Global Engineering Branch 1 Unit 1
CK0772,Brenda,Ross,emp0772@apexglobal.com,+14150000772,TRAINER,Global Engineering Branch 1 Unit 2
CK0773,Larry,Jones,emp0773@apexglobal.com,+14150000773,MANAGER,Global Engineering Branch 2 Unit 1
CK0774,Pamela,Lopez,emp0774@apexglobal.com,+14150000774,EMPLOYEE,Global Engineering Branch 2 Unit 2
CK0775,Justin,Jackson,emp0775@apexglobal.com,+14150000775,EMPLOYEE,Global Engineering Branch 3 Unit 1
CK0776,Emma,Sanchez,emp0776@apexglobal.com,+14150000776,EMPLOYEE,Global Engineering Branch 3 Unit 2
CK0777,Scott,Allen,emp0777@apexglobal.com,+14150000777,EMPLOYEE,Product Innovation Branch 1 Unit 1
CK0778,Nicole,Flores,emp0778@apexglobal.com,+14150000778,TRAINER,Product Innovation Branch 1 Unit 2
CK0779,Brandon,Campbell,emp0779@apexglobal.com,+14150000779,MANAGER,Product Innovation Branch 2 Unit 1
CK0780,Helen,Turner,emp0780@apexglobal.com,+14150000780,EMPLOYEE,Product Innovation Branch 2 Unit 2
CK0781,Benjamin,Stewart,emp0781@apexglobal.com,+14150000781,EMPLOYEE,Product Innovation Branch 3 Unit 1
CK0782,Samantha,Ortiz,emp0782@apexglobal.com,+14150000782,EMPLOYEE,Product Innovation Branch 3 Unit 2
CK0783,Samuel,Howard,emp0783@apexglobal.com,+14150000783,EMPLOYEE,Financial Services Branch 1 Unit 1
CK0784,Katherine,Brooks,emp0784@apexglobal.com,+14150000784,TRAINER,Financial Services Branch 1 Unit 2
CK0785,Gregory,Ruiz,emp0785@apexglobal.com,+14150000785,MANAGER,Financial Services Branch 2 Unit 1
CK0786,Christine,Myers,emp0786@apexglobal.com,+14150000786,EMPLOYEE,Financial Services Branch 2 Unit 2
CK0787,Alexander,Williams,emp0787@apexglobal.com,+14150000787,EMPLOYEE,Financial Services Branch 3 Unit 1
CK0788,Debra,Martinez,emp0788@apexglobal.com,+14150000788,EMPLOYEE,Financial Services Branch 3 Unit 2
CK0789,Frank,Taylor,emp0789@apexglobal.com,+14150000789,EMPLOYEE,People and Culture Branch 1 Unit 1
CK0790,Rachel,White,emp0790@apexglobal.com,+14150000790,TRAINER,People and Culture Branch 1 Unit 2
CK0791,Patrick,Walker,emp0791@apexglobal.com,+14150000791,MANAGER,People and Culture Branch 2 Unit 1
CK0792,Carolyn,Nguyen,emp0792@apexglobal.com,+14150000792,EMPLOYEE,People and Culture Branch 2 Unit 2
CK0793,Raymond,Hall,emp0793@apexglobal.com,+14150000793,EMPLOYEE,People and Culture Branch 3 Unit 1
CK0794,Janet,Phillips,emp0794@apexglobal.com,+14150000794,EMPLOYEE,People and Culture Branch 3 Unit 2
CK0795,Jack,Collins,emp0795@apexglobal.com,+14150000795,EMPLOYEE,Legal and Risk Branch 1 Unit 1
CK0796,Maria,Rogers,emp0796@apexglobal.com,+14150000796,TRAINER,Legal and Risk Branch 1 Unit 2
CK0797,Dennis,Reed,emp0797@apexglobal.com,+14150000797,MANAGER,Legal and Risk Branch 2 Unit 1
CK0798,Heather,Richardson,emp0798@apexglobal.com,+14150000798,EMPLOYEE,Legal and Risk Branch 2 Unit 2
CK0799,Jerry,Gray,emp0799@apexglobal.com,+14150000799,EMPLOYEE,Legal and Risk Branch 3 Unit 1
CK0800,Diane,Sanders,emp0800@apexglobal.com,+14150000800,EMPLOYEE,Legal and Risk Branch 3 Unit 2
CK0801,James,Smith,emp0801@apexglobal.com,+14150000801,EMPLOYEE,Apex Global Corporation
CK0802,Mary,Davis,emp0802@apexglobal.com,+14150000802,TRAINER,North America Division
CK0803,Robert,Anderson,emp0803@apexglobal.com,+14150000803,MANAGER,EMEA Division
CK0804,Patricia,Perez,emp0804@apexglobal.com,+14150000804,EMPLOYEE,APAC Division
CK0805,John,Lewis,emp0805@apexglobal.com,+14150000805,EMPLOYEE,LATAM Division
CK0806,Jennifer,Scott,emp0806@apexglobal.com,+14150000806,EMPLOYEE,Global Engineering
CK0807,Michael,Nelson,emp0807@apexglobal.com,+14150000807,EMPLOYEE,Product Innovation
CK0808,Linda,Roberts,emp0808@apexglobal.com,+14150000808,TRAINER,Financial Services
CK0809,David,Cruz,emp0809@apexglobal.com,+14150000809,MANAGER,People and Culture
CK0810,Elizabeth,Murphy,emp0810@apexglobal.com,+14150000810,EMPLOYEE,Legal and Risk
CK0811,William,Peterson,emp0811@apexglobal.com,+14150000811,EMPLOYEE,North America Division Branch 1
CK0812,Barbara,Cox,emp0812@apexglobal.com,+14150000812,EMPLOYEE,North America Division Branch 2
CK0813,Richard,James,emp0813@apexglobal.com,+14150000813,EMPLOYEE,North America Division Branch 3
CK0814,Susan,Alvarez,emp0814@apexglobal.com,+14150000814,TRAINER,North America Division Branch 4
CK0815,Joseph,Foster,emp0815@apexglobal.com,+14150000815,MANAGER,EMEA Division Branch 1
CK0816,Jessica,Garcia,emp0816@apexglobal.com,+14150000816,EMPLOYEE,EMEA Division Branch 2
CK0817,Thomas,Gonzalez,emp0817@apexglobal.com,+14150000817,EMPLOYEE,EMEA Division Branch 3
CK0818,Sarah,Martin,emp0818@apexglobal.com,+14150000818,EMPLOYEE,EMEA Division Branch 4
CK0819,Charles,Clark,emp0819@apexglobal.com,+14150000819,EMPLOYEE,APAC Division Branch 1
CK0820,Karen,King,emp0820@apexglobal.com,+14150000820,TRAINER,APAC Division Branch 2
CK0821,Christopher,Green,emp0821@apexglobal.com,+14150000821,MANAGER,APAC Division Branch 3
CK0822,Lisa,Mitchell,emp0822@apexglobal.com,+14150000822,EMPLOYEE,APAC Division Branch 4
CK0823,Daniel,Diaz,emp0823@apexglobal.com,+14150000823,EMPLOYEE,LATAM Division Branch 1
CK0824,Nancy,Morris,emp0824@apexglobal.com,+14150000824,EMPLOYEE,LATAM Division Branch 2
CK0825,Matthew,Morgan,emp0825@apexglobal.com,+14150000825,EMPLOYEE,LATAM Division Branch 3
CK0826,Betty,Ramos,emp0826@apexglobal.com,+14150000826,TRAINER,Global Engineering Branch 1
CK0827,Anthony,Chavez,emp0827@apexglobal.com,+14150000827,MANAGER,Global Engineering Branch 2
CK0828,Margaret,Hughes,emp0828@apexglobal.com,+14150000828,EMPLOYEE,Global Engineering Branch 3
CK0829,Mark,Long,emp0829@apexglobal.com,+14150000829,EMPLOYEE,Product Innovation Branch 1
CK0830,Sandra,Brown,emp0830@apexglobal.com,+14150000830,EMPLOYEE,Product Innovation Branch 2
CK0831,Donald,Hernandez,emp0831@apexglobal.com,+14150000831,EMPLOYEE,Product Innovation Branch 3
CK0832,Ashley,Moore,emp0832@apexglobal.com,+14150000832,TRAINER,Financial Services Branch 1
CK0833,Steven,Harris,emp0833@apexglobal.com,+14150000833,MANAGER,Financial Services Branch 2
CK0834,Kimberly,Young,emp0834@apexglobal.com,+14150000834,EMPLOYEE,Financial Services Branch 3
CK0835,Paul,Hill,emp0835@apexglobal.com,+14150000835,EMPLOYEE,People and Culture Branch 1
CK0836,Emily,Rivera,emp0836@apexglobal.com,+14150000836,EMPLOYEE,People and Culture Branch 2
CK0837,Andrew,Evans,emp0837@apexglobal.com,+14150000837,EMPLOYEE,People and Culture Branch 3
CK0838,Donna,Reyes,emp0838@apexglobal.com,+14150000838,TRAINER,Legal and Risk Branch 1
CK0839,Joshua,Gutierrez,emp0839@apexglobal.com,+14150000839,MANAGER,Legal and Risk Branch 2
CK0840,Michelle,Kelly,emp0840@apexglobal.com,+14150000840,EMPLOYEE,Legal and Risk Branch 3
CK0841,Kenneth,Watson,emp0841@apexglobal.com,+14150000841,EMPLOYEE,North America Division Branch 1 Unit 1
CK0842,Carol,Mendoza,emp0842@apexglobal.com,+14150000842,EMPLOYEE,North America Division Branch 1 Unit 2
CK0843,Kevin,Patel,emp0843@apexglobal.com,+14150000843,EMPLOYEE,North America Division Branch 2 Unit 1
CK0844,Amanda,Johnson,emp0844@apexglobal.com,+14150000844,TRAINER,North America Division Branch 2 Unit 2
CK0845,Brian,Rodriguez,emp0845@apexglobal.com,+14150000845,MANAGER,North America Division Branch 3 Unit 1
CK0846,Dorothy,Thomas,emp0846@apexglobal.com,+14150000846,EMPLOYEE,North America Division Branch 3 Unit 2
CK0847,George,Thompson,emp0847@apexglobal.com,+14150000847,EMPLOYEE,North America Division Branch 4 Unit 1
CK0848,Melissa,Robinson,emp0848@apexglobal.com,+14150000848,EMPLOYEE,North America Division Branch 4 Unit 2
CK0849,Timothy,Torres,emp0849@apexglobal.com,+14150000849,EMPLOYEE,EMEA Division Branch 1 Unit 1
CK0850,Deborah,Baker,emp0850@apexglobal.com,+14150000850,TRAINER,EMEA Division Branch 1 Unit 2
CK0851,Ronald,Gomez,emp0851@apexglobal.com,+14150000851,MANAGER,EMEA Division Branch 2 Unit 1
CK0852,Stephanie,Edwards,emp0852@apexglobal.com,+14150000852,EMPLOYEE,EMEA Division Branch 2 Unit 2
CK0853,Edward,Cook,emp0853@apexglobal.com,+14150000853,EMPLOYEE,EMEA Division Branch 3 Unit 1
CK0854,Rebecca,Bailey,emp0854@apexglobal.com,+14150000854,EMPLOYEE,EMEA Division Branch 3 Unit 2
CK0855,Jason,Ward,emp0855@apexglobal.com,+14150000855,EMPLOYEE,EMEA Division Branch 4 Unit 1
CK0856,Sharon,Bennett,emp0856@apexglobal.com,+14150000856,TRAINER,EMEA Division Branch 4 Unit 2
CK0857,Jeffrey,Castillo,emp0857@apexglobal.com,+14150000857,MANAGER,APAC Division Branch 1 Unit 1
CK0858,Laura,Jimenez,emp0858@apexglobal.com,+14150000858,EMPLOYEE,APAC Division Branch 1 Unit 2
CK0859,Ryan,Miller,emp0859@apexglobal.com,+14150000859,EMPLOYEE,APAC Division Branch 2 Unit 1
CK0860,Cynthia,Wilson,emp0860@apexglobal.com,+14150000860,EMPLOYEE,APAC Division Branch 2 Unit 2
CK0861,Jacob,Lee,emp0861@apexglobal.com,+14150000861,EMPLOYEE,APAC Division Branch 3 Unit 1
CK0862,Kathleen,Ramirez,emp0862@apexglobal.com,+14150000862,TRAINER,APAC Division Branch 3 Unit 2
CK0863,Gary,Wright,emp0863@apexglobal.com,+14150000863,MANAGER,APAC Division Branch 4 Unit 1
CK0864,Amy,Adams,emp0864@apexglobal.com,+14150000864,EMPLOYEE,APAC Division Branch 4 Unit 2
CK0865,Nicholas,Carter,emp0865@apexglobal.com,+14150000865,EMPLOYEE,LATAM Division Branch 1 Unit 1
CK0866,Angela,Parker,emp0866@apexglobal.com,+14150000866,EMPLOYEE,LATAM Division Branch 1 Unit 2
CK0867,Eric,Morales,emp0867@apexglobal.com,+14150000867,EMPLOYEE,LATAM Division Branch 2 Unit 1
CK0868,Shirley,Cooper,emp0868@apexglobal.com,+14150000868,TRAINER,LATAM Division Branch 2 Unit 2
CK0869,Jonathan,Kim,emp0869@apexglobal.com,+14150000869,MANAGER,LATAM Division Branch 3 Unit 1
CK0870,Anna,Wood,emp0870@apexglobal.com,+14150000870,EMPLOYEE,LATAM Division Branch 3 Unit 2
CK0871,Stephen,Price,emp0871@apexglobal.com,+14150000871,EMPLOYEE,Global Engineering Branch 1 Unit 1
CK0872,Brenda,Ross,emp0872@apexglobal.com,+14150000872,EMPLOYEE,Global Engineering Branch 1 Unit 2
CK0873,Larry,Jones,emp0873@apexglobal.com,+14150000873,EMPLOYEE,Global Engineering Branch 2 Unit 1
CK0874,Pamela,Lopez,emp0874@apexglobal.com,+14150000874,TRAINER,Global Engineering Branch 2 Unit 2
CK0875,Justin,Jackson,emp0875@apexglobal.com,+14150000875,MANAGER,Global Engineering Branch 3 Unit 1
CK0876,Emma,Sanchez,emp0876@apexglobal.com,+14150000876,EMPLOYEE,Global Engineering Branch 3 Unit 2
CK0877,Scott,Allen,emp0877@apexglobal.com,+14150000877,EMPLOYEE,Product Innovation Branch 1 Unit 1
CK0878,Nicole,Flores,emp0878@apexglobal.com,+14150000878,EMPLOYEE,Product Innovation Branch 1 Unit 2
CK0879,Brandon,Campbell,emp0879@apexglobal.com,+14150000879,EMPLOYEE,Product Innovation Branch 2 Unit 1
CK0880,Helen,Turner,emp0880@apexglobal.com,+14150000880,TRAINER,Product Innovation Branch 2 Unit 2
CK0881,Benjamin,Stewart,emp0881@apexglobal.com,+14150000881,MANAGER,Product Innovation Branch 3 Unit 1
CK0882,Samantha,Ortiz,emp0882@apexglobal.com,+14150000882,EMPLOYEE,Product Innovation Branch 3 Unit 2
CK0883,Samuel,Howard,emp0883@apexglobal.com,+14150000883,EMPLOYEE,Financial Services Branch 1 Unit 1
CK0884,Katherine,Brooks,emp0884@apexglobal.com,+14150000884,EMPLOYEE,Financial Services Branch 1 Unit 2
CK0885,Gregory,Ruiz,emp0885@apexglobal.com,+14150000885,EMPLOYEE,Financial Services Branch 2 Unit 1
CK0886,Christine,Myers,emp0886@apexglobal.com,+14150000886,TRAINER,Financial Services Branch 2 Unit 2
CK0887,Alexander,Williams,emp0887@apexglobal.com,+14150000887,MANAGER,Financial Services Branch 3 Unit 1
CK0888,Debra,Martinez,emp0888@apexglobal.com,+14150000888,EMPLOYEE,Financial Services Branch 3 Unit 2
CK0889,Frank,Taylor,emp0889@apexglobal.com,+14150000889,EMPLOYEE,People and Culture Branch 1 Unit 1
CK0890,Rachel,White,emp0890@apexglobal.com,+14150000890,EMPLOYEE,People and Culture Branch 1 Unit 2
CK0891,Patrick,Walker,emp0891@apexglobal.com,+14150000891,EMPLOYEE,People and Culture Branch 2 Unit 1
CK0892,Carolyn,Nguyen,emp0892@apexglobal.com,+14150000892,TRAINER,People and Culture Branch 2 Unit 2
CK0893,Raymond,Hall,emp0893@apexglobal.com,+14150000893,MANAGER,People and Culture Branch 3 Unit 1
CK0894,Janet,Phillips,emp0894@apexglobal.com,+14150000894,EMPLOYEE,People and Culture Branch 3 Unit 2
CK0895,Jack,Collins,emp0895@apexglobal.com,+14150000895,EMPLOYEE,Legal and Risk Branch 1 Unit 1
CK0896,Maria,Rogers,emp0896@apexglobal.com,+14150000896,EMPLOYEE,Legal and Risk Branch 1 Unit 2
CK0897,Dennis,Reed,emp0897@apexglobal.com,+14150000897,EMPLOYEE,Legal and Risk Branch 2 Unit 1
CK0898,Heather,Richardson,emp0898@apexglobal.com,+14150000898,TRAINER,Legal and Risk Branch 2 Unit 2
CK0899,Jerry,Gray,emp0899@apexglobal.com,+14150000899,MANAGER,Legal and Risk Branch 3 Unit 1
CK0900,Diane,Sanders,emp0900@apexglobal.com,+14150000900,EMPLOYEE,Legal and Risk Branch 3 Unit 2
CK0901,James,Smith,emp0901@apexglobal.com,+14150000901,EMPLOYEE,Apex Global Corporation
CK0902,Mary,Davis,emp0902@apexglobal.com,+14150000902,EMPLOYEE,North America Division
CK0903,Robert,Anderson,emp0903@apexglobal.com,+14150000903,EMPLOYEE,EMEA Division
CK0904,Patricia,Perez,emp0904@apexglobal.com,+14150000904,TRAINER,APAC Division
CK0905,John,Lewis,emp0905@apexglobal.com,+14150000905,MANAGER,LATAM Division
CK0906,Jennifer,Scott,emp0906@apexglobal.com,+14150000906,EMPLOYEE,Global Engineering
CK0907,Michael,Nelson,emp0907@apexglobal.com,+14150000907,EMPLOYEE,Product Innovation
CK0908,Linda,Roberts,emp0908@apexglobal.com,+14150000908,EMPLOYEE,Financial Services
CK0909,David,Cruz,emp0909@apexglobal.com,+14150000909,EMPLOYEE,People and Culture
CK0910,Elizabeth,Murphy,emp0910@apexglobal.com,+14150000910,TRAINER,Legal and Risk
CK0911,William,Peterson,emp0911@apexglobal.com,+14150000911,MANAGER,North America Division Branch 1
CK0912,Barbara,Cox,emp0912@apexglobal.com,+14150000912,EMPLOYEE,North America Division Branch 2
CK0913,Richard,James,emp0913@apexglobal.com,+14150000913,EMPLOYEE,North America Division Branch 3
CK0914,Susan,Alvarez,emp0914@apexglobal.com,+14150000914,EMPLOYEE,North America Division Branch 4
CK0915,Joseph,Foster,emp0915@apexglobal.com,+14150000915,EMPLOYEE,EMEA Division Branch 1
CK0916,Jessica,Garcia,emp0916@apexglobal.com,+14150000916,TRAINER,EMEA Division Branch 2
CK0917,Thomas,Gonzalez,emp0917@apexglobal.com,+14150000917,MANAGER,EMEA Division Branch 3
CK0918,Sarah,Martin,emp0918@apexglobal.com,+14150000918,EMPLOYEE,EMEA Division Branch 4
CK0919,Charles,Clark,emp0919@apexglobal.com,+14150000919,EMPLOYEE,APAC Division Branch 1
CK0920,Karen,King,emp0920@apexglobal.com,+14150000920,EMPLOYEE,APAC Division Branch 2
CK0921,Christopher,Green,emp0921@apexglobal.com,+14150000921,EMPLOYEE,APAC Division Branch 3
CK0922,Lisa,Mitchell,emp0922@apexglobal.com,+14150000922,TRAINER,APAC Division Branch 4
CK0923,Daniel,Diaz,emp0923@apexglobal.com,+14150000923,MANAGER,LATAM Division Branch 1
CK0924,Nancy,Morris,emp0924@apexglobal.com,+14150000924,EMPLOYEE,LATAM Division Branch 2
CK0925,Matthew,Morgan,emp0925@apexglobal.com,+14150000925,EMPLOYEE,LATAM Division Branch 3
CK0926,Betty,Ramos,emp0926@apexglobal.com,+14150000926,EMPLOYEE,Global Engineering Branch 1
CK0927,Anthony,Chavez,emp0927@apexglobal.com,+14150000927,EMPLOYEE,Global Engineering Branch 2
CK0928,Margaret,Hughes,emp0928@apexglobal.com,+14150000928,TRAINER,Global Engineering Branch 3
CK0929,Mark,Long,emp0929@apexglobal.com,+14150000929,MANAGER,Product Innovation Branch 1
CK0930,Sandra,Brown,emp0930@apexglobal.com,+14150000930,EMPLOYEE,Product Innovation Branch 2
CK0931,Donald,Hernandez,emp0931@apexglobal.com,+14150000931,EMPLOYEE,Product Innovation Branch 3
CK0932,Ashley,Moore,emp0932@apexglobal.com,+14150000932,EMPLOYEE,Financial Services Branch 1
CK0933,Steven,Harris,emp0933@apexglobal.com,+14150000933,EMPLOYEE,Financial Services Branch 2
CK0934,Kimberly,Young,emp0934@apexglobal.com,+14150000934,TRAINER,Financial Services Branch 3
CK0935,Paul,Hill,emp0935@apexglobal.com,+14150000935,MANAGER,People and Culture Branch 1
CK0936,Emily,Rivera,emp0936@apexglobal.com,+14150000936,EMPLOYEE,People and Culture Branch 2
CK0937,Andrew,Evans,emp0937@apexglobal.com,+14150000937,EMPLOYEE,People and Culture Branch 3
CK0938,Donna,Reyes,emp0938@apexglobal.com,+14150000938,EMPLOYEE,Legal and Risk Branch 1
CK0939,Joshua,Gutierrez,emp0939@apexglobal.com,+14150000939,EMPLOYEE,Legal and Risk Branch 2
CK0940,Michelle,Kelly,emp0940@apexglobal.com,+14150000940,TRAINER,Legal and Risk Branch 3
CK0941,Kenneth,Watson,emp0941@apexglobal.com,+14150000941,MANAGER,North America Division Branch 1 Unit 1
CK0942,Carol,Mendoza,emp0942@apexglobal.com,+14150000942,EMPLOYEE,North America Division Branch 1 Unit 2
CK0943,Kevin,Patel,emp0943@apexglobal.com,+14150000943,EMPLOYEE,North America Division Branch 2 Unit 1
CK0944,Amanda,Johnson,emp0944@apexglobal.com,+14150000944,EMPLOYEE,North America Division Branch 2 Unit 2
CK0945,Brian,Rodriguez,emp0945@apexglobal.com,+14150000945,EMPLOYEE,North America Division Branch 3 Unit 1
CK0946,Dorothy,Thomas,emp0946@apexglobal.com,+14150000946,TRAINER,North America Division Branch 3 Unit 2
CK0947,George,Thompson,emp0947@apexglobal.com,+14150000947,MANAGER,North America Division Branch 4 Unit 1
CK0948,Melissa,Robinson,emp0948@apexglobal.com,+14150000948,EMPLOYEE,North America Division Branch 4 Unit 2
CK0949,Timothy,Torres,emp0949@apexglobal.com,+14150000949,EMPLOYEE,EMEA Division Branch 1 Unit 1
CK0950,Deborah,Baker,emp0950@apexglobal.com,+14150000950,EMPLOYEE,EMEA Division Branch 1 Unit 2
CK0951,Ronald,Gomez,emp0951@apexglobal.com,+14150000951,EMPLOYEE,EMEA Division Branch 2 Unit 1
CK0952,Stephanie,Edwards,emp0952@apexglobal.com,+14150000952,TRAINER,EMEA Division Branch 2 Unit 2
CK0953,Edward,Cook,emp0953@apexglobal.com,+14150000953,MANAGER,EMEA Division Branch 3 Unit 1
CK0954,Rebecca,Bailey,emp0954@apexglobal.com,+14150000954,EMPLOYEE,EMEA Division Branch 3 Unit 2
CK0955,Jason,Ward,emp0955@apexglobal.com,+14150000955,EMPLOYEE,EMEA Division Branch 4 Unit 1
CK0956,Sharon,Bennett,emp0956@apexglobal.com,+14150000956,EMPLOYEE,EMEA Division Branch 4 Unit 2
CK0957,Jeffrey,Castillo,emp0957@apexglobal.com,+14150000957,EMPLOYEE,APAC Division Branch 1 Unit 1
CK0958,Laura,Jimenez,emp0958@apexglobal.com,+14150000958,TRAINER,APAC Division Branch 1 Unit 2
CK0959,Ryan,Miller,emp0959@apexglobal.com,+14150000959,MANAGER,APAC Division Branch 2 Unit 1
CK0960,Cynthia,Wilson,emp0960@apexglobal.com,+14150000960,EMPLOYEE,APAC Division Branch 2 Unit 2
CK0961,Jacob,Lee,emp0961@apexglobal.com,+14150000961,EMPLOYEE,APAC Division Branch 3 Unit 1
CK0962,Kathleen,Ramirez,emp0962@apexglobal.com,+14150000962,EMPLOYEE,APAC Division Branch 3 Unit 2
CK0963,Gary,Wright,emp0963@apexglobal.com,+14150000963,EMPLOYEE,APAC Division Branch 4 Unit 1
CK0964,Amy,Adams,emp0964@apexglobal.com,+14150000964,TRAINER,APAC Division Branch 4 Unit 2
CK0965,Nicholas,Carter,emp0965@apexglobal.com,+14150000965,MANAGER,LATAM Division Branch 1 Unit 1
CK0966,Angela,Parker,emp0966@apexglobal.com,+14150000966,EMPLOYEE,LATAM Division Branch 1 Unit 2
CK0967,Eric,Morales,emp0967@apexglobal.com,+14150000967,EMPLOYEE,LATAM Division Branch 2 Unit 1
CK0968,Shirley,Cooper,emp0968@apexglobal.com,+14150000968,EMPLOYEE,LATAM Division Branch 2 Unit 2
CK0969,Jonathan,Kim,emp0969@apexglobal.com,+14150000969,EMPLOYEE,LATAM Division Branch 3 Unit 1
CK0970,Anna,Wood,emp0970@apexglobal.com,+14150000970,TRAINER,LATAM Division Branch 3 Unit 2
CK0971,Stephen,Price,emp0971@apexglobal.com,+14150000971,MANAGER,Global Engineering Branch 1 Unit 1
CK0972,Brenda,Ross,emp0972@apexglobal.com,+14150000972,EMPLOYEE,Global Engineering Branch 1 Unit 2
CK0973,Larry,Jones,emp0973@apexglobal.com,+14150000973,EMPLOYEE,Global Engineering Branch 2 Unit 1
CK0974,Pamela,Lopez,emp0974@apexglobal.com,+14150000974,EMPLOYEE,Global Engineering Branch 2 Unit 2
CK0975,Justin,Jackson,emp0975@apexglobal.com,+14150000975,EMPLOYEE,Global Engineering Branch 3 Unit 1
CK0976,Emma,Sanchez,emp0976@apexglobal.com,+14150000976,TRAINER,Global Engineering Branch 3 Unit 2
CK0977,Scott,Allen,emp0977@apexglobal.com,+14150000977,MANAGER,Product Innovation Branch 1 Unit 1
CK0978,Nicole,Flores,emp0978@apexglobal.com,+14150000978,EMPLOYEE,Product Innovation Branch 1 Unit 2
CK0979,Brandon,Campbell,emp0979@apexglobal.com,+14150000979,EMPLOYEE,Product Innovation Branch 2 Unit 1
CK0980,Helen,Turner,emp0980@apexglobal.com,+14150000980,EMPLOYEE,Product Innovation Branch 2 Unit 2
CK0981,Benjamin,Stewart,emp0981@apexglobal.com,+14150000981,EMPLOYEE,Product Innovation Branch 3 Unit 1
CK0982,Samantha,Ortiz,emp0982@apexglobal.com,+14150000982,TRAINER,Product Innovation Branch 3 Unit 2
CK0983,Samuel,Howard,emp0983@apexglobal.com,+14150000983,MANAGER,Financial Services Branch 1 Unit 1
CK0984,Katherine,Brooks,emp0984@apexglobal.com,+14150000984,EMPLOYEE,Financial Services Branch 1 Unit 2
CK0985,Gregory,Ruiz,emp0985@apexglobal.com,+14150000985,EMPLOYEE,Financial Services Branch 2 Unit 1
CK0986,Christine,Myers,emp0986@apexglobal.com,+14150000986,EMPLOYEE,Financial Services Branch 2 Unit 2
CK0987,Alexander,Williams,emp0987@apexglobal.com,+14150000987,EMPLOYEE,Financial Services Branch 3 Unit 1
CK0988,Debra,Martinez,emp0988@apexglobal.com,+14150000988,TRAINER,Financial Services Branch 3 Unit 2
CK0989,Frank,Taylor,emp0989@apexglobal.com,+14150000989,MANAGER,People and Culture Branch 1 Unit 1
CK0990,Rachel,White,emp0990@apexglobal.com,+14150000990,EMPLOYEE,People and Culture Branch 1 Unit 2
CK0991,Patrick,Walker,emp0991@apexglobal.com,+14150000991,EMPLOYEE,People and Culture Branch 2 Unit 1
CK0992,Carolyn,Nguyen,emp0992@apexglobal.com,+14150000992,EMPLOYEE,People and Culture Branch 2 Unit 2
CK0993,Raymond,Hall,emp0993@apexglobal.com,+14150000993,EMPLOYEE,People and Culture Branch 3 Unit 1
CK0994,Janet,Phillips,emp0994@apexglobal.com,+14150000994,TRAINER,People and Culture Branch 3 Unit 2
CK0995,Jack,Collins,emp0995@apexglobal.com,+14150000995,MANAGER,Legal and Risk Branch 1 Unit 1
CK0996,Maria,Rogers,emp0996@apexglobal.com,+14150000996,EMPLOYEE,Legal and Risk Branch 1 Unit 2
CK0997,Dennis,Reed,emp0997@apexglobal.com,+14150000997,EMPLOYEE,Legal and Risk Branch 2 Unit 1
CK0998,Heather,Richardson,emp0998@apexglobal.com,+14150000998,EMPLOYEE,Legal and Risk Branch 2 Unit 2
CK0999,Jerry,Gray,emp0999@apexglobal.com,+14150000999,EMPLOYEE,Legal and Risk Branch 3 Unit 1
CK1000,Diane,Sanders,emp1000@apexglobal.com,+14150001000,TRAINER,Legal and Risk Branch 3 Unit 2
CK1001,James,Smith,emp1001@apexglobal.com,+14150001001,MANAGER,Apex Global Corporation
CK1002,Mary,Davis,emp1002@apexglobal.com,+14150001002,EMPLOYEE,North America Division
CK1003,Robert,Anderson,emp1003@apexglobal.com,+14150001003,EMPLOYEE,EMEA Division
CK1004,Patricia,Perez,emp1004@apexglobal.com,+14150001004,EMPLOYEE,APAC Division
CK1005,John,Lewis,emp1005@apexglobal.com,+14150001005,EMPLOYEE,LATAM Division
CK1006,Jennifer,Scott,emp1006@apexglobal.com,+14150001006,TRAINER,Global Engineering
CK1007,Michael,Nelson,emp1007@apexglobal.com,+14150001007,MANAGER,Product Innovation
CK1008,Linda,Roberts,emp1008@apexglobal.com,+14150001008,EMPLOYEE,Financial Services
CK1009,David,Cruz,emp1009@apexglobal.com,+14150001009,EMPLOYEE,People and Culture
CK1010,Elizabeth,Murphy,emp1010@apexglobal.com,+14150001010,EMPLOYEE,Legal and Risk
CK1011,William,Peterson,emp1011@apexglobal.com,+14150001011,EMPLOYEE,North America Division Branch 1
CK1012,Barbara,Cox,emp1012@apexglobal.com,+14150001012,TRAINER,North America Division Branch 2
CK1013,Richard,James,emp1013@apexglobal.com,+14150001013,MANAGER,North America Division Branch 3
CK1014,Susan,Alvarez,emp1014@apexglobal.com,+14150001014,EMPLOYEE,North America Division Branch 4
CK1015,Joseph,Foster,emp1015@apexglobal.com,+14150001015,EMPLOYEE,EMEA Division Branch 1
CK1016,Jessica,Garcia,emp1016@apexglobal.com,+14150001016,EMPLOYEE,EMEA Division Branch 2
CK1017,Thomas,Gonzalez,emp1017@apexglobal.com,+14150001017,EMPLOYEE,EMEA Division Branch 3
CK1018,Sarah,Martin,emp1018@apexglobal.com,+14150001018,TRAINER,EMEA Division Branch 4
CK1019,Charles,Clark,emp1019@apexglobal.com,+14150001019,MANAGER,APAC Division Branch 1
CK1020,Karen,King,emp1020@apexglobal.com,+14150001020,EMPLOYEE,APAC Division Branch 2
CK1021,Christopher,Green,emp1021@apexglobal.com,+14150001021,EMPLOYEE,APAC Division Branch 3
CK1022,Lisa,Mitchell,emp1022@apexglobal.com,+14150001022,EMPLOYEE,APAC Division Branch 4
CK1023,Daniel,Diaz,emp1023@apexglobal.com,+14150001023,EMPLOYEE,LATAM Division Branch 1
CK1024,Nancy,Morris,emp1024@apexglobal.com,+14150001024,TRAINER,LATAM Division Branch 2
CK1025,Matthew,Morgan,emp1025@apexglobal.com,+14150001025,MANAGER,LATAM Division Branch 3
CK1026,Betty,Ramos,emp1026@apexglobal.com,+14150001026,EMPLOYEE,Global Engineering Branch 1
CK1027,Anthony,Chavez,emp1027@apexglobal.com,+14150001027,EMPLOYEE,Global Engineering Branch 2
CK1028,Margaret,Hughes,emp1028@apexglobal.com,+14150001028,EMPLOYEE,Global Engineering Branch 3
CK1029,Mark,Long,emp1029@apexglobal.com,+14150001029,EMPLOYEE,Product Innovation Branch 1
CK1030,Sandra,Brown,emp1030@apexglobal.com,+14150001030,TRAINER,Product Innovation Branch 2
CK1031,Donald,Hernandez,emp1031@apexglobal.com,+14150001031,MANAGER,Product Innovation Branch 3
CK1032,Ashley,Moore,emp1032@apexglobal.com,+14150001032,EMPLOYEE,Financial Services Branch 1
CK1033,Steven,Harris,emp1033@apexglobal.com,+14150001033,EMPLOYEE,Financial Services Branch 2
CK1034,Kimberly,Young,emp1034@apexglobal.com,+14150001034,EMPLOYEE,Financial Services Branch 3
CK1035,Paul,Hill,emp1035@apexglobal.com,+14150001035,EMPLOYEE,People and Culture Branch 1
CK1036,Emily,Rivera,emp1036@apexglobal.com,+14150001036,TRAINER,People and Culture Branch 2
CK1037,Andrew,Evans,emp1037@apexglobal.com,+14150001037,MANAGER,People and Culture Branch 3
CK1038,Donna,Reyes,emp1038@apexglobal.com,+14150001038,EMPLOYEE,Legal and Risk Branch 1
CK1039,Joshua,Gutierrez,emp1039@apexglobal.com,+14150001039,EMPLOYEE,Legal and Risk Branch 2
CK1040,Michelle,Kelly,emp1040@apexglobal.com,+14150001040,EMPLOYEE,Legal and Risk Branch 3
CK1041,Kenneth,Watson,emp1041@apexglobal.com,+14150001041,EMPLOYEE,North America Division Branch 1 Unit 1
CK1042,Carol,Mendoza,emp1042@apexglobal.com,+14150001042,TRAINER,North America Division Branch 1 Unit 2
CK1043,Kevin,Patel,emp1043@apexglobal.com,+14150001043,MANAGER,North America Division Branch 2 Unit 1
CK1044,Amanda,Johnson,emp1044@apexglobal.com,+14150001044,EMPLOYEE,North America Division Branch 2 Unit 2
CK1045,Brian,Rodriguez,emp1045@apexglobal.com,+14150001045,EMPLOYEE,North America Division Branch 3 Unit 1
CK1046,Dorothy,Thomas,emp1046@apexglobal.com,+14150001046,EMPLOYEE,North America Division Branch 3 Unit 2
CK1047,George,Thompson,emp1047@apexglobal.com,+14150001047,EMPLOYEE,North America Division Branch 4 Unit 1
CK1048,Melissa,Robinson,emp1048@apexglobal.com,+14150001048,TRAINER,North America Division Branch 4 Unit 2
CK1049,Timothy,Torres,emp1049@apexglobal.com,+14150001049,MANAGER,EMEA Division Branch 1 Unit 1
CK1050,Deborah,Baker,emp1050@apexglobal.com,+14150001050,EMPLOYEE,EMEA Division Branch 1 Unit 2
CK1051,Ronald,Gomez,emp1051@apexglobal.com,+14150001051,EMPLOYEE,EMEA Division Branch 2 Unit 1
CK1052,Stephanie,Edwards,emp1052@apexglobal.com,+14150001052,EMPLOYEE,EMEA Division Branch 2 Unit 2
CK1053,Edward,Cook,emp1053@apexglobal.com,+14150001053,EMPLOYEE,EMEA Division Branch 3 Unit 1
CK1054,Rebecca,Bailey,emp1054@apexglobal.com,+14150001054,TRAINER,EMEA Division Branch 3 Unit 2
CK1055,Jason,Ward,emp1055@apexglobal.com,+14150001055,MANAGER,EMEA Division Branch 4 Unit 1
CK1056,Sharon,Bennett,emp1056@apexglobal.com,+14150001056,EMPLOYEE,EMEA Division Branch 4 Unit 2
CK1057,Jeffrey,Castillo,emp1057@apexglobal.com,+14150001057,EMPLOYEE,APAC Division Branch 1 Unit 1
CK1058,Laura,Jimenez,emp1058@apexglobal.com,+14150001058,EMPLOYEE,APAC Division Branch 1 Unit 2
CK1059,Ryan,Miller,emp1059@apexglobal.com,+14150001059,EMPLOYEE,APAC Division Branch 2 Unit 1
CK1060,Cynthia,Wilson,emp1060@apexglobal.com,+14150001060,TRAINER,APAC Division Branch 2 Unit 2
CK1061,Jacob,Lee,emp1061@apexglobal.com,+14150001061,MANAGER,APAC Division Branch 3 Unit 1
CK1062,Kathleen,Ramirez,emp1062@apexglobal.com,+14150001062,EMPLOYEE,APAC Division Branch 3 Unit 2
CK1063,Gary,Wright,emp1063@apexglobal.com,+14150001063,EMPLOYEE,APAC Division Branch 4 Unit 1
CK1064,Amy,Adams,emp1064@apexglobal.com,+14150001064,EMPLOYEE,APAC Division Branch 4 Unit 2
CK1065,Nicholas,Carter,emp1065@apexglobal.com,+14150001065,EMPLOYEE,LATAM Division Branch 1 Unit 1
CK1066,Angela,Parker,emp1066@apexglobal.com,+14150001066,TRAINER,LATAM Division Branch 1 Unit 2
CK1067,Eric,Morales,emp1067@apexglobal.com,+14150001067,MANAGER,LATAM Division Branch 2 Unit 1
CK1068,Shirley,Cooper,emp1068@apexglobal.com,+14150001068,EMPLOYEE,LATAM Division Branch 2 Unit 2
CK1069,Jonathan,Kim,emp1069@apexglobal.com,+14150001069,EMPLOYEE,LATAM Division Branch 3 Unit 1
CK1070,Anna,Wood,emp1070@apexglobal.com,+14150001070,EMPLOYEE,LATAM Division Branch 3 Unit 2
CK1071,Stephen,Price,emp1071@apexglobal.com,+14150001071,EMPLOYEE,Global Engineering Branch 1 Unit 1
CK1072,Brenda,Ross,emp1072@apexglobal.com,+14150001072,TRAINER,Global Engineering Branch 1 Unit 2
CK1073,Larry,Jones,emp1073@apexglobal.com,+14150001073,MANAGER,Global Engineering Branch 2 Unit 1
CK1074,Pamela,Lopez,emp1074@apexglobal.com,+14150001074,EMPLOYEE,Global Engineering Branch 2 Unit 2
CK1075,Justin,Jackson,emp1075@apexglobal.com,+14150001075,EMPLOYEE,Global Engineering Branch 3 Unit 1
CK1076,Emma,Sanchez,emp1076@apexglobal.com,+14150001076,EMPLOYEE,Global Engineering Branch 3 Unit 2
CK1077,Scott,Allen,emp1077@apexglobal.com,+14150001077,EMPLOYEE,Product Innovation Branch 1 Unit 1
CK1078,Nicole,Flores,emp1078@apexglobal.com,+14150001078,TRAINER,Product Innovation Branch 1 Unit 2
CK1079,Brandon,Campbell,emp1079@apexglobal.com,+14150001079,MANAGER,Product Innovation Branch 2 Unit 1
CK1080,Helen,Turner,emp1080@apexglobal.com,+14150001080,EMPLOYEE,Product Innovation Branch 2 Unit 2
CK1081,Benjamin,Stewart,emp1081@apexglobal.com,+14150001081,EMPLOYEE,Product Innovation Branch 3 Unit 1
CK1082,Samantha,Ortiz,emp1082@apexglobal.com,+14150001082,EMPLOYEE,Product Innovation Branch 3 Unit 2
CK1083,Samuel,Howard,emp1083@apexglobal.com,+14150001083,EMPLOYEE,Financial Services Branch 1 Unit 1
CK1084,Katherine,Brooks,emp1084@apexglobal.com,+14150001084,TRAINER,Financial Services Branch 1 Unit 2
CK1085,Gregory,Ruiz,emp1085@apexglobal.com,+14150001085,MANAGER,Financial Services Branch 2 Unit 1
CK1086,Christine,Myers,emp1086@apexglobal.com,+14150001086,EMPLOYEE,Financial Services Branch 2 Unit 2
CK1087,Alexander,Williams,emp1087@apexglobal.com,+14150001087,EMPLOYEE,Financial Services Branch 3 Unit 1
CK1088,Debra,Martinez,emp1088@apexglobal.com,+14150001088,EMPLOYEE,Financial Services Branch 3 Unit 2
CK1089,Frank,Taylor,emp1089@apexglobal.com,+14150001089,EMPLOYEE,People and Culture Branch 1 Unit 1
CK1090,Rachel,White,emp1090@apexglobal.com,+14150001090,TRAINER,People and Culture Branch 1 Unit 2
CK1091,Patrick,Walker,emp1091@apexglobal.com,+14150001091,MANAGER,People and Culture Branch 2 Unit 1
CK1092,Carolyn,Nguyen,emp1092@apexglobal.com,+14150001092,EMPLOYEE,People and Culture Branch 2 Unit 2
CK1093,Raymond,Hall,emp1093@apexglobal.com,+14150001093,EMPLOYEE,People and Culture Branch 3 Unit 1
CK1094,Janet,Phillips,emp1094@apexglobal.com,+14150001094,EMPLOYEE,People and Culture Branch 3 Unit 2
CK1095,Jack,Collins,emp1095@apexglobal.com,+14150001095,EMPLOYEE,Legal and Risk Branch 1 Unit 1
CK1096,Maria,Rogers,emp1096@apexglobal.com,+14150001096,TRAINER,Legal and Risk Branch 1 Unit 2
CK1097,Dennis,Reed,emp1097@apexglobal.com,+14150001097,MANAGER,Legal and Risk Branch 2 Unit 1
CK1098,Heather,Richardson,emp1098@apexglobal.com,+14150001098,EMPLOYEE,Legal and Risk Branch 2 Unit 2
CK1099,Jerry,Gray,emp1099@apexglobal.com,+14150001099,EMPLOYEE,Legal and Risk Branch 3 Unit 1
CK1100,Diane,Sanders,emp1100@apexglobal.com,+14150001100,EMPLOYEE,Legal and Risk Branch 3 Unit 2
CK1101,James,Smith,emp1101@apexglobal.com,+14150001101,EMPLOYEE,Apex Global Corporation
CK1102,Mary,Davis,emp1102@apexglobal.com,+14150001102,TRAINER,North America Division
CK1103,Robert,Anderson,emp1103@apexglobal.com,+14150001103,MANAGER,EMEA Division
CK1104,Patricia,Perez,emp1104@apexglobal.com,+14150001104,EMPLOYEE,APAC Division
CK1105,John,Lewis,emp1105@apexglobal.com,+14150001105,EMPLOYEE,LATAM Division
CK1106,Jennifer,Scott,emp1106@apexglobal.com,+14150001106,EMPLOYEE,Global Engineering
CK1107,Michael,Nelson,emp1107@apexglobal.com,+14150001107,EMPLOYEE,Product Innovation
CK1108,Linda,Roberts,emp1108@apexglobal.com,+14150001108,TRAINER,Financial Services
CK1109,David,Cruz,emp1109@apexglobal.com,+14150001109,MANAGER,People and Culture
CK1110,Elizabeth,Murphy,emp1110@apexglobal.com,+14150001110,EMPLOYEE,Legal and Risk
CK1111,William,Peterson,emp1111@apexglobal.com,+14150001111,EMPLOYEE,North America Division Branch 1
CK1112,Barbara,Cox,emp1112@apexglobal.com,+14150001112,EMPLOYEE,North America Division Branch 2
CK1113,Richard,James,emp1113@apexglobal.com,+14150001113,EMPLOYEE,North America Division Branch 3
CK1114,Susan,Alvarez,emp1114@apexglobal.com,+14150001114,TRAINER,North America Division Branch 4
CK1115,Joseph,Foster,emp1115@apexglobal.com,+14150001115,MANAGER,EMEA Division Branch 1
CK1116,Jessica,Garcia,emp1116@apexglobal.com,+14150001116,EMPLOYEE,EMEA Division Branch 2
CK1117,Thomas,Gonzalez,emp1117@apexglobal.com,+14150001117,EMPLOYEE,EMEA Division Branch 3
CK1118,Sarah,Martin,emp1118@apexglobal.com,+14150001118,EMPLOYEE,EMEA Division Branch 4
CK1119,Charles,Clark,emp1119@apexglobal.com,+14150001119,EMPLOYEE,APAC Division Branch 1
CK1120,Karen,King,emp1120@apexglobal.com,+14150001120,TRAINER,APAC Division Branch 2
CK1121,Christopher,Green,emp1121@apexglobal.com,+14150001121,MANAGER,APAC Division Branch 3
CK1122,Lisa,Mitchell,emp1122@apexglobal.com,+14150001122,EMPLOYEE,APAC Division Branch 4
CK1123,Daniel,Diaz,emp1123@apexglobal.com,+14150001123,EMPLOYEE,LATAM Division Branch 1
CK1124,Nancy,Morris,emp1124@apexglobal.com,+14150001124,EMPLOYEE,LATAM Division Branch 2
CK1125,Matthew,Morgan,emp1125@apexglobal.com,+14150001125,EMPLOYEE,LATAM Division Branch 3
CK1126,Betty,Ramos,emp1126@apexglobal.com,+14150001126,TRAINER,Global Engineering Branch 1
CK1127,Anthony,Chavez,emp1127@apexglobal.com,+14150001127,MANAGER,Global Engineering Branch 2
CK1128,Margaret,Hughes,emp1128@apexglobal.com,+14150001128,EMPLOYEE,Global Engineering Branch 3
CK1129,Mark,Long,emp1129@apexglobal.com,+14150001129,EMPLOYEE,Product Innovation Branch 1
CK1130,Sandra,Brown,emp1130@apexglobal.com,+14150001130,EMPLOYEE,Product Innovation Branch 2
CK1131,Donald,Hernandez,emp1131@apexglobal.com,+14150001131,EMPLOYEE,Product Innovation Branch 3
CK1132,Ashley,Moore,emp1132@apexglobal.com,+14150001132,TRAINER,Financial Services Branch 1
CK1133,Steven,Harris,emp1133@apexglobal.com,+14150001133,MANAGER,Financial Services Branch 2
CK1134,Kimberly,Young,emp1134@apexglobal.com,+14150001134,EMPLOYEE,Financial Services Branch 3
CK1135,Paul,Hill,emp1135@apexglobal.com,+14150001135,EMPLOYEE,People and Culture Branch 1
CK1136,Emily,Rivera,emp1136@apexglobal.com,+14150001136,EMPLOYEE,People and Culture Branch 2
CK1137,Andrew,Evans,emp1137@apexglobal.com,+14150001137,EMPLOYEE,People and Culture Branch 3
CK1138,Donna,Reyes,emp1138@apexglobal.com,+14150001138,TRAINER,Legal and Risk Branch 1
CK1139,Joshua,Gutierrez,emp1139@apexglobal.com,+14150001139,MANAGER,Legal and Risk Branch 2
CK1140,Michelle,Kelly,emp1140@apexglobal.com,+14150001140,EMPLOYEE,Legal and Risk Branch 3
CK1141,Kenneth,Watson,emp1141@apexglobal.com,+14150001141,EMPLOYEE,North America Division Branch 1 Unit 1
CK1142,Carol,Mendoza,emp1142@apexglobal.com,+14150001142,EMPLOYEE,North America Division Branch 1 Unit 2
CK1143,Kevin,Patel,emp1143@apexglobal.com,+14150001143,EMPLOYEE,North America Division Branch 2 Unit 1
CK1144,Amanda,Johnson,emp1144@apexglobal.com,+14150001144,TRAINER,North America Division Branch 2 Unit 2
CK1145,Brian,Rodriguez,emp1145@apexglobal.com,+14150001145,MANAGER,North America Division Branch 3 Unit 1
CK1146,Dorothy,Thomas,emp1146@apexglobal.com,+14150001146,EMPLOYEE,North America Division Branch 3 Unit 2
CK1147,George,Thompson,emp1147@apexglobal.com,+14150001147,EMPLOYEE,North America Division Branch 4 Unit 1
CK1148,Melissa,Robinson,emp1148@apexglobal.com,+14150001148,EMPLOYEE,North America Division Branch 4 Unit 2
CK1149,Timothy,Torres,emp1149@apexglobal.com,+14150001149,EMPLOYEE,EMEA Division Branch 1 Unit 1
CK1150,Deborah,Baker,emp1150@apexglobal.com,+14150001150,TRAINER,EMEA Division Branch 1 Unit 2
CK1151,Ronald,Gomez,emp1151@apexglobal.com,+14150001151,MANAGER,EMEA Division Branch 2 Unit 1
CK1152,Stephanie,Edwards,emp1152@apexglobal.com,+14150001152,EMPLOYEE,EMEA Division Branch 2 Unit 2
CK1153,Edward,Cook,emp1153@apexglobal.com,+14150001153,EMPLOYEE,EMEA Division Branch 3 Unit 1
CK1154,Rebecca,Bailey,emp1154@apexglobal.com,+14150001154,EMPLOYEE,EMEA Division Branch 3 Unit 2
CK1155,Jason,Ward,emp1155@apexglobal.com,+14150001155,EMPLOYEE,EMEA Division Branch 4 Unit 1
CK1156,Sharon,Bennett,emp1156@apexglobal.com,+14150001156,TRAINER,EMEA Division Branch 4 Unit 2
CK1157,Jeffrey,Castillo,emp1157@apexglobal.com,+14150001157,MANAGER,APAC Division Branch 1 Unit 1
CK1158,Laura,Jimenez,emp1158@apexglobal.com,+14150001158,EMPLOYEE,APAC Division Branch 1 Unit 2
CK1159,Ryan,Miller,emp1159@apexglobal.com,+14150001159,EMPLOYEE,APAC Division Branch 2 Unit 1
CK1160,Cynthia,Wilson,emp1160@apexglobal.com,+14150001160,EMPLOYEE,APAC Division Branch 2 Unit 2
CK1161,Jacob,Lee,emp1161@apexglobal.com,+14150001161,EMPLOYEE,APAC Division Branch 3 Unit 1
CK1162,Kathleen,Ramirez,emp1162@apexglobal.com,+14150001162,TRAINER,APAC Division Branch 3 Unit 2
CK1163,Gary,Wright,emp1163@apexglobal.com,+14150001163,MANAGER,APAC Division Branch 4 Unit 1
CK1164,Amy,Adams,emp1164@apexglobal.com,+14150001164,EMPLOYEE,APAC Division Branch 4 Unit 2
CK1165,Nicholas,Carter,emp1165@apexglobal.com,+14150001165,EMPLOYEE,LATAM Division Branch 1 Unit 1
CK1166,Angela,Parker,emp1166@apexglobal.com,+14150001166,EMPLOYEE,LATAM Division Branch 1 Unit 2
CK1167,Eric,Morales,emp1167@apexglobal.com,+14150001167,EMPLOYEE,LATAM Division Branch 2 Unit 1
CK1168,Shirley,Cooper,emp1168@apexglobal.com,+14150001168,TRAINER,LATAM Division Branch 2 Unit 2
CK1169,Jonathan,Kim,emp1169@apexglobal.com,+14150001169,MANAGER,LATAM Division Branch 3 Unit 1
CK1170,Anna,Wood,emp1170@apexglobal.com,+14150001170,EMPLOYEE,LATAM Division Branch 3 Unit 2
CK1171,Stephen,Price,emp1171@apexglobal.com,+14150001171,EMPLOYEE,Global Engineering Branch 1 Unit 1
CK1172,Brenda,Ross,emp1172@apexglobal.com,+14150001172,EMPLOYEE,Global Engineering Branch 1 Unit 2
CK1173,Larry,Jones,emp1173@apexglobal.com,+14150001173,EMPLOYEE,Global Engineering Branch 2 Unit 1
CK1174,Pamela,Lopez,emp1174@apexglobal.com,+14150001174,TRAINER,Global Engineering Branch 2 Unit 2
CK1175,Justin,Jackson,emp1175@apexglobal.com,+14150001175,MANAGER,Global Engineering Branch 3 Unit 1
CK1176,Emma,Sanchez,emp1176@apexglobal.com,+14150001176,EMPLOYEE,Global Engineering Branch 3 Unit 2
CK1177,Scott,Allen,emp1177@apexglobal.com,+14150001177,EMPLOYEE,Product Innovation Branch 1 Unit 1
CK1178,Nicole,Flores,emp1178@apexglobal.com,+14150001178,EMPLOYEE,Product Innovation Branch 1 Unit 2
CK1179,Brandon,Campbell,emp1179@apexglobal.com,+14150001179,EMPLOYEE,Product Innovation Branch 2 Unit 1
CK1180,Helen,Turner,emp1180@apexglobal.com,+14150001180,TRAINER,Product Innovation Branch 2 Unit 2
CK1181,Benjamin,Stewart,emp1181@apexglobal.com,+14150001181,MANAGER,Product Innovation Branch 3 Unit 1
CK1182,Samantha,Ortiz,emp1182@apexglobal.com,+14150001182,EMPLOYEE,Product Innovation Branch 3 Unit 2
CK1183,Samuel,Howard,emp1183@apexglobal.com,+14150001183,EMPLOYEE,Financial Services Branch 1 Unit 1
CK1184,Katherine,Brooks,emp1184@apexglobal.com,+14150001184,EMPLOYEE,Financial Services Branch 1 Unit 2
CK1185,Gregory,Ruiz,emp1185@apexglobal.com,+14150001185,EMPLOYEE,Financial Services Branch 2 Unit 1
CK1186,Christine,Myers,emp1186@apexglobal.com,+14150001186,TRAINER,Financial Services Branch 2 Unit 2
CK1187,Alexander,Williams,emp1187@apexglobal.com,+14150001187,MANAGER,Financial Services Branch 3 Unit 1
CK1188,Debra,Martinez,emp1188@apexglobal.com,+14150001188,EMPLOYEE,Financial Services Branch 3 Unit 2
CK1189,Frank,Taylor,emp1189@apexglobal.com,+14150001189,EMPLOYEE,People and Culture Branch 1 Unit 1
CK1190,Rachel,White,emp1190@apexglobal.com,+14150001190,EMPLOYEE,People and Culture Branch 1 Unit 2
CK1191,Patrick,Walker,emp1191@apexglobal.com,+14150001191,EMPLOYEE,People and Culture Branch 2 Unit 1
CK1192,Carolyn,Nguyen,emp1192@apexglobal.com,+14150001192,TRAINER,People and Culture Branch 2 Unit 2
CK1193,Raymond,Hall,emp1193@apexglobal.com,+14150001193,MANAGER,People and Culture Branch 3 Unit 1
CK1194,Janet,Phillips,emp1194@apexglobal.com,+14150001194,EMPLOYEE,People and Culture Branch 3 Unit 2
CK1195,Jack,Collins,emp1195@apexglobal.com,+14150001195,EMPLOYEE,Legal and Risk Branch 1 Unit 1
CK1196,Maria,Rogers,emp1196@apexglobal.com,+14150001196,EMPLOYEE,Legal and Risk Branch 1 Unit 2
CK1197,Dennis,Reed,emp1197@apexglobal.com,+14150001197,EMPLOYEE,Legal and Risk Branch 2 Unit 1
CK1198,Heather,Richardson,emp1198@apexglobal.com,+14150001198,TRAINER,Legal and Risk Branch 2 Unit 2
CK1199,Jerry,Gray,emp1199@apexglobal.com,+14150001199,MANAGER,Legal and Risk Branch 3 Unit 1
CK1200,Diane,Sanders,emp1200@apexglobal.com,+14150001200,EMPLOYEE,Legal and Risk Branch 3 Unit 2
CK1201,James,Smith,emp1201@apexglobal.com,+14150001201,EMPLOYEE,Apex Global Corporation
CK1202,Mary,Davis,emp1202@apexglobal.com,+14150001202,EMPLOYEE,North America Division
CK1203,Robert,Anderson,emp1203@apexglobal.com,+14150001203,EMPLOYEE,EMEA Division
CK1204,Patricia,Perez,emp1204@apexglobal.com,+14150001204,TRAINER,APAC Division
CK1205,John,Lewis,emp1205@apexglobal.com,+14150001205,MANAGER,LATAM Division
CK1206,Jennifer,Scott,emp1206@apexglobal.com,+14150001206,EMPLOYEE,Global Engineering
CK1207,Michael,Nelson,emp1207@apexglobal.com,+14150001207,EMPLOYEE,Product Innovation
CK1208,Linda,Roberts,emp1208@apexglobal.com,+14150001208,EMPLOYEE,Financial Services
CK1209,David,Cruz,emp1209@apexglobal.com,+14150001209,EMPLOYEE,People and Culture
CK1210,Elizabeth,Murphy,emp1210@apexglobal.com,+14150001210,TRAINER,Legal and Risk
CK1211,William,Peterson,emp1211@apexglobal.com,+14150001211,MANAGER,North America Division Branch 1
CK1212,Barbara,Cox,emp1212@apexglobal.com,+14150001212,EMPLOYEE,North America Division Branch 2
CK1213,Richard,James,emp1213@apexglobal.com,+14150001213,EMPLOYEE,North America Division Branch 3
CK1214,Susan,Alvarez,emp1214@apexglobal.com,+14150001214,EMPLOYEE,North America Division Branch 4
CK1215,Joseph,Foster,emp1215@apexglobal.com,+14150001215,EMPLOYEE,EMEA Division Branch 1
CK1216,Jessica,Garcia,emp1216@apexglobal.com,+14150001216,TRAINER,EMEA Division Branch 2
CK1217,Thomas,Gonzalez,emp1217@apexglobal.com,+14150001217,MANAGER,EMEA Division Branch 3
CK1218,Sarah,Martin,emp1218@apexglobal.com,+14150001218,EMPLOYEE,EMEA Division Branch 4
CK1219,Charles,Clark,emp1219@apexglobal.com,+14150001219,EMPLOYEE,APAC Division Branch 1
CK1220,Karen,King,emp1220@apexglobal.com,+14150001220,EMPLOYEE,APAC Division Branch 2
CK1221,Christopher,Green,emp1221@apexglobal.com,+14150001221,EMPLOYEE,APAC Division Branch 3
CK1222,Lisa,Mitchell,emp1222@apexglobal.com,+14150001222,TRAINER,APAC Division Branch 4
CK1223,Daniel,Diaz,emp1223@apexglobal.com,+14150001223,MANAGER,LATAM Division Branch 1
CK1224,Nancy,Morris,emp1224@apexglobal.com,+14150001224,EMPLOYEE,LATAM Division Branch 2
CK1225,Matthew,Morgan,emp1225@apexglobal.com,+14150001225,EMPLOYEE,LATAM Division Branch 3
CK1226,Betty,Ramos,emp1226@apexglobal.com,+14150001226,EMPLOYEE,Global Engineering Branch 1
CK1227,Anthony,Chavez,emp1227@apexglobal.com,+14150001227,EMPLOYEE,Global Engineering Branch 2
CK1228,Margaret,Hughes,emp1228@apexglobal.com,+14150001228,TRAINER,Global Engineering Branch 3
CK1229,Mark,Long,emp1229@apexglobal.com,+14150001229,MANAGER,Product Innovation Branch 1
CK1230,Sandra,Brown,emp1230@apexglobal.com,+14150001230,EMPLOYEE,Product Innovation Branch 2
CK1231,Donald,Hernandez,emp1231@apexglobal.com,+14150001231,EMPLOYEE,Product Innovation Branch 3
CK1232,Ashley,Moore,emp1232@apexglobal.com,+14150001232,EMPLOYEE,Financial Services Branch 1
CK1233,Steven,Harris,emp1233@apexglobal.com,+14150001233,EMPLOYEE,Financial Services Branch 2
CK1234,Kimberly,Young,emp1234@apexglobal.com,+14150001234,TRAINER,Financial Services Branch 3
CK1235,Paul,Hill,emp1235@apexglobal.com,+14150001235,MANAGER,People and Culture Branch 1
CK1236,Emily,Rivera,emp1236@apexglobal.com,+14150001236,EMPLOYEE,People and Culture Branch 2
CK1237,Andrew,Evans,emp1237@apexglobal.com,+14150001237,EMPLOYEE,People and Culture Branch 3
CK1238,Donna,Reyes,emp1238@apexglobal.com,+14150001238,EMPLOYEE,Legal and Risk Branch 1
CK1239,Joshua,Gutierrez,emp1239@apexglobal.com,+14150001239,EMPLOYEE,Legal and Risk Branch 2
CK1240,Michelle,Kelly,emp1240@apexglobal.com,+14150001240,TRAINER,Legal and Risk Branch 3
CK1241,Kenneth,Watson,emp1241@apexglobal.com,+14150001241,MANAGER,North America Division Branch 1 Unit 1
CK1242,Carol,Mendoza,emp1242@apexglobal.com,+14150001242,EMPLOYEE,North America Division Branch 1 Unit 2
CK1243,Kevin,Patel,emp1243@apexglobal.com,+14150001243,EMPLOYEE,North America Division Branch 2 Unit 1
CK1244,Amanda,Johnson,emp1244@apexglobal.com,+14150001244,EMPLOYEE,North America Division Branch 2 Unit 2
CK1245,Brian,Rodriguez,emp1245@apexglobal.com,+14150001245,EMPLOYEE,North America Division Branch 3 Unit 1
CK1246,Dorothy,Thomas,emp1246@apexglobal.com,+14150001246,TRAINER,North America Division Branch 3 Unit 2
CK1247,George,Thompson,emp1247@apexglobal.com,+14150001247,MANAGER,North America Division Branch 4 Unit 1
CK1248,Melissa,Robinson,emp1248@apexglobal.com,+14150001248,EMPLOYEE,North America Division Branch 4 Unit 2
CK1249,Timothy,Torres,emp1249@apexglobal.com,+14150001249,EMPLOYEE,EMEA Division Branch 1 Unit 1
CK1250,Deborah,Baker,emp1250@apexglobal.com,+14150001250,EMPLOYEE,EMEA Division Branch 1 Unit 2
CK1251,Ronald,Gomez,emp1251@apexglobal.com,+14150001251,EMPLOYEE,EMEA Division Branch 2 Unit 1
CK1252,Stephanie,Edwards,emp1252@apexglobal.com,+14150001252,TRAINER,EMEA Division Branch 2 Unit 2
CK1253,Edward,Cook,emp1253@apexglobal.com,+14150001253,MANAGER,EMEA Division Branch 3 Unit 1
CK1254,Rebecca,Bailey,emp1254@apexglobal.com,+14150001254,EMPLOYEE,EMEA Division Branch 3 Unit 2
CK1255,Jason,Ward,emp1255@apexglobal.com,+14150001255,EMPLOYEE,EMEA Division Branch 4 Unit 1
CK1256,Sharon,Bennett,emp1256@apexglobal.com,+14150001256,EMPLOYEE,EMEA Division Branch 4 Unit 2
CK1257,Jeffrey,Castillo,emp1257@apexglobal.com,+14150001257,EMPLOYEE,APAC Division Branch 1 Unit 1
CK1258,Laura,Jimenez,emp1258@apexglobal.com,+14150001258,TRAINER,APAC Division Branch 1 Unit 2
CK1259,Ryan,Miller,emp1259@apexglobal.com,+14150001259,MANAGER,APAC Division Branch 2 Unit 1
CK1260,Cynthia,Wilson,emp1260@apexglobal.com,+14150001260,EMPLOYEE,APAC Division Branch 2 Unit 2
CK1261,Jacob,Lee,emp1261@apexglobal.com,+14150001261,EMPLOYEE,APAC Division Branch 3 Unit 1
CK1262,Kathleen,Ramirez,emp1262@apexglobal.com,+14150001262,EMPLOYEE,APAC Division Branch 3 Unit 2
CK1263,Gary,Wright,emp1263@apexglobal.com,+14150001263,EMPLOYEE,APAC Division Branch 4 Unit 1
CK1264,Amy,Adams,emp1264@apexglobal.com,+14150001264,TRAINER,APAC Division Branch 4 Unit 2
CK1265,Nicholas,Carter,emp1265@apexglobal.com,+14150001265,MANAGER,LATAM Division Branch 1 Unit 1
CK1266,Angela,Parker,emp1266@apexglobal.com,+14150001266,EMPLOYEE,LATAM Division Branch 1 Unit 2
CK1267,Eric,Morales,emp1267@apexglobal.com,+14150001267,EMPLOYEE,LATAM Division Branch 2 Unit 1
CK1268,Shirley,Cooper,emp1268@apexglobal.com,+14150001268,EMPLOYEE,LATAM Division Branch 2 Unit 2
CK1269,Jonathan,Kim,emp1269@apexglobal.com,+14150001269,EMPLOYEE,LATAM Division Branch 3 Unit 1
CK1270,Anna,Wood,emp1270@apexglobal.com,+14150001270,TRAINER,LATAM Division Branch 3 Unit 2
CK1271,Stephen,Price,emp1271@apexglobal.com,+14150001271,MANAGER,Global Engineering Branch 1 Unit 1
CK1272,Brenda,Ross,emp1272@apexglobal.com,+14150001272,EMPLOYEE,Global Engineering Branch 1 Unit 2
CK1273,Larry,Jones,emp1273@apexglobal.com,+14150001273,EMPLOYEE,Global Engineering Branch 2 Unit 1
CK1274,Pamela,Lopez,emp1274@apexglobal.com,+14150001274,EMPLOYEE,Global Engineering Branch 2 Unit 2
CK1275,Justin,Jackson,emp1275@apexglobal.com,+14150001275,EMPLOYEE,Global Engineering Branch 3 Unit 1
CK1276,Emma,Sanchez,emp1276@apexglobal.com,+14150001276,TRAINER,Global Engineering Branch 3 Unit 2
CK1277,Scott,Allen,emp1277@apexglobal.com,+14150001277,MANAGER,Product Innovation Branch 1 Unit 1
CK1278,Nicole,Flores,emp1278@apexglobal.com,+14150001278,EMPLOYEE,Product Innovation Branch 1 Unit 2
CK1279,Brandon,Campbell,emp1279@apexglobal.com,+14150001279,EMPLOYEE,Product Innovation Branch 2 Unit 1
CK1280,Helen,Turner,emp1280@apexglobal.com,+14150001280,EMPLOYEE,Product Innovation Branch 2 Unit 2
CK1281,Benjamin,Stewart,emp1281@apexglobal.com,+14150001281,EMPLOYEE,Product Innovation Branch 3 Unit 1
CK1282,Samantha,Ortiz,emp1282@apexglobal.com,+14150001282,TRAINER,Product Innovation Branch 3 Unit 2
CK1283,Samuel,Howard,emp1283@apexglobal.com,+14150001283,MANAGER,Financial Services Branch 1 Unit 1
CK1284,Katherine,Brooks,emp1284@apexglobal.com,+14150001284,EMPLOYEE,Financial Services Branch 1 Unit 2
CK1285,Gregory,Ruiz,emp1285@apexglobal.com,+14150001285,EMPLOYEE,Financial Services Branch 2 Unit 1
CK1286,Christine,Myers,emp1286@apexglobal.com,+14150001286,EMPLOYEE,Financial Services Branch 2 Unit 2
CK1287,Alexander,Williams,emp1287@apexglobal.com,+14150001287,EMPLOYEE,Financial Services Branch 3 Unit 1
CK1288,Debra,Martinez,emp1288@apexglobal.com,+14150001288,TRAINER,Financial Services Branch 3 Unit 2
CK1289,Frank,Taylor,emp1289@apexglobal.com,+14150001289,MANAGER,People and Culture Branch 1 Unit 1
CK1290,Rachel,White,emp1290@apexglobal.com,+14150001290,EMPLOYEE,People and Culture Branch 1 Unit 2
CK1291,Patrick,Walker,emp1291@apexglobal.com,+14150001291,EMPLOYEE,People and Culture Branch 2 Unit 1
CK1292,Carolyn,Nguyen,emp1292@apexglobal.com,+14150001292,EMPLOYEE,People and Culture Branch 2 Unit 2
CK1293,Raymond,Hall,emp1293@apexglobal.com,+14150001293,EMPLOYEE,People and Culture Branch 3 Unit 1
CK1294,Janet,Phillips,emp1294@apexglobal.com,+14150001294,TRAINER,People and Culture Branch 3 Unit 2
CK1295,Jack,Collins,emp1295@apexglobal.com,+14150001295,MANAGER,Legal and Risk Branch 1 Unit 1
CK1296,Maria,Rogers,emp1296@apexglobal.com,+14150001296,EMPLOYEE,Legal and Risk Branch 1 Unit 2
CK1297,Dennis,Reed,emp1297@apexglobal.com,+14150001297,EMPLOYEE,Legal and Risk Branch 2 Unit 1
CK1298,Heather,Richardson,emp1298@apexglobal.com,+14150001298,EMPLOYEE,Legal and Risk Branch 2 Unit 2
CK1299,Jerry,Gray,emp1299@apexglobal.com,+14150001299,EMPLOYEE,Legal and Risk Branch 3 Unit 1
CK1300,Diane,Sanders,emp1300@apexglobal.com,+14150001300,TRAINER,Legal and Risk Branch 3 Unit 2
CK1301,James,Smith,emp1301@apexglobal.com,+14150001301,MANAGER,Apex Global Corporation
CK1302,Mary,Davis,emp1302@apexglobal.com,+14150001302,EMPLOYEE,North America Division
CK1303,Robert,Anderson,emp1303@apexglobal.com,+14150001303,EMPLOYEE,EMEA Division
CK1304,Patricia,Perez,emp1304@apexglobal.com,+14150001304,EMPLOYEE,APAC Division
CK1305,John,Lewis,emp1305@apexglobal.com,+14150001305,EMPLOYEE,LATAM Division
CK1306,Jennifer,Scott,emp1306@apexglobal.com,+14150001306,TRAINER,Global Engineering
CK1307,Michael,Nelson,emp1307@apexglobal.com,+14150001307,MANAGER,Product Innovation
CK1308,Linda,Roberts,emp1308@apexglobal.com,+14150001308,EMPLOYEE,Financial Services
CK1309,David,Cruz,emp1309@apexglobal.com,+14150001309,EMPLOYEE,People and Culture
CK1310,Elizabeth,Murphy,emp1310@apexglobal.com,+14150001310,EMPLOYEE,Legal and Risk
CK1311,William,Peterson,emp1311@apexglobal.com,+14150001311,EMPLOYEE,North America Division Branch 1
CK1312,Barbara,Cox,emp1312@apexglobal.com,+14150001312,TRAINER,North America Division Branch 2
CK1313,Richard,James,emp1313@apexglobal.com,+14150001313,MANAGER,North America Division Branch 3
CK1314,Susan,Alvarez,emp1314@apexglobal.com,+14150001314,EMPLOYEE,North America Division Branch 4
CK1315,Joseph,Foster,emp1315@apexglobal.com,+14150001315,EMPLOYEE,EMEA Division Branch 1
CK1316,Jessica,Garcia,emp1316@apexglobal.com,+14150001316,EMPLOYEE,EMEA Division Branch 2
CK1317,Thomas,Gonzalez,emp1317@apexglobal.com,+14150001317,EMPLOYEE,EMEA Division Branch 3
CK1318,Sarah,Martin,emp1318@apexglobal.com,+14150001318,TRAINER,EMEA Division Branch 4
CK1319,Charles,Clark,emp1319@apexglobal.com,+14150001319,MANAGER,APAC Division Branch 1
CK1320,Karen,King,emp1320@apexglobal.com,+14150001320,EMPLOYEE,APAC Division Branch 2
CK1321,Christopher,Green,emp1321@apexglobal.com,+14150001321,EMPLOYEE,APAC Division Branch 3
CK1322,Lisa,Mitchell,emp1322@apexglobal.com,+14150001322,EMPLOYEE,APAC Division Branch 4
CK1323,Daniel,Diaz,emp1323@apexglobal.com,+14150001323,EMPLOYEE,LATAM Division Branch 1
CK1324,Nancy,Morris,emp1324@apexglobal.com,+14150001324,TRAINER,LATAM Division Branch 2
CK1325,Matthew,Morgan,emp1325@apexglobal.com,+14150001325,MANAGER,LATAM Division Branch 3
CK1326,Betty,Ramos,emp1326@apexglobal.com,+14150001326,EMPLOYEE,Global Engineering Branch 1
CK1327,Anthony,Chavez,emp1327@apexglobal.com,+14150001327,EMPLOYEE,Global Engineering Branch 2
CK1328,Margaret,Hughes,emp1328@apexglobal.com,+14150001328,EMPLOYEE,Global Engineering Branch 3
CK1329,Mark,Long,emp1329@apexglobal.com,+14150001329,EMPLOYEE,Product Innovation Branch 1
CK1330,Sandra,Brown,emp1330@apexglobal.com,+14150001330,TRAINER,Product Innovation Branch 2
CK1331,Donald,Hernandez,emp1331@apexglobal.com,+14150001331,MANAGER,Product Innovation Branch 3
CK1332,Ashley,Moore,emp1332@apexglobal.com,+14150001332,EMPLOYEE,Financial Services Branch 1
CK1333,Steven,Harris,emp1333@apexglobal.com,+14150001333,EMPLOYEE,Financial Services Branch 2
CK1334,Kimberly,Young,emp1334@apexglobal.com,+14150001334,EMPLOYEE,Financial Services Branch 3
CK1335,Paul,Hill,emp1335@apexglobal.com,+14150001335,EMPLOYEE,People and Culture Branch 1
CK1336,Emily,Rivera,emp1336@apexglobal.com,+14150001336,TRAINER,People and Culture Branch 2
CK1337,Andrew,Evans,emp1337@apexglobal.com,+14150001337,MANAGER,People and Culture Branch 3
CK1338,Donna,Reyes,emp1338@apexglobal.com,+14150001338,EMPLOYEE,Legal and Risk Branch 1
CK1339,Joshua,Gutierrez,emp1339@apexglobal.com,+14150001339,EMPLOYEE,Legal and Risk Branch 2
CK1340,Michelle,Kelly,emp1340@apexglobal.com,+14150001340,EMPLOYEE,Legal and Risk Branch 3
CK1341,Kenneth,Watson,emp1341@apexglobal.com,+14150001341,EMPLOYEE,North America Division Branch 1 Unit 1
CK1342,Carol,Mendoza,emp1342@apexglobal.com,+14150001342,TRAINER,North America Division Branch 1 Unit 2
CK1343,Kevin,Patel,emp1343@apexglobal.com,+14150001343,MANAGER,North America Division Branch 2 Unit 1
CK1344,Amanda,Johnson,emp1344@apexglobal.com,+14150001344,EMPLOYEE,North America Division Branch 2 Unit 2
CK1345,Brian,Rodriguez,emp1345@apexglobal.com,+14150001345,EMPLOYEE,North America Division Branch 3 Unit 1
CK1346,Dorothy,Thomas,emp1346@apexglobal.com,+14150001346,EMPLOYEE,North America Division Branch 3 Unit 2
CK1347,George,Thompson,emp1347@apexglobal.com,+14150001347,EMPLOYEE,North America Division Branch 4 Unit 1
CK1348,Melissa,Robinson,emp1348@apexglobal.com,+14150001348,TRAINER,North America Division Branch 4 Unit 2
CK1349,Timothy,Torres,emp1349@apexglobal.com,+14150001349,MANAGER,EMEA Division Branch 1 Unit 1
CK1350,Deborah,Baker,emp1350@apexglobal.com,+14150001350,EMPLOYEE,EMEA Division Branch 1 Unit 2
CK1351,Ronald,Gomez,emp1351@apexglobal.com,+14150001351,EMPLOYEE,EMEA Division Branch 2 Unit 1
CK1352,Stephanie,Edwards,emp1352@apexglobal.com,+14150001352,EMPLOYEE,EMEA Division Branch 2 Unit 2
CK1353,Edward,Cook,emp1353@apexglobal.com,+14150001353,EMPLOYEE,EMEA Division Branch 3 Unit 1
CK1354,Rebecca,Bailey,emp1354@apexglobal.com,+14150001354,TRAINER,EMEA Division Branch 3 Unit 2
CK1355,Jason,Ward,emp1355@apexglobal.com,+14150001355,MANAGER,EMEA Division Branch 4 Unit 1
CK1356,Sharon,Bennett,emp1356@apexglobal.com,+14150001356,EMPLOYEE,EMEA Division Branch 4 Unit 2
CK1357,Jeffrey,Castillo,emp1357@apexglobal.com,+14150001357,EMPLOYEE,APAC Division Branch 1 Unit 1
CK1358,Laura,Jimenez,emp1358@apexglobal.com,+14150001358,EMPLOYEE,APAC Division Branch 1 Unit 2
CK1359,Ryan,Miller,emp1359@apexglobal.com,+14150001359,EMPLOYEE,APAC Division Branch 2 Unit 1
CK1360,Cynthia,Wilson,emp1360@apexglobal.com,+14150001360,TRAINER,APAC Division Branch 2 Unit 2
CK1361,Jacob,Lee,emp1361@apexglobal.com,+14150001361,MANAGER,APAC Division Branch 3 Unit 1
CK1362,Kathleen,Ramirez,emp1362@apexglobal.com,+14150001362,EMPLOYEE,APAC Division Branch 3 Unit 2
CK1363,Gary,Wright,emp1363@apexglobal.com,+14150001363,EMPLOYEE,APAC Division Branch 4 Unit 1
CK1364,Amy,Adams,emp1364@apexglobal.com,+14150001364,EMPLOYEE,APAC Division Branch 4 Unit 2
CK1365,Nicholas,Carter,emp1365@apexglobal.com,+14150001365,EMPLOYEE,LATAM Division Branch 1 Unit 1
CK1366,Angela,Parker,emp1366@apexglobal.com,+14150001366,TRAINER,LATAM Division Branch 1 Unit 2
CK1367,Eric,Morales,emp1367@apexglobal.com,+14150001367,MANAGER,LATAM Division Branch 2 Unit 1
CK1368,Shirley,Cooper,emp1368@apexglobal.com,+14150001368,EMPLOYEE,LATAM Division Branch 2 Unit 2
CK1369,Jonathan,Kim,emp1369@apexglobal.com,+14150001369,EMPLOYEE,LATAM Division Branch 3 Unit 1
CK1370,Anna,Wood,emp1370@apexglobal.com,+14150001370,EMPLOYEE,LATAM Division Branch 3 Unit 2
CK1371,Stephen,Price,emp1371@apexglobal.com,+14150001371,EMPLOYEE,Global Engineering Branch 1 Unit 1
CK1372,Brenda,Ross,emp1372@apexglobal.com,+14150001372,TRAINER,Global Engineering Branch 1 Unit 2
CK1373,Larry,Jones,emp1373@apexglobal.com,+14150001373,MANAGER,Global Engineering Branch 2 Unit 1
CK1374,Pamela,Lopez,emp1374@apexglobal.com,+14150001374,EMPLOYEE,Global Engineering Branch 2 Unit 2
CK1375,Justin,Jackson,emp1375@apexglobal.com,+14150001375,EMPLOYEE,Global Engineering Branch 3 Unit 1
CK1376,Emma,Sanchez,emp1376@apexglobal.com,+14150001376,EMPLOYEE,Global Engineering Branch 3 Unit 2
CK1377,Scott,Allen,emp1377@apexglobal.com,+14150001377,EMPLOYEE,Product Innovation Branch 1 Unit 1
CK1378,Nicole,Flores,emp1378@apexglobal.com,+14150001378,TRAINER,Product Innovation Branch 1 Unit 2
CK1379,Brandon,Campbell,emp1379@apexglobal.com,+14150001379,MANAGER,Product Innovation Branch 2 Unit 1
CK1380,Helen,Turner,emp1380@apexglobal.com,+14150001380,EMPLOYEE,Product Innovation Branch 2 Unit 2
CK1381,Benjamin,Stewart,emp1381@apexglobal.com,+14150001381,EMPLOYEE,Product Innovation Branch 3 Unit 1
CK1382,Samantha,Ortiz,emp1382@apexglobal.com,+14150001382,EMPLOYEE,Product Innovation Branch 3 Unit 2
CK1383,Samuel,Howard,emp1383@apexglobal.com,+14150001383,EMPLOYEE,Financial Services Branch 1 Unit 1
CK1384,Katherine,Brooks,emp1384@apexglobal.com,+14150001384,TRAINER,Financial Services Branch 1 Unit 2
CK1385,Gregory,Ruiz,emp1385@apexglobal.com,+14150001385,MANAGER,Financial Services Branch 2 Unit 1
CK1386,Christine,Myers,emp1386@apexglobal.com,+14150001386,EMPLOYEE,Financial Services Branch 2 Unit 2
CK1387,Alexander,Williams,emp1387@apexglobal.com,+14150001387,EMPLOYEE,Financial Services Branch 3 Unit 1
CK1388,Debra,Martinez,emp1388@apexglobal.com,+14150001388,EMPLOYEE,Financial Services Branch 3 Unit 2
CK1389,Frank,Taylor,emp1389@apexglobal.com,+14150001389,EMPLOYEE,People and Culture Branch 1 Unit 1
CK1390,Rachel,White,emp1390@apexglobal.com,+14150001390,TRAINER,People and Culture Branch 1 Unit 2
CK1391,Patrick,Walker,emp1391@apexglobal.com,+14150001391,MANAGER,People and Culture Branch 2 Unit 1
CK1392,Carolyn,Nguyen,emp1392@apexglobal.com,+14150001392,EMPLOYEE,People and Culture Branch 2 Unit 2
CK1393,Raymond,Hall,emp1393@apexglobal.com,+14150001393,EMPLOYEE,People and Culture Branch 3 Unit 1
CK1394,Janet,Phillips,emp1394@apexglobal.com,+14150001394,EMPLOYEE,People and Culture Branch 3 Unit 2
CK1395,Jack,Collins,emp1395@apexglobal.com,+14150001395,EMPLOYEE,Legal and Risk Branch 1 Unit 1
CK1396,Maria,Rogers,emp1396@apexglobal.com,+14150001396,TRAINER,Legal and Risk Branch 1 Unit 2
CK1397,Dennis,Reed,emp1397@apexglobal.com,+14150001397,MANAGER,Legal and Risk Branch 2 Unit 1
CK1398,Heather,Richardson,emp1398@apexglobal.com,+14150001398,EMPLOYEE,Legal and Risk Branch 2 Unit 2
CK1399,Jerry,Gray,emp1399@apexglobal.com,+14150001399,EMPLOYEE,Legal and Risk Branch 3 Unit 1
CK1400,Diane,Sanders,emp1400@apexglobal.com,+14150001400,EMPLOYEE,Legal and Risk Branch 3 Unit 2
CK1401,James,Smith,emp1401@apexglobal.com,+14150001401,EMPLOYEE,Apex Global Corporation
CK1402,Mary,Davis,emp1402@apexglobal.com,+14150001402,TRAINER,North America Division
CK1403,Robert,Anderson,emp1403@apexglobal.com,+14150001403,MANAGER,EMEA Division
CK1404,Patricia,Perez,emp1404@apexglobal.com,+14150001404,EMPLOYEE,APAC Division
CK1405,John,Lewis,emp1405@apexglobal.com,+14150001405,EMPLOYEE,LATAM Division
CK1406,Jennifer,Scott,emp1406@apexglobal.com,+14150001406,EMPLOYEE,Global Engineering
CK1407,Michael,Nelson,emp1407@apexglobal.com,+14150001407,EMPLOYEE,Product Innovation
CK1408,Linda,Roberts,emp1408@apexglobal.com,+14150001408,TRAINER,Financial Services
CK1409,David,Cruz,emp1409@apexglobal.com,+14150001409,MANAGER,People and Culture
CK1410,Elizabeth,Murphy,emp1410@apexglobal.com,+14150001410,EMPLOYEE,Legal and Risk
CK1411,William,Peterson,emp1411@apexglobal.com,+14150001411,EMPLOYEE,North America Division Branch 1
CK1412,Barbara,Cox,emp1412@apexglobal.com,+14150001412,EMPLOYEE,North America Division Branch 2
CK1413,Richard,James,emp1413@apexglobal.com,+14150001413,EMPLOYEE,North America Division Branch 3
CK1414,Susan,Alvarez,emp1414@apexglobal.com,+14150001414,TRAINER,North America Division Branch 4
CK1415,Joseph,Foster,emp1415@apexglobal.com,+14150001415,MANAGER,EMEA Division Branch 1
CK1416,Jessica,Garcia,emp1416@apexglobal.com,+14150001416,EMPLOYEE,EMEA Division Branch 2
CK1417,Thomas,Gonzalez,emp1417@apexglobal.com,+14150001417,EMPLOYEE,EMEA Division Branch 3
CK1418,Sarah,Martin,emp1418@apexglobal.com,+14150001418,EMPLOYEE,EMEA Division Branch 4
CK1419,Charles,Clark,emp1419@apexglobal.com,+14150001419,EMPLOYEE,APAC Division Branch 1
CK1420,Karen,King,emp1420@apexglobal.com,+14150001420,TRAINER,APAC Division Branch 2
CK1421,Christopher,Green,emp1421@apexglobal.com,+14150001421,MANAGER,APAC Division Branch 3
CK1422,Lisa,Mitchell,emp1422@apexglobal.com,+14150001422,EMPLOYEE,APAC Division Branch 4
CK1423,Daniel,Diaz,emp1423@apexglobal.com,+14150001423,EMPLOYEE,LATAM Division Branch 1
CK1424,Nancy,Morris,emp1424@apexglobal.com,+14150001424,EMPLOYEE,LATAM Division Branch 2
CK1425,Matthew,Morgan,emp1425@apexglobal.com,+14150001425,EMPLOYEE,LATAM Division Branch 3
CK1426,Betty,Ramos,emp1426@apexglobal.com,+14150001426,TRAINER,Global Engineering Branch 1
CK1427,Anthony,Chavez,emp1427@apexglobal.com,+14150001427,MANAGER,Global Engineering Branch 2
CK1428,Margaret,Hughes,emp1428@apexglobal.com,+14150001428,EMPLOYEE,Global Engineering Branch 3
CK1429,Mark,Long,emp1429@apexglobal.com,+14150001429,EMPLOYEE,Product Innovation Branch 1
CK1430,Sandra,Brown,emp1430@apexglobal.com,+14150001430,EMPLOYEE,Product Innovation Branch 2
CK1431,Donald,Hernandez,emp1431@apexglobal.com,+14150001431,EMPLOYEE,Product Innovation Branch 3
CK1432,Ashley,Moore,emp1432@apexglobal.com,+14150001432,TRAINER,Financial Services Branch 1
CK1433,Steven,Harris,emp1433@apexglobal.com,+14150001433,MANAGER,Financial Services Branch 2
CK1434,Kimberly,Young,emp1434@apexglobal.com,+14150001434,EMPLOYEE,Financial Services Branch 3
CK1435,Paul,Hill,emp1435@apexglobal.com,+14150001435,EMPLOYEE,People and Culture Branch 1
CK1436,Emily,Rivera,emp1436@apexglobal.com,+14150001436,EMPLOYEE,People and Culture Branch 2
CK1437,Andrew,Evans,emp1437@apexglobal.com,+14150001437,EMPLOYEE,People and Culture Branch 3
CK1438,Donna,Reyes,emp1438@apexglobal.com,+14150001438,TRAINER,Legal and Risk Branch 1
CK1439,Joshua,Gutierrez,emp1439@apexglobal.com,+14150001439,MANAGER,Legal and Risk Branch 2
CK1440,Michelle,Kelly,emp1440@apexglobal.com,+14150001440,EMPLOYEE,Legal and Risk Branch 3
CK1441,Kenneth,Watson,emp1441@apexglobal.com,+14150001441,EMPLOYEE,North America Division Branch 1 Unit 1
CK1442,Carol,Mendoza,emp1442@apexglobal.com,+14150001442,EMPLOYEE,North America Division Branch 1 Unit 2
CK1443,Kevin,Patel,emp1443@apexglobal.com,+14150001443,EMPLOYEE,North America Division Branch 2 Unit 1
CK1444,Amanda,Johnson,emp1444@apexglobal.com,+14150001444,TRAINER,North America Division Branch 2 Unit 2
CK1445,Brian,Rodriguez,emp1445@apexglobal.com,+14150001445,MANAGER,North America Division Branch 3 Unit 1
CK1446,Dorothy,Thomas,emp1446@apexglobal.com,+14150001446,EMPLOYEE,North America Division Branch 3 Unit 2
CK1447,George,Thompson,emp1447@apexglobal.com,+14150001447,EMPLOYEE,North America Division Branch 4 Unit 1
CK1448,Melissa,Robinson,emp1448@apexglobal.com,+14150001448,EMPLOYEE,North America Division Branch 4 Unit 2
CK1449,Timothy,Torres,emp1449@apexglobal.com,+14150001449,EMPLOYEE,EMEA Division Branch 1 Unit 1
CK1450,Deborah,Baker,emp1450@apexglobal.com,+14150001450,TRAINER,EMEA Division Branch 1 Unit 2
CK1451,Ronald,Gomez,emp1451@apexglobal.com,+14150001451,MANAGER,EMEA Division Branch 2 Unit 1
CK1452,Stephanie,Edwards,emp1452@apexglobal.com,+14150001452,EMPLOYEE,EMEA Division Branch 2 Unit 2
CK1453,Edward,Cook,emp1453@apexglobal.com,+14150001453,EMPLOYEE,EMEA Division Branch 3 Unit 1
CK1454,Rebecca,Bailey,emp1454@apexglobal.com,+14150001454,EMPLOYEE,EMEA Division Branch 3 Unit 2
CK1455,Jason,Ward,emp1455@apexglobal.com,+14150001455,EMPLOYEE,EMEA Division Branch 4 Unit 1
CK1456,Sharon,Bennett,emp1456@apexglobal.com,+14150001456,TRAINER,EMEA Division Branch 4 Unit 2
CK1457,Jeffrey,Castillo,emp1457@apexglobal.com,+14150001457,MANAGER,APAC Division Branch 1 Unit 1
CK1458,Laura,Jimenez,emp1458@apexglobal.com,+14150001458,EMPLOYEE,APAC Division Branch 1 Unit 2
CK1459,Ryan,Miller,emp1459@apexglobal.com,+14150001459,EMPLOYEE,APAC Division Branch 2 Unit 1
CK1460,Cynthia,Wilson,emp1460@apexglobal.com,+14150001460,EMPLOYEE,APAC Division Branch 2 Unit 2
CK1461,Jacob,Lee,emp1461@apexglobal.com,+14150001461,EMPLOYEE,APAC Division Branch 3 Unit 1
CK1462,Kathleen,Ramirez,emp1462@apexglobal.com,+14150001462,TRAINER,APAC Division Branch 3 Unit 2
CK1463,Gary,Wright,emp1463@apexglobal.com,+14150001463,MANAGER,APAC Division Branch 4 Unit 1
CK1464,Amy,Adams,emp1464@apexglobal.com,+14150001464,EMPLOYEE,APAC Division Branch 4 Unit 2
CK1465,Nicholas,Carter,emp1465@apexglobal.com,+14150001465,EMPLOYEE,LATAM Division Branch 1 Unit 1
CK1466,Angela,Parker,emp1466@apexglobal.com,+14150001466,EMPLOYEE,LATAM Division Branch 1 Unit 2
CK1467,Eric,Morales,emp1467@apexglobal.com,+14150001467,EMPLOYEE,LATAM Division Branch 2 Unit 1
CK1468,Shirley,Cooper,emp1468@apexglobal.com,+14150001468,TRAINER,LATAM Division Branch 2 Unit 2
CK1469,Jonathan,Kim,emp1469@apexglobal.com,+14150001469,MANAGER,LATAM Division Branch 3 Unit 1
CK1470,Anna,Wood,emp1470@apexglobal.com,+14150001470,EMPLOYEE,LATAM Division Branch 3 Unit 2
CK1471,Stephen,Price,emp1471@apexglobal.com,+14150001471,EMPLOYEE,Global Engineering Branch 1 Unit 1
CK1472,Brenda,Ross,emp1472@apexglobal.com,+14150001472,EMPLOYEE,Global Engineering Branch 1 Unit 2
CK1473,Larry,Jones,emp1473@apexglobal.com,+14150001473,EMPLOYEE,Global Engineering Branch 2 Unit 1
CK1474,Pamela,Lopez,emp1474@apexglobal.com,+14150001474,TRAINER,Global Engineering Branch 2 Unit 2
CK1475,Justin,Jackson,emp1475@apexglobal.com,+14150001475,MANAGER,Global Engineering Branch 3 Unit 1
CK1476,Emma,Sanchez,emp1476@apexglobal.com,+14150001476,EMPLOYEE,Global Engineering Branch 3 Unit 2
CK1477,Scott,Allen,emp1477@apexglobal.com,+14150001477,EMPLOYEE,Product Innovation Branch 1 Unit 1
CK1478,Nicole,Flores,emp1478@apexglobal.com,+14150001478,EMPLOYEE,Product Innovation Branch 1 Unit 2
CK1479,Brandon,Campbell,emp1479@apexglobal.com,+14150001479,EMPLOYEE,Product Innovation Branch 2 Unit 1
CK1480,Helen,Turner,emp1480@apexglobal.com,+14150001480,TRAINER,Product Innovation Branch 2 Unit 2
CK1481,Benjamin,Stewart,emp1481@apexglobal.com,+14150001481,MANAGER,Product Innovation Branch 3 Unit 1
CK1482,Samantha,Ortiz,emp1482@apexglobal.com,+14150001482,EMPLOYEE,Product Innovation Branch 3 Unit 2
CK1483,Samuel,Howard,emp1483@apexglobal.com,+14150001483,EMPLOYEE,Financial Services Branch 1 Unit 1
CK1484,Katherine,Brooks,emp1484@apexglobal.com,+14150001484,EMPLOYEE,Financial Services Branch 1 Unit 2
CK1485,Gregory,Ruiz,emp1485@apexglobal.com,+14150001485,EMPLOYEE,Financial Services Branch 2 Unit 1
CK1486,Christine,Myers,emp1486@apexglobal.com,+14150001486,TRAINER,Financial Services Branch 2 Unit 2
CK1487,Alexander,Williams,emp1487@apexglobal.com,+14150001487,MANAGER,Financial Services Branch 3 Unit 1
CK1488,Debra,Martinez,emp1488@apexglobal.com,+14150001488,EMPLOYEE,Financial Services Branch 3 Unit 2
CK1489,Frank,Taylor,emp1489@apexglobal.com,+14150001489,EMPLOYEE,People and Culture Branch 1 Unit 1
CK1490,Rachel,White,emp1490@apexglobal.com,+14150001490,EMPLOYEE,People and Culture Branch 1 Unit 2
CK1491,Patrick,Walker,emp1491@apexglobal.com,+14150001491,EMPLOYEE,People and Culture Branch 2 Unit 1
CK1492,Carolyn,Nguyen,emp1492@apexglobal.com,+14150001492,TRAINER,People and Culture Branch 2 Unit 2
CK1493,Raymond,Hall,emp1493@apexglobal.com,+14150001493,MANAGER,People and Culture Branch 3 Unit 1
CK1494,Janet,Phillips,emp1494@apexglobal.com,+14150001494,EMPLOYEE,People and Culture Branch 3 Unit 2
CK1495,Jack,Collins,emp1495@apexglobal.com,+14150001495,EMPLOYEE,Legal and Risk Branch 1 Unit 1
CK1496,Maria,Rogers,emp1496@apexglobal.com,+14150001496,EMPLOYEE,Legal and Risk Branch 1 Unit 2
CK1497,Dennis,Reed,emp1497@apexglobal.com,+14150001497,EMPLOYEE,Legal and Risk Branch 2 Unit 1
CK1498,Heather,Richardson,emp1498@apexglobal.com,+14150001498,TRAINER,Legal and Risk Branch 2 Unit 2
CK1499,Jerry,Gray,emp1499@apexglobal.com,+14150001499,MANAGER,Legal and Risk Branch 3 Unit 1
CK1500,Diane,Sanders,emp1500@apexglobal.com,+14150001500,EMPLOYEE,Legal and Risk Branch 3 Unit 2
CK1501,James,Smith,emp1501@apexglobal.com,+14150001501,EMPLOYEE,Apex Global Corporation
CK1502,Mary,Davis,emp1502@apexglobal.com,+14150001502,EMPLOYEE,North America Division
CK1503,Robert,Anderson,emp1503@apexglobal.com,+14150001503,EMPLOYEE,EMEA Division
CK1504,Patricia,Perez,emp1504@apexglobal.com,+14150001504,TRAINER,APAC Division
CK1505,John,Lewis,emp1505@apexglobal.com,+14150001505,MANAGER,LATAM Division
CK1506,Jennifer,Scott,emp1506@apexglobal.com,+14150001506,EMPLOYEE,Global Engineering
CK1507,Michael,Nelson,emp1507@apexglobal.com,+14150001507,EMPLOYEE,Product Innovation
CK1508,Linda,Roberts,emp1508@apexglobal.com,+14150001508,EMPLOYEE,Financial Services
CK1509,David,Cruz,emp1509@apexglobal.com,+14150001509,EMPLOYEE,People and Culture
CK1510,Elizabeth,Murphy,emp1510@apexglobal.com,+14150001510,TRAINER,Legal and Risk
CK1511,William,Peterson,emp1511@apexglobal.com,+14150001511,MANAGER,North America Division Branch 1
CK1512,Barbara,Cox,emp1512@apexglobal.com,+14150001512,EMPLOYEE,North America Division Branch 2
CK1513,Richard,James,emp1513@apexglobal.com,+14150001513,EMPLOYEE,North America Division Branch 3
CK1514,Susan,Alvarez,emp1514@apexglobal.com,+14150001514,EMPLOYEE,North America Division Branch 4
CK1515,Joseph,Foster,emp1515@apexglobal.com,+14150001515,EMPLOYEE,EMEA Division Branch 1
CK1516,Jessica,Garcia,emp1516@apexglobal.com,+14150001516,TRAINER,EMEA Division Branch 2
CK1517,Thomas,Gonzalez,emp1517@apexglobal.com,+14150001517,MANAGER,EMEA Division Branch 3
CK1518,Sarah,Martin,emp1518@apexglobal.com,+14150001518,EMPLOYEE,EMEA Division Branch 4
CK1519,Charles,Clark,emp1519@apexglobal.com,+14150001519,EMPLOYEE,APAC Division Branch 1
CK1520,Karen,King,emp1520@apexglobal.com,+14150001520,EMPLOYEE,APAC Division Branch 2
CK1521,Christopher,Green,emp1521@apexglobal.com,+14150001521,EMPLOYEE,APAC Division Branch 3
CK1522,Lisa,Mitchell,emp1522@apexglobal.com,+14150001522,TRAINER,APAC Division Branch 4
CK1523,Daniel,Diaz,emp1523@apexglobal.com,+14150001523,MANAGER,LATAM Division Branch 1
CK1524,Nancy,Morris,emp1524@apexglobal.com,+14150001524,EMPLOYEE,LATAM Division Branch 2
CK1525,Matthew,Morgan,emp1525@apexglobal.com,+14150001525,EMPLOYEE,LATAM Division Branch 3
CK1526,Betty,Ramos,emp1526@apexglobal.com,+14150001526,EMPLOYEE,Global Engineering Branch 1
CK1527,Anthony,Chavez,emp1527@apexglobal.com,+14150001527,EMPLOYEE,Global Engineering Branch 2
CK1528,Margaret,Hughes,emp1528@apexglobal.com,+14150001528,TRAINER,Global Engineering Branch 3
CK1529,Mark,Long,emp1529@apexglobal.com,+14150001529,MANAGER,Product Innovation Branch 1
CK1530,Sandra,Brown,emp1530@apexglobal.com,+14150001530,EMPLOYEE,Product Innovation Branch 2
CK1531,Donald,Hernandez,emp1531@apexglobal.com,+14150001531,EMPLOYEE,Product Innovation Branch 3
CK1532,Ashley,Moore,emp1532@apexglobal.com,+14150001532,EMPLOYEE,Financial Services Branch 1
CK1533,Steven,Harris,emp1533@apexglobal.com,+14150001533,EMPLOYEE,Financial Services Branch 2
CK1534,Kimberly,Young,emp1534@apexglobal.com,+14150001534,TRAINER,Financial Services Branch 3
CK1535,Paul,Hill,emp1535@apexglobal.com,+14150001535,MANAGER,People and Culture Branch 1
CK1536,Emily,Rivera,emp1536@apexglobal.com,+14150001536,EMPLOYEE,People and Culture Branch 2
CK1537,Andrew,Evans,emp1537@apexglobal.com,+14150001537,EMPLOYEE,People and Culture Branch 3
CK1538,Donna,Reyes,emp1538@apexglobal.com,+14150001538,EMPLOYEE,Legal and Risk Branch 1
CK1539,Joshua,Gutierrez,emp1539@apexglobal.com,+14150001539,EMPLOYEE,Legal and Risk Branch 2
CK1540,Michelle,Kelly,emp1540@apexglobal.com,+14150001540,TRAINER,Legal and Risk Branch 3
CK1541,Kenneth,Watson,emp1541@apexglobal.com,+14150001541,MANAGER,North America Division Branch 1 Unit 1
CK1542,Carol,Mendoza,emp1542@apexglobal.com,+14150001542,EMPLOYEE,North America Division Branch 1 Unit 2
CK1543,Kevin,Patel,emp1543@apexglobal.com,+14150001543,EMPLOYEE,North America Division Branch 2 Unit 1
CK1544,Amanda,Johnson,emp1544@apexglobal.com,+14150001544,EMPLOYEE,North America Division Branch 2 Unit 2
CK1545,Brian,Rodriguez,emp1545@apexglobal.com,+14150001545,EMPLOYEE,North America Division Branch 3 Unit 1
CK1546,Dorothy,Thomas,emp1546@apexglobal.com,+14150001546,TRAINER,North America Division Branch 3 Unit 2
CK1547,George,Thompson,emp1547@apexglobal.com,+14150001547,MANAGER,North America Division Branch 4 Unit 1
CK1548,Melissa,Robinson,emp1548@apexglobal.com,+14150001548,EMPLOYEE,North America Division Branch 4 Unit 2
CK1549,Timothy,Torres,emp1549@apexglobal.com,+14150001549,EMPLOYEE,EMEA Division Branch 1 Unit 1
CK1550,Deborah,Baker,emp1550@apexglobal.com,+14150001550,EMPLOYEE,EMEA Division Branch 1 Unit 2
CK1551,Ronald,Gomez,emp1551@apexglobal.com,+14150001551,EMPLOYEE,EMEA Division Branch 2 Unit 1
CK1552,Stephanie,Edwards,emp1552@apexglobal.com,+14150001552,TRAINER,EMEA Division Branch 2 Unit 2
CK1553,Edward,Cook,emp1553@apexglobal.com,+14150001553,MANAGER,EMEA Division Branch 3 Unit 1
CK1554,Rebecca,Bailey,emp1554@apexglobal.com,+14150001554,EMPLOYEE,EMEA Division Branch 3 Unit 2
CK1555,Jason,Ward,emp1555@apexglobal.com,+14150001555,EMPLOYEE,EMEA Division Branch 4 Unit 1
CK1556,Sharon,Bennett,emp1556@apexglobal.com,+14150001556,EMPLOYEE,EMEA Division Branch 4 Unit 2
CK1557,Jeffrey,Castillo,emp1557@apexglobal.com,+14150001557,EMPLOYEE,APAC Division Branch 1 Unit 1
CK1558,Laura,Jimenez,emp1558@apexglobal.com,+14150001558,TRAINER,APAC Division Branch 1 Unit 2
CK1559,Ryan,Miller,emp1559@apexglobal.com,+14150001559,MANAGER,APAC Division Branch 2 Unit 1
CK1560,Cynthia,Wilson,emp1560@apexglobal.com,+14150001560,EMPLOYEE,APAC Division Branch 2 Unit 2
CK1561,Jacob,Lee,emp1561@apexglobal.com,+14150001561,EMPLOYEE,APAC Division Branch 3 Unit 1
CK1562,Kathleen,Ramirez,emp1562@apexglobal.com,+14150001562,EMPLOYEE,APAC Division Branch 3 Unit 2
CK1563,Gary,Wright,emp1563@apexglobal.com,+14150001563,EMPLOYEE,APAC Division Branch 4 Unit 1
CK1564,Amy,Adams,emp1564@apexglobal.com,+14150001564,TRAINER,APAC Division Branch 4 Unit 2
CK1565,Nicholas,Carter,emp1565@apexglobal.com,+14150001565,MANAGER,LATAM Division Branch 1 Unit 1
CK1566,Angela,Parker,emp1566@apexglobal.com,+14150001566,EMPLOYEE,LATAM Division Branch 1 Unit 2
CK1567,Eric,Morales,emp1567@apexglobal.com,+14150001567,EMPLOYEE,LATAM Division Branch 2 Unit 1
CK1568,Shirley,Cooper,emp1568@apexglobal.com,+14150001568,EMPLOYEE,LATAM Division Branch 2 Unit 2
CK1569,Jonathan,Kim,emp1569@apexglobal.com,+14150001569,EMPLOYEE,LATAM Division Branch 3 Unit 1
CK1570,Anna,Wood,emp1570@apexglobal.com,+14150001570,TRAINER,LATAM Division Branch 3 Unit 2
CK1571,Stephen,Price,emp1571@apexglobal.com,+14150001571,MANAGER,Global Engineering Branch 1 Unit 1
CK1572,Brenda,Ross,emp1572@apexglobal.com,+14150001572,EMPLOYEE,Global Engineering Branch 1 Unit 2
CK1573,Larry,Jones,emp1573@apexglobal.com,+14150001573,EMPLOYEE,Global Engineering Branch 2 Unit 1
CK1574,Pamela,Lopez,emp1574@apexglobal.com,+14150001574,EMPLOYEE,Global Engineering Branch 2 Unit 2
CK1575,Justin,Jackson,emp1575@apexglobal.com,+14150001575,EMPLOYEE,Global Engineering Branch 3 Unit 1
CK1576,Emma,Sanchez,emp1576@apexglobal.com,+14150001576,TRAINER,Global Engineering Branch 3 Unit 2
CK1577,Scott,Allen,emp1577@apexglobal.com,+14150001577,MANAGER,Product Innovation Branch 1 Unit 1
CK1578,Nicole,Flores,emp1578@apexglobal.com,+14150001578,EMPLOYEE,Product Innovation Branch 1 Unit 2
CK1579,Brandon,Campbell,emp1579@apexglobal.com,+14150001579,EMPLOYEE,Product Innovation Branch 2 Unit 1
CK1580,Helen,Turner,emp1580@apexglobal.com,+14150001580,EMPLOYEE,Product Innovation Branch 2 Unit 2
CK1581,Benjamin,Stewart,emp1581@apexglobal.com,+14150001581,EMPLOYEE,Product Innovation Branch 3 Unit 1
CK1582,Samantha,Ortiz,emp1582@apexglobal.com,+14150001582,TRAINER,Product Innovation Branch 3 Unit 2
CK1583,Samuel,Howard,emp1583@apexglobal.com,+14150001583,MANAGER,Financial Services Branch 1 Unit 1
CK1584,Katherine,Brooks,emp1584@apexglobal.com,+14150001584,EMPLOYEE,Financial Services Branch 1 Unit 2
CK1585,Gregory,Ruiz,emp1585@apexglobal.com,+14150001585,EMPLOYEE,Financial Services Branch 2 Unit 1
CK1586,Christine,Myers,emp1586@apexglobal.com,+14150001586,EMPLOYEE,Financial Services Branch 2 Unit 2
CK1587,Alexander,Williams,emp1587@apexglobal.com,+14150001587,EMPLOYEE,Financial Services Branch 3 Unit 1
CK1588,Debra,Martinez,emp1588@apexglobal.com,+14150001588,TRAINER,Financial Services Branch 3 Unit 2
CK1589,Frank,Taylor,emp1589@apexglobal.com,+14150001589,MANAGER,People and Culture Branch 1 Unit 1
CK1590,Rachel,White,emp1590@apexglobal.com,+14150001590,EMPLOYEE,People and Culture Branch 1 Unit 2
CK1591,Patrick,Walker,emp1591@apexglobal.com,+14150001591,EMPLOYEE,People and Culture Branch 2 Unit 1
CK1592,Carolyn,Nguyen,emp1592@apexglobal.com,+14150001592,EMPLOYEE,People and Culture Branch 2 Unit 2
CK1593,Raymond,Hall,emp1593@apexglobal.com,+14150001593,EMPLOYEE,People and Culture Branch 3 Unit 1
CK1594,Janet,Phillips,emp1594@apexglobal.com,+14150001594,TRAINER,People and Culture Branch 3 Unit 2
CK1595,Jack,Collins,emp1595@apexglobal.com,+14150001595,MANAGER,Legal and Risk Branch 1 Unit 1
CK1596,Maria,Rogers,emp1596@apexglobal.com,+14150001596,EMPLOYEE,Legal and Risk Branch 1 Unit 2
CK1597,Dennis,Reed,emp1597@apexglobal.com,+14150001597,EMPLOYEE,Legal and Risk Branch 2 Unit 1
CK1598,Heather,Richardson,emp1598@apexglobal.com,+14150001598,EMPLOYEE,Legal and Risk Branch 2 Unit 2
CK1599,Jerry,Gray,emp1599@apexglobal.com,+14150001599,EMPLOYEE,Legal and Risk Branch 3 Unit 1
CK1600,Diane,Sanders,emp1600@apexglobal.com,+14150001600,TRAINER,Legal and Risk Branch 3 Unit 2
CK1601,James,Smith,emp1601@apexglobal.com,+14150001601,MANAGER,Apex Global Corporation
CK1602,Mary,Davis,emp1602@apexglobal.com,+14150001602,EMPLOYEE,North America Division
CK1603,Robert,Anderson,emp1603@apexglobal.com,+14150001603,EMPLOYEE,EMEA Division
CK1604,Patricia,Perez,emp1604@apexglobal.com,+14150001604,EMPLOYEE,APAC Division
CK1605,John,Lewis,emp1605@apexglobal.com,+14150001605,EMPLOYEE,LATAM Division
CK1606,Jennifer,Scott,emp1606@apexglobal.com,+14150001606,TRAINER,Global Engineering
CK1607,Michael,Nelson,emp1607@apexglobal.com,+14150001607,MANAGER,Product Innovation
CK1608,Linda,Roberts,emp1608@apexglobal.com,+14150001608,EMPLOYEE,Financial Services
CK1609,David,Cruz,emp1609@apexglobal.com,+14150001609,EMPLOYEE,People and Culture
CK1610,Elizabeth,Murphy,emp1610@apexglobal.com,+14150001610,EMPLOYEE,Legal and Risk
CK1611,William,Peterson,emp1611@apexglobal.com,+14150001611,EMPLOYEE,North America Division Branch 1
CK1612,Barbara,Cox,emp1612@apexglobal.com,+14150001612,TRAINER,North America Division Branch 2
CK1613,Richard,James,emp1613@apexglobal.com,+14150001613,MANAGER,North America Division Branch 3
CK1614,Susan,Alvarez,emp1614@apexglobal.com,+14150001614,EMPLOYEE,North America Division Branch 4
CK1615,Joseph,Foster,emp1615@apexglobal.com,+14150001615,EMPLOYEE,EMEA Division Branch 1
CK1616,Jessica,Garcia,emp1616@apexglobal.com,+14150001616,EMPLOYEE,EMEA Division Branch 2
CK1617,Thomas,Gonzalez,emp1617@apexglobal.com,+14150001617,EMPLOYEE,EMEA Division Branch 3
CK1618,Sarah,Martin,emp1618@apexglobal.com,+14150001618,TRAINER,EMEA Division Branch 4
CK1619,Charles,Clark,emp1619@apexglobal.com,+14150001619,MANAGER,APAC Division Branch 1
CK1620,Karen,King,emp1620@apexglobal.com,+14150001620,EMPLOYEE,APAC Division Branch 2
CK1621,Christopher,Green,emp1621@apexglobal.com,+14150001621,EMPLOYEE,APAC Division Branch 3
CK1622,Lisa,Mitchell,emp1622@apexglobal.com,+14150001622,EMPLOYEE,APAC Division Branch 4
CK1623,Daniel,Diaz,emp1623@apexglobal.com,+14150001623,EMPLOYEE,LATAM Division Branch 1
CK1624,Nancy,Morris,emp1624@apexglobal.com,+14150001624,TRAINER,LATAM Division Branch 2
CK1625,Matthew,Morgan,emp1625@apexglobal.com,+14150001625,MANAGER,LATAM Division Branch 3
CK1626,Betty,Ramos,emp1626@apexglobal.com,+14150001626,EMPLOYEE,Global Engineering Branch 1
CK1627,Anthony,Chavez,emp1627@apexglobal.com,+14150001627,EMPLOYEE,Global Engineering Branch 2
CK1628,Margaret,Hughes,emp1628@apexglobal.com,+14150001628,EMPLOYEE,Global Engineering Branch 3
CK1629,Mark,Long,emp1629@apexglobal.com,+14150001629,EMPLOYEE,Product Innovation Branch 1
CK1630,Sandra,Brown,emp1630@apexglobal.com,+14150001630,TRAINER,Product Innovation Branch 2
CK1631,Donald,Hernandez,emp1631@apexglobal.com,+14150001631,MANAGER,Product Innovation Branch 3
CK1632,Ashley,Moore,emp1632@apexglobal.com,+14150001632,EMPLOYEE,Financial Services Branch 1
CK1633,Steven,Harris,emp1633@apexglobal.com,+14150001633,EMPLOYEE,Financial Services Branch 2
CK1634,Kimberly,Young,emp1634@apexglobal.com,+14150001634,EMPLOYEE,Financial Services Branch 3
CK1635,Paul,Hill,emp1635@apexglobal.com,+14150001635,EMPLOYEE,People and Culture Branch 1
CK1636,Emily,Rivera,emp1636@apexglobal.com,+14150001636,TRAINER,People and Culture Branch 2
CK1637,Andrew,Evans,emp1637@apexglobal.com,+14150001637,MANAGER,People and Culture Branch 3
CK1638,Donna,Reyes,emp1638@apexglobal.com,+14150001638,EMPLOYEE,Legal and Risk Branch 1
CK1639,Joshua,Gutierrez,emp1639@apexglobal.com,+14150001639,EMPLOYEE,Legal and Risk Branch 2
CK1640,Michelle,Kelly,emp1640@apexglobal.com,+14150001640,EMPLOYEE,Legal and Risk Branch 3
CK1641,Kenneth,Watson,emp1641@apexglobal.com,+14150001641,EMPLOYEE,North America Division Branch 1 Unit 1
CK1642,Carol,Mendoza,emp1642@apexglobal.com,+14150001642,TRAINER,North America Division Branch 1 Unit 2
CK1643,Kevin,Patel,emp1643@apexglobal.com,+14150001643,MANAGER,North America Division Branch 2 Unit 1
CK1644,Amanda,Johnson,emp1644@apexglobal.com,+14150001644,EMPLOYEE,North America Division Branch 2 Unit 2
CK1645,Brian,Rodriguez,emp1645@apexglobal.com,+14150001645,EMPLOYEE,North America Division Branch 3 Unit 1
CK1646,Dorothy,Thomas,emp1646@apexglobal.com,+14150001646,EMPLOYEE,North America Division Branch 3 Unit 2
CK1647,George,Thompson,emp1647@apexglobal.com,+14150001647,EMPLOYEE,North America Division Branch 4 Unit 1
CK1648,Melissa,Robinson,emp1648@apexglobal.com,+14150001648,TRAINER,North America Division Branch 4 Unit 2
CK1649,Timothy,Torres,emp1649@apexglobal.com,+14150001649,MANAGER,EMEA Division Branch 1 Unit 1
CK1650,Deborah,Baker,emp1650@apexglobal.com,+14150001650,EMPLOYEE,EMEA Division Branch 1 Unit 2
CK1651,Ronald,Gomez,emp1651@apexglobal.com,+14150001651,EMPLOYEE,EMEA Division Branch 2 Unit 1
CK1652,Stephanie,Edwards,emp1652@apexglobal.com,+14150001652,EMPLOYEE,EMEA Division Branch 2 Unit 2
CK1653,Edward,Cook,emp1653@apexglobal.com,+14150001653,EMPLOYEE,EMEA Division Branch 3 Unit 1
CK1654,Rebecca,Bailey,emp1654@apexglobal.com,+14150001654,TRAINER,EMEA Division Branch 3 Unit 2
CK1655,Jason,Ward,emp1655@apexglobal.com,+14150001655,MANAGER,EMEA Division Branch 4 Unit 1
CK1656,Sharon,Bennett,emp1656@apexglobal.com,+14150001656,EMPLOYEE,EMEA Division Branch 4 Unit 2
CK1657,Jeffrey,Castillo,emp1657@apexglobal.com,+14150001657,EMPLOYEE,APAC Division Branch 1 Unit 1
CK1658,Laura,Jimenez,emp1658@apexglobal.com,+14150001658,EMPLOYEE,APAC Division Branch 1 Unit 2
CK1659,Ryan,Miller,emp1659@apexglobal.com,+14150001659,EMPLOYEE,APAC Division Branch 2 Unit 1
CK1660,Cynthia,Wilson,emp1660@apexglobal.com,+14150001660,TRAINER,APAC Division Branch 2 Unit 2
CK1661,Jacob,Lee,emp1661@apexglobal.com,+14150001661,MANAGER,APAC Division Branch 3 Unit 1
CK1662,Kathleen,Ramirez,emp1662@apexglobal.com,+14150001662,EMPLOYEE,APAC Division Branch 3 Unit 2
CK1663,Gary,Wright,emp1663@apexglobal.com,+14150001663,EMPLOYEE,APAC Division Branch 4 Unit 1
CK1664,Amy,Adams,emp1664@apexglobal.com,+14150001664,EMPLOYEE,APAC Division Branch 4 Unit 2
CK1665,Nicholas,Carter,emp1665@apexglobal.com,+14150001665,EMPLOYEE,LATAM Division Branch 1 Unit 1
CK1666,Angela,Parker,emp1666@apexglobal.com,+14150001666,TRAINER,LATAM Division Branch 1 Unit 2
CK1667,Eric,Morales,emp1667@apexglobal.com,+14150001667,MANAGER,LATAM Division Branch 2 Unit 1
CK1668,Shirley,Cooper,emp1668@apexglobal.com,+14150001668,EMPLOYEE,LATAM Division Branch 2 Unit 2
CK1669,Jonathan,Kim,emp1669@apexglobal.com,+14150001669,EMPLOYEE,LATAM Division Branch 3 Unit 1
CK1670,Anna,Wood,emp1670@apexglobal.com,+14150001670,EMPLOYEE,LATAM Division Branch 3 Unit 2
CK1671,Stephen,Price,emp1671@apexglobal.com,+14150001671,EMPLOYEE,Global Engineering Branch 1 Unit 1
CK1672,Brenda,Ross,emp1672@apexglobal.com,+14150001672,TRAINER,Global Engineering Branch 1 Unit 2
CK1673,Larry,Jones,emp1673@apexglobal.com,+14150001673,MANAGER,Global Engineering Branch 2 Unit 1
CK1674,Pamela,Lopez,emp1674@apexglobal.com,+14150001674,EMPLOYEE,Global Engineering Branch 2 Unit 2
CK1675,Justin,Jackson,emp1675@apexglobal.com,+14150001675,EMPLOYEE,Global Engineering Branch 3 Unit 1
CK1676,Emma,Sanchez,emp1676@apexglobal.com,+14150001676,EMPLOYEE,Global Engineering Branch 3 Unit 2
CK1677,Scott,Allen,emp1677@apexglobal.com,+14150001677,EMPLOYEE,Product Innovation Branch 1 Unit 1
CK1678,Nicole,Flores,emp1678@apexglobal.com,+14150001678,TRAINER,Product Innovation Branch 1 Unit 2
CK1679,Brandon,Campbell,emp1679@apexglobal.com,+14150001679,MANAGER,Product Innovation Branch 2 Unit 1
CK1680,Helen,Turner,emp1680@apexglobal.com,+14150001680,EMPLOYEE,Product Innovation Branch 2 Unit 2
CK1681,Benjamin,Stewart,emp1681@apexglobal.com,+14150001681,EMPLOYEE,Product Innovation Branch 3 Unit 1
CK1682,Samantha,Ortiz,emp1682@apexglobal.com,+14150001682,EMPLOYEE,Product Innovation Branch 3 Unit 2
CK1683,Samuel,Howard,emp1683@apexglobal.com,+14150001683,EMPLOYEE,Financial Services Branch 1 Unit 1
CK1684,Katherine,Brooks,emp1684@apexglobal.com,+14150001684,TRAINER,Financial Services Branch 1 Unit 2
CK1685,Gregory,Ruiz,emp1685@apexglobal.com,+14150001685,MANAGER,Financial Services Branch 2 Unit 1
CK1686,Christine,Myers,emp1686@apexglobal.com,+14150001686,EMPLOYEE,Financial Services Branch 2 Unit 2
CK1687,Alexander,Williams,emp1687@apexglobal.com,+14150001687,EMPLOYEE,Financial Services Branch 3 Unit 1
CK1688,Debra,Martinez,emp1688@apexglobal.com,+14150001688,EMPLOYEE,Financial Services Branch 3 Unit 2
CK1689,Frank,Taylor,emp1689@apexglobal.com,+14150001689,EMPLOYEE,People and Culture Branch 1 Unit 1
CK1690,Rachel,White,emp1690@apexglobal.com,+14150001690,TRAINER,People and Culture Branch 1 Unit 2
CK1691,Patrick,Walker,emp1691@apexglobal.com,+14150001691,MANAGER,People and Culture Branch 2 Unit 1
CK1692,Carolyn,Nguyen,emp1692@apexglobal.com,+14150001692,EMPLOYEE,People and Culture Branch 2 Unit 2
CK1693,Raymond,Hall,emp1693@apexglobal.com,+14150001693,EMPLOYEE,People and Culture Branch 3 Unit 1
CK1694,Janet,Phillips,emp1694@apexglobal.com,+14150001694,EMPLOYEE,People and Culture Branch 3 Unit 2
CK1695,Jack,Collins,emp1695@apexglobal.com,+14150001695,EMPLOYEE,Legal and Risk Branch 1 Unit 1
CK1696,Maria,Rogers,emp1696@apexglobal.com,+14150001696,TRAINER,Legal and Risk Branch 1 Unit 2
CK1697,Dennis,Reed,emp1697@apexglobal.com,+14150001697,MANAGER,Legal and Risk Branch 2 Unit 1
CK1698,Heather,Richardson,emp1698@apexglobal.com,+14150001698,EMPLOYEE,Legal and Risk Branch 2 Unit 2
CK1699,Jerry,Gray,emp1699@apexglobal.com,+14150001699,EMPLOYEE,Legal and Risk Branch 3 Unit 1
CK1700,Diane,Sanders,emp1700@apexglobal.com,+14150001700,EMPLOYEE,Legal and Risk Branch 3 Unit 2
CK1701,James,Smith,emp1701@apexglobal.com,+14150001701,EMPLOYEE,Apex Global Corporation
CK1702,Mary,Davis,emp1702@apexglobal.com,+14150001702,TRAINER,North America Division
CK1703,Robert,Anderson,emp1703@apexglobal.com,+14150001703,MANAGER,EMEA Division
CK1704,Patricia,Perez,emp1704@apexglobal.com,+14150001704,EMPLOYEE,APAC Division
CK1705,John,Lewis,emp1705@apexglobal.com,+14150001705,EMPLOYEE,LATAM Division
CK1706,Jennifer,Scott,emp1706@apexglobal.com,+14150001706,EMPLOYEE,Global Engineering
CK1707,Michael,Nelson,emp1707@apexglobal.com,+14150001707,EMPLOYEE,Product Innovation
CK1708,Linda,Roberts,emp1708@apexglobal.com,+14150001708,TRAINER,Financial Services
CK1709,David,Cruz,emp1709@apexglobal.com,+14150001709,MANAGER,People and Culture
CK1710,Elizabeth,Murphy,emp1710@apexglobal.com,+14150001710,EMPLOYEE,Legal and Risk
CK1711,William,Peterson,emp1711@apexglobal.com,+14150001711,EMPLOYEE,North America Division Branch 1
CK1712,Barbara,Cox,emp1712@apexglobal.com,+14150001712,EMPLOYEE,North America Division Branch 2
CK1713,Richard,James,emp1713@apexglobal.com,+14150001713,EMPLOYEE,North America Division Branch 3
CK1714,Susan,Alvarez,emp1714@apexglobal.com,+14150001714,TRAINER,North America Division Branch 4
CK1715,Joseph,Foster,emp1715@apexglobal.com,+14150001715,MANAGER,EMEA Division Branch 1
CK1716,Jessica,Garcia,emp1716@apexglobal.com,+14150001716,EMPLOYEE,EMEA Division Branch 2
CK1717,Thomas,Gonzalez,emp1717@apexglobal.com,+14150001717,EMPLOYEE,EMEA Division Branch 3
CK1718,Sarah,Martin,emp1718@apexglobal.com,+14150001718,EMPLOYEE,EMEA Division Branch 4
CK1719,Charles,Clark,emp1719@apexglobal.com,+14150001719,EMPLOYEE,APAC Division Branch 1
CK1720,Karen,King,emp1720@apexglobal.com,+14150001720,TRAINER,APAC Division Branch 2
CK1721,Christopher,Green,emp1721@apexglobal.com,+14150001721,MANAGER,APAC Division Branch 3
CK1722,Lisa,Mitchell,emp1722@apexglobal.com,+14150001722,EMPLOYEE,APAC Division Branch 4
CK1723,Daniel,Diaz,emp1723@apexglobal.com,+14150001723,EMPLOYEE,LATAM Division Branch 1
CK1724,Nancy,Morris,emp1724@apexglobal.com,+14150001724,EMPLOYEE,LATAM Division Branch 2
CK1725,Matthew,Morgan,emp1725@apexglobal.com,+14150001725,EMPLOYEE,LATAM Division Branch 3
CK1726,Betty,Ramos,emp1726@apexglobal.com,+14150001726,TRAINER,Global Engineering Branch 1
CK1727,Anthony,Chavez,emp1727@apexglobal.com,+14150001727,MANAGER,Global Engineering Branch 2
CK1728,Margaret,Hughes,emp1728@apexglobal.com,+14150001728,EMPLOYEE,Global Engineering Branch 3
CK1729,Mark,Long,emp1729@apexglobal.com,+14150001729,EMPLOYEE,Product Innovation Branch 1
CK1730,Sandra,Brown,emp1730@apexglobal.com,+14150001730,EMPLOYEE,Product Innovation Branch 2
CK1731,Donald,Hernandez,emp1731@apexglobal.com,+14150001731,EMPLOYEE,Product Innovation Branch 3
CK1732,Ashley,Moore,emp1732@apexglobal.com,+14150001732,TRAINER,Financial Services Branch 1
CK1733,Steven,Harris,emp1733@apexglobal.com,+14150001733,MANAGER,Financial Services Branch 2
CK1734,Kimberly,Young,emp1734@apexglobal.com,+14150001734,EMPLOYEE,Financial Services Branch 3
CK1735,Paul,Hill,emp1735@apexglobal.com,+14150001735,EMPLOYEE,People and Culture Branch 1
CK1736,Emily,Rivera,emp1736@apexglobal.com,+14150001736,EMPLOYEE,People and Culture Branch 2
CK1737,Andrew,Evans,emp1737@apexglobal.com,+14150001737,EMPLOYEE,People and Culture Branch 3
CK1738,Donna,Reyes,emp1738@apexglobal.com,+14150001738,TRAINER,Legal and Risk Branch 1
CK1739,Joshua,Gutierrez,emp1739@apexglobal.com,+14150001739,MANAGER,Legal and Risk Branch 2
CK1740,Michelle,Kelly,emp1740@apexglobal.com,+14150001740,EMPLOYEE,Legal and Risk Branch 3
CK1741,Kenneth,Watson,emp1741@apexglobal.com,+14150001741,EMPLOYEE,North America Division Branch 1 Unit 1
CK1742,Carol,Mendoza,emp1742@apexglobal.com,+14150001742,EMPLOYEE,North America Division Branch 1 Unit 2
CK1743,Kevin,Patel,emp1743@apexglobal.com,+14150001743,EMPLOYEE,North America Division Branch 2 Unit 1
CK1744,Amanda,Johnson,emp1744@apexglobal.com,+14150001744,TRAINER,North America Division Branch 2 Unit 2
CK1745,Brian,Rodriguez,emp1745@apexglobal.com,+14150001745,MANAGER,North America Division Branch 3 Unit 1
CK1746,Dorothy,Thomas,emp1746@apexglobal.com,+14150001746,EMPLOYEE,North America Division Branch 3 Unit 2
CK1747,George,Thompson,emp1747@apexglobal.com,+14150001747,EMPLOYEE,North America Division Branch 4 Unit 1
CK1748,Melissa,Robinson,emp1748@apexglobal.com,+14150001748,EMPLOYEE,North America Division Branch 4 Unit 2
CK1749,Timothy,Torres,emp1749@apexglobal.com,+14150001749,EMPLOYEE,EMEA Division Branch 1 Unit 1
CK1750,Deborah,Baker,emp1750@apexglobal.com,+14150001750,TRAINER,EMEA Division Branch 1 Unit 2
CK1751,Ronald,Gomez,emp1751@apexglobal.com,+14150001751,MANAGER,EMEA Division Branch 2 Unit 1
CK1752,Stephanie,Edwards,emp1752@apexglobal.com,+14150001752,EMPLOYEE,EMEA Division Branch 2 Unit 2
CK1753,Edward,Cook,emp1753@apexglobal.com,+14150001753,EMPLOYEE,EMEA Division Branch 3 Unit 1
CK1754,Rebecca,Bailey,emp1754@apexglobal.com,+14150001754,EMPLOYEE,EMEA Division Branch 3 Unit 2
CK1755,Jason,Ward,emp1755@apexglobal.com,+14150001755,EMPLOYEE,EMEA Division Branch 4 Unit 1
CK1756,Sharon,Bennett,emp1756@apexglobal.com,+14150001756,TRAINER,EMEA Division Branch 4 Unit 2
CK1757,Jeffrey,Castillo,emp1757@apexglobal.com,+14150001757,MANAGER,APAC Division Branch 1 Unit 1
CK1758,Laura,Jimenez,emp1758@apexglobal.com,+14150001758,EMPLOYEE,APAC Division Branch 1 Unit 2
CK1759,Ryan,Miller,emp1759@apexglobal.com,+14150001759,EMPLOYEE,APAC Division Branch 2 Unit 1
CK1760,Cynthia,Wilson,emp1760@apexglobal.com,+14150001760,EMPLOYEE,APAC Division Branch 2 Unit 2
CK1761,Jacob,Lee,emp1761@apexglobal.com,+14150001761,EMPLOYEE,APAC Division Branch 3 Unit 1
CK1762,Kathleen,Ramirez,emp1762@apexglobal.com,+14150001762,TRAINER,APAC Division Branch 3 Unit 2
CK1763,Gary,Wright,emp1763@apexglobal.com,+14150001763,MANAGER,APAC Division Branch 4 Unit 1
CK1764,Amy,Adams,emp1764@apexglobal.com,+14150001764,EMPLOYEE,APAC Division Branch 4 Unit 2
CK1765,Nicholas,Carter,emp1765@apexglobal.com,+14150001765,EMPLOYEE,LATAM Division Branch 1 Unit 1
CK1766,Angela,Parker,emp1766@apexglobal.com,+14150001766,EMPLOYEE,LATAM Division Branch 1 Unit 2
CK1767,Eric,Morales,emp1767@apexglobal.com,+14150001767,EMPLOYEE,LATAM Division Branch 2 Unit 1
CK1768,Shirley,Cooper,emp1768@apexglobal.com,+14150001768,TRAINER,LATAM Division Branch 2 Unit 2
CK1769,Jonathan,Kim,emp1769@apexglobal.com,+14150001769,MANAGER,LATAM Division Branch 3 Unit 1
CK1770,Anna,Wood,emp1770@apexglobal.com,+14150001770,EMPLOYEE,LATAM Division Branch 3 Unit 2
CK1771,Stephen,Price,emp1771@apexglobal.com,+14150001771,EMPLOYEE,Global Engineering Branch 1 Unit 1
CK1772,Brenda,Ross,emp1772@apexglobal.com,+14150001772,EMPLOYEE,Global Engineering Branch 1 Unit 2
CK1773,Larry,Jones,emp1773@apexglobal.com,+14150001773,EMPLOYEE,Global Engineering Branch 2 Unit 1
CK1774,Pamela,Lopez,emp1774@apexglobal.com,+14150001774,TRAINER,Global Engineering Branch 2 Unit 2
CK1775,Justin,Jackson,emp1775@apexglobal.com,+14150001775,MANAGER,Global Engineering Branch 3 Unit 1
CK1776,Emma,Sanchez,emp1776@apexglobal.com,+14150001776,EMPLOYEE,Global Engineering Branch 3 Unit 2
CK1777,Scott,Allen,emp1777@apexglobal.com,+14150001777,EMPLOYEE,Product Innovation Branch 1 Unit 1
CK1778,Nicole,Flores,emp1778@apexglobal.com,+14150001778,EMPLOYEE,Product Innovation Branch 1 Unit 2
CK1779,Brandon,Campbell,emp1779@apexglobal.com,+14150001779,EMPLOYEE,Product Innovation Branch 2 Unit 1
CK1780,Helen,Turner,emp1780@apexglobal.com,+14150001780,TRAINER,Product Innovation Branch 2 Unit 2
CK1781,Benjamin,Stewart,emp1781@apexglobal.com,+14150001781,MANAGER,Product Innovation Branch 3 Unit 1
CK1782,Samantha,Ortiz,emp1782@apexglobal.com,+14150001782,EMPLOYEE,Product Innovation Branch 3 Unit 2
CK1783,Samuel,Howard,emp1783@apexglobal.com,+14150001783,EMPLOYEE,Financial Services Branch 1 Unit 1
CK1784,Katherine,Brooks,emp1784@apexglobal.com,+14150001784,EMPLOYEE,Financial Services Branch 1 Unit 2
CK1785,Gregory,Ruiz,emp1785@apexglobal.com,+14150001785,EMPLOYEE,Financial Services Branch 2 Unit 1
CK1786,Christine,Myers,emp1786@apexglobal.com,+14150001786,TRAINER,Financial Services Branch 2 Unit 2
CK1787,Alexander,Williams,emp1787@apexglobal.com,+14150001787,MANAGER,Financial Services Branch 3 Unit 1
CK1788,Debra,Martinez,emp1788@apexglobal.com,+14150001788,EMPLOYEE,Financial Services Branch 3 Unit 2
CK1789,Frank,Taylor,emp1789@apexglobal.com,+14150001789,EMPLOYEE,People and Culture Branch 1 Unit 1
CK1790,Rachel,White,emp1790@apexglobal.com,+14150001790,EMPLOYEE,People and Culture Branch 1 Unit 2
CK1791,Patrick,Walker,emp1791@apexglobal.com,+14150001791,EMPLOYEE,People and Culture Branch 2 Unit 1
CK1792,Carolyn,Nguyen,emp1792@apexglobal.com,+14150001792,TRAINER,People and Culture Branch 2 Unit 2
CK1793,Raymond,Hall,emp1793@apexglobal.com,+14150001793,MANAGER,People and Culture Branch 3 Unit 1
CK1794,Janet,Phillips,emp1794@apexglobal.com,+14150001794,EMPLOYEE,People and Culture Branch 3 Unit 2
CK1795,Jack,Collins,emp1795@apexglobal.com,+14150001795,EMPLOYEE,Legal and Risk Branch 1 Unit 1
CK1796,Maria,Rogers,emp1796@apexglobal.com,+14150001796,EMPLOYEE,Legal and Risk Branch 1 Unit 2
CK1797,Dennis,Reed,emp1797@apexglobal.com,+14150001797,EMPLOYEE,Legal and Risk Branch 2 Unit 1
CK1798,Heather,Richardson,emp1798@apexglobal.com,+14150001798,TRAINER,Legal and Risk Branch 2 Unit 2
CK1799,Jerry,Gray,emp1799@apexglobal.com,+14150001799,MANAGER,Legal and Risk Branch 3 Unit 1
CK1800,Diane,Sanders,emp1800@apexglobal.com,+14150001800,EMPLOYEE,Legal and Risk Branch 3 Unit 2
CK1801,James,Smith,emp1801@apexglobal.com,+14150001801,EMPLOYEE,Apex Global Corporation
CK1802,Mary,Davis,emp1802@apexglobal.com,+14150001802,EMPLOYEE,North America Division
CK1803,Robert,Anderson,emp1803@apexglobal.com,+14150001803,EMPLOYEE,EMEA Division
CK1804,Patricia,Perez,emp1804@apexglobal.com,+14150001804,TRAINER,APAC Division
CK1805,John,Lewis,emp1805@apexglobal.com,+14150001805,MANAGER,LATAM Division
CK1806,Jennifer,Scott,emp1806@apexglobal.com,+14150001806,EMPLOYEE,Global Engineering
CK1807,Michael,Nelson,emp1807@apexglobal.com,+14150001807,EMPLOYEE,Product Innovation
CK1808,Linda,Roberts,emp1808@apexglobal.com,+14150001808,EMPLOYEE,Financial Services
CK1809,David,Cruz,emp1809@apexglobal.com,+14150001809,EMPLOYEE,People and Culture
CK1810,Elizabeth,Murphy,emp1810@apexglobal.com,+14150001810,TRAINER,Legal and Risk
CK1811,William,Peterson,emp1811@apexglobal.com,+14150001811,MANAGER,North America Division Branch 1
CK1812,Barbara,Cox,emp1812@apexglobal.com,+14150001812,EMPLOYEE,North America Division Branch 2
CK1813,Richard,James,emp1813@apexglobal.com,+14150001813,EMPLOYEE,North America Division Branch 3
CK1814,Susan,Alvarez,emp1814@apexglobal.com,+14150001814,EMPLOYEE,North America Division Branch 4
CK1815,Joseph,Foster,emp1815@apexglobal.com,+14150001815,EMPLOYEE,EMEA Division Branch 1
CK1816,Jessica,Garcia,emp1816@apexglobal.com,+14150001816,TRAINER,EMEA Division Branch 2
CK1817,Thomas,Gonzalez,emp1817@apexglobal.com,+14150001817,MANAGER,EMEA Division Branch 3
CK1818,Sarah,Martin,emp1818@apexglobal.com,+14150001818,EMPLOYEE,EMEA Division Branch 4
CK1819,Charles,Clark,emp1819@apexglobal.com,+14150001819,EMPLOYEE,APAC Division Branch 1
CK1820,Karen,King,emp1820@apexglobal.com,+14150001820,EMPLOYEE,APAC Division Branch 2
CK1821,Christopher,Green,emp1821@apexglobal.com,+14150001821,EMPLOYEE,APAC Division Branch 3
CK1822,Lisa,Mitchell,emp1822@apexglobal.com,+14150001822,TRAINER,APAC Division Branch 4
CK1823,Daniel,Diaz,emp1823@apexglobal.com,+14150001823,MANAGER,LATAM Division Branch 1
CK1824,Nancy,Morris,emp1824@apexglobal.com,+14150001824,EMPLOYEE,LATAM Division Branch 2
CK1825,Matthew,Morgan,emp1825@apexglobal.com,+14150001825,EMPLOYEE,LATAM Division Branch 3
CK1826,Betty,Ramos,emp1826@apexglobal.com,+14150001826,EMPLOYEE,Global Engineering Branch 1
CK1827,Anthony,Chavez,emp1827@apexglobal.com,+14150001827,EMPLOYEE,Global Engineering Branch 2
CK1828,Margaret,Hughes,emp1828@apexglobal.com,+14150001828,TRAINER,Global Engineering Branch 3
CK1829,Mark,Long,emp1829@apexglobal.com,+14150001829,MANAGER,Product Innovation Branch 1
CK1830,Sandra,Brown,emp1830@apexglobal.com,+14150001830,EMPLOYEE,Product Innovation Branch 2
CK1831,Donald,Hernandez,emp1831@apexglobal.com,+14150001831,EMPLOYEE,Product Innovation Branch 3
CK1832,Ashley,Moore,emp1832@apexglobal.com,+14150001832,EMPLOYEE,Financial Services Branch 1
CK1833,Steven,Harris,emp1833@apexglobal.com,+14150001833,EMPLOYEE,Financial Services Branch 2
CK1834,Kimberly,Young,emp1834@apexglobal.com,+14150001834,TRAINER,Financial Services Branch 3
CK1835,Paul,Hill,emp1835@apexglobal.com,+14150001835,MANAGER,People and Culture Branch 1
CK1836,Emily,Rivera,emp1836@apexglobal.com,+14150001836,EMPLOYEE,People and Culture Branch 2
CK1837,Andrew,Evans,emp1837@apexglobal.com,+14150001837,EMPLOYEE,People and Culture Branch 3
CK1838,Donna,Reyes,emp1838@apexglobal.com,+14150001838,EMPLOYEE,Legal and Risk Branch 1
CK1839,Joshua,Gutierrez,emp1839@apexglobal.com,+14150001839,EMPLOYEE,Legal and Risk Branch 2
CK1840,Michelle,Kelly,emp1840@apexglobal.com,+14150001840,TRAINER,Legal and Risk Branch 3
CK1841,Kenneth,Watson,emp1841@apexglobal.com,+14150001841,MANAGER,North America Division Branch 1 Unit 1
CK1842,Carol,Mendoza,emp1842@apexglobal.com,+14150001842,EMPLOYEE,North America Division Branch 1 Unit 2
CK1843,Kevin,Patel,emp1843@apexglobal.com,+14150001843,EMPLOYEE,North America Division Branch 2 Unit 1
CK1844,Amanda,Johnson,emp1844@apexglobal.com,+14150001844,EMPLOYEE,North America Division Branch 2 Unit 2
CK1845,Brian,Rodriguez,emp1845@apexglobal.com,+14150001845,EMPLOYEE,North America Division Branch 3 Unit 1
CK1846,Dorothy,Thomas,emp1846@apexglobal.com,+14150001846,TRAINER,North America Division Branch 3 Unit 2
CK1847,George,Thompson,emp1847@apexglobal.com,+14150001847,MANAGER,North America Division Branch 4 Unit 1
CK1848,Melissa,Robinson,emp1848@apexglobal.com,+14150001848,EMPLOYEE,North America Division Branch 4 Unit 2
CK1849,Timothy,Torres,emp1849@apexglobal.com,+14150001849,EMPLOYEE,EMEA Division Branch 1 Unit 1
CK1850,Deborah,Baker,emp1850@apexglobal.com,+14150001850,EMPLOYEE,EMEA Division Branch 1 Unit 2
CK1851,Ronald,Gomez,emp1851@apexglobal.com,+14150001851,EMPLOYEE,EMEA Division Branch 2 Unit 1
CK1852,Stephanie,Edwards,emp1852@apexglobal.com,+14150001852,TRAINER,EMEA Division Branch 2 Unit 2
CK1853,Edward,Cook,emp1853@apexglobal.com,+14150001853,MANAGER,EMEA Division Branch 3 Unit 1
CK1854,Rebecca,Bailey,emp1854@apexglobal.com,+14150001854,EMPLOYEE,EMEA Division Branch 3 Unit 2
CK1855,Jason,Ward,emp1855@apexglobal.com,+14150001855,EMPLOYEE,EMEA Division Branch 4 Unit 1
CK1856,Sharon,Bennett,emp1856@apexglobal.com,+14150001856,EMPLOYEE,EMEA Division Branch 4 Unit 2
CK1857,Jeffrey,Castillo,emp1857@apexglobal.com,+14150001857,EMPLOYEE,APAC Division Branch 1 Unit 1
CK1858,Laura,Jimenez,emp1858@apexglobal.com,+14150001858,TRAINER,APAC Division Branch 1 Unit 2
CK1859,Ryan,Miller,emp1859@apexglobal.com,+14150001859,MANAGER,APAC Division Branch 2 Unit 1
CK1860,Cynthia,Wilson,emp1860@apexglobal.com,+14150001860,EMPLOYEE,APAC Division Branch 2 Unit 2
CK1861,Jacob,Lee,emp1861@apexglobal.com,+14150001861,EMPLOYEE,APAC Division Branch 3 Unit 1
CK1862,Kathleen,Ramirez,emp1862@apexglobal.com,+14150001862,EMPLOYEE,APAC Division Branch 3 Unit 2
CK1863,Gary,Wright,emp1863@apexglobal.com,+14150001863,EMPLOYEE,APAC Division Branch 4 Unit 1
CK1864,Amy,Adams,emp1864@apexglobal.com,+14150001864,TRAINER,APAC Division Branch 4 Unit 2
CK1865,Nicholas,Carter,emp1865@apexglobal.com,+14150001865,MANAGER,LATAM Division Branch 1 Unit 1
CK1866,Angela,Parker,emp1866@apexglobal.com,+14150001866,EMPLOYEE,LATAM Division Branch 1 Unit 2
CK1867,Eric,Morales,emp1867@apexglobal.com,+14150001867,EMPLOYEE,LATAM Division Branch 2 Unit 1
CK1868,Shirley,Cooper,emp1868@apexglobal.com,+14150001868,EMPLOYEE,LATAM Division Branch 2 Unit 2
CK1869,Jonathan,Kim,emp1869@apexglobal.com,+14150001869,EMPLOYEE,LATAM Division Branch 3 Unit 1
CK1870,Anna,Wood,emp1870@apexglobal.com,+14150001870,TRAINER,LATAM Division Branch 3 Unit 2
CK1871,Stephen,Price,emp1871@apexglobal.com,+14150001871,MANAGER,Global Engineering Branch 1 Unit 1
CK1872,Brenda,Ross,emp1872@apexglobal.com,+14150001872,EMPLOYEE,Global Engineering Branch 1 Unit 2
CK1873,Larry,Jones,emp1873@apexglobal.com,+14150001873,EMPLOYEE,Global Engineering Branch 2 Unit 1
CK1874,Pamela,Lopez,emp1874@apexglobal.com,+14150001874,EMPLOYEE,Global Engineering Branch 2 Unit 2
CK1875,Justin,Jackson,emp1875@apexglobal.com,+14150001875,EMPLOYEE,Global Engineering Branch 3 Unit 1
CK1876,Emma,Sanchez,emp1876@apexglobal.com,+14150001876,TRAINER,Global Engineering Branch 3 Unit 2
CK1877,Scott,Allen,emp1877@apexglobal.com,+14150001877,MANAGER,Product Innovation Branch 1 Unit 1
CK1878,Nicole,Flores,emp1878@apexglobal.com,+14150001878,EMPLOYEE,Product Innovation Branch 1 Unit 2
CK1879,Brandon,Campbell,emp1879@apexglobal.com,+14150001879,EMPLOYEE,Product Innovation Branch 2 Unit 1
CK1880,Helen,Turner,emp1880@apexglobal.com,+14150001880,EMPLOYEE,Product Innovation Branch 2 Unit 2
CK1881,Benjamin,Stewart,emp1881@apexglobal.com,+14150001881,EMPLOYEE,Product Innovation Branch 3 Unit 1
CK1882,Samantha,Ortiz,emp1882@apexglobal.com,+14150001882,TRAINER,Product Innovation Branch 3 Unit 2
CK1883,Samuel,Howard,emp1883@apexglobal.com,+14150001883,MANAGER,Financial Services Branch 1 Unit 1
CK1884,Katherine,Brooks,emp1884@apexglobal.com,+14150001884,EMPLOYEE,Financial Services Branch 1 Unit 2
CK1885,Gregory,Ruiz,emp1885@apexglobal.com,+14150001885,EMPLOYEE,Financial Services Branch 2 Unit 1
CK1886,Christine,Myers,emp1886@apexglobal.com,+14150001886,EMPLOYEE,Financial Services Branch 2 Unit 2
CK1887,Alexander,Williams,emp1887@apexglobal.com,+14150001887,EMPLOYEE,Financial Services Branch 3 Unit 1
CK1888,Debra,Martinez,emp1888@apexglobal.com,+14150001888,TRAINER,Financial Services Branch 3 Unit 2
CK1889,Frank,Taylor,emp1889@apexglobal.com,+14150001889,MANAGER,People and Culture Branch 1 Unit 1
CK1890,Rachel,White,emp1890@apexglobal.com,+14150001890,EMPLOYEE,People and Culture Branch 1 Unit 2
CK1891,Patrick,Walker,emp1891@apexglobal.com,+14150001891,EMPLOYEE,People and Culture Branch 2 Unit 1
CK1892,Carolyn,Nguyen,emp1892@apexglobal.com,+14150001892,EMPLOYEE,People and Culture Branch 2 Unit 2
CK1893,Raymond,Hall,emp1893@apexglobal.com,+14150001893,EMPLOYEE,People and Culture Branch 3 Unit 1
CK1894,Janet,Phillips,emp1894@apexglobal.com,+14150001894,TRAINER,People and Culture Branch 3 Unit 2
CK1895,Jack,Collins,emp1895@apexglobal.com,+14150001895,MANAGER,Legal and Risk Branch 1 Unit 1
CK1896,Maria,Rogers,emp1896@apexglobal.com,+14150001896,EMPLOYEE,Legal and Risk Branch 1 Unit 2
CK1897,Dennis,Reed,emp1897@apexglobal.com,+14150001897,EMPLOYEE,Legal and Risk Branch 2 Unit 1
CK1898,Heather,Richardson,emp1898@apexglobal.com,+14150001898,EMPLOYEE,Legal and Risk Branch 2 Unit 2
CK1899,Jerry,Gray,emp1899@apexglobal.com,+14150001899,EMPLOYEE,Legal and Risk Branch 3 Unit 1
CK1900,Diane,Sanders,emp1900@apexglobal.com,+14150001900,TRAINER,Legal and Risk Branch 3 Unit 2
CK1901,James,Smith,emp1901@apexglobal.com,+14150001901,MANAGER,Apex Global Corporation
CK1902,Mary,Davis,emp1902@apexglobal.com,+14150001902,EMPLOYEE,North America Division
CK1903,Robert,Anderson,emp1903@apexglobal.com,+14150001903,EMPLOYEE,EMEA Division
CK1904,Patricia,Perez,emp1904@apexglobal.com,+14150001904,EMPLOYEE,APAC Division
CK1905,John,Lewis,emp1905@apexglobal.com,+14150001905,EMPLOYEE,LATAM Division
CK1906,Jennifer,Scott,emp1906@apexglobal.com,+14150001906,TRAINER,Global Engineering
CK1907,Michael,Nelson,emp1907@apexglobal.com,+14150001907,MANAGER,Product Innovation
CK1908,Linda,Roberts,emp1908@apexglobal.com,+14150001908,EMPLOYEE,Financial Services
CK1909,David,Cruz,emp1909@apexglobal.com,+14150001909,EMPLOYEE,People and Culture
CK1910,Elizabeth,Murphy,emp1910@apexglobal.com,+14150001910,EMPLOYEE,Legal and Risk
CK1911,William,Peterson,emp1911@apexglobal.com,+14150001911,EMPLOYEE,North America Division Branch 1
CK1912,Barbara,Cox,emp1912@apexglobal.com,+14150001912,TRAINER,North America Division Branch 2
CK1913,Richard,James,emp1913@apexglobal.com,+14150001913,MANAGER,North America Division Branch 3
CK1914,Susan,Alvarez,emp1914@apexglobal.com,+14150001914,EMPLOYEE,North America Division Branch 4
CK1915,Joseph,Foster,emp1915@apexglobal.com,+14150001915,EMPLOYEE,EMEA Division Branch 1
CK1916,Jessica,Garcia,emp1916@apexglobal.com,+14150001916,EMPLOYEE,EMEA Division Branch 2
CK1917,Thomas,Gonzalez,emp1917@apexglobal.com,+14150001917,EMPLOYEE,EMEA Division Branch 3
CK1918,Sarah,Martin,emp1918@apexglobal.com,+14150001918,TRAINER,EMEA Division Branch 4
CK1919,Charles,Clark,emp1919@apexglobal.com,+14150001919,MANAGER,APAC Division Branch 1
CK1920,Karen,King,emp1920@apexglobal.com,+14150001920,EMPLOYEE,APAC Division Branch 2
CK1921,Christopher,Green,emp1921@apexglobal.com,+14150001921,EMPLOYEE,APAC Division Branch 3
CK1922,Lisa,Mitchell,emp1922@apexglobal.com,+14150001922,EMPLOYEE,APAC Division Branch 4
CK1923,Daniel,Diaz,emp1923@apexglobal.com,+14150001923,EMPLOYEE,LATAM Division Branch 1
CK1924,Nancy,Morris,emp1924@apexglobal.com,+14150001924,TRAINER,LATAM Division Branch 2
CK1925,Matthew,Morgan,emp1925@apexglobal.com,+14150001925,MANAGER,LATAM Division Branch 3
CK1926,Betty,Ramos,emp1926@apexglobal.com,+14150001926,EMPLOYEE,Global Engineering Branch 1
CK1927,Anthony,Chavez,emp1927@apexglobal.com,+14150001927,EMPLOYEE,Global Engineering Branch 2
CK1928,Margaret,Hughes,emp1928@apexglobal.com,+14150001928,EMPLOYEE,Global Engineering Branch 3
CK1929,Mark,Long,emp1929@apexglobal.com,+14150001929,EMPLOYEE,Product Innovation Branch 1
CK1930,Sandra,Brown,emp1930@apexglobal.com,+14150001930,TRAINER,Product Innovation Branch 2
CK1931,Donald,Hernandez,emp1931@apexglobal.com,+14150001931,MANAGER,Product Innovation Branch 3
CK1932,Ashley,Moore,emp1932@apexglobal.com,+14150001932,EMPLOYEE,Financial Services Branch 1
CK1933,Steven,Harris,emp1933@apexglobal.com,+14150001933,EMPLOYEE,Financial Services Branch 2
CK1934,Kimberly,Young,emp1934@apexglobal.com,+14150001934,EMPLOYEE,Financial Services Branch 3
CK1935,Paul,Hill,emp1935@apexglobal.com,+14150001935,EMPLOYEE,People and Culture Branch 1
CK1936,Emily,Rivera,emp1936@apexglobal.com,+14150001936,TRAINER,People and Culture Branch 2
CK1937,Andrew,Evans,emp1937@apexglobal.com,+14150001937,MANAGER,People and Culture Branch 3
CK1938,Donna,Reyes,emp1938@apexglobal.com,+14150001938,EMPLOYEE,Legal and Risk Branch 1
CK1939,Joshua,Gutierrez,emp1939@apexglobal.com,+14150001939,EMPLOYEE,Legal and Risk Branch 2
CK1940,Michelle,Kelly,emp1940@apexglobal.com,+14150001940,EMPLOYEE,Legal and Risk Branch 3
CK1941,Kenneth,Watson,emp1941@apexglobal.com,+14150001941,EMPLOYEE,North America Division Branch 1 Unit 1
CK1942,Carol,Mendoza,emp1942@apexglobal.com,+14150001942,TRAINER,North America Division Branch 1 Unit 2
CK1943,Kevin,Patel,emp1943@apexglobal.com,+14150001943,MANAGER,North America Division Branch 2 Unit 1
CK1944,Amanda,Johnson,emp1944@apexglobal.com,+14150001944,EMPLOYEE,North America Division Branch 2 Unit 2
CK1945,Brian,Rodriguez,emp1945@apexglobal.com,+14150001945,EMPLOYEE,North America Division Branch 3 Unit 1
CK1946,Dorothy,Thomas,emp1946@apexglobal.com,+14150001946,EMPLOYEE,North America Division Branch 3 Unit 2
CK1947,George,Thompson,emp1947@apexglobal.com,+14150001947,EMPLOYEE,North America Division Branch 4 Unit 1
CK1948,Melissa,Robinson,emp1948@apexglobal.com,+14150001948,TRAINER,North America Division Branch 4 Unit 2
CK1949,Timothy,Torres,emp1949@apexglobal.com,+14150001949,MANAGER,EMEA Division Branch 1 Unit 1
CK1950,Deborah,Baker,emp1950@apexglobal.com,+14150001950,EMPLOYEE,EMEA Division Branch 1 Unit 2
CK1951,Ronald,Gomez,emp1951@apexglobal.com,+14150001951,EMPLOYEE,EMEA Division Branch 2 Unit 1
CK1952,Stephanie,Edwards,emp1952@apexglobal.com,+14150001952,EMPLOYEE,EMEA Division Branch 2 Unit 2
CK1953,Edward,Cook,emp1953@apexglobal.com,+14150001953,EMPLOYEE,EMEA Division Branch 3 Unit 1
CK1954,Rebecca,Bailey,emp1954@apexglobal.com,+14150001954,TRAINER,EMEA Division Branch 3 Unit 2
CK1955,Jason,Ward,emp1955@apexglobal.com,+14150001955,MANAGER,EMEA Division Branch 4 Unit 1
CK1956,Sharon,Bennett,emp1956@apexglobal.com,+14150001956,EMPLOYEE,EMEA Division Branch 4 Unit 2
CK1957,Jeffrey,Castillo,emp1957@apexglobal.com,+14150001957,EMPLOYEE,APAC Division Branch 1 Unit 1
CK1958,Laura,Jimenez,emp1958@apexglobal.com,+14150001958,EMPLOYEE,APAC Division Branch 1 Unit 2
CK1959,Ryan,Miller,emp1959@apexglobal.com,+14150001959,EMPLOYEE,APAC Division Branch 2 Unit 1
CK1960,Cynthia,Wilson,emp1960@apexglobal.com,+14150001960,TRAINER,APAC Division Branch 2 Unit 2
CK1961,Jacob,Lee,emp1961@apexglobal.com,+14150001961,MANAGER,APAC Division Branch 3 Unit 1
CK1962,Kathleen,Ramirez,emp1962@apexglobal.com,+14150001962,EMPLOYEE,APAC Division Branch 3 Unit 2
CK1963,Gary,Wright,emp1963@apexglobal.com,+14150001963,EMPLOYEE,APAC Division Branch 4 Unit 1
CK1964,Amy,Adams,emp1964@apexglobal.com,+14150001964,EMPLOYEE,APAC Division Branch 4 Unit 2
CK1965,Nicholas,Carter,emp1965@apexglobal.com,+14150001965,EMPLOYEE,LATAM Division Branch 1 Unit 1
CK1966,Angela,Parker,emp1966@apexglobal.com,+14150001966,TRAINER,LATAM Division Branch 1 Unit 2
CK1967,Eric,Morales,emp1967@apexglobal.com,+14150001967,MANAGER,LATAM Division Branch 2 Unit 1
CK1968,Shirley,Cooper,emp1968@apexglobal.com,+14150001968,EMPLOYEE,LATAM Division Branch 2 Unit 2
CK1969,Jonathan,Kim,emp1969@apexglobal.com,+14150001969,EMPLOYEE,LATAM Division Branch 3 Unit 1
CK1970,Anna,Wood,emp1970@apexglobal.com,+14150001970,EMPLOYEE,LATAM Division Branch 3 Unit 2
CK1971,Stephen,Price,emp1971@apexglobal.com,+14150001971,EMPLOYEE,Global Engineering Branch 1 Unit 1
CK1972,Brenda,Ross,emp1972@apexglobal.com,+14150001972,TRAINER,Global Engineering Branch 1 Unit 2
CK1973,Larry,Jones,emp1973@apexglobal.com,+14150001973,MANAGER,Global Engineering Branch 2 Unit 1
CK1974,Pamela,Lopez,emp1974@apexglobal.com,+14150001974,EMPLOYEE,Global Engineering Branch 2 Unit 2
CK1975,Justin,Jackson,emp1975@apexglobal.com,+14150001975,EMPLOYEE,Global Engineering Branch 3 Unit 1
CK1976,Emma,Sanchez,emp1976@apexglobal.com,+14150001976,EMPLOYEE,Global Engineering Branch 3 Unit 2
CK1977,Scott,Allen,emp1977@apexglobal.com,+14150001977,EMPLOYEE,Product Innovation Branch 1 Unit 1
CK1978,Nicole,Flores,emp1978@apexglobal.com,+14150001978,TRAINER,Product Innovation Branch 1 Unit 2
CK1979,Brandon,Campbell,emp1979@apexglobal.com,+14150001979,MANAGER,Product Innovation Branch 2 Unit 1
CK1980,Helen,Turner,emp1980@apexglobal.com,+14150001980,EMPLOYEE,Product Innovation Branch 2 Unit 2
CK1981,Benjamin,Stewart,emp1981@apexglobal.com,+14150001981,EMPLOYEE,Product Innovation Branch 3 Unit 1
CK1982,Samantha,Ortiz,emp1982@apexglobal.com,+14150001982,EMPLOYEE,Product Innovation Branch 3 Unit 2
CK1983,Samuel,Howard,emp1983@apexglobal.com,+14150001983,EMPLOYEE,Financial Services Branch 1 Unit 1
CK1984,Katherine,Brooks,emp1984@apexglobal.com,+14150001984,TRAINER,Financial Services Branch 1 Unit 2
CK1985,Gregory,Ruiz,emp1985@apexglobal.com,+14150001985,MANAGER,Financial Services Branch 2 Unit 1
CK1986,Christine,Myers,emp1986@apexglobal.com,+14150001986,EMPLOYEE,Financial Services Branch 2 Unit 2
CK1987,Alexander,Williams,emp1987@apexglobal.com,+14150001987,EMPLOYEE,Financial Services Branch 3 Unit 1
CK1988,Debra,Martinez,emp1988@apexglobal.com,+14150001988,EMPLOYEE,Financial Services Branch 3 Unit 2
CK1989,Frank,Taylor,emp1989@apexglobal.com,+14150001989,EMPLOYEE,People and Culture Branch 1 Unit 1
CK1990,Rachel,White,emp1990@apexglobal.com,+14150001990,TRAINER,People and Culture Branch 1 Unit 2
CK1991,Patrick,Walker,emp1991@apexglobal.com,+14150001991,MANAGER,People and Culture Branch 2 Unit 1
CK1992,Carolyn,Nguyen,emp1992@apexglobal.com,+14150001992,EMPLOYEE,People and Culture Branch 2 Unit 2
CK1993,Raymond,Hall,emp1993@apexglobal.com,+14150001993,EMPLOYEE,People and Culture Branch 3 Unit 1
CK1994,Janet,Phillips,emp1994@apexglobal.com,+14150001994,EMPLOYEE,People and Culture Branch 3 Unit 2
CK1995,Jack,Collins,emp1995@apexglobal.com,+14150001995,EMPLOYEE,Legal and Risk Branch 1 Unit 1
CK1996,Maria,Rogers,emp1996@apexglobal.com,+14150001996,TRAINER,Legal and Risk Branch 1 Unit 2
CK1997,Dennis,Reed,emp1997@apexglobal.com,+14150001997,MANAGER,Legal and Risk Branch 2 Unit 1
CK1998,Heather,Richardson,emp1998@apexglobal.com,+14150001998,EMPLOYEE,Legal and Risk Branch 2 Unit 2
CK1999,Jerry,Gray,emp1999@apexglobal.com,+14150001999,EMPLOYEE,Legal and Risk Branch 3 Unit 1
CK2000,Diane,Sanders,emp2000@apexglobal.com,+14150002000,EMPLOYEE,Legal and Risk Branch 3 Unit 2
CK2001,James,Smith,emp2001@apexglobal.com,+14150002001,EMPLOYEE,Apex Global Corporation
CK2002,Mary,Davis,emp2002@apexglobal.com,+14150002002,TRAINER,North America Division
CK2003,Robert,Anderson,emp2003@apexglobal.com,+14150002003,MANAGER,EMEA Division
CK2004,Patricia,Perez,emp2004@apexglobal.com,+14150002004,EMPLOYEE,APAC Division
CK2005,John,Lewis,emp2005@apexglobal.com,+14150002005,EMPLOYEE,LATAM Division
CK2006,Jennifer,Scott,emp2006@apexglobal.com,+14150002006,EMPLOYEE,Global Engineering
CK2007,Michael,Nelson,emp2007@apexglobal.com,+14150002007,EMPLOYEE,Product Innovation
CK2008,Linda,Roberts,emp2008@apexglobal.com,+14150002008,TRAINER,Financial Services
CK2009,David,Cruz,emp2009@apexglobal.com,+14150002009,MANAGER,People and Culture
CK2010,Elizabeth,Murphy,emp2010@apexglobal.com,+14150002010,EMPLOYEE,Legal and Risk
CK2011,William,Peterson,emp2011@apexglobal.com,+14150002011,EMPLOYEE,North America Division Branch 1
CK2012,Barbara,Cox,emp2012@apexglobal.com,+14150002012,EMPLOYEE,North America Division Branch 2
CK2013,Richard,James,emp2013@apexglobal.com,+14150002013,EMPLOYEE,North America Division Branch 3
CK2014,Susan,Alvarez,emp2014@apexglobal.com,+14150002014,TRAINER,North America Division Branch 4
CK2015,Joseph,Foster,emp2015@apexglobal.com,+14150002015,MANAGER,EMEA Division Branch 1
CK2016,Jessica,Garcia,emp2016@apexglobal.com,+14150002016,EMPLOYEE,EMEA Division Branch 2
CK2017,Thomas,Gonzalez,emp2017@apexglobal.com,+14150002017,EMPLOYEE,EMEA Division Branch 3
CK2018,Sarah,Martin,emp2018@apexglobal.com,+14150002018,EMPLOYEE,EMEA Division Branch 4
CK2019,Charles,Clark,emp2019@apexglobal.com,+14150002019,EMPLOYEE,APAC Division Branch 1
CK2020,Karen,King,emp2020@apexglobal.com,+14150002020,TRAINER,APAC Division Branch 2
CK2021,Christopher,Green,emp2021@apexglobal.com,+14150002021,MANAGER,APAC Division Branch 3
CK2022,Lisa,Mitchell,emp2022@apexglobal.com,+14150002022,EMPLOYEE,APAC Division Branch 4
CK2023,Daniel,Diaz,emp2023@apexglobal.com,+14150002023,EMPLOYEE,LATAM Division Branch 1
CK2024,Nancy,Morris,emp2024@apexglobal.com,+14150002024,EMPLOYEE,LATAM Division Branch 2
CK2025,Matthew,Morgan,emp2025@apexglobal.com,+14150002025,EMPLOYEE,LATAM Division Branch 3
CK2026,Betty,Ramos,emp2026@apexglobal.com,+14150002026,TRAINER,Global Engineering Branch 1
CK2027,Anthony,Chavez,emp2027@apexglobal.com,+14150002027,MANAGER,Global Engineering Branch 2
CK2028,Margaret,Hughes,emp2028@apexglobal.com,+14150002028,EMPLOYEE,Global Engineering Branch 3
CK2029,Mark,Long,emp2029@apexglobal.com,+14150002029,EMPLOYEE,Product Innovation Branch 1
CK2030,Sandra,Brown,emp2030@apexglobal.com,+14150002030,EMPLOYEE,Product Innovation Branch 2
CK2031,Donald,Hernandez,emp2031@apexglobal.com,+14150002031,EMPLOYEE,Product Innovation Branch 3
CK2032,Ashley,Moore,emp2032@apexglobal.com,+14150002032,TRAINER,Financial Services Branch 1
CK2033,Steven,Harris,emp2033@apexglobal.com,+14150002033,MANAGER,Financial Services Branch 2
CK2034,Kimberly,Young,emp2034@apexglobal.com,+14150002034,EMPLOYEE,Financial Services Branch 3
CK2035,Paul,Hill,emp2035@apexglobal.com,+14150002035,EMPLOYEE,People and Culture Branch 1
CK2036,Emily,Rivera,emp2036@apexglobal.com,+14150002036,EMPLOYEE,People and Culture Branch 2
CK2037,Andrew,Evans,emp2037@apexglobal.com,+14150002037,EMPLOYEE,People and Culture Branch 3
CK2038,Donna,Reyes,emp2038@apexglobal.com,+14150002038,TRAINER,Legal and Risk Branch 1
CK2039,Joshua,Gutierrez,emp2039@apexglobal.com,+14150002039,MANAGER,Legal and Risk Branch 2
CK2040,Michelle,Kelly,emp2040@apexglobal.com,+14150002040,EMPLOYEE,Legal and Risk Branch 3
CK2041,Kenneth,Watson,emp2041@apexglobal.com,+14150002041,EMPLOYEE,North America Division Branch 1 Unit 1
CK2042,Carol,Mendoza,emp2042@apexglobal.com,+14150002042,EMPLOYEE,North America Division Branch 1 Unit 2
CK2043,Kevin,Patel,emp2043@apexglobal.com,+14150002043,EMPLOYEE,North America Division Branch 2 Unit 1
CK2044,Amanda,Johnson,emp2044@apexglobal.com,+14150002044,TRAINER,North America Division Branch 2 Unit 2
CK2045,Brian,Rodriguez,emp2045@apexglobal.com,+14150002045,MANAGER,North America Division Branch 3 Unit 1
CK2046,Dorothy,Thomas,emp2046@apexglobal.com,+14150002046,EMPLOYEE,North America Division Branch 3 Unit 2
CK2047,George,Thompson,emp2047@apexglobal.com,+14150002047,EMPLOYEE,North America Division Branch 4 Unit 1
CK2048,Melissa,Robinson,emp2048@apexglobal.com,+14150002048,EMPLOYEE,North America Division Branch 4 Unit 2
CK2049,Timothy,Torres,emp2049@apexglobal.com,+14150002049,EMPLOYEE,EMEA Division Branch 1 Unit 1
CK2050,Deborah,Baker,emp2050@apexglobal.com,+14150002050,TRAINER,EMEA Division Branch 1 Unit 2
CK2051,Ronald,Gomez,emp2051@apexglobal.com,+14150002051,MANAGER,EMEA Division Branch 2 Unit 1
CK2052,Stephanie,Edwards,emp2052@apexglobal.com,+14150002052,EMPLOYEE,EMEA Division Branch 2 Unit 2
CK2053,Edward,Cook,emp2053@apexglobal.com,+14150002053,EMPLOYEE,EMEA Division Branch 3 Unit 1
CK2054,Rebecca,Bailey,emp2054@apexglobal.com,+14150002054,EMPLOYEE,EMEA Division Branch 3 Unit 2
CK2055,Jason,Ward,emp2055@apexglobal.com,+14150002055,EMPLOYEE,EMEA Division Branch 4 Unit 1
CK2056,Sharon,Bennett,emp2056@apexglobal.com,+14150002056,TRAINER,EMEA Division Branch 4 Unit 2
CK2057,Jeffrey,Castillo,emp2057@apexglobal.com,+14150002057,MANAGER,APAC Division Branch 1 Unit 1
CK2058,Laura,Jimenez,emp2058@apexglobal.com,+14150002058,EMPLOYEE,APAC Division Branch 1 Unit 2
CK2059,Ryan,Miller,emp2059@apexglobal.com,+14150002059,EMPLOYEE,APAC Division Branch 2 Unit 1
CK2060,Cynthia,Wilson,emp2060@apexglobal.com,+14150002060,EMPLOYEE,APAC Division Branch 2 Unit 2
CK2061,Jacob,Lee,emp2061@apexglobal.com,+14150002061,EMPLOYEE,APAC Division Branch 3 Unit 1
CK2062,Kathleen,Ramirez,emp2062@apexglobal.com,+14150002062,TRAINER,APAC Division Branch 3 Unit 2
CK2063,Gary,Wright,emp2063@apexglobal.com,+14150002063,MANAGER,APAC Division Branch 4 Unit 1
CK2064,Amy,Adams,emp2064@apexglobal.com,+14150002064,EMPLOYEE,APAC Division Branch 4 Unit 2
CK2065,Nicholas,Carter,emp2065@apexglobal.com,+14150002065,EMPLOYEE,LATAM Division Branch 1 Unit 1
CK2066,Angela,Parker,emp2066@apexglobal.com,+14150002066,EMPLOYEE,LATAM Division Branch 1 Unit 2
CK2067,Eric,Morales,emp2067@apexglobal.com,+14150002067,EMPLOYEE,LATAM Division Branch 2 Unit 1
CK2068,Shirley,Cooper,emp2068@apexglobal.com,+14150002068,TRAINER,LATAM Division Branch 2 Unit 2
CK2069,Jonathan,Kim,emp2069@apexglobal.com,+14150002069,MANAGER,LATAM Division Branch 3 Unit 1
CK2070,Anna,Wood,emp2070@apexglobal.com,+14150002070,EMPLOYEE,LATAM Division Branch 3 Unit 2
CK2071,Stephen,Price,emp2071@apexglobal.com,+14150002071,EMPLOYEE,Global Engineering Branch 1 Unit 1
CK2072,Brenda,Ross,emp2072@apexglobal.com,+14150002072,EMPLOYEE,Global Engineering Branch 1 Unit 2
CK2073,Larry,Jones,emp2073@apexglobal.com,+14150002073,EMPLOYEE,Global Engineering Branch 2 Unit 1
CK2074,Pamela,Lopez,emp2074@apexglobal.com,+14150002074,TRAINER,Global Engineering Branch 2 Unit 2
CK2075,Justin,Jackson,emp2075@apexglobal.com,+14150002075,MANAGER,Global Engineering Branch 3 Unit 1
CK2076,Emma,Sanchez,emp2076@apexglobal.com,+14150002076,EMPLOYEE,Global Engineering Branch 3 Unit 2
CK2077,Scott,Allen,emp2077@apexglobal.com,+14150002077,EMPLOYEE,Product Innovation Branch 1 Unit 1
CK2078,Nicole,Flores,emp2078@apexglobal.com,+14150002078,EMPLOYEE,Product Innovation Branch 1 Unit 2
CK2079,Brandon,Campbell,emp2079@apexglobal.com,+14150002079,EMPLOYEE,Product Innovation Branch 2 Unit 1
CK2080,Helen,Turner,emp2080@apexglobal.com,+14150002080,TRAINER,Product Innovation Branch 2 Unit 2
CK2081,Benjamin,Stewart,emp2081@apexglobal.com,+14150002081,MANAGER,Product Innovation Branch 3 Unit 1
CK2082,Samantha,Ortiz,emp2082@apexglobal.com,+14150002082,EMPLOYEE,Product Innovation Branch 3 Unit 2
CK2083,Samuel,Howard,emp2083@apexglobal.com,+14150002083,EMPLOYEE,Financial Services Branch 1 Unit 1
CK2084,Katherine,Brooks,emp2084@apexglobal.com,+14150002084,EMPLOYEE,Financial Services Branch 1 Unit 2
CK2085,Gregory,Ruiz,emp2085@apexglobal.com,+14150002085,EMPLOYEE,Financial Services Branch 2 Unit 1
CK2086,Christine,Myers,emp2086@apexglobal.com,+14150002086,TRAINER,Financial Services Branch 2 Unit 2
CK2087,Alexander,Williams,emp2087@apexglobal.com,+14150002087,MANAGER,Financial Services Branch 3 Unit 1
CK2088,Debra,Martinez,emp2088@apexglobal.com,+14150002088,EMPLOYEE,Financial Services Branch 3 Unit 2
CK2089,Frank,Taylor,emp2089@apexglobal.com,+14150002089,EMPLOYEE,People and Culture Branch 1 Unit 1
CK2090,Rachel,White,emp2090@apexglobal.com,+14150002090,EMPLOYEE,People and Culture Branch 1 Unit 2
CK2091,Patrick,Walker,emp2091@apexglobal.com,+14150002091,EMPLOYEE,People and Culture Branch 2 Unit 1
CK2092,Carolyn,Nguyen,emp2092@apexglobal.com,+14150002092,TRAINER,People and Culture Branch 2 Unit 2
CK2093,Raymond,Hall,emp2093@apexglobal.com,+14150002093,MANAGER,People and Culture Branch 3 Unit 1
CK2094,Janet,Phillips,emp2094@apexglobal.com,+14150002094,EMPLOYEE,People and Culture Branch 3 Unit 2
CK2095,Jack,Collins,emp2095@apexglobal.com,+14150002095,EMPLOYEE,Legal and Risk Branch 1 Unit 1
CK2096,Maria,Rogers,emp2096@apexglobal.com,+14150002096,EMPLOYEE,Legal and Risk Branch 1 Unit 2
CK2097,Dennis,Reed,emp2097@apexglobal.com,+14150002097,EMPLOYEE,Legal and Risk Branch 2 Unit 1
CK2098,Heather,Richardson,emp2098@apexglobal.com,+14150002098,TRAINER,Legal and Risk Branch 2 Unit 2
CK2099,Jerry,Gray,emp2099@apexglobal.com,+14150002099,MANAGER,Legal and Risk Branch 3 Unit 1
CK2100,Diane,Sanders,emp2100@apexglobal.com,+14150002100,EMPLOYEE,Legal and Risk Branch 3 Unit 2
CK2101,James,Smith,emp2101@apexglobal.com,+14150002101,EMPLOYEE,Apex Global Corporation
CK2102,Mary,Davis,emp2102@apexglobal.com,+14150002102,EMPLOYEE,North America Division
CK2103,Robert,Anderson,emp2103@apexglobal.com,+14150002103,EMPLOYEE,EMEA Division
CK2104,Patricia,Perez,emp2104@apexglobal.com,+14150002104,TRAINER,APAC Division
CK2105,John,Lewis,emp2105@apexglobal.com,+14150002105,MANAGER,LATAM Division
CK2106,Jennifer,Scott,emp2106@apexglobal.com,+14150002106,EMPLOYEE,Global Engineering
CK2107,Michael,Nelson,emp2107@apexglobal.com,+14150002107,EMPLOYEE,Product Innovation
CK2108,Linda,Roberts,emp2108@apexglobal.com,+14150002108,EMPLOYEE,Financial Services
CK2109,David,Cruz,emp2109@apexglobal.com,+14150002109,EMPLOYEE,People and Culture
CK2110,Elizabeth,Murphy,emp2110@apexglobal.com,+14150002110,TRAINER,Legal and Risk
CK2111,William,Peterson,emp2111@apexglobal.com,+14150002111,MANAGER,North America Division Branch 1
CK2112,Barbara,Cox,emp2112@apexglobal.com,+14150002112,EMPLOYEE,North America Division Branch 2
CK2113,Richard,James,emp2113@apexglobal.com,+14150002113,EMPLOYEE,North America Division Branch 3
CK2114,Susan,Alvarez,emp2114@apexglobal.com,+14150002114,EMPLOYEE,North America Division Branch 4
CK2115,Joseph,Foster,emp2115@apexglobal.com,+14150002115,EMPLOYEE,EMEA Division Branch 1
CK2116,Jessica,Garcia,emp2116@apexglobal.com,+14150002116,TRAINER,EMEA Division Branch 2
CK2117,Thomas,Gonzalez,emp2117@apexglobal.com,+14150002117,MANAGER,EMEA Division Branch 3
CK2118,Sarah,Martin,emp2118@apexglobal.com,+14150002118,EMPLOYEE,EMEA Division Branch 4
CK2119,Charles,Clark,emp2119@apexglobal.com,+14150002119,EMPLOYEE,APAC Division Branch 1
CK2120,Karen,King,emp2120@apexglobal.com,+14150002120,EMPLOYEE,APAC Division Branch 2
CK2121,Christopher,Green,emp2121@apexglobal.com,+14150002121,EMPLOYEE,APAC Division Branch 3
CK2122,Lisa,Mitchell,emp2122@apexglobal.com,+14150002122,TRAINER,APAC Division Branch 4
CK2123,Daniel,Diaz,emp2123@apexglobal.com,+14150002123,MANAGER,LATAM Division Branch 1
CK2124,Nancy,Morris,emp2124@apexglobal.com,+14150002124,EMPLOYEE,LATAM Division Branch 2
CK2125,Matthew,Morgan,emp2125@apexglobal.com,+14150002125,EMPLOYEE,LATAM Division Branch 3
CK2126,Betty,Ramos,emp2126@apexglobal.com,+14150002126,EMPLOYEE,Global Engineering Branch 1
CK2127,Anthony,Chavez,emp2127@apexglobal.com,+14150002127,EMPLOYEE,Global Engineering Branch 2
CK2128,Margaret,Hughes,emp2128@apexglobal.com,+14150002128,TRAINER,Global Engineering Branch 3
CK2129,Mark,Long,emp2129@apexglobal.com,+14150002129,MANAGER,Product Innovation Branch 1
CK2130,Sandra,Brown,emp2130@apexglobal.com,+14150002130,EMPLOYEE,Product Innovation Branch 2
CK2131,Donald,Hernandez,emp2131@apexglobal.com,+14150002131,EMPLOYEE,Product Innovation Branch 3
CK2132,Ashley,Moore,emp2132@apexglobal.com,+14150002132,EMPLOYEE,Financial Services Branch 1
CK2133,Steven,Harris,emp2133@apexglobal.com,+14150002133,EMPLOYEE,Financial Services Branch 2
CK2134,Kimberly,Young,emp2134@apexglobal.com,+14150002134,TRAINER,Financial Services Branch 3
CK2135,Paul,Hill,emp2135@apexglobal.com,+14150002135,MANAGER,People and Culture Branch 1
CK2136,Emily,Rivera,emp2136@apexglobal.com,+14150002136,EMPLOYEE,People and Culture Branch 2
CK2137,Andrew,Evans,emp2137@apexglobal.com,+14150002137,EMPLOYEE,People and Culture Branch 3
CK2138,Donna,Reyes,emp2138@apexglobal.com,+14150002138,EMPLOYEE,Legal and Risk Branch 1
CK2139,Joshua,Gutierrez,emp2139@apexglobal.com,+14150002139,EMPLOYEE,Legal and Risk Branch 2
CK2140,Michelle,Kelly,emp2140@apexglobal.com,+14150002140,TRAINER,Legal and Risk Branch 3
CK2141,Kenneth,Watson,emp2141@apexglobal.com,+14150002141,MANAGER,North America Division Branch 1 Unit 1
CK2142,Carol,Mendoza,emp2142@apexglobal.com,+14150002142,EMPLOYEE,North America Division Branch 1 Unit 2
CK2143,Kevin,Patel,emp2143@apexglobal.com,+14150002143,EMPLOYEE,North America Division Branch 2 Unit 1
CK2144,Amanda,Johnson,emp2144@apexglobal.com,+14150002144,EMPLOYEE,North America Division Branch 2 Unit 2
CK2145,Brian,Rodriguez,emp2145@apexglobal.com,+14150002145,EMPLOYEE,North America Division Branch 3 Unit 1
CK2146,Dorothy,Thomas,emp2146@apexglobal.com,+14150002146,TRAINER,North America Division Branch 3 Unit 2
CK2147,George,Thompson,emp2147@apexglobal.com,+14150002147,MANAGER,North America Division Branch 4 Unit 1
CK2148,Melissa,Robinson,emp2148@apexglobal.com,+14150002148,EMPLOYEE,North America Division Branch 4 Unit 2
CK2149,Timothy,Torres,emp2149@apexglobal.com,+14150002149,EMPLOYEE,EMEA Division Branch 1 Unit 1
CK2150,Deborah,Baker,emp2150@apexglobal.com,+14150002150,EMPLOYEE,EMEA Division Branch 1 Unit 2
CK2151,Ronald,Gomez,emp2151@apexglobal.com,+14150002151,EMPLOYEE,EMEA Division Branch 2 Unit 1
CK2152,Stephanie,Edwards,emp2152@apexglobal.com,+14150002152,TRAINER,EMEA Division Branch 2 Unit 2
CK2153,Edward,Cook,emp2153@apexglobal.com,+14150002153,MANAGER,EMEA Division Branch 3 Unit 1
CK2154,Rebecca,Bailey,emp2154@apexglobal.com,+14150002154,EMPLOYEE,EMEA Division Branch 3 Unit 2
CK2155,Jason,Ward,emp2155@apexglobal.com,+14150002155,EMPLOYEE,EMEA Division Branch 4 Unit 1
CK2156,Sharon,Bennett,emp2156@apexglobal.com,+14150002156,EMPLOYEE,EMEA Division Branch 4 Unit 2
CK2157,Jeffrey,Castillo,emp2157@apexglobal.com,+14150002157,EMPLOYEE,APAC Division Branch 1 Unit 1
CK2158,Laura,Jimenez,emp2158@apexglobal.com,+14150002158,TRAINER,APAC Division Branch 1 Unit 2
CK2159,Ryan,Miller,emp2159@apexglobal.com,+14150002159,MANAGER,APAC Division Branch 2 Unit 1
CK2160,Cynthia,Wilson,emp2160@apexglobal.com,+14150002160,EMPLOYEE,APAC Division Branch 2 Unit 2
CK2161,Jacob,Lee,emp2161@apexglobal.com,+14150002161,EMPLOYEE,APAC Division Branch 3 Unit 1
CK2162,Kathleen,Ramirez,emp2162@apexglobal.com,+14150002162,EMPLOYEE,APAC Division Branch 3 Unit 2
CK2163,Gary,Wright,emp2163@apexglobal.com,+14150002163,EMPLOYEE,APAC Division Branch 4 Unit 1
CK2164,Amy,Adams,emp2164@apexglobal.com,+14150002164,TRAINER,APAC Division Branch 4 Unit 2
CK2165,Nicholas,Carter,emp2165@apexglobal.com,+14150002165,MANAGER,LATAM Division Branch 1 Unit 1
CK2166,Angela,Parker,emp2166@apexglobal.com,+14150002166,EMPLOYEE,LATAM Division Branch 1 Unit 2
CK2167,Eric,Morales,emp2167@apexglobal.com,+14150002167,EMPLOYEE,LATAM Division Branch 2 Unit 1
CK2168,Shirley,Cooper,emp2168@apexglobal.com,+14150002168,EMPLOYEE,LATAM Division Branch 2 Unit 2
CK2169,Jonathan,Kim,emp2169@apexglobal.com,+14150002169,EMPLOYEE,LATAM Division Branch 3 Unit 1
CK2170,Anna,Wood,emp2170@apexglobal.com,+14150002170,TRAINER,LATAM Division Branch 3 Unit 2
CK2171,Stephen,Price,emp2171@apexglobal.com,+14150002171,MANAGER,Global Engineering Branch 1 Unit 1
CK2172,Brenda,Ross,emp2172@apexglobal.com,+14150002172,EMPLOYEE,Global Engineering Branch 1 Unit 2
CK2173,Larry,Jones,emp2173@apexglobal.com,+14150002173,EMPLOYEE,Global Engineering Branch 2 Unit 1
CK2174,Pamela,Lopez,emp2174@apexglobal.com,+14150002174,EMPLOYEE,Global Engineering Branch 2 Unit 2
CK2175,Justin,Jackson,emp2175@apexglobal.com,+14150002175,EMPLOYEE,Global Engineering Branch 3 Unit 1
CK2176,Emma,Sanchez,emp2176@apexglobal.com,+14150002176,TRAINER,Global Engineering Branch 3 Unit 2
CK2177,Scott,Allen,emp2177@apexglobal.com,+14150002177,MANAGER,Product Innovation Branch 1 Unit 1
CK2178,Nicole,Flores,emp2178@apexglobal.com,+14150002178,EMPLOYEE,Product Innovation Branch 1 Unit 2
CK2179,Brandon,Campbell,emp2179@apexglobal.com,+14150002179,EMPLOYEE,Product Innovation Branch 2 Unit 1
CK2180,Helen,Turner,emp2180@apexglobal.com,+14150002180,EMPLOYEE,Product Innovation Branch 2 Unit 2
CK2181,Benjamin,Stewart,emp2181@apexglobal.com,+14150002181,EMPLOYEE,Product Innovation Branch 3 Unit 1
CK2182,Samantha,Ortiz,emp2182@apexglobal.com,+14150002182,TRAINER,Product Innovation Branch 3 Unit 2
CK2183,Samuel,Howard,emp2183@apexglobal.com,+14150002183,MANAGER,Financial Services Branch 1 Unit 1
CK2184,Katherine,Brooks,emp2184@apexglobal.com,+14150002184,EMPLOYEE,Financial Services Branch 1 Unit 2
CK2185,Gregory,Ruiz,emp2185@apexglobal.com,+14150002185,EMPLOYEE,Financial Services Branch 2 Unit 1
CK2186,Christine,Myers,emp2186@apexglobal.com,+14150002186,EMPLOYEE,Financial Services Branch 2 Unit 2
CK2187,Alexander,Williams,emp2187@apexglobal.com,+14150002187,EMPLOYEE,Financial Services Branch 3 Unit 1
CK2188,Debra,Martinez,emp2188@apexglobal.com,+14150002188,TRAINER,Financial Services Branch 3 Unit 2
CK2189,Frank,Taylor,emp2189@apexglobal.com,+14150002189,MANAGER,People and Culture Branch 1 Unit 1
CK2190,Rachel,White,emp2190@apexglobal.com,+14150002190,EMPLOYEE,People and Culture Branch 1 Unit 2
CK2191,Patrick,Walker,emp2191@apexglobal.com,+14150002191,EMPLOYEE,People and Culture Branch 2 Unit 1
CK2192,Carolyn,Nguyen,emp2192@apexglobal.com,+14150002192,EMPLOYEE,People and Culture Branch 2 Unit 2
CK2193,Raymond,Hall,emp2193@apexglobal.com,+14150002193,EMPLOYEE,People and Culture Branch 3 Unit 1
CK2194,Janet,Phillips,emp2194@apexglobal.com,+14150002194,TRAINER,People and Culture Branch 3 Unit 2
CK2195,Jack,Collins,emp2195@apexglobal.com,+14150002195,MANAGER,Legal and Risk Branch 1 Unit 1
CK2196,Maria,Rogers,emp2196@apexglobal.com,+14150002196,EMPLOYEE,Legal and Risk Branch 1 Unit 2
CK2197,Dennis,Reed,emp2197@apexglobal.com,+14150002197,EMPLOYEE,Legal and Risk Branch 2 Unit 1
CK2198,Heather,Richardson,emp2198@apexglobal.com,+14150002198,EMPLOYEE,Legal and Risk Branch 2 Unit 2
CK2199,Jerry,Gray,emp2199@apexglobal.com,+14150002199,EMPLOYEE,Legal and Risk Branch 3 Unit 1
CK2200,Diane,Sanders,emp2200@apexglobal.com,+14150002200,TRAINER,Legal and Risk Branch 3 Unit 2
CK2201,James,Smith,emp2201@apexglobal.com,+14150002201,MANAGER,Apex Global Corporation
CK2202,Mary,Davis,emp2202@apexglobal.com,+14150002202,EMPLOYEE,North America Division
CK2203,Robert,Anderson,emp2203@apexglobal.com,+14150002203,EMPLOYEE,EMEA Division
CK2204,Patricia,Perez,emp2204@apexglobal.com,+14150002204,EMPLOYEE,APAC Division
CK2205,John,Lewis,emp2205@apexglobal.com,+14150002205,EMPLOYEE,LATAM Division
CK2206,Jennifer,Scott,emp2206@apexglobal.com,+14150002206,TRAINER,Global Engineering
CK2207,Michael,Nelson,emp2207@apexglobal.com,+14150002207,MANAGER,Product Innovation
CK2208,Linda,Roberts,emp2208@apexglobal.com,+14150002208,EMPLOYEE,Financial Services
CK2209,David,Cruz,emp2209@apexglobal.com,+14150002209,EMPLOYEE,People and Culture
CK2210,Elizabeth,Murphy,emp2210@apexglobal.com,+14150002210,EMPLOYEE,Legal and Risk
CK2211,William,Peterson,emp2211@apexglobal.com,+14150002211,EMPLOYEE,North America Division Branch 1
CK2212,Barbara,Cox,emp2212@apexglobal.com,+14150002212,TRAINER,North America Division Branch 2
CK2213,Richard,James,emp2213@apexglobal.com,+14150002213,MANAGER,North America Division Branch 3
CK2214,Susan,Alvarez,emp2214@apexglobal.com,+14150002214,EMPLOYEE,North America Division Branch 4
CK2215,Joseph,Foster,emp2215@apexglobal.com,+14150002215,EMPLOYEE,EMEA Division Branch 1
CK2216,Jessica,Garcia,emp2216@apexglobal.com,+14150002216,EMPLOYEE,EMEA Division Branch 2
CK2217,Thomas,Gonzalez,emp2217@apexglobal.com,+14150002217,EMPLOYEE,EMEA Division Branch 3
CK2218,Sarah,Martin,emp2218@apexglobal.com,+14150002218,TRAINER,EMEA Division Branch 4
CK2219,Charles,Clark,emp2219@apexglobal.com,+14150002219,MANAGER,APAC Division Branch 1
CK2220,Karen,King,emp2220@apexglobal.com,+14150002220,EMPLOYEE,APAC Division Branch 2
CK2221,Christopher,Green,emp2221@apexglobal.com,+14150002221,EMPLOYEE,APAC Division Branch 3
CK2222,Lisa,Mitchell,emp2222@apexglobal.com,+14150002222,EMPLOYEE,APAC Division Branch 4
CK2223,Daniel,Diaz,emp2223@apexglobal.com,+14150002223,EMPLOYEE,LATAM Division Branch 1
CK2224,Nancy,Morris,emp2224@apexglobal.com,+14150002224,TRAINER,LATAM Division Branch 2
CK2225,Matthew,Morgan,emp2225@apexglobal.com,+14150002225,MANAGER,LATAM Division Branch 3
CK2226,Betty,Ramos,emp2226@apexglobal.com,+14150002226,EMPLOYEE,Global Engineering Branch 1
CK2227,Anthony,Chavez,emp2227@apexglobal.com,+14150002227,EMPLOYEE,Global Engineering Branch 2
CK2228,Margaret,Hughes,emp2228@apexglobal.com,+14150002228,EMPLOYEE,Global Engineering Branch 3
CK2229,Mark,Long,emp2229@apexglobal.com,+14150002229,EMPLOYEE,Product Innovation Branch 1
CK2230,Sandra,Brown,emp2230@apexglobal.com,+14150002230,TRAINER,Product Innovation Branch 2
CK2231,Donald,Hernandez,emp2231@apexglobal.com,+14150002231,MANAGER,Product Innovation Branch 3
CK2232,Ashley,Moore,emp2232@apexglobal.com,+14150002232,EMPLOYEE,Financial Services Branch 1
CK2233,Steven,Harris,emp2233@apexglobal.com,+14150002233,EMPLOYEE,Financial Services Branch 2
CK2234,Kimberly,Young,emp2234@apexglobal.com,+14150002234,EMPLOYEE,Financial Services Branch 3
CK2235,Paul,Hill,emp2235@apexglobal.com,+14150002235,EMPLOYEE,People and Culture Branch 1
CK2236,Emily,Rivera,emp2236@apexglobal.com,+14150002236,TRAINER,People and Culture Branch 2
CK2237,Andrew,Evans,emp2237@apexglobal.com,+14150002237,MANAGER,People and Culture Branch 3
CK2238,Donna,Reyes,emp2238@apexglobal.com,+14150002238,EMPLOYEE,Legal and Risk Branch 1
CK2239,Joshua,Gutierrez,emp2239@apexglobal.com,+14150002239,EMPLOYEE,Legal and Risk Branch 2
CK2240,Michelle,Kelly,emp2240@apexglobal.com,+14150002240,EMPLOYEE,Legal and Risk Branch 3
CK2241,Kenneth,Watson,emp2241@apexglobal.com,+14150002241,EMPLOYEE,North America Division Branch 1 Unit 1
CK2242,Carol,Mendoza,emp2242@apexglobal.com,+14150002242,TRAINER,North America Division Branch 1 Unit 2
CK2243,Kevin,Patel,emp2243@apexglobal.com,+14150002243,MANAGER,North America Division Branch 2 Unit 1
CK2244,Amanda,Johnson,emp2244@apexglobal.com,+14150002244,EMPLOYEE,North America Division Branch 2 Unit 2
CK2245,Brian,Rodriguez,emp2245@apexglobal.com,+14150002245,EMPLOYEE,North America Division Branch 3 Unit 1
CK2246,Dorothy,Thomas,emp2246@apexglobal.com,+14150002246,EMPLOYEE,North America Division Branch 3 Unit 2
CK2247,George,Thompson,emp2247@apexglobal.com,+14150002247,EMPLOYEE,North America Division Branch 4 Unit 1
CK2248,Melissa,Robinson,emp2248@apexglobal.com,+14150002248,TRAINER,North America Division Branch 4 Unit 2
CK2249,Timothy,Torres,emp2249@apexglobal.com,+14150002249,MANAGER,EMEA Division Branch 1 Unit 1
CK2250,Deborah,Baker,emp2250@apexglobal.com,+14150002250,EMPLOYEE,EMEA Division Branch 1 Unit 2
CK2251,Ronald,Gomez,emp2251@apexglobal.com,+14150002251,EMPLOYEE,EMEA Division Branch 2 Unit 1
CK2252,Stephanie,Edwards,emp2252@apexglobal.com,+14150002252,EMPLOYEE,EMEA Division Branch 2 Unit 2
CK2253,Edward,Cook,emp2253@apexglobal.com,+14150002253,EMPLOYEE,EMEA Division Branch 3 Unit 1
CK2254,Rebecca,Bailey,emp2254@apexglobal.com,+14150002254,TRAINER,EMEA Division Branch 3 Unit 2
CK2255,Jason,Ward,emp2255@apexglobal.com,+14150002255,MANAGER,EMEA Division Branch 4 Unit 1
CK2256,Sharon,Bennett,emp2256@apexglobal.com,+14150002256,EMPLOYEE,EMEA Division Branch 4 Unit 2
CK2257,Jeffrey,Castillo,emp2257@apexglobal.com,+14150002257,EMPLOYEE,APAC Division Branch 1 Unit 1
CK2258,Laura,Jimenez,emp2258@apexglobal.com,+14150002258,EMPLOYEE,APAC Division Branch 1 Unit 2
CK2259,Ryan,Miller,emp2259@apexglobal.com,+14150002259,EMPLOYEE,APAC Division Branch 2 Unit 1
CK2260,Cynthia,Wilson,emp2260@apexglobal.com,+14150002260,TRAINER,APAC Division Branch 2 Unit 2
CK2261,Jacob,Lee,emp2261@apexglobal.com,+14150002261,MANAGER,APAC Division Branch 3 Unit 1
CK2262,Kathleen,Ramirez,emp2262@apexglobal.com,+14150002262,EMPLOYEE,APAC Division Branch 3 Unit 2
CK2263,Gary,Wright,emp2263@apexglobal.com,+14150002263,EMPLOYEE,APAC Division Branch 4 Unit 1
CK2264,Amy,Adams,emp2264@apexglobal.com,+14150002264,EMPLOYEE,APAC Division Branch 4 Unit 2
CK2265,Nicholas,Carter,emp2265@apexglobal.com,+14150002265,EMPLOYEE,LATAM Division Branch 1 Unit 1
CK2266,Angela,Parker,emp2266@apexglobal.com,+14150002266,TRAINER,LATAM Division Branch 1 Unit 2
CK2267,Eric,Morales,emp2267@apexglobal.com,+14150002267,MANAGER,LATAM Division Branch 2 Unit 1
CK2268,Shirley,Cooper,emp2268@apexglobal.com,+14150002268,EMPLOYEE,LATAM Division Branch 2 Unit 2
CK2269,Jonathan,Kim,emp2269@apexglobal.com,+14150002269,EMPLOYEE,LATAM Division Branch 3 Unit 1
CK2270,Anna,Wood,emp2270@apexglobal.com,+14150002270,EMPLOYEE,LATAM Division Branch 3 Unit 2
CK2271,Stephen,Price,emp2271@apexglobal.com,+14150002271,EMPLOYEE,Global Engineering Branch 1 Unit 1
CK2272,Brenda,Ross,emp2272@apexglobal.com,+14150002272,TRAINER,Global Engineering Branch 1 Unit 2
CK2273,Larry,Jones,emp2273@apexglobal.com,+14150002273,MANAGER,Global Engineering Branch 2 Unit 1
CK2274,Pamela,Lopez,emp2274@apexglobal.com,+14150002274,EMPLOYEE,Global Engineering Branch 2 Unit 2
CK2275,Justin,Jackson,emp2275@apexglobal.com,+14150002275,EMPLOYEE,Global Engineering Branch 3 Unit 1
CK2276,Emma,Sanchez,emp2276@apexglobal.com,+14150002276,EMPLOYEE,Global Engineering Branch 3 Unit 2
CK2277,Scott,Allen,emp2277@apexglobal.com,+14150002277,EMPLOYEE,Product Innovation Branch 1 Unit 1
CK2278,Nicole,Flores,emp2278@apexglobal.com,+14150002278,TRAINER,Product Innovation Branch 1 Unit 2
CK2279,Brandon,Campbell,emp2279@apexglobal.com,+14150002279,MANAGER,Product Innovation Branch 2 Unit 1
CK2280,Helen,Turner,emp2280@apexglobal.com,+14150002280,EMPLOYEE,Product Innovation Branch 2 Unit 2
CK2281,Benjamin,Stewart,emp2281@apexglobal.com,+14150002281,EMPLOYEE,Product Innovation Branch 3 Unit 1
CK2282,Samantha,Ortiz,emp2282@apexglobal.com,+14150002282,EMPLOYEE,Product Innovation Branch 3 Unit 2
CK2283,Samuel,Howard,emp2283@apexglobal.com,+14150002283,EMPLOYEE,Financial Services Branch 1 Unit 1
CK2284,Katherine,Brooks,emp2284@apexglobal.com,+14150002284,TRAINER,Financial Services Branch 1 Unit 2
CK2285,Gregory,Ruiz,emp2285@apexglobal.com,+14150002285,MANAGER,Financial Services Branch 2 Unit 1
CK2286,Christine,Myers,emp2286@apexglobal.com,+14150002286,EMPLOYEE,Financial Services Branch 2 Unit 2
CK2287,Alexander,Williams,emp2287@apexglobal.com,+14150002287,EMPLOYEE,Financial Services Branch 3 Unit 1
CK2288,Debra,Martinez,emp2288@apexglobal.com,+14150002288,EMPLOYEE,Financial Services Branch 3 Unit 2
CK2289,Frank,Taylor,emp2289@apexglobal.com,+14150002289,EMPLOYEE,People and Culture Branch 1 Unit 1
CK2290,Rachel,White,emp2290@apexglobal.com,+14150002290,TRAINER,People and Culture Branch 1 Unit 2
CK2291,Patrick,Walker,emp2291@apexglobal.com,+14150002291,MANAGER,People and Culture Branch 2 Unit 1
CK2292,Carolyn,Nguyen,emp2292@apexglobal.com,+14150002292,EMPLOYEE,People and Culture Branch 2 Unit 2
CK2293,Raymond,Hall,emp2293@apexglobal.com,+14150002293,EMPLOYEE,People and Culture Branch 3 Unit 1
CK2294,Janet,Phillips,emp2294@apexglobal.com,+14150002294,EMPLOYEE,People and Culture Branch 3 Unit 2
CK2295,Jack,Collins,emp2295@apexglobal.com,+14150002295,EMPLOYEE,Legal and Risk Branch 1 Unit 1
CK2296,Maria,Rogers,emp2296@apexglobal.com,+14150002296,TRAINER,Legal and Risk Branch 1 Unit 2
CK2297,Dennis,Reed,emp2297@apexglobal.com,+14150002297,MANAGER,Legal and Risk Branch 2 Unit 1
CK2298,Heather,Richardson,emp2298@apexglobal.com,+14150002298,EMPLOYEE,Legal and Risk Branch 2 Unit 2
CK2299,Jerry,Gray,emp2299@apexglobal.com,+14150002299,EMPLOYEE,Legal and Risk Branch 3 Unit 1
CK2300,Diane,Sanders,emp2300@apexglobal.com,+14150002300,EMPLOYEE,Legal and Risk Branch 3 Unit 2
CK2301,James,Smith,emp2301@apexglobal.com,+14150002301,EMPLOYEE,Apex Global Corporation
CK2302,Mary,Davis,emp2302@apexglobal.com,+14150002302,TRAINER,North America Division
CK2303,Robert,Anderson,emp2303@apexglobal.com,+14150002303,MANAGER,EMEA Division
CK2304,Patricia,Perez,emp2304@apexglobal.com,+14150002304,EMPLOYEE,APAC Division
CK2305,John,Lewis,emp2305@apexglobal.com,+14150002305,EMPLOYEE,LATAM Division
CK2306,Jennifer,Scott,emp2306@apexglobal.com,+14150002306,EMPLOYEE,Global Engineering
CK2307,Michael,Nelson,emp2307@apexglobal.com,+14150002307,EMPLOYEE,Product Innovation
CK2308,Linda,Roberts,emp2308@apexglobal.com,+14150002308,TRAINER,Financial Services
CK2309,David,Cruz,emp2309@apexglobal.com,+14150002309,MANAGER,People and Culture
CK2310,Elizabeth,Murphy,emp2310@apexglobal.com,+14150002310,EMPLOYEE,Legal and Risk
CK2311,William,Peterson,emp2311@apexglobal.com,+14150002311,EMPLOYEE,North America Division Branch 1
CK2312,Barbara,Cox,emp2312@apexglobal.com,+14150002312,EMPLOYEE,North America Division Branch 2
CK2313,Richard,James,emp2313@apexglobal.com,+14150002313,EMPLOYEE,North America Division Branch 3
CK2314,Susan,Alvarez,emp2314@apexglobal.com,+14150002314,TRAINER,North America Division Branch 4
CK2315,Joseph,Foster,emp2315@apexglobal.com,+14150002315,MANAGER,EMEA Division Branch 1
CK2316,Jessica,Garcia,emp2316@apexglobal.com,+14150002316,EMPLOYEE,EMEA Division Branch 2
CK2317,Thomas,Gonzalez,emp2317@apexglobal.com,+14150002317,EMPLOYEE,EMEA Division Branch 3
CK2318,Sarah,Martin,emp2318@apexglobal.com,+14150002318,EMPLOYEE,EMEA Division Branch 4
CK2319,Charles,Clark,emp2319@apexglobal.com,+14150002319,EMPLOYEE,APAC Division Branch 1
CK2320,Karen,King,emp2320@apexglobal.com,+14150002320,TRAINER,APAC Division Branch 2
CK2321,Christopher,Green,emp2321@apexglobal.com,+14150002321,MANAGER,APAC Division Branch 3
CK2322,Lisa,Mitchell,emp2322@apexglobal.com,+14150002322,EMPLOYEE,APAC Division Branch 4
CK2323,Daniel,Diaz,emp2323@apexglobal.com,+14150002323,EMPLOYEE,LATAM Division Branch 1
CK2324,Nancy,Morris,emp2324@apexglobal.com,+14150002324,EMPLOYEE,LATAM Division Branch 2
CK2325,Matthew,Morgan,emp2325@apexglobal.com,+14150002325,EMPLOYEE,LATAM Division Branch 3
CK2326,Betty,Ramos,emp2326@apexglobal.com,+14150002326,TRAINER,Global Engineering Branch 1
CK2327,Anthony,Chavez,emp2327@apexglobal.com,+14150002327,MANAGER,Global Engineering Branch 2
CK2328,Margaret,Hughes,emp2328@apexglobal.com,+14150002328,EMPLOYEE,Global Engineering Branch 3
CK2329,Mark,Long,emp2329@apexglobal.com,+14150002329,EMPLOYEE,Product Innovation Branch 1
CK2330,Sandra,Brown,emp2330@apexglobal.com,+14150002330,EMPLOYEE,Product Innovation Branch 2
CK2331,Donald,Hernandez,emp2331@apexglobal.com,+14150002331,EMPLOYEE,Product Innovation Branch 3
CK2332,Ashley,Moore,emp2332@apexglobal.com,+14150002332,TRAINER,Financial Services Branch 1
CK2333,Steven,Harris,emp2333@apexglobal.com,+14150002333,MANAGER,Financial Services Branch 2
CK2334,Kimberly,Young,emp2334@apexglobal.com,+14150002334,EMPLOYEE,Financial Services Branch 3
CK2335,Paul,Hill,emp2335@apexglobal.com,+14150002335,EMPLOYEE,People and Culture Branch 1
CK2336,Emily,Rivera,emp2336@apexglobal.com,+14150002336,EMPLOYEE,People and Culture Branch 2
CK2337,Andrew,Evans,emp2337@apexglobal.com,+14150002337,EMPLOYEE,People and Culture Branch 3
CK2338,Donna,Reyes,emp2338@apexglobal.com,+14150002338,TRAINER,Legal and Risk Branch 1
CK2339,Joshua,Gutierrez,emp2339@apexglobal.com,+14150002339,MANAGER,Legal and Risk Branch 2
CK2340,Michelle,Kelly,emp2340@apexglobal.com,+14150002340,EMPLOYEE,Legal and Risk Branch 3
CK2341,Kenneth,Watson,emp2341@apexglobal.com,+14150002341,EMPLOYEE,North America Division Branch 1 Unit 1
CK2342,Carol,Mendoza,emp2342@apexglobal.com,+14150002342,EMPLOYEE,North America Division Branch 1 Unit 2
CK2343,Kevin,Patel,emp2343@apexglobal.com,+14150002343,EMPLOYEE,North America Division Branch 2 Unit 1
CK2344,Amanda,Johnson,emp2344@apexglobal.com,+14150002344,TRAINER,North America Division Branch 2 Unit 2
CK2345,Brian,Rodriguez,emp2345@apexglobal.com,+14150002345,MANAGER,North America Division Branch 3 Unit 1
CK2346,Dorothy,Thomas,emp2346@apexglobal.com,+14150002346,EMPLOYEE,North America Division Branch 3 Unit 2
CK2347,George,Thompson,emp2347@apexglobal.com,+14150002347,EMPLOYEE,North America Division Branch 4 Unit 1
CK2348,Melissa,Robinson,emp2348@apexglobal.com,+14150002348,EMPLOYEE,North America Division Branch 4 Unit 2
CK2349,Timothy,Torres,emp2349@apexglobal.com,+14150002349,EMPLOYEE,EMEA Division Branch 1 Unit 1
CK2350,Deborah,Baker,emp2350@apexglobal.com,+14150002350,TRAINER,EMEA Division Branch 1 Unit 2
CK2351,Ronald,Gomez,emp2351@apexglobal.com,+14150002351,MANAGER,EMEA Division Branch 2 Unit 1
CK2352,Stephanie,Edwards,emp2352@apexglobal.com,+14150002352,EMPLOYEE,EMEA Division Branch 2 Unit 2
CK2353,Edward,Cook,emp2353@apexglobal.com,+14150002353,EMPLOYEE,EMEA Division Branch 3 Unit 1
CK2354,Rebecca,Bailey,emp2354@apexglobal.com,+14150002354,EMPLOYEE,EMEA Division Branch 3 Unit 2
CK2355,Jason,Ward,emp2355@apexglobal.com,+14150002355,EMPLOYEE,EMEA Division Branch 4 Unit 1
CK2356,Sharon,Bennett,emp2356@apexglobal.com,+14150002356,TRAINER,EMEA Division Branch 4 Unit 2
CK2357,Jeffrey,Castillo,emp2357@apexglobal.com,+14150002357,MANAGER,APAC Division Branch 1 Unit 1
CK2358,Laura,Jimenez,emp2358@apexglobal.com,+14150002358,EMPLOYEE,APAC Division Branch 1 Unit 2
CK2359,Ryan,Miller,emp2359@apexglobal.com,+14150002359,EMPLOYEE,APAC Division Branch 2 Unit 1
CK2360,Cynthia,Wilson,emp2360@apexglobal.com,+14150002360,EMPLOYEE,APAC Division Branch 2 Unit 2
CK2361,Jacob,Lee,emp2361@apexglobal.com,+14150002361,EMPLOYEE,APAC Division Branch 3 Unit 1
CK2362,Kathleen,Ramirez,emp2362@apexglobal.com,+14150002362,TRAINER,APAC Division Branch 3 Unit 2
CK2363,Gary,Wright,emp2363@apexglobal.com,+14150002363,MANAGER,APAC Division Branch 4 Unit 1
CK2364,Amy,Adams,emp2364@apexglobal.com,+14150002364,EMPLOYEE,APAC Division Branch 4 Unit 2
CK2365,Nicholas,Carter,emp2365@apexglobal.com,+14150002365,EMPLOYEE,LATAM Division Branch 1 Unit 1
CK2366,Angela,Parker,emp2366@apexglobal.com,+14150002366,EMPLOYEE,LATAM Division Branch 1 Unit 2
CK2367,Eric,Morales,emp2367@apexglobal.com,+14150002367,EMPLOYEE,LATAM Division Branch 2 Unit 1
CK2368,Shirley,Cooper,emp2368@apexglobal.com,+14150002368,TRAINER,LATAM Division Branch 2 Unit 2
CK2369,Jonathan,Kim,emp2369@apexglobal.com,+14150002369,MANAGER,LATAM Division Branch 3 Unit 1
CK2370,Anna,Wood,emp2370@apexglobal.com,+14150002370,EMPLOYEE,LATAM Division Branch 3 Unit 2
CK2371,Stephen,Price,emp2371@apexglobal.com,+14150002371,EMPLOYEE,Global Engineering Branch 1 Unit 1
CK2372,Brenda,Ross,emp2372@apexglobal.com,+14150002372,EMPLOYEE,Global Engineering Branch 1 Unit 2
CK2373,Larry,Jones,emp2373@apexglobal.com,+14150002373,EMPLOYEE,Global Engineering Branch 2 Unit 1
CK2374,Pamela,Lopez,emp2374@apexglobal.com,+14150002374,TRAINER,Global Engineering Branch 2 Unit 2
CK2375,Justin,Jackson,emp2375@apexglobal.com,+14150002375,MANAGER,Global Engineering Branch 3 Unit 1
CK2376,Emma,Sanchez,emp2376@apexglobal.com,+14150002376,EMPLOYEE,Global Engineering Branch 3 Unit 2
CK2377,Scott,Allen,emp2377@apexglobal.com,+14150002377,EMPLOYEE,Product Innovation Branch 1 Unit 1
CK2378,Nicole,Flores,emp2378@apexglobal.com,+14150002378,EMPLOYEE,Product Innovation Branch 1 Unit 2
CK2379,Brandon,Campbell,emp2379@apexglobal.com,+14150002379,EMPLOYEE,Product Innovation Branch 2 Unit 1
CK2380,Helen,Turner,emp2380@apexglobal.com,+14150002380,TRAINER,Product Innovation Branch 2 Unit 2
CK2381,Benjamin,Stewart,emp2381@apexglobal.com,+14150002381,MANAGER,Product Innovation Branch 3 Unit 1
CK2382,Samantha,Ortiz,emp2382@apexglobal.com,+14150002382,EMPLOYEE,Product Innovation Branch 3 Unit 2
CK2383,Samuel,Howard,emp2383@apexglobal.com,+14150002383,EMPLOYEE,Financial Services Branch 1 Unit 1
CK2384,Katherine,Brooks,emp2384@apexglobal.com,+14150002384,EMPLOYEE,Financial Services Branch 1 Unit 2
CK2385,Gregory,Ruiz,emp2385@apexglobal.com,+14150002385,EMPLOYEE,Financial Services Branch 2 Unit 1
CK2386,Christine,Myers,emp2386@apexglobal.com,+14150002386,TRAINER,Financial Services Branch 2 Unit 2
CK2387,Alexander,Williams,emp2387@apexglobal.com,+14150002387,MANAGER,Financial Services Branch 3 Unit 1
CK2388,Debra,Martinez,emp2388@apexglobal.com,+14150002388,EMPLOYEE,Financial Services Branch 3 Unit 2
CK2389,Frank,Taylor,emp2389@apexglobal.com,+14150002389,EMPLOYEE,People and Culture Branch 1 Unit 1
CK2390,Rachel,White,emp2390@apexglobal.com,+14150002390,EMPLOYEE,People and Culture Branch 1 Unit 2
CK2391,Patrick,Walker,emp2391@apexglobal.com,+14150002391,EMPLOYEE,People and Culture Branch 2 Unit 1
CK2392,Carolyn,Nguyen,emp2392@apexglobal.com,+14150002392,TRAINER,People and Culture Branch 2 Unit 2
CK2393,Raymond,Hall,emp2393@apexglobal.com,+14150002393,MANAGER,People and Culture Branch 3 Unit 1
CK2394,Janet,Phillips,emp2394@apexglobal.com,+14150002394,EMPLOYEE,People and Culture Branch 3 Unit 2
CK2395,Jack,Collins,emp2395@apexglobal.com,+14150002395,EMPLOYEE,Legal and Risk Branch 1 Unit 1
CK2396,Maria,Rogers,emp2396@apexglobal.com,+14150002396,EMPLOYEE,Legal and Risk Branch 1 Unit 2
CK2397,Dennis,Reed,emp2397@apexglobal.com,+14150002397,EMPLOYEE,Legal and Risk Branch 2 Unit 1
CK2398,Heather,Richardson,emp2398@apexglobal.com,+14150002398,TRAINER,Legal and Risk Branch 2 Unit 2
CK2399,Jerry,Gray,emp2399@apexglobal.com,+14150002399,MANAGER,Legal and Risk Branch 3 Unit 1
CK2400,Diane,Sanders,emp2400@apexglobal.com,+14150002400,EMPLOYEE,Legal and Risk Branch 3 Unit 2
CK2401,James,Smith,emp2401@apexglobal.com,+14150002401,EMPLOYEE,Apex Global Corporation
CK2402,Mary,Davis,emp2402@apexglobal.com,+14150002402,EMPLOYEE,North America Division
CK2403,Robert,Anderson,emp2403@apexglobal.com,+14150002403,EMPLOYEE,EMEA Division
CK2404,Patricia,Perez,emp2404@apexglobal.com,+14150002404,TRAINER,APAC Division
CK2405,John,Lewis,emp2405@apexglobal.com,+14150002405,MANAGER,LATAM Division
CK2406,Jennifer,Scott,emp2406@apexglobal.com,+14150002406,EMPLOYEE,Global Engineering
CK2407,Michael,Nelson,emp2407@apexglobal.com,+14150002407,EMPLOYEE,Product Innovation
CK2408,Linda,Roberts,emp2408@apexglobal.com,+14150002408,EMPLOYEE,Financial Services
CK2409,David,Cruz,emp2409@apexglobal.com,+14150002409,EMPLOYEE,People and Culture
CK2410,Elizabeth,Murphy,emp2410@apexglobal.com,+14150002410,TRAINER,Legal and Risk
CK2411,William,Peterson,emp2411@apexglobal.com,+14150002411,MANAGER,North America Division Branch 1
CK2412,Barbara,Cox,emp2412@apexglobal.com,+14150002412,EMPLOYEE,North America Division Branch 2
CK2413,Richard,James,emp2413@apexglobal.com,+14150002413,EMPLOYEE,North America Division Branch 3
CK2414,Susan,Alvarez,emp2414@apexglobal.com,+14150002414,EMPLOYEE,North America Division Branch 4
CK2415,Joseph,Foster,emp2415@apexglobal.com,+14150002415,EMPLOYEE,EMEA Division Branch 1
CK2416,Jessica,Garcia,emp2416@apexglobal.com,+14150002416,TRAINER,EMEA Division Branch 2
CK2417,Thomas,Gonzalez,emp2417@apexglobal.com,+14150002417,MANAGER,EMEA Division Branch 3
CK2418,Sarah,Martin,emp2418@apexglobal.com,+14150002418,EMPLOYEE,EMEA Division Branch 4
CK2419,Charles,Clark,emp2419@apexglobal.com,+14150002419,EMPLOYEE,APAC Division Branch 1
CK2420,Karen,King,emp2420@apexglobal.com,+14150002420,EMPLOYEE,APAC Division Branch 2
CK2421,Christopher,Green,emp2421@apexglobal.com,+14150002421,EMPLOYEE,APAC Division Branch 3
CK2422,Lisa,Mitchell,emp2422@apexglobal.com,+14150002422,TRAINER,APAC Division Branch 4
CK2423,Daniel,Diaz,emp2423@apexglobal.com,+14150002423,MANAGER,LATAM Division Branch 1
CK2424,Nancy,Morris,emp2424@apexglobal.com,+14150002424,EMPLOYEE,LATAM Division Branch 2
CK2425,Matthew,Morgan,emp2425@apexglobal.com,+14150002425,EMPLOYEE,LATAM Division Branch 3
CK2426,Betty,Ramos,emp2426@apexglobal.com,+14150002426,EMPLOYEE,Global Engineering Branch 1
CK2427,Anthony,Chavez,emp2427@apexglobal.com,+14150002427,EMPLOYEE,Global Engineering Branch 2
CK2428,Margaret,Hughes,emp2428@apexglobal.com,+14150002428,TRAINER,Global Engineering Branch 3
CK2429,Mark,Long,emp2429@apexglobal.com,+14150002429,MANAGER,Product Innovation Branch 1
CK2430,Sandra,Brown,emp2430@apexglobal.com,+14150002430,EMPLOYEE,Product Innovation Branch 2
CK2431,Donald,Hernandez,emp2431@apexglobal.com,+14150002431,EMPLOYEE,Product Innovation Branch 3
CK2432,Ashley,Moore,emp2432@apexglobal.com,+14150002432,EMPLOYEE,Financial Services Branch 1
CK2433,Steven,Harris,emp2433@apexglobal.com,+14150002433,EMPLOYEE,Financial Services Branch 2
CK2434,Kimberly,Young,emp2434@apexglobal.com,+14150002434,TRAINER,Financial Services Branch 3
CK2435,Paul,Hill,emp2435@apexglobal.com,+14150002435,MANAGER,People and Culture Branch 1
CK2436,Emily,Rivera,emp2436@apexglobal.com,+14150002436,EMPLOYEE,People and Culture Branch 2
CK2437,Andrew,Evans,emp2437@apexglobal.com,+14150002437,EMPLOYEE,People and Culture Branch 3
CK2438,Donna,Reyes,emp2438@apexglobal.com,+14150002438,EMPLOYEE,Legal and Risk Branch 1
CK2439,Joshua,Gutierrez,emp2439@apexglobal.com,+14150002439,EMPLOYEE,Legal and Risk Branch 2
CK2440,Michelle,Kelly,emp2440@apexglobal.com,+14150002440,TRAINER,Legal and Risk Branch 3
CK2441,Kenneth,Watson,emp2441@apexglobal.com,+14150002441,MANAGER,North America Division Branch 1 Unit 1
CK2442,Carol,Mendoza,emp2442@apexglobal.com,+14150002442,EMPLOYEE,North America Division Branch 1 Unit 2
CK2443,Kevin,Patel,emp2443@apexglobal.com,+14150002443,EMPLOYEE,North America Division Branch 2 Unit 1
CK2444,Amanda,Johnson,emp2444@apexglobal.com,+14150002444,EMPLOYEE,North America Division Branch 2 Unit 2
CK2445,Brian,Rodriguez,emp2445@apexglobal.com,+14150002445,EMPLOYEE,North America Division Branch 3 Unit 1
CK2446,Dorothy,Thomas,emp2446@apexglobal.com,+14150002446,TRAINER,North America Division Branch 3 Unit 2
CK2447,George,Thompson,emp2447@apexglobal.com,+14150002447,MANAGER,North America Division Branch 4 Unit 1
CK2448,Melissa,Robinson,emp2448@apexglobal.com,+14150002448,EMPLOYEE,North America Division Branch 4 Unit 2
CK2449,Timothy,Torres,emp2449@apexglobal.com,+14150002449,EMPLOYEE,EMEA Division Branch 1 Unit 1
CK2450,Deborah,Baker,emp2450@apexglobal.com,+14150002450,EMPLOYEE,EMEA Division Branch 1 Unit 2
CK2451,Ronald,Gomez,emp2451@apexglobal.com,+14150002451,EMPLOYEE,EMEA Division Branch 2 Unit 1
CK2452,Stephanie,Edwards,emp2452@apexglobal.com,+14150002452,TRAINER,EMEA Division Branch 2 Unit 2
CK2453,Edward,Cook,emp2453@apexglobal.com,+14150002453,MANAGER,EMEA Division Branch 3 Unit 1
CK2454,Rebecca,Bailey,emp2454@apexglobal.com,+14150002454,EMPLOYEE,EMEA Division Branch 3 Unit 2
CK2455,Jason,Ward,emp2455@apexglobal.com,+14150002455,EMPLOYEE,EMEA Division Branch 4 Unit 1
CK2456,Sharon,Bennett,emp2456@apexglobal.com,+14150002456,EMPLOYEE,EMEA Division Branch 4 Unit 2
CK2457,Jeffrey,Castillo,emp2457@apexglobal.com,+14150002457,EMPLOYEE,APAC Division Branch 1 Unit 1
CK2458,Laura,Jimenez,emp2458@apexglobal.com,+14150002458,TRAINER,APAC Division Branch 1 Unit 2
CK2459,Ryan,Miller,emp2459@apexglobal.com,+14150002459,MANAGER,APAC Division Branch 2 Unit 1
CK2460,Cynthia,Wilson,emp2460@apexglobal.com,+14150002460,EMPLOYEE,APAC Division Branch 2 Unit 2
CK2461,Jacob,Lee,emp2461@apexglobal.com,+14150002461,EMPLOYEE,APAC Division Branch 3 Unit 1
CK2462,Kathleen,Ramirez,emp2462@apexglobal.com,+14150002462,EMPLOYEE,APAC Division Branch 3 Unit 2
CK2463,Gary,Wright,emp2463@apexglobal.com,+14150002463,EMPLOYEE,APAC Division Branch 4 Unit 1
CK2464,Amy,Adams,emp2464@apexglobal.com,+14150002464,TRAINER,APAC Division Branch 4 Unit 2
CK2465,Nicholas,Carter,emp2465@apexglobal.com,+14150002465,MANAGER,LATAM Division Branch 1 Unit 1
CK2466,Angela,Parker,emp2466@apexglobal.com,+14150002466,EMPLOYEE,LATAM Division Branch 1 Unit 2
CK2467,Eric,Morales,emp2467@apexglobal.com,+14150002467,EMPLOYEE,LATAM Division Branch 2 Unit 1
CK2468,Shirley,Cooper,emp2468@apexglobal.com,+14150002468,EMPLOYEE,LATAM Division Branch 2 Unit 2
CK2469,Jonathan,Kim,emp2469@apexglobal.com,+14150002469,EMPLOYEE,LATAM Division Branch 3 Unit 1
CK2470,Anna,Wood,emp2470@apexglobal.com,+14150002470,TRAINER,LATAM Division Branch 3 Unit 2
CK2471,Stephen,Price,emp2471@apexglobal.com,+14150002471,MANAGER,Global Engineering Branch 1 Unit 1
CK2472,Brenda,Ross,emp2472@apexglobal.com,+14150002472,EMPLOYEE,Global Engineering Branch 1 Unit 2
CK2473,Larry,Jones,emp2473@apexglobal.com,+14150002473,EMPLOYEE,Global Engineering Branch 2 Unit 1
CK2474,Pamela,Lopez,emp2474@apexglobal.com,+14150002474,EMPLOYEE,Global Engineering Branch 2 Unit 2
CK2475,Justin,Jackson,emp2475@apexglobal.com,+14150002475,EMPLOYEE,Global Engineering Branch 3 Unit 1
CK2476,Emma,Sanchez,emp2476@apexglobal.com,+14150002476,TRAINER,Global Engineering Branch 3 Unit 2
CK2477,Scott,Allen,emp2477@apexglobal.com,+14150002477,MANAGER,Product Innovation Branch 1 Unit 1
CK2478,Nicole,Flores,emp2478@apexglobal.com,+14150002478,EMPLOYEE,Product Innovation Branch 1 Unit 2
CK2479,Brandon,Campbell,emp2479@apexglobal.com,+14150002479,EMPLOYEE,Product Innovation Branch 2 Unit 1
CK2480,Helen,Turner,emp2480@apexglobal.com,+14150002480,EMPLOYEE,Product Innovation Branch 2 Unit 2
CK2481,Benjamin,Stewart,emp2481@apexglobal.com,+14150002481,EMPLOYEE,Product Innovation Branch 3 Unit 1
CK2482,Samantha,Ortiz,emp2482@apexglobal.com,+14150002482,TRAINER,Product Innovation Branch 3 Unit 2
CK2483,Samuel,Howard,emp2483@apexglobal.com,+14150002483,MANAGER,Financial Services Branch 1 Unit 1
CK2484,Katherine,Brooks,emp2484@apexglobal.com,+14150002484,EMPLOYEE,Financial Services Branch 1 Unit 2
CK2485,Gregory,Ruiz,emp2485@apexglobal.com,+14150002485,EMPLOYEE,Financial Services Branch 2 Unit 1
CK2486,Christine,Myers,emp2486@apexglobal.com,+14150002486,EMPLOYEE,Financial Services Branch 2 Unit 2
CK2487,Alexander,Williams,emp2487@apexglobal.com,+14150002487,EMPLOYEE,Financial Services Branch 3 Unit 1
CK2488,Debra,Martinez,emp2488@apexglobal.com,+14150002488,TRAINER,Financial Services Branch 3 Unit 2
CK2489,Frank,Taylor,emp2489@apexglobal.com,+14150002489,MANAGER,People and Culture Branch 1 Unit 1
CK2490,Rachel,White,emp2490@apexglobal.com,+14150002490,EMPLOYEE,People and Culture Branch 1 Unit 2
CK2491,Patrick,Walker,emp2491@apexglobal.com,+14150002491,EMPLOYEE,People and Culture Branch 2 Unit 1
CK2492,Carolyn,Nguyen,emp2492@apexglobal.com,+14150002492,EMPLOYEE,People and Culture Branch 2 Unit 2
CK2493,Raymond,Hall,emp2493@apexglobal.com,+14150002493,EMPLOYEE,People and Culture Branch 3 Unit 1
CK2494,Janet,Phillips,emp2494@apexglobal.com,+14150002494,TRAINER,People and Culture Branch 3 Unit 2
CK2495,Jack,Collins,emp2495@apexglobal.com,+14150002495,MANAGER,Legal and Risk Branch 1 Unit 1
CK2496,Maria,Rogers,emp2496@apexglobal.com,+14150002496,EMPLOYEE,Legal and Risk Branch 1 Unit 2
CK2497,Dennis,Reed,emp2497@apexglobal.com,+14150002497,EMPLOYEE,Legal and Risk Branch 2 Unit 1
CK2498,Heather,Richardson,emp2498@apexglobal.com,+14150002498,EMPLOYEE,Legal and Risk Branch 2 Unit 2
CK2499,Jerry,Gray,emp2499@apexglobal.com,+14150002499,EMPLOYEE,Legal and Risk Branch 3 Unit 1
CK2500,Diane,Sanders,emp2500@apexglobal.com,+14150002500,TRAINER,Legal and Risk Branch 3 Unit 2
CK2501,James,Smith,emp2501@apexglobal.com,+14150002501,MANAGER,Apex Global Corporation
CK2502,Mary,Davis,emp2502@apexglobal.com,+14150002502,EMPLOYEE,North America Division
CK2503,Robert,Anderson,emp2503@apexglobal.com,+14150002503,EMPLOYEE,EMEA Division
CK2504,Patricia,Perez,emp2504@apexglobal.com,+14150002504,EMPLOYEE,APAC Division
CK2505,John,Lewis,emp2505@apexglobal.com,+14150002505,EMPLOYEE,LATAM Division
CK2506,Jennifer,Scott,emp2506@apexglobal.com,+14150002506,TRAINER,Global Engineering
CK2507,Michael,Nelson,emp2507@apexglobal.com,+14150002507,MANAGER,Product Innovation
CK2508,Linda,Roberts,emp2508@apexglobal.com,+14150002508,EMPLOYEE,Financial Services
CK2509,David,Cruz,emp2509@apexglobal.com,+14150002509,EMPLOYEE,People and Culture
CK2510,Elizabeth,Murphy,emp2510@apexglobal.com,+14150002510,EMPLOYEE,Legal and Risk
CK2511,William,Peterson,emp2511@apexglobal.com,+14150002511,EMPLOYEE,North America Division Branch 1
CK2512,Barbara,Cox,emp2512@apexglobal.com,+14150002512,TRAINER,North America Division Branch 2
CK2513,Richard,James,emp2513@apexglobal.com,+14150002513,MANAGER,North America Division Branch 3
CK2514,Susan,Alvarez,emp2514@apexglobal.com,+14150002514,EMPLOYEE,North America Division Branch 4
CK2515,Joseph,Foster,emp2515@apexglobal.com,+14150002515,EMPLOYEE,EMEA Division Branch 1
CK2516,Jessica,Garcia,emp2516@apexglobal.com,+14150002516,EMPLOYEE,EMEA Division Branch 2
CK2517,Thomas,Gonzalez,emp2517@apexglobal.com,+14150002517,EMPLOYEE,EMEA Division Branch 3
CK2518,Sarah,Martin,emp2518@apexglobal.com,+14150002518,TRAINER,EMEA Division Branch 4
CK2519,Charles,Clark,emp2519@apexglobal.com,+14150002519,MANAGER,APAC Division Branch 1
CK2520,Karen,King,emp2520@apexglobal.com,+14150002520,EMPLOYEE,APAC Division Branch 2
CK2521,Christopher,Green,emp2521@apexglobal.com,+14150002521,EMPLOYEE,APAC Division Branch 3
CK2522,Lisa,Mitchell,emp2522@apexglobal.com,+14150002522,EMPLOYEE,APAC Division Branch 4
CK2523,Daniel,Diaz,emp2523@apexglobal.com,+14150002523,EMPLOYEE,LATAM Division Branch 1
CK2524,Nancy,Morris,emp2524@apexglobal.com,+14150002524,TRAINER,LATAM Division Branch 2
CK2525,Matthew,Morgan,emp2525@apexglobal.com,+14150002525,MANAGER,LATAM Division Branch 3
CK2526,Betty,Ramos,emp2526@apexglobal.com,+14150002526,EMPLOYEE,Global Engineering Branch 1
CK2527,Anthony,Chavez,emp2527@apexglobal.com,+14150002527,EMPLOYEE,Global Engineering Branch 2
CK2528,Margaret,Hughes,emp2528@apexglobal.com,+14150002528,EMPLOYEE,Global Engineering Branch 3
CK2529,Mark,Long,emp2529@apexglobal.com,+14150002529,EMPLOYEE,Product Innovation Branch 1
CK2530,Sandra,Brown,emp2530@apexglobal.com,+14150002530,TRAINER,Product Innovation Branch 2
CK2531,Donald,Hernandez,emp2531@apexglobal.com,+14150002531,MANAGER,Product Innovation Branch 3
CK2532,Ashley,Moore,emp2532@apexglobal.com,+14150002532,EMPLOYEE,Financial Services Branch 1
CK2533,Steven,Harris,emp2533@apexglobal.com,+14150002533,EMPLOYEE,Financial Services Branch 2
CK2534,Kimberly,Young,emp2534@apexglobal.com,+14150002534,EMPLOYEE,Financial Services Branch 3
CK2535,Paul,Hill,emp2535@apexglobal.com,+14150002535,EMPLOYEE,People and Culture Branch 1
CK2536,Emily,Rivera,emp2536@apexglobal.com,+14150002536,TRAINER,People and Culture Branch 2
CK2537,Andrew,Evans,emp2537@apexglobal.com,+14150002537,MANAGER,People and Culture Branch 3
CK2538,Donna,Reyes,emp2538@apexglobal.com,+14150002538,EMPLOYEE,Legal and Risk Branch 1
CK2539,Joshua,Gutierrez,emp2539@apexglobal.com,+14150002539,EMPLOYEE,Legal and Risk Branch 2
CK2540,Michelle,Kelly,emp2540@apexglobal.com,+14150002540,EMPLOYEE,Legal and Risk Branch 3
CK2541,Kenneth,Watson,emp2541@apexglobal.com,+14150002541,EMPLOYEE,North America Division Branch 1 Unit 1
CK2542,Carol,Mendoza,emp2542@apexglobal.com,+14150002542,TRAINER,North America Division Branch 1 Unit 2
CK2543,Kevin,Patel,emp2543@apexglobal.com,+14150002543,MANAGER,North America Division Branch 2 Unit 1
CK2544,Amanda,Johnson,emp2544@apexglobal.com,+14150002544,EMPLOYEE,North America Division Branch 2 Unit 2
CK2545,Brian,Rodriguez,emp2545@apexglobal.com,+14150002545,EMPLOYEE,North America Division Branch 3 Unit 1
CK2546,Dorothy,Thomas,emp2546@apexglobal.com,+14150002546,EMPLOYEE,North America Division Branch 3 Unit 2
CK2547,George,Thompson,emp2547@apexglobal.com,+14150002547,EMPLOYEE,North America Division Branch 4 Unit 1
CK2548,Melissa,Robinson,emp2548@apexglobal.com,+14150002548,TRAINER,North America Division Branch 4 Unit 2
CK2549,Timothy,Torres,emp2549@apexglobal.com,+14150002549,MANAGER,EMEA Division Branch 1 Unit 1
CK2550,Deborah,Baker,emp2550@apexglobal.com,+14150002550,EMPLOYEE,EMEA Division Branch 1 Unit 2
CK2551,Ronald,Gomez,emp2551@apexglobal.com,+14150002551,EMPLOYEE,EMEA Division Branch 2 Unit 1
CK2552,Stephanie,Edwards,emp2552@apexglobal.com,+14150002552,EMPLOYEE,EMEA Division Branch 2 Unit 2
CK2553,Edward,Cook,emp2553@apexglobal.com,+14150002553,EMPLOYEE,EMEA Division Branch 3 Unit 1
CK2554,Rebecca,Bailey,emp2554@apexglobal.com,+14150002554,TRAINER,EMEA Division Branch 3 Unit 2
CK2555,Jason,Ward,emp2555@apexglobal.com,+14150002555,MANAGER,EMEA Division Branch 4 Unit 1
CK2556,Sharon,Bennett,emp2556@apexglobal.com,+14150002556,EMPLOYEE,EMEA Division Branch 4 Unit 2
CK2557,Jeffrey,Castillo,emp2557@apexglobal.com,+14150002557,EMPLOYEE,APAC Division Branch 1 Unit 1
CK2558,Laura,Jimenez,emp2558@apexglobal.com,+14150002558,EMPLOYEE,APAC Division Branch 1 Unit 2
CK2559,Ryan,Miller,emp2559@apexglobal.com,+14150002559,EMPLOYEE,APAC Division Branch 2 Unit 1
CK2560,Cynthia,Wilson,emp2560@apexglobal.com,+14150002560,TRAINER,APAC Division Branch 2 Unit 2
CK2561,Jacob,Lee,emp2561@apexglobal.com,+14150002561,MANAGER,APAC Division Branch 3 Unit 1
CK2562,Kathleen,Ramirez,emp2562@apexglobal.com,+14150002562,EMPLOYEE,APAC Division Branch 3 Unit 2
CK2563,Gary,Wright,emp2563@apexglobal.com,+14150002563,EMPLOYEE,APAC Division Branch 4 Unit 1
CK2564,Amy,Adams,emp2564@apexglobal.com,+14150002564,EMPLOYEE,APAC Division Branch 4 Unit 2
CK2565,Nicholas,Carter,emp2565@apexglobal.com,+14150002565,EMPLOYEE,LATAM Division Branch 1 Unit 1
CK2566,Angela,Parker,emp2566@apexglobal.com,+14150002566,TRAINER,LATAM Division Branch 1 Unit 2
CK2567,Eric,Morales,emp2567@apexglobal.com,+14150002567,MANAGER,LATAM Division Branch 2 Unit 1
CK2568,Shirley,Cooper,emp2568@apexglobal.com,+14150002568,EMPLOYEE,LATAM Division Branch 2 Unit 2
CK2569,Jonathan,Kim,emp2569@apexglobal.com,+14150002569,EMPLOYEE,LATAM Division Branch 3 Unit 1
CK2570,Anna,Wood,emp2570@apexglobal.com,+14150002570,EMPLOYEE,LATAM Division Branch 3 Unit 2
CK2571,Stephen,Price,emp2571@apexglobal.com,+14150002571,EMPLOYEE,Global Engineering Branch 1 Unit 1
CK2572,Brenda,Ross,emp2572@apexglobal.com,+14150002572,TRAINER,Global Engineering Branch 1 Unit 2
CK2573,Larry,Jones,emp2573@apexglobal.com,+14150002573,MANAGER,Global Engineering Branch 2 Unit 1
CK2574,Pamela,Lopez,emp2574@apexglobal.com,+14150002574,EMPLOYEE,Global Engineering Branch 2 Unit 2
CK2575,Justin,Jackson,emp2575@apexglobal.com,+14150002575,EMPLOYEE,Global Engineering Branch 3 Unit 1
CK2576,Emma,Sanchez,emp2576@apexglobal.com,+14150002576,EMPLOYEE,Global Engineering Branch 3 Unit 2
CK2577,Scott,Allen,emp2577@apexglobal.com,+14150002577,EMPLOYEE,Product Innovation Branch 1 Unit 1
CK2578,Nicole,Flores,emp2578@apexglobal.com,+14150002578,TRAINER,Product Innovation Branch 1 Unit 2
CK2579,Brandon,Campbell,emp2579@apexglobal.com,+14150002579,MANAGER,Product Innovation Branch 2 Unit 1
CK2580,Helen,Turner,emp2580@apexglobal.com,+14150002580,EMPLOYEE,Product Innovation Branch 2 Unit 2
CK2581,Benjamin,Stewart,emp2581@apexglobal.com,+14150002581,EMPLOYEE,Product Innovation Branch 3 Unit 1
CK2582,Samantha,Ortiz,emp2582@apexglobal.com,+14150002582,EMPLOYEE,Product Innovation Branch 3 Unit 2
CK2583,Samuel,Howard,emp2583@apexglobal.com,+14150002583,EMPLOYEE,Financial Services Branch 1 Unit 1
CK2584,Katherine,Brooks,emp2584@apexglobal.com,+14150002584,TRAINER,Financial Services Branch 1 Unit 2
CK2585,Gregory,Ruiz,emp2585@apexglobal.com,+14150002585,MANAGER,Financial Services Branch 2 Unit 1
CK2586,Christine,Myers,emp2586@apexglobal.com,+14150002586,EMPLOYEE,Financial Services Branch 2 Unit 2
CK2587,Alexander,Williams,emp2587@apexglobal.com,+14150002587,EMPLOYEE,Financial Services Branch 3 Unit 1
CK2588,Debra,Martinez,emp2588@apexglobal.com,+14150002588,EMPLOYEE,Financial Services Branch 3 Unit 2
CK2589,Frank,Taylor,emp2589@apexglobal.com,+14150002589,EMPLOYEE,People and Culture Branch 1 Unit 1
CK2590,Rachel,White,emp2590@apexglobal.com,+14150002590,TRAINER,People and Culture Branch 1 Unit 2
CK2591,Patrick,Walker,emp2591@apexglobal.com,+14150002591,MANAGER,People and Culture Branch 2 Unit 1
CK2592,Carolyn,Nguyen,emp2592@apexglobal.com,+14150002592,EMPLOYEE,People and Culture Branch 2 Unit 2
CK2593,Raymond,Hall,emp2593@apexglobal.com,+14150002593,EMPLOYEE,People and Culture Branch 3 Unit 1
CK2594,Janet,Phillips,emp2594@apexglobal.com,+14150002594,EMPLOYEE,People and Culture Branch 3 Unit 2
CK2595,Jack,Collins,emp2595@apexglobal.com,+14150002595,EMPLOYEE,Legal and Risk Branch 1 Unit 1
CK2596,Maria,Rogers,emp2596@apexglobal.com,+14150002596,TRAINER,Legal and Risk Branch 1 Unit 2
CK2597,Dennis,Reed,emp2597@apexglobal.com,+14150002597,MANAGER,Legal and Risk Branch 2 Unit 1
CK2598,Heather,Richardson,emp2598@apexglobal.com,+14150002598,EMPLOYEE,Legal and Risk Branch 2 Unit 2
CK2599,Jerry,Gray,emp2599@apexglobal.com,+14150002599,EMPLOYEE,Legal and Risk Branch 3 Unit 1
CK2600,Diane,Sanders,emp2600@apexglobal.com,+14150002600,EMPLOYEE,Legal and Risk Branch 3 Unit 2
CK2601,James,Smith,emp2601@apexglobal.com,+14150002601,EMPLOYEE,Apex Global Corporation
CK2602,Mary,Davis,emp2602@apexglobal.com,+14150002602,TRAINER,North America Division
CK2603,Robert,Anderson,emp2603@apexglobal.com,+14150002603,MANAGER,EMEA Division
CK2604,Patricia,Perez,emp2604@apexglobal.com,+14150002604,EMPLOYEE,APAC Division
CK2605,John,Lewis,emp2605@apexglobal.com,+14150002605,EMPLOYEE,LATAM Division
CK2606,Jennifer,Scott,emp2606@apexglobal.com,+14150002606,EMPLOYEE,Global Engineering
CK2607,Michael,Nelson,emp2607@apexglobal.com,+14150002607,EMPLOYEE,Product Innovation
CK2608,Linda,Roberts,emp2608@apexglobal.com,+14150002608,TRAINER,Financial Services
CK2609,David,Cruz,emp2609@apexglobal.com,+14150002609,MANAGER,People and Culture
CK2610,Elizabeth,Murphy,emp2610@apexglobal.com,+14150002610,EMPLOYEE,Legal and Risk
CK2611,William,Peterson,emp2611@apexglobal.com,+14150002611,EMPLOYEE,North America Division Branch 1
CK2612,Barbara,Cox,emp2612@apexglobal.com,+14150002612,EMPLOYEE,North America Division Branch 2
CK2613,Richard,James,emp2613@apexglobal.com,+14150002613,EMPLOYEE,North America Division Branch 3
CK2614,Susan,Alvarez,emp2614@apexglobal.com,+14150002614,TRAINER,North America Division Branch 4
CK2615,Joseph,Foster,emp2615@apexglobal.com,+14150002615,MANAGER,EMEA Division Branch 1
CK2616,Jessica,Garcia,emp2616@apexglobal.com,+14150002616,EMPLOYEE,EMEA Division Branch 2
CK2617,Thomas,Gonzalez,emp2617@apexglobal.com,+14150002617,EMPLOYEE,EMEA Division Branch 3
CK2618,Sarah,Martin,emp2618@apexglobal.com,+14150002618,EMPLOYEE,EMEA Division Branch 4
CK2619,Charles,Clark,emp2619@apexglobal.com,+14150002619,EMPLOYEE,APAC Division Branch 1
CK2620,Karen,King,emp2620@apexglobal.com,+14150002620,TRAINER,APAC Division Branch 2
CK2621,Christopher,Green,emp2621@apexglobal.com,+14150002621,MANAGER,APAC Division Branch 3
CK2622,Lisa,Mitchell,emp2622@apexglobal.com,+14150002622,EMPLOYEE,APAC Division Branch 4
CK2623,Daniel,Diaz,emp2623@apexglobal.com,+14150002623,EMPLOYEE,LATAM Division Branch 1
CK2624,Nancy,Morris,emp2624@apexglobal.com,+14150002624,EMPLOYEE,LATAM Division Branch 2
CK2625,Matthew,Morgan,emp2625@apexglobal.com,+14150002625,EMPLOYEE,LATAM Division Branch 3
CK2626,Betty,Ramos,emp2626@apexglobal.com,+14150002626,TRAINER,Global Engineering Branch 1
CK2627,Anthony,Chavez,emp2627@apexglobal.com,+14150002627,MANAGER,Global Engineering Branch 2
CK2628,Margaret,Hughes,emp2628@apexglobal.com,+14150002628,EMPLOYEE,Global Engineering Branch 3
CK2629,Mark,Long,emp2629@apexglobal.com,+14150002629,EMPLOYEE,Product Innovation Branch 1
CK2630,Sandra,Brown,emp2630@apexglobal.com,+14150002630,EMPLOYEE,Product Innovation Branch 2
CK2631,Donald,Hernandez,emp2631@apexglobal.com,+14150002631,EMPLOYEE,Product Innovation Branch 3
CK2632,Ashley,Moore,emp2632@apexglobal.com,+14150002632,TRAINER,Financial Services Branch 1
CK2633,Steven,Harris,emp2633@apexglobal.com,+14150002633,MANAGER,Financial Services Branch 2
CK2634,Kimberly,Young,emp2634@apexglobal.com,+14150002634,EMPLOYEE,Financial Services Branch 3
CK2635,Paul,Hill,emp2635@apexglobal.com,+14150002635,EMPLOYEE,People and Culture Branch 1
CK2636,Emily,Rivera,emp2636@apexglobal.com,+14150002636,EMPLOYEE,People and Culture Branch 2
CK2637,Andrew,Evans,emp2637@apexglobal.com,+14150002637,EMPLOYEE,People and Culture Branch 3
CK2638,Donna,Reyes,emp2638@apexglobal.com,+14150002638,TRAINER,Legal and Risk Branch 1
CK2639,Joshua,Gutierrez,emp2639@apexglobal.com,+14150002639,MANAGER,Legal and Risk Branch 2
CK2640,Michelle,Kelly,emp2640@apexglobal.com,+14150002640,EMPLOYEE,Legal and Risk Branch 3
CK2641,Kenneth,Watson,emp2641@apexglobal.com,+14150002641,EMPLOYEE,North America Division Branch 1 Unit 1
CK2642,Carol,Mendoza,emp2642@apexglobal.com,+14150002642,EMPLOYEE,North America Division Branch 1 Unit 2
CK2643,Kevin,Patel,emp2643@apexglobal.com,+14150002643,EMPLOYEE,North America Division Branch 2 Unit 1
CK2644,Amanda,Johnson,emp2644@apexglobal.com,+14150002644,TRAINER,North America Division Branch 2 Unit 2
CK2645,Brian,Rodriguez,emp2645@apexglobal.com,+14150002645,MANAGER,North America Division Branch 3 Unit 1
CK2646,Dorothy,Thomas,emp2646@apexglobal.com,+14150002646,EMPLOYEE,North America Division Branch 3 Unit 2
CK2647,George,Thompson,emp2647@apexglobal.com,+14150002647,EMPLOYEE,North America Division Branch 4 Unit 1
CK2648,Melissa,Robinson,emp2648@apexglobal.com,+14150002648,EMPLOYEE,North America Division Branch 4 Unit 2
CK2649,Timothy,Torres,emp2649@apexglobal.com,+14150002649,EMPLOYEE,EMEA Division Branch 1 Unit 1
CK2650,Deborah,Baker,emp2650@apexglobal.com,+14150002650,TRAINER,EMEA Division Branch 1 Unit 2
CK2651,Ronald,Gomez,emp2651@apexglobal.com,+14150002651,MANAGER,EMEA Division Branch 2 Unit 1
CK2652,Stephanie,Edwards,emp2652@apexglobal.com,+14150002652,EMPLOYEE,EMEA Division Branch 2 Unit 2
CK2653,Edward,Cook,emp2653@apexglobal.com,+14150002653,EMPLOYEE,EMEA Division Branch 3 Unit 1
CK2654,Rebecca,Bailey,emp2654@apexglobal.com,+14150002654,EMPLOYEE,EMEA Division Branch 3 Unit 2
CK2655,Jason,Ward,emp2655@apexglobal.com,+14150002655,EMPLOYEE,EMEA Division Branch 4 Unit 1
CK2656,Sharon,Bennett,emp2656@apexglobal.com,+14150002656,TRAINER,EMEA Division Branch 4 Unit 2
CK2657,Jeffrey,Castillo,emp2657@apexglobal.com,+14150002657,MANAGER,APAC Division Branch 1 Unit 1
CK2658,Laura,Jimenez,emp2658@apexglobal.com,+14150002658,EMPLOYEE,APAC Division Branch 1 Unit 2
CK2659,Ryan,Miller,emp2659@apexglobal.com,+14150002659,EMPLOYEE,APAC Division Branch 2 Unit 1
CK2660,Cynthia,Wilson,emp2660@apexglobal.com,+14150002660,EMPLOYEE,APAC Division Branch 2 Unit 2
CK2661,Jacob,Lee,emp2661@apexglobal.com,+14150002661,EMPLOYEE,APAC Division Branch 3 Unit 1
CK2662,Kathleen,Ramirez,emp2662@apexglobal.com,+14150002662,TRAINER,APAC Division Branch 3 Unit 2
CK2663,Gary,Wright,emp2663@apexglobal.com,+14150002663,MANAGER,APAC Division Branch 4 Unit 1
CK2664,Amy,Adams,emp2664@apexglobal.com,+14150002664,EMPLOYEE,APAC Division Branch 4 Unit 2
CK2665,Nicholas,Carter,emp2665@apexglobal.com,+14150002665,EMPLOYEE,LATAM Division Branch 1 Unit 1
CK2666,Angela,Parker,emp2666@apexglobal.com,+14150002666,EMPLOYEE,LATAM Division Branch 1 Unit 2
CK2667,Eric,Morales,emp2667@apexglobal.com,+14150002667,EMPLOYEE,LATAM Division Branch 2 Unit 1
CK2668,Shirley,Cooper,emp2668@apexglobal.com,+14150002668,TRAINER,LATAM Division Branch 2 Unit 2
CK2669,Jonathan,Kim,emp2669@apexglobal.com,+14150002669,MANAGER,LATAM Division Branch 3 Unit 1
CK2670,Anna,Wood,emp2670@apexglobal.com,+14150002670,EMPLOYEE,LATAM Division Branch 3 Unit 2
CK2671,Stephen,Price,emp2671@apexglobal.com,+14150002671,EMPLOYEE,Global Engineering Branch 1 Unit 1
CK2672,Brenda,Ross,emp2672@apexglobal.com,+14150002672,EMPLOYEE,Global Engineering Branch 1 Unit 2
CK2673,Larry,Jones,emp2673@apexglobal.com,+14150002673,EMPLOYEE,Global Engineering Branch 2 Unit 1
CK2674,Pamela,Lopez,emp2674@apexglobal.com,+14150002674,TRAINER,Global Engineering Branch 2 Unit 2
CK2675,Justin,Jackson,emp2675@apexglobal.com,+14150002675,MANAGER,Global Engineering Branch 3 Unit 1
CK2676,Emma,Sanchez,emp2676@apexglobal.com,+14150002676,EMPLOYEE,Global Engineering Branch 3 Unit 2
CK2677,Scott,Allen,emp2677@apexglobal.com,+14150002677,EMPLOYEE,Product Innovation Branch 1 Unit 1
CK2678,Nicole,Flores,emp2678@apexglobal.com,+14150002678,EMPLOYEE,Product Innovation Branch 1 Unit 2
CK2679,Brandon,Campbell,emp2679@apexglobal.com,+14150002679,EMPLOYEE,Product Innovation Branch 2 Unit 1
CK2680,Helen,Turner,emp2680@apexglobal.com,+14150002680,TRAINER,Product Innovation Branch 2 Unit 2
CK2681,Benjamin,Stewart,emp2681@apexglobal.com,+14150002681,MANAGER,Product Innovation Branch 3 Unit 1
CK2682,Samantha,Ortiz,emp2682@apexglobal.com,+14150002682,EMPLOYEE,Product Innovation Branch 3 Unit 2
CK2683,Samuel,Howard,emp2683@apexglobal.com,+14150002683,EMPLOYEE,Financial Services Branch 1 Unit 1
CK2684,Katherine,Brooks,emp2684@apexglobal.com,+14150002684,EMPLOYEE,Financial Services Branch 1 Unit 2
CK2685,Gregory,Ruiz,emp2685@apexglobal.com,+14150002685,EMPLOYEE,Financial Services Branch 2 Unit 1
CK2686,Christine,Myers,emp2686@apexglobal.com,+14150002686,TRAINER,Financial Services Branch 2 Unit 2
CK2687,Alexander,Williams,emp2687@apexglobal.com,+14150002687,MANAGER,Financial Services Branch 3 Unit 1
CK2688,Debra,Martinez,emp2688@apexglobal.com,+14150002688,EMPLOYEE,Financial Services Branch 3 Unit 2
CK2689,Frank,Taylor,emp2689@apexglobal.com,+14150002689,EMPLOYEE,People and Culture Branch 1 Unit 1
CK2690,Rachel,White,emp2690@apexglobal.com,+14150002690,EMPLOYEE,People and Culture Branch 1 Unit 2
CK2691,Patrick,Walker,emp2691@apexglobal.com,+14150002691,EMPLOYEE,People and Culture Branch 2 Unit 1
CK2692,Carolyn,Nguyen,emp2692@apexglobal.com,+14150002692,TRAINER,People and Culture Branch 2 Unit 2
CK2693,Raymond,Hall,emp2693@apexglobal.com,+14150002693,MANAGER,People and Culture Branch 3 Unit 1
CK2694,Janet,Phillips,emp2694@apexglobal.com,+14150002694,EMPLOYEE,People and Culture Branch 3 Unit 2
CK2695,Jack,Collins,emp2695@apexglobal.com,+14150002695,EMPLOYEE,Legal and Risk Branch 1 Unit 1
CK2696,Maria,Rogers,emp2696@apexglobal.com,+14150002696,EMPLOYEE,Legal and Risk Branch 1 Unit 2
CK2697,Dennis,Reed,emp2697@apexglobal.com,+14150002697,EMPLOYEE,Legal and Risk Branch 2 Unit 1
CK2698,Heather,Richardson,emp2698@apexglobal.com,+14150002698,TRAINER,Legal and Risk Branch 2 Unit 2
CK2699,Jerry,Gray,emp2699@apexglobal.com,+14150002699,MANAGER,Legal and Risk Branch 3 Unit 1
CK2700,Diane,Sanders,emp2700@apexglobal.com,+14150002700,EMPLOYEE,Legal and Risk Branch 3 Unit 2
CK2701,James,Smith,emp2701@apexglobal.com,+14150002701,EMPLOYEE,Apex Global Corporation
CK2702,Mary,Davis,emp2702@apexglobal.com,+14150002702,EMPLOYEE,North America Division
CK2703,Robert,Anderson,emp2703@apexglobal.com,+14150002703,EMPLOYEE,EMEA Division
CK2704,Patricia,Perez,emp2704@apexglobal.com,+14150002704,TRAINER,APAC Division
CK2705,John,Lewis,emp2705@apexglobal.com,+14150002705,MANAGER,LATAM Division
CK2706,Jennifer,Scott,emp2706@apexglobal.com,+14150002706,EMPLOYEE,Global Engineering
CK2707,Michael,Nelson,emp2707@apexglobal.com,+14150002707,EMPLOYEE,Product Innovation
CK2708,Linda,Roberts,emp2708@apexglobal.com,+14150002708,EMPLOYEE,Financial Services
CK2709,David,Cruz,emp2709@apexglobal.com,+14150002709,EMPLOYEE,People and Culture
CK2710,Elizabeth,Murphy,emp2710@apexglobal.com,+14150002710,TRAINER,Legal and Risk
CK2711,William,Peterson,emp2711@apexglobal.com,+14150002711,MANAGER,North America Division Branch 1
CK2712,Barbara,Cox,emp2712@apexglobal.com,+14150002712,EMPLOYEE,North America Division Branch 2
CK2713,Richard,James,emp2713@apexglobal.com,+14150002713,EMPLOYEE,North America Division Branch 3
CK2714,Susan,Alvarez,emp2714@apexglobal.com,+14150002714,EMPLOYEE,North America Division Branch 4
CK2715,Joseph,Foster,emp2715@apexglobal.com,+14150002715,EMPLOYEE,EMEA Division Branch 1
CK2716,Jessica,Garcia,emp2716@apexglobal.com,+14150002716,TRAINER,EMEA Division Branch 2
CK2717,Thomas,Gonzalez,emp2717@apexglobal.com,+14150002717,MANAGER,EMEA Division Branch 3
CK2718,Sarah,Martin,emp2718@apexglobal.com,+14150002718,EMPLOYEE,EMEA Division Branch 4
CK2719,Charles,Clark,emp2719@apexglobal.com,+14150002719,EMPLOYEE,APAC Division Branch 1
CK2720,Karen,King,emp2720@apexglobal.com,+14150002720,EMPLOYEE,APAC Division Branch 2
CK2721,Christopher,Green,emp2721@apexglobal.com,+14150002721,EMPLOYEE,APAC Division Branch 3
CK2722,Lisa,Mitchell,emp2722@apexglobal.com,+14150002722,TRAINER,APAC Division Branch 4
CK2723,Daniel,Diaz,emp2723@apexglobal.com,+14150002723,MANAGER,LATAM Division Branch 1
CK2724,Nancy,Morris,emp2724@apexglobal.com,+14150002724,EMPLOYEE,LATAM Division Branch 2
CK2725,Matthew,Morgan,emp2725@apexglobal.com,+14150002725,EMPLOYEE,LATAM Division Branch 3
CK2726,Betty,Ramos,emp2726@apexglobal.com,+14150002726,EMPLOYEE,Global Engineering Branch 1
CK2727,Anthony,Chavez,emp2727@apexglobal.com,+14150002727,EMPLOYEE,Global Engineering Branch 2
CK2728,Margaret,Hughes,emp2728@apexglobal.com,+14150002728,TRAINER,Global Engineering Branch 3
CK2729,Mark,Long,emp2729@apexglobal.com,+14150002729,MANAGER,Product Innovation Branch 1
CK2730,Sandra,Brown,emp2730@apexglobal.com,+14150002730,EMPLOYEE,Product Innovation Branch 2
CK2731,Donald,Hernandez,emp2731@apexglobal.com,+14150002731,EMPLOYEE,Product Innovation Branch 3
CK2732,Ashley,Moore,emp2732@apexglobal.com,+14150002732,EMPLOYEE,Financial Services Branch 1
CK2733,Steven,Harris,emp2733@apexglobal.com,+14150002733,EMPLOYEE,Financial Services Branch 2
CK2734,Kimberly,Young,emp2734@apexglobal.com,+14150002734,TRAINER,Financial Services Branch 3
CK2735,Paul,Hill,emp2735@apexglobal.com,+14150002735,MANAGER,People and Culture Branch 1
CK2736,Emily,Rivera,emp2736@apexglobal.com,+14150002736,EMPLOYEE,People and Culture Branch 2
CK2737,Andrew,Evans,emp2737@apexglobal.com,+14150002737,EMPLOYEE,People and Culture Branch 3
CK2738,Donna,Reyes,emp2738@apexglobal.com,+14150002738,EMPLOYEE,Legal and Risk Branch 1
CK2739,Joshua,Gutierrez,emp2739@apexglobal.com,+14150002739,EMPLOYEE,Legal and Risk Branch 2
CK2740,Michelle,Kelly,emp2740@apexglobal.com,+14150002740,TRAINER,Legal and Risk Branch 3
CK2741,Kenneth,Watson,emp2741@apexglobal.com,+14150002741,MANAGER,North America Division Branch 1 Unit 1
CK2742,Carol,Mendoza,emp2742@apexglobal.com,+14150002742,EMPLOYEE,North America Division Branch 1 Unit 2
CK2743,Kevin,Patel,emp2743@apexglobal.com,+14150002743,EMPLOYEE,North America Division Branch 2 Unit 1
CK2744,Amanda,Johnson,emp2744@apexglobal.com,+14150002744,EMPLOYEE,North America Division Branch 2 Unit 2
CK2745,Brian,Rodriguez,emp2745@apexglobal.com,+14150002745,EMPLOYEE,North America Division Branch 3 Unit 1
CK2746,Dorothy,Thomas,emp2746@apexglobal.com,+14150002746,TRAINER,North America Division Branch 3 Unit 2
CK2747,George,Thompson,emp2747@apexglobal.com,+14150002747,MANAGER,North America Division Branch 4 Unit 1
CK2748,Melissa,Robinson,emp2748@apexglobal.com,+14150002748,EMPLOYEE,North America Division Branch 4 Unit 2
CK2749,Timothy,Torres,emp2749@apexglobal.com,+14150002749,EMPLOYEE,EMEA Division Branch 1 Unit 1
CK2750,Deborah,Baker,emp2750@apexglobal.com,+14150002750,EMPLOYEE,EMEA Division Branch 1 Unit 2
CK2751,Ronald,Gomez,emp2751@apexglobal.com,+14150002751,EMPLOYEE,EMEA Division Branch 2 Unit 1
CK2752,Stephanie,Edwards,emp2752@apexglobal.com,+14150002752,TRAINER,EMEA Division Branch 2 Unit 2
CK2753,Edward,Cook,emp2753@apexglobal.com,+14150002753,MANAGER,EMEA Division Branch 3 Unit 1
CK2754,Rebecca,Bailey,emp2754@apexglobal.com,+14150002754,EMPLOYEE,EMEA Division Branch 3 Unit 2
CK2755,Jason,Ward,emp2755@apexglobal.com,+14150002755,EMPLOYEE,EMEA Division Branch 4 Unit 1
CK2756,Sharon,Bennett,emp2756@apexglobal.com,+14150002756,EMPLOYEE,EMEA Division Branch 4 Unit 2
CK2757,Jeffrey,Castillo,emp2757@apexglobal.com,+14150002757,EMPLOYEE,APAC Division Branch 1 Unit 1
CK2758,Laura,Jimenez,emp2758@apexglobal.com,+14150002758,TRAINER,APAC Division Branch 1 Unit 2
CK2759,Ryan,Miller,emp2759@apexglobal.com,+14150002759,MANAGER,APAC Division Branch 2 Unit 1
CK2760,Cynthia,Wilson,emp2760@apexglobal.com,+14150002760,EMPLOYEE,APAC Division Branch 2 Unit 2
CK2761,Jacob,Lee,emp2761@apexglobal.com,+14150002761,EMPLOYEE,APAC Division Branch 3 Unit 1
CK2762,Kathleen,Ramirez,emp2762@apexglobal.com,+14150002762,EMPLOYEE,APAC Division Branch 3 Unit 2
CK2763,Gary,Wright,emp2763@apexglobal.com,+14150002763,EMPLOYEE,APAC Division Branch 4 Unit 1
CK2764,Amy,Adams,emp2764@apexglobal.com,+14150002764,TRAINER,APAC Division Branch 4 Unit 2
CK2765,Nicholas,Carter,emp2765@apexglobal.com,+14150002765,MANAGER,LATAM Division Branch 1 Unit 1
CK2766,Angela,Parker,emp2766@apexglobal.com,+14150002766,EMPLOYEE,LATAM Division Branch 1 Unit 2
CK2767,Eric,Morales,emp2767@apexglobal.com,+14150002767,EMPLOYEE,LATAM Division Branch 2 Unit 1
CK2768,Shirley,Cooper,emp2768@apexglobal.com,+14150002768,EMPLOYEE,LATAM Division Branch 2 Unit 2
CK2769,Jonathan,Kim,emp2769@apexglobal.com,+14150002769,EMPLOYEE,LATAM Division Branch 3 Unit 1
CK2770,Anna,Wood,emp2770@apexglobal.com,+14150002770,TRAINER,LATAM Division Branch 3 Unit 2
CK2771,Stephen,Price,emp2771@apexglobal.com,+14150002771,MANAGER,Global Engineering Branch 1 Unit 1
CK2772,Brenda,Ross,emp2772@apexglobal.com,+14150002772,EMPLOYEE,Global Engineering Branch 1 Unit 2
CK2773,Larry,Jones,emp2773@apexglobal.com,+14150002773,EMPLOYEE,Global Engineering Branch 2 Unit 1
CK2774,Pamela,Lopez,emp2774@apexglobal.com,+14150002774,EMPLOYEE,Global Engineering Branch 2 Unit 2
CK2775,Justin,Jackson,emp2775@apexglobal.com,+14150002775,EMPLOYEE,Global Engineering Branch 3 Unit 1
CK2776,Emma,Sanchez,emp2776@apexglobal.com,+14150002776,TRAINER,Global Engineering Branch 3 Unit 2
CK2777,Scott,Allen,emp2777@apexglobal.com,+14150002777,MANAGER,Product Innovation Branch 1 Unit 1
CK2778,Nicole,Flores,emp2778@apexglobal.com,+14150002778,EMPLOYEE,Product Innovation Branch 1 Unit 2
CK2779,Brandon,Campbell,emp2779@apexglobal.com,+14150002779,EMPLOYEE,Product Innovation Branch 2 Unit 1
CK2780,Helen,Turner,emp2780@apexglobal.com,+14150002780,EMPLOYEE,Product Innovation Branch 2 Unit 2
CK2781,Benjamin,Stewart,emp2781@apexglobal.com,+14150002781,EMPLOYEE,Product Innovation Branch 3 Unit 1
CK2782,Samantha,Ortiz,emp2782@apexglobal.com,+14150002782,TRAINER,Product Innovation Branch 3 Unit 2
CK2783,Samuel,Howard,emp2783@apexglobal.com,+14150002783,MANAGER,Financial Services Branch 1 Unit 1
CK2784,Katherine,Brooks,emp2784@apexglobal.com,+14150002784,EMPLOYEE,Financial Services Branch 1 Unit 2
CK2785,Gregory,Ruiz,emp2785@apexglobal.com,+14150002785,EMPLOYEE,Financial Services Branch 2 Unit 1
CK2786,Christine,Myers,emp2786@apexglobal.com,+14150002786,EMPLOYEE,Financial Services Branch 2 Unit 2
CK2787,Alexander,Williams,emp2787@apexglobal.com,+14150002787,EMPLOYEE,Financial Services Branch 3 Unit 1
CK2788,Debra,Martinez,emp2788@apexglobal.com,+14150002788,TRAINER,Financial Services Branch 3 Unit 2
CK2789,Frank,Taylor,emp2789@apexglobal.com,+14150002789,MANAGER,People and Culture Branch 1 Unit 1
CK2790,Rachel,White,emp2790@apexglobal.com,+14150002790,EMPLOYEE,People and Culture Branch 1 Unit 2
CK2791,Patrick,Walker,emp2791@apexglobal.com,+14150002791,EMPLOYEE,People and Culture Branch 2 Unit 1
CK2792,Carolyn,Nguyen,emp2792@apexglobal.com,+14150002792,EMPLOYEE,People and Culture Branch 2 Unit 2
CK2793,Raymond,Hall,emp2793@apexglobal.com,+14150002793,EMPLOYEE,People and Culture Branch 3 Unit 1
CK2794,Janet,Phillips,emp2794@apexglobal.com,+14150002794,TRAINER,People and Culture Branch 3 Unit 2
CK2795,Jack,Collins,emp2795@apexglobal.com,+14150002795,MANAGER,Legal and Risk Branch 1 Unit 1
CK2796,Maria,Rogers,emp2796@apexglobal.com,+14150002796,EMPLOYEE,Legal and Risk Branch 1 Unit 2
CK2797,Dennis,Reed,emp2797@apexglobal.com,+14150002797,EMPLOYEE,Legal and Risk Branch 2 Unit 1
CK2798,Heather,Richardson,emp2798@apexglobal.com,+14150002798,EMPLOYEE,Legal and Risk Branch 2 Unit 2
CK2799,Jerry,Gray,emp2799@apexglobal.com,+14150002799,EMPLOYEE,Legal and Risk Branch 3 Unit 1
CK2800,Diane,Sanders,emp2800@apexglobal.com,+14150002800,TRAINER,Legal and Risk Branch 3 Unit 2
CK2801,James,Smith,emp2801@apexglobal.com,+14150002801,MANAGER,Apex Global Corporation
CK2802,Mary,Davis,emp2802@apexglobal.com,+14150002802,EMPLOYEE,North America Division
CK2803,Robert,Anderson,emp2803@apexglobal.com,+14150002803,EMPLOYEE,EMEA Division
CK2804,Patricia,Perez,emp2804@apexglobal.com,+14150002804,EMPLOYEE,APAC Division
CK2805,John,Lewis,emp2805@apexglobal.com,+14150002805,EMPLOYEE,LATAM Division
CK2806,Jennifer,Scott,emp2806@apexglobal.com,+14150002806,TRAINER,Global Engineering
CK2807,Michael,Nelson,emp2807@apexglobal.com,+14150002807,MANAGER,Product Innovation
CK2808,Linda,Roberts,emp2808@apexglobal.com,+14150002808,EMPLOYEE,Financial Services
CK2809,David,Cruz,emp2809@apexglobal.com,+14150002809,EMPLOYEE,People and Culture
CK2810,Elizabeth,Murphy,emp2810@apexglobal.com,+14150002810,EMPLOYEE,Legal and Risk
CK2811,William,Peterson,emp2811@apexglobal.com,+14150002811,EMPLOYEE,North America Division Branch 1
CK2812,Barbara,Cox,emp2812@apexglobal.com,+14150002812,TRAINER,North America Division Branch 2
CK2813,Richard,James,emp2813@apexglobal.com,+14150002813,MANAGER,North America Division Branch 3
CK2814,Susan,Alvarez,emp2814@apexglobal.com,+14150002814,EMPLOYEE,North America Division Branch 4
CK2815,Joseph,Foster,emp2815@apexglobal.com,+14150002815,EMPLOYEE,EMEA Division Branch 1
CK2816,Jessica,Garcia,emp2816@apexglobal.com,+14150002816,EMPLOYEE,EMEA Division Branch 2
CK2817,Thomas,Gonzalez,emp2817@apexglobal.com,+14150002817,EMPLOYEE,EMEA Division Branch 3
CK2818,Sarah,Martin,emp2818@apexglobal.com,+14150002818,TRAINER,EMEA Division Branch 4
CK2819,Charles,Clark,emp2819@apexglobal.com,+14150002819,MANAGER,APAC Division Branch 1
CK2820,Karen,King,emp2820@apexglobal.com,+14150002820,EMPLOYEE,APAC Division Branch 2
CK2821,Christopher,Green,emp2821@apexglobal.com,+14150002821,EMPLOYEE,APAC Division Branch 3
CK2822,Lisa,Mitchell,emp2822@apexglobal.com,+14150002822,EMPLOYEE,APAC Division Branch 4
CK2823,Daniel,Diaz,emp2823@apexglobal.com,+14150002823,EMPLOYEE,LATAM Division Branch 1
CK2824,Nancy,Morris,emp2824@apexglobal.com,+14150002824,TRAINER,LATAM Division Branch 2
CK2825,Matthew,Morgan,emp2825@apexglobal.com,+14150002825,MANAGER,LATAM Division Branch 3
CK2826,Betty,Ramos,emp2826@apexglobal.com,+14150002826,EMPLOYEE,Global Engineering Branch 1
CK2827,Anthony,Chavez,emp2827@apexglobal.com,+14150002827,EMPLOYEE,Global Engineering Branch 2
CK2828,Margaret,Hughes,emp2828@apexglobal.com,+14150002828,EMPLOYEE,Global Engineering Branch 3
CK2829,Mark,Long,emp2829@apexglobal.com,+14150002829,EMPLOYEE,Product Innovation Branch 1
CK2830,Sandra,Brown,emp2830@apexglobal.com,+14150002830,TRAINER,Product Innovation Branch 2
CK2831,Donald,Hernandez,emp2831@apexglobal.com,+14150002831,MANAGER,Product Innovation Branch 3
CK2832,Ashley,Moore,emp2832@apexglobal.com,+14150002832,EMPLOYEE,Financial Services Branch 1
CK2833,Steven,Harris,emp2833@apexglobal.com,+14150002833,EMPLOYEE,Financial Services Branch 2
CK2834,Kimberly,Young,emp2834@apexglobal.com,+14150002834,EMPLOYEE,Financial Services Branch 3
CK2835,Paul,Hill,emp2835@apexglobal.com,+14150002835,EMPLOYEE,People and Culture Branch 1
CK2836,Emily,Rivera,emp2836@apexglobal.com,+14150002836,TRAINER,People and Culture Branch 2
CK2837,Andrew,Evans,emp2837@apexglobal.com,+14150002837,MANAGER,People and Culture Branch 3
CK2838,Donna,Reyes,emp2838@apexglobal.com,+14150002838,EMPLOYEE,Legal and Risk Branch 1
CK2839,Joshua,Gutierrez,emp2839@apexglobal.com,+14150002839,EMPLOYEE,Legal and Risk Branch 2
CK2840,Michelle,Kelly,emp2840@apexglobal.com,+14150002840,EMPLOYEE,Legal and Risk Branch 3
CK2841,Kenneth,Watson,emp2841@apexglobal.com,+14150002841,EMPLOYEE,North America Division Branch 1 Unit 1
CK2842,Carol,Mendoza,emp2842@apexglobal.com,+14150002842,TRAINER,North America Division Branch 1 Unit 2
CK2843,Kevin,Patel,emp2843@apexglobal.com,+14150002843,MANAGER,North America Division Branch 2 Unit 1
CK2844,Amanda,Johnson,emp2844@apexglobal.com,+14150002844,EMPLOYEE,North America Division Branch 2 Unit 2
CK2845,Brian,Rodriguez,emp2845@apexglobal.com,+14150002845,EMPLOYEE,North America Division Branch 3 Unit 1
CK2846,Dorothy,Thomas,emp2846@apexglobal.com,+14150002846,EMPLOYEE,North America Division Branch 3 Unit 2
CK2847,George,Thompson,emp2847@apexglobal.com,+14150002847,EMPLOYEE,North America Division Branch 4 Unit 1
CK2848,Melissa,Robinson,emp2848@apexglobal.com,+14150002848,TRAINER,North America Division Branch 4 Unit 2
CK2849,Timothy,Torres,emp2849@apexglobal.com,+14150002849,MANAGER,EMEA Division Branch 1 Unit 1
CK2850,Deborah,Baker,emp2850@apexglobal.com,+14150002850,EMPLOYEE,EMEA Division Branch 1 Unit 2
CK2851,Ronald,Gomez,emp2851@apexglobal.com,+14150002851,EMPLOYEE,EMEA Division Branch 2 Unit 1
CK2852,Stephanie,Edwards,emp2852@apexglobal.com,+14150002852,EMPLOYEE,EMEA Division Branch 2 Unit 2
CK2853,Edward,Cook,emp2853@apexglobal.com,+14150002853,EMPLOYEE,EMEA Division Branch 3 Unit 1
CK2854,Rebecca,Bailey,emp2854@apexglobal.com,+14150002854,TRAINER,EMEA Division Branch 3 Unit 2
CK2855,Jason,Ward,emp2855@apexglobal.com,+14150002855,MANAGER,EMEA Division Branch 4 Unit 1
CK2856,Sharon,Bennett,emp2856@apexglobal.com,+14150002856,EMPLOYEE,EMEA Division Branch 4 Unit 2
CK2857,Jeffrey,Castillo,emp2857@apexglobal.com,+14150002857,EMPLOYEE,APAC Division Branch 1 Unit 1
CK2858,Laura,Jimenez,emp2858@apexglobal.com,+14150002858,EMPLOYEE,APAC Division Branch 1 Unit 2
CK2859,Ryan,Miller,emp2859@apexglobal.com,+14150002859,EMPLOYEE,APAC Division Branch 2 Unit 1
CK2860,Cynthia,Wilson,emp2860@apexglobal.com,+14150002860,TRAINER,APAC Division Branch 2 Unit 2
CK2861,Jacob,Lee,emp2861@apexglobal.com,+14150002861,MANAGER,APAC Division Branch 3 Unit 1
CK2862,Kathleen,Ramirez,emp2862@apexglobal.com,+14150002862,EMPLOYEE,APAC Division Branch 3 Unit 2
CK2863,Gary,Wright,emp2863@apexglobal.com,+14150002863,EMPLOYEE,APAC Division Branch 4 Unit 1
CK2864,Amy,Adams,emp2864@apexglobal.com,+14150002864,EMPLOYEE,APAC Division Branch 4 Unit 2
CK2865,Nicholas,Carter,emp2865@apexglobal.com,+14150002865,EMPLOYEE,LATAM Division Branch 1 Unit 1
CK2866,Angela,Parker,emp2866@apexglobal.com,+14150002866,TRAINER,LATAM Division Branch 1 Unit 2
CK2867,Eric,Morales,emp2867@apexglobal.com,+14150002867,MANAGER,LATAM Division Branch 2 Unit 1
CK2868,Shirley,Cooper,emp2868@apexglobal.com,+14150002868,EMPLOYEE,LATAM Division Branch 2 Unit 2
CK2869,Jonathan,Kim,emp2869@apexglobal.com,+14150002869,EMPLOYEE,LATAM Division Branch 3 Unit 1
CK2870,Anna,Wood,emp2870@apexglobal.com,+14150002870,EMPLOYEE,LATAM Division Branch 3 Unit 2
CK2871,Stephen,Price,emp2871@apexglobal.com,+14150002871,EMPLOYEE,Global Engineering Branch 1 Unit 1
CK2872,Brenda,Ross,emp2872@apexglobal.com,+14150002872,TRAINER,Global Engineering Branch 1 Unit 2
CK2873,Larry,Jones,emp2873@apexglobal.com,+14150002873,MANAGER,Global Engineering Branch 2 Unit 1
CK2874,Pamela,Lopez,emp2874@apexglobal.com,+14150002874,EMPLOYEE,Global Engineering Branch 2 Unit 2
CK2875,Justin,Jackson,emp2875@apexglobal.com,+14150002875,EMPLOYEE,Global Engineering Branch 3 Unit 1
CK2876,Emma,Sanchez,emp2876@apexglobal.com,+14150002876,EMPLOYEE,Global Engineering Branch 3 Unit 2
CK2877,Scott,Allen,emp2877@apexglobal.com,+14150002877,EMPLOYEE,Product Innovation Branch 1 Unit 1
CK2878,Nicole,Flores,emp2878@apexglobal.com,+14150002878,TRAINER,Product Innovation Branch 1 Unit 2
CK2879,Brandon,Campbell,emp2879@apexglobal.com,+14150002879,MANAGER,Product Innovation Branch 2 Unit 1
CK2880,Helen,Turner,emp2880@apexglobal.com,+14150002880,EMPLOYEE,Product Innovation Branch 2 Unit 2
CK2881,Benjamin,Stewart,emp2881@apexglobal.com,+14150002881,EMPLOYEE,Product Innovation Branch 3 Unit 1
CK2882,Samantha,Ortiz,emp2882@apexglobal.com,+14150002882,EMPLOYEE,Product Innovation Branch 3 Unit 2
CK2883,Samuel,Howard,emp2883@apexglobal.com,+14150002883,EMPLOYEE,Financial Services Branch 1 Unit 1
CK2884,Katherine,Brooks,emp2884@apexglobal.com,+14150002884,TRAINER,Financial Services Branch 1 Unit 2
CK2885,Gregory,Ruiz,emp2885@apexglobal.com,+14150002885,MANAGER,Financial Services Branch 2 Unit 1
CK2886,Christine,Myers,emp2886@apexglobal.com,+14150002886,EMPLOYEE,Financial Services Branch 2 Unit 2
CK2887,Alexander,Williams,emp2887@apexglobal.com,+14150002887,EMPLOYEE,Financial Services Branch 3 Unit 1
CK2888,Debra,Martinez,emp2888@apexglobal.com,+14150002888,EMPLOYEE,Financial Services Branch 3 Unit 2
CK2889,Frank,Taylor,emp2889@apexglobal.com,+14150002889,EMPLOYEE,People and Culture Branch 1 Unit 1
CK2890,Rachel,White,emp2890@apexglobal.com,+14150002890,TRAINER,People and Culture Branch 1 Unit 2
CK2891,Patrick,Walker,emp2891@apexglobal.com,+14150002891,MANAGER,People and Culture Branch 2 Unit 1
CK2892,Carolyn,Nguyen,emp2892@apexglobal.com,+14150002892,EMPLOYEE,People and Culture Branch 2 Unit 2
CK2893,Raymond,Hall,emp2893@apexglobal.com,+14150002893,EMPLOYEE,People and Culture Branch 3 Unit 1
CK2894,Janet,Phillips,emp2894@apexglobal.com,+14150002894,EMPLOYEE,People and Culture Branch 3 Unit 2
CK2895,Jack,Collins,emp2895@apexglobal.com,+14150002895,EMPLOYEE,Legal and Risk Branch 1 Unit 1
CK2896,Maria,Rogers,emp2896@apexglobal.com,+14150002896,TRAINER,Legal and Risk Branch 1 Unit 2
CK2897,Dennis,Reed,emp2897@apexglobal.com,+14150002897,MANAGER,Legal and Risk Branch 2 Unit 1
CK2898,Heather,Richardson,emp2898@apexglobal.com,+14150002898,EMPLOYEE,Legal and Risk Branch 2 Unit 2
CK2899,Jerry,Gray,emp2899@apexglobal.com,+14150002899,EMPLOYEE,Legal and Risk Branch 3 Unit 1
CK2900,Diane,Sanders,emp2900@apexglobal.com,+14150002900,EMPLOYEE,Legal and Risk Branch 3 Unit 2
CK2901,James,Smith,emp2901@apexglobal.com,+14150002901,EMPLOYEE,Apex Global Corporation
CK2902,Mary,Davis,emp2902@apexglobal.com,+14150002902,TRAINER,North America Division
CK2903,Robert,Anderson,emp2903@apexglobal.com,+14150002903,MANAGER,EMEA Division
CK2904,Patricia,Perez,emp2904@apexglobal.com,+14150002904,EMPLOYEE,APAC Division
CK2905,John,Lewis,emp2905@apexglobal.com,+14150002905,EMPLOYEE,LATAM Division
CK2906,Jennifer,Scott,emp2906@apexglobal.com,+14150002906,EMPLOYEE,Global Engineering
CK2907,Michael,Nelson,emp2907@apexglobal.com,+14150002907,EMPLOYEE,Product Innovation
CK2908,Linda,Roberts,emp2908@apexglobal.com,+14150002908,TRAINER,Financial Services
CK2909,David,Cruz,emp2909@apexglobal.com,+14150002909,MANAGER,People and Culture
CK2910,Elizabeth,Murphy,emp2910@apexglobal.com,+14150002910,EMPLOYEE,Legal and Risk
CK2911,William,Peterson,emp2911@apexglobal.com,+14150002911,EMPLOYEE,North America Division Branch 1
CK2912,Barbara,Cox,emp2912@apexglobal.com,+14150002912,EMPLOYEE,North America Division Branch 2
CK2913,Richard,James,emp2913@apexglobal.com,+14150002913,EMPLOYEE,North America Division Branch 3
CK2914,Susan,Alvarez,emp2914@apexglobal.com,+14150002914,TRAINER,North America Division Branch 4
CK2915,Joseph,Foster,emp2915@apexglobal.com,+14150002915,MANAGER,EMEA Division Branch 1
CK2916,Jessica,Garcia,emp2916@apexglobal.com,+14150002916,EMPLOYEE,EMEA Division Branch 2
CK2917,Thomas,Gonzalez,emp2917@apexglobal.com,+14150002917,EMPLOYEE,EMEA Division Branch 3
CK2918,Sarah,Martin,emp2918@apexglobal.com,+14150002918,EMPLOYEE,EMEA Division Branch 4
CK2919,Charles,Clark,emp2919@apexglobal.com,+14150002919,EMPLOYEE,APAC Division Branch 1
CK2920,Karen,King,emp2920@apexglobal.com,+14150002920,TRAINER,APAC Division Branch 2
CK2921,Christopher,Green,emp2921@apexglobal.com,+14150002921,MANAGER,APAC Division Branch 3
CK2922,Lisa,Mitchell,emp2922@apexglobal.com,+14150002922,EMPLOYEE,APAC Division Branch 4
CK2923,Daniel,Diaz,emp2923@apexglobal.com,+14150002923,EMPLOYEE,LATAM Division Branch 1
CK2924,Nancy,Morris,emp2924@apexglobal.com,+14150002924,EMPLOYEE,LATAM Division Branch 2
CK2925,Matthew,Morgan,emp2925@apexglobal.com,+14150002925,EMPLOYEE,LATAM Division Branch 3
CK2926,Betty,Ramos,emp2926@apexglobal.com,+14150002926,TRAINER,Global Engineering Branch 1
CK2927,Anthony,Chavez,emp2927@apexglobal.com,+14150002927,MANAGER,Global Engineering Branch 2
CK2928,Margaret,Hughes,emp2928@apexglobal.com,+14150002928,EMPLOYEE,Global Engineering Branch 3
CK2929,Mark,Long,emp2929@apexglobal.com,+14150002929,EMPLOYEE,Product Innovation Branch 1
CK2930,Sandra,Brown,emp2930@apexglobal.com,+14150002930,EMPLOYEE,Product Innovation Branch 2
CK2931,Donald,Hernandez,emp2931@apexglobal.com,+14150002931,EMPLOYEE,Product Innovation Branch 3
CK2932,Ashley,Moore,emp2932@apexglobal.com,+14150002932,TRAINER,Financial Services Branch 1
CK2933,Steven,Harris,emp2933@apexglobal.com,+14150002933,MANAGER,Financial Services Branch 2
CK2934,Kimberly,Young,emp2934@apexglobal.com,+14150002934,EMPLOYEE,Financial Services Branch 3
CK2935,Paul,Hill,emp2935@apexglobal.com,+14150002935,EMPLOYEE,People and Culture Branch 1
CK2936,Emily,Rivera,emp2936@apexglobal.com,+14150002936,EMPLOYEE,People and Culture Branch 2
CK2937,Andrew,Evans,emp2937@apexglobal.com,+14150002937,EMPLOYEE,People and Culture Branch 3
CK2938,Donna,Reyes,emp2938@apexglobal.com,+14150002938,TRAINER,Legal and Risk Branch 1
CK2939,Joshua,Gutierrez,emp2939@apexglobal.com,+14150002939,MANAGER,Legal and Risk Branch 2
CK2940,Michelle,Kelly,emp2940@apexglobal.com,+14150002940,EMPLOYEE,Legal and Risk Branch 3
CK2941,Kenneth,Watson,emp2941@apexglobal.com,+14150002941,EMPLOYEE,North America Division Branch 1 Unit 1
CK2942,Carol,Mendoza,emp2942@apexglobal.com,+14150002942,EMPLOYEE,North America Division Branch 1 Unit 2
CK2943,Kevin,Patel,emp2943@apexglobal.com,+14150002943,EMPLOYEE,North America Division Branch 2 Unit 1
CK2944,Amanda,Johnson,emp2944@apexglobal.com,+14150002944,TRAINER,North America Division Branch 2 Unit 2
CK2945,Brian,Rodriguez,emp2945@apexglobal.com,+14150002945,MANAGER,North America Division Branch 3 Unit 1
CK2946,Dorothy,Thomas,emp2946@apexglobal.com,+14150002946,EMPLOYEE,North America Division Branch 3 Unit 2
CK2947,George,Thompson,emp2947@apexglobal.com,+14150002947,EMPLOYEE,North America Division Branch 4 Unit 1
CK2948,Melissa,Robinson,emp2948@apexglobal.com,+14150002948,EMPLOYEE,North America Division Branch 4 Unit 2
CK2949,Timothy,Torres,emp2949@apexglobal.com,+14150002949,EMPLOYEE,EMEA Division Branch 1 Unit 1
CK2950,Deborah,Baker,emp2950@apexglobal.com,+14150002950,TRAINER,EMEA Division Branch 1 Unit 2
CK2951,Ronald,Gomez,emp2951@apexglobal.com,+14150002951,MANAGER,EMEA Division Branch 2 Unit 1
CK2952,Stephanie,Edwards,emp2952@apexglobal.com,+14150002952,EMPLOYEE,EMEA Division Branch 2 Unit 2
CK2953,Edward,Cook,emp2953@apexglobal.com,+14150002953,EMPLOYEE,EMEA Division Branch 3 Unit 1
CK2954,Rebecca,Bailey,emp2954@apexglobal.com,+14150002954,EMPLOYEE,EMEA Division Branch 3 Unit 2
CK2955,Jason,Ward,emp2955@apexglobal.com,+14150002955,EMPLOYEE,EMEA Division Branch 4 Unit 1
CK2956,Sharon,Bennett,emp2956@apexglobal.com,+14150002956,TRAINER,EMEA Division Branch 4 Unit 2
CK2957,Jeffrey,Castillo,emp2957@apexglobal.com,+14150002957,MANAGER,APAC Division Branch 1 Unit 1
CK2958,Laura,Jimenez,emp2958@apexglobal.com,+14150002958,EMPLOYEE,APAC Division Branch 1 Unit 2
CK2959,Ryan,Miller,emp2959@apexglobal.com,+14150002959,EMPLOYEE,APAC Division Branch 2 Unit 1
CK2960,Cynthia,Wilson,emp2960@apexglobal.com,+14150002960,EMPLOYEE,APAC Division Branch 2 Unit 2
CK2961,Jacob,Lee,emp2961@apexglobal.com,+14150002961,EMPLOYEE,APAC Division Branch 3 Unit 1
CK2962,Kathleen,Ramirez,emp2962@apexglobal.com,+14150002962,TRAINER,APAC Division Branch 3 Unit 2
CK2963,Gary,Wright,emp2963@apexglobal.com,+14150002963,MANAGER,APAC Division Branch 4 Unit 1
CK2964,Amy,Adams,emp2964@apexglobal.com,+14150002964,EMPLOYEE,APAC Division Branch 4 Unit 2
CK2965,Nicholas,Carter,emp2965@apexglobal.com,+14150002965,EMPLOYEE,LATAM Division Branch 1 Unit 1
CK2966,Angela,Parker,emp2966@apexglobal.com,+14150002966,EMPLOYEE,LATAM Division Branch 1 Unit 2
CK2967,Eric,Morales,emp2967@apexglobal.com,+14150002967,EMPLOYEE,LATAM Division Branch 2 Unit 1
CK2968,Shirley,Cooper,emp2968@apexglobal.com,+14150002968,TRAINER,LATAM Division Branch 2 Unit 2
CK2969,Jonathan,Kim,emp2969@apexglobal.com,+14150002969,MANAGER,LATAM Division Branch 3 Unit 1
CK2970,Anna,Wood,emp2970@apexglobal.com,+14150002970,EMPLOYEE,LATAM Division Branch 3 Unit 2
CK2971,Stephen,Price,emp2971@apexglobal.com,+14150002971,EMPLOYEE,Global Engineering Branch 1 Unit 1
CK2972,Brenda,Ross,emp2972@apexglobal.com,+14150002972,EMPLOYEE,Global Engineering Branch 1 Unit 2
CK2973,Larry,Jones,emp2973@apexglobal.com,+14150002973,EMPLOYEE,Global Engineering Branch 2 Unit 1
CK2974,Pamela,Lopez,emp2974@apexglobal.com,+14150002974,TRAINER,Global Engineering Branch 2 Unit 2
CK2975,Justin,Jackson,emp2975@apexglobal.com,+14150002975,MANAGER,Global Engineering Branch 3 Unit 1
CK2976,Emma,Sanchez,emp2976@apexglobal.com,+14150002976,EMPLOYEE,Global Engineering Branch 3 Unit 2
CK2977,Scott,Allen,emp2977@apexglobal.com,+14150002977,EMPLOYEE,Product Innovation Branch 1 Unit 1
CK2978,Nicole,Flores,emp2978@apexglobal.com,+14150002978,EMPLOYEE,Product Innovation Branch 1 Unit 2
CK2979,Brandon,Campbell,emp2979@apexglobal.com,+14150002979,EMPLOYEE,Product Innovation Branch 2 Unit 1
CK2980,Helen,Turner,emp2980@apexglobal.com,+14150002980,TRAINER,Product Innovation Branch 2 Unit 2
CK2981,Benjamin,Stewart,emp2981@apexglobal.com,+14150002981,MANAGER,Product Innovation Branch 3 Unit 1
CK2982,Samantha,Ortiz,emp2982@apexglobal.com,+14150002982,EMPLOYEE,Product Innovation Branch 3 Unit 2
CK2983,Samuel,Howard,emp2983@apexglobal.com,+14150002983,EMPLOYEE,Financial Services Branch 1 Unit 1
CK2984,Katherine,Brooks,emp2984@apexglobal.com,+14150002984,EMPLOYEE,Financial Services Branch 1 Unit 2
CK2985,Gregory,Ruiz,emp2985@apexglobal.com,+14150002985,EMPLOYEE,Financial Services Branch 2 Unit 1
CK2986,Christine,Myers,emp2986@apexglobal.com,+14150002986,TRAINER,Financial Services Branch 2 Unit 2
CK2987,Alexander,Williams,emp2987@apexglobal.com,+14150002987,MANAGER,Financial Services Branch 3 Unit 1
CK2988,Debra,Martinez,emp2988@apexglobal.com,+14150002988,EMPLOYEE,Financial Services Branch 3 Unit 2
CK2989,Frank,Taylor,emp2989@apexglobal.com,+14150002989,EMPLOYEE,People and Culture Branch 1 Unit 1
CK2990,Rachel,White,emp2990@apexglobal.com,+14150002990,EMPLOYEE,People and Culture Branch 1 Unit 2
CK2991,Patrick,Walker,emp2991@apexglobal.com,+14150002991,EMPLOYEE,People and Culture Branch 2 Unit 1
CK2992,Carolyn,Nguyen,emp2992@apexglobal.com,+14150002992,TRAINER,People and Culture Branch 2 Unit 2
CK2993,Raymond,Hall,emp2993@apexglobal.com,+14150002993,MANAGER,People and Culture Branch 3 Unit 1
CK2994,Janet,Phillips,emp2994@apexglobal.com,+14150002994,EMPLOYEE,People and Culture Branch 3 Unit 2
CK2995,Jack,Collins,emp2995@apexglobal.com,+14150002995,EMPLOYEE,Legal and Risk Branch 1 Unit 1
CK2996,Maria,Rogers,emp2996@apexglobal.com,+14150002996,EMPLOYEE,Legal and Risk Branch 1 Unit 2
CK2997,Dennis,Reed,emp2997@apexglobal.com,+14150002997,EMPLOYEE,Legal and Risk Branch 2 Unit 1
CK2998,Heather,Richardson,emp2998@apexglobal.com,+14150002998,TRAINER,Legal and Risk Branch 2 Unit 2
CK2999,Jerry,Gray,emp2999@apexglobal.com,+14150002999,MANAGER,Legal and Risk Branch 3 Unit 1
CK3000,Diane,Sanders,emp3000@apexglobal.com,+14150003000,EMPLOYEE,Legal and Risk Branch 3 Unit 2
CK3001,James,Smith,emp3001@apexglobal.com,+14150003001,EMPLOYEE,Apex Global Corporation
CK3002,Mary,Davis,emp3002@apexglobal.com,+14150003002,EMPLOYEE,North America Division
CK3003,Robert,Anderson,emp3003@apexglobal.com,+14150003003,EMPLOYEE,EMEA Division
CK3004,Patricia,Perez,emp3004@apexglobal.com,+14150003004,TRAINER,APAC Division
CK3005,John,Lewis,emp3005@apexglobal.com,+14150003005,MANAGER,LATAM Division
CK3006,Jennifer,Scott,emp3006@apexglobal.com,+14150003006,EMPLOYEE,Global Engineering
CK3007,Michael,Nelson,emp3007@apexglobal.com,+14150003007,EMPLOYEE,Product Innovation
CK3008,Linda,Roberts,emp3008@apexglobal.com,+14150003008,EMPLOYEE,Financial Services
CK3009,David,Cruz,emp3009@apexglobal.com,+14150003009,EMPLOYEE,People and Culture
CK3010,Elizabeth,Murphy,emp3010@apexglobal.com,+14150003010,TRAINER,Legal and Risk
CK3011,William,Peterson,emp3011@apexglobal.com,+14150003011,MANAGER,North America Division Branch 1
CK3012,Barbara,Cox,emp3012@apexglobal.com,+14150003012,EMPLOYEE,North America Division Branch 2
CK3013,Richard,James,emp3013@apexglobal.com,+14150003013,EMPLOYEE,North America Division Branch 3
CK3014,Susan,Alvarez,emp3014@apexglobal.com,+14150003014,EMPLOYEE,North America Division Branch 4
CK3015,Joseph,Foster,emp3015@apexglobal.com,+14150003015,EMPLOYEE,EMEA Division Branch 1
CK3016,Jessica,Garcia,emp3016@apexglobal.com,+14150003016,TRAINER,EMEA Division Branch 2
CK3017,Thomas,Gonzalez,emp3017@apexglobal.com,+14150003017,MANAGER,EMEA Division Branch 3
CK3018,Sarah,Martin,emp3018@apexglobal.com,+14150003018,EMPLOYEE,EMEA Division Branch 4
CK3019,Charles,Clark,emp3019@apexglobal.com,+14150003019,EMPLOYEE,APAC Division Branch 1
CK3020,Karen,King,emp3020@apexglobal.com,+14150003020,EMPLOYEE,APAC Division Branch 2
CK3021,Christopher,Green,emp3021@apexglobal.com,+14150003021,EMPLOYEE,APAC Division Branch 3
CK3022,Lisa,Mitchell,emp3022@apexglobal.com,+14150003022,TRAINER,APAC Division Branch 4
CK3023,Daniel,Diaz,emp3023@apexglobal.com,+14150003023,MANAGER,LATAM Division Branch 1
CK3024,Nancy,Morris,emp3024@apexglobal.com,+14150003024,EMPLOYEE,LATAM Division Branch 2
CK3025,Matthew,Morgan,emp3025@apexglobal.com,+14150003025,EMPLOYEE,LATAM Division Branch 3
CK3026,Betty,Ramos,emp3026@apexglobal.com,+14150003026,EMPLOYEE,Global Engineering Branch 1
CK3027,Anthony,Chavez,emp3027@apexglobal.com,+14150003027,EMPLOYEE,Global Engineering Branch 2
CK3028,Margaret,Hughes,emp3028@apexglobal.com,+14150003028,TRAINER,Global Engineering Branch 3
CK3029,Mark,Long,emp3029@apexglobal.com,+14150003029,MANAGER,Product Innovation Branch 1
CK3030,Sandra,Brown,emp3030@apexglobal.com,+14150003030,EMPLOYEE,Product Innovation Branch 2
CK3031,Donald,Hernandez,emp3031@apexglobal.com,+14150003031,EMPLOYEE,Product Innovation Branch 3
CK3032,Ashley,Moore,emp3032@apexglobal.com,+14150003032,EMPLOYEE,Financial Services Branch 1
CK3033,Steven,Harris,emp3033@apexglobal.com,+14150003033,EMPLOYEE,Financial Services Branch 2
CK3034,Kimberly,Young,emp3034@apexglobal.com,+14150003034,TRAINER,Financial Services Branch 3
CK3035,Paul,Hill,emp3035@apexglobal.com,+14150003035,MANAGER,People and Culture Branch 1
CK3036,Emily,Rivera,emp3036@apexglobal.com,+14150003036,EMPLOYEE,People and Culture Branch 2
CK3037,Andrew,Evans,emp3037@apexglobal.com,+14150003037,EMPLOYEE,People and Culture Branch 3
CK3038,Donna,Reyes,emp3038@apexglobal.com,+14150003038,EMPLOYEE,Legal and Risk Branch 1
CK3039,Joshua,Gutierrez,emp3039@apexglobal.com,+14150003039,EMPLOYEE,Legal and Risk Branch 2
CK3040,Michelle,Kelly,emp3040@apexglobal.com,+14150003040,TRAINER,Legal and Risk Branch 3
CK3041,Kenneth,Watson,emp3041@apexglobal.com,+14150003041,MANAGER,North America Division Branch 1 Unit 1
CK3042,Carol,Mendoza,emp3042@apexglobal.com,+14150003042,EMPLOYEE,North America Division Branch 1 Unit 2
CK3043,Kevin,Patel,emp3043@apexglobal.com,+14150003043,EMPLOYEE,North America Division Branch 2 Unit 1
CK3044,Amanda,Johnson,emp3044@apexglobal.com,+14150003044,EMPLOYEE,North America Division Branch 2 Unit 2
CK3045,Brian,Rodriguez,emp3045@apexglobal.com,+14150003045,EMPLOYEE,North America Division Branch 3 Unit 1
CK3046,Dorothy,Thomas,emp3046@apexglobal.com,+14150003046,TRAINER,North America Division Branch 3 Unit 2
CK3047,George,Thompson,emp3047@apexglobal.com,+14150003047,MANAGER,North America Division Branch 4 Unit 1
CK3048,Melissa,Robinson,emp3048@apexglobal.com,+14150003048,EMPLOYEE,North America Division Branch 4 Unit 2
CK3049,Timothy,Torres,emp3049@apexglobal.com,+14150003049,EMPLOYEE,EMEA Division Branch 1 Unit 1
CK3050,Deborah,Baker,emp3050@apexglobal.com,+14150003050,EMPLOYEE,EMEA Division Branch 1 Unit 2
CK3051,Ronald,Gomez,emp3051@apexglobal.com,+14150003051,EMPLOYEE,EMEA Division Branch 2 Unit 1
CK3052,Stephanie,Edwards,emp3052@apexglobal.com,+14150003052,TRAINER,EMEA Division Branch 2 Unit 2
CK3053,Edward,Cook,emp3053@apexglobal.com,+14150003053,MANAGER,EMEA Division Branch 3 Unit 1
CK3054,Rebecca,Bailey,emp3054@apexglobal.com,+14150003054,EMPLOYEE,EMEA Division Branch 3 Unit 2
CK3055,Jason,Ward,emp3055@apexglobal.com,+14150003055,EMPLOYEE,EMEA Division Branch 4 Unit 1
CK3056,Sharon,Bennett,emp3056@apexglobal.com,+14150003056,EMPLOYEE,EMEA Division Branch 4 Unit 2
CK3057,Jeffrey,Castillo,emp3057@apexglobal.com,+14150003057,EMPLOYEE,APAC Division Branch 1 Unit 1
CK3058,Laura,Jimenez,emp3058@apexglobal.com,+14150003058,TRAINER,APAC Division Branch 1 Unit 2
CK3059,Ryan,Miller,emp3059@apexglobal.com,+14150003059,MANAGER,APAC Division Branch 2 Unit 1
CK3060,Cynthia,Wilson,emp3060@apexglobal.com,+14150003060,EMPLOYEE,APAC Division Branch 2 Unit 2
CK3061,Jacob,Lee,emp3061@apexglobal.com,+14150003061,EMPLOYEE,APAC Division Branch 3 Unit 1
CK3062,Kathleen,Ramirez,emp3062@apexglobal.com,+14150003062,EMPLOYEE,APAC Division Branch 3 Unit 2
CK3063,Gary,Wright,emp3063@apexglobal.com,+14150003063,EMPLOYEE,APAC Division Branch 4 Unit 1
CK3064,Amy,Adams,emp3064@apexglobal.com,+14150003064,TRAINER,APAC Division Branch 4 Unit 2
CK3065,Nicholas,Carter,emp3065@apexglobal.com,+14150003065,MANAGER,LATAM Division Branch 1 Unit 1
CK3066,Angela,Parker,emp3066@apexglobal.com,+14150003066,EMPLOYEE,LATAM Division Branch 1 Unit 2
CK3067,Eric,Morales,emp3067@apexglobal.com,+14150003067,EMPLOYEE,LATAM Division Branch 2 Unit 1
CK3068,Shirley,Cooper,emp3068@apexglobal.com,+14150003068,EMPLOYEE,LATAM Division Branch 2 Unit 2
CK3069,Jonathan,Kim,emp3069@apexglobal.com,+14150003069,EMPLOYEE,LATAM Division Branch 3 Unit 1
CK3070,Anna,Wood,emp3070@apexglobal.com,+14150003070,TRAINER,LATAM Division Branch 3 Unit 2
CK3071,Stephen,Price,emp3071@apexglobal.com,+14150003071,MANAGER,Global Engineering Branch 1 Unit 1
CK3072,Brenda,Ross,emp3072@apexglobal.com,+14150003072,EMPLOYEE,Global Engineering Branch 1 Unit 2
CK3073,Larry,Jones,emp3073@apexglobal.com,+14150003073,EMPLOYEE,Global Engineering Branch 2 Unit 1
CK3074,Pamela,Lopez,emp3074@apexglobal.com,+14150003074,EMPLOYEE,Global Engineering Branch 2 Unit 2
CK3075,Justin,Jackson,emp3075@apexglobal.com,+14150003075,EMPLOYEE,Global Engineering Branch 3 Unit 1
CK3076,Emma,Sanchez,emp3076@apexglobal.com,+14150003076,TRAINER,Global Engineering Branch 3 Unit 2
CK3077,Scott,Allen,emp3077@apexglobal.com,+14150003077,MANAGER,Product Innovation Branch 1 Unit 1
CK3078,Nicole,Flores,emp3078@apexglobal.com,+14150003078,EMPLOYEE,Product Innovation Branch 1 Unit 2
CK3079,Brandon,Campbell,emp3079@apexglobal.com,+14150003079,EMPLOYEE,Product Innovation Branch 2 Unit 1
CK3080,Helen,Turner,emp3080@apexglobal.com,+14150003080,EMPLOYEE,Product Innovation Branch 2 Unit 2
CK3081,Benjamin,Stewart,emp3081@apexglobal.com,+14150003081,EMPLOYEE,Product Innovation Branch 3 Unit 1
CK3082,Samantha,Ortiz,emp3082@apexglobal.com,+14150003082,TRAINER,Product Innovation Branch 3 Unit 2
CK3083,Samuel,Howard,emp3083@apexglobal.com,+14150003083,MANAGER,Financial Services Branch 1 Unit 1
CK3084,Katherine,Brooks,emp3084@apexglobal.com,+14150003084,EMPLOYEE,Financial Services Branch 1 Unit 2
CK3085,Gregory,Ruiz,emp3085@apexglobal.com,+14150003085,EMPLOYEE,Financial Services Branch 2 Unit 1
CK3086,Christine,Myers,emp3086@apexglobal.com,+14150003086,EMPLOYEE,Financial Services Branch 2 Unit 2
CK3087,Alexander,Williams,emp3087@apexglobal.com,+14150003087,EMPLOYEE,Financial Services Branch 3 Unit 1
CK3088,Debra,Martinez,emp3088@apexglobal.com,+14150003088,TRAINER,Financial Services Branch 3 Unit 2
CK3089,Frank,Taylor,emp3089@apexglobal.com,+14150003089,MANAGER,People and Culture Branch 1 Unit 1
CK3090,Rachel,White,emp3090@apexglobal.com,+14150003090,EMPLOYEE,People and Culture Branch 1 Unit 2
CK3091,Patrick,Walker,emp3091@apexglobal.com,+14150003091,EMPLOYEE,People and Culture Branch 2 Unit 1
CK3092,Carolyn,Nguyen,emp3092@apexglobal.com,+14150003092,EMPLOYEE,People and Culture Branch 2 Unit 2
CK3093,Raymond,Hall,emp3093@apexglobal.com,+14150003093,EMPLOYEE,People and Culture Branch 3 Unit 1
CK3094,Janet,Phillips,emp3094@apexglobal.com,+14150003094,TRAINER,People and Culture Branch 3 Unit 2
CK3095,Jack,Collins,emp3095@apexglobal.com,+14150003095,MANAGER,Legal and Risk Branch 1 Unit 1
CK3096,Maria,Rogers,emp3096@apexglobal.com,+14150003096,EMPLOYEE,Legal and Risk Branch 1 Unit 2
CK3097,Dennis,Reed,emp3097@apexglobal.com,+14150003097,EMPLOYEE,Legal and Risk Branch 2 Unit 1
CK3098,Heather,Richardson,emp3098@apexglobal.com,+14150003098,EMPLOYEE,Legal and Risk Branch 2 Unit 2
CK3099,Jerry,Gray,emp3099@apexglobal.com,+14150003099,EMPLOYEE,Legal and Risk Branch 3 Unit 1
CK3100,Diane,Sanders,emp3100@apexglobal.com,+14150003100,TRAINER,Legal and Risk Branch 3 Unit 2
CK3101,James,Smith,emp3101@apexglobal.com,+14150003101,MANAGER,Apex Global Corporation
CK3102,Mary,Davis,emp3102@apexglobal.com,+14150003102,EMPLOYEE,North America Division
CK3103,Robert,Anderson,emp3103@apexglobal.com,+14150003103,EMPLOYEE,EMEA Division
CK3104,Patricia,Perez,emp3104@apexglobal.com,+14150003104,EMPLOYEE,APAC Division
CK3105,John,Lewis,emp3105@apexglobal.com,+14150003105,EMPLOYEE,LATAM Division
CK3106,Jennifer,Scott,emp3106@apexglobal.com,+14150003106,TRAINER,Global Engineering
CK3107,Michael,Nelson,emp3107@apexglobal.com,+14150003107,MANAGER,Product Innovation
CK3108,Linda,Roberts,emp3108@apexglobal.com,+14150003108,EMPLOYEE,Financial Services
CK3109,David,Cruz,emp3109@apexglobal.com,+14150003109,EMPLOYEE,People and Culture
CK3110,Elizabeth,Murphy,emp3110@apexglobal.com,+14150003110,EMPLOYEE,Legal and Risk
CK3111,William,Peterson,emp3111@apexglobal.com,+14150003111,EMPLOYEE,North America Division Branch 1
CK3112,Barbara,Cox,emp3112@apexglobal.com,+14150003112,TRAINER,North America Division Branch 2
CK3113,Richard,James,emp3113@apexglobal.com,+14150003113,MANAGER,North America Division Branch 3
CK3114,Susan,Alvarez,emp3114@apexglobal.com,+14150003114,EMPLOYEE,North America Division Branch 4
CK3115,Joseph,Foster,emp3115@apexglobal.com,+14150003115,EMPLOYEE,EMEA Division Branch 1
CK3116,Jessica,Garcia,emp3116@apexglobal.com,+14150003116,EMPLOYEE,EMEA Division Branch 2
CK3117,Thomas,Gonzalez,emp3117@apexglobal.com,+14150003117,EMPLOYEE,EMEA Division Branch 3
CK3118,Sarah,Martin,emp3118@apexglobal.com,+14150003118,TRAINER,EMEA Division Branch 4
CK3119,Charles,Clark,emp3119@apexglobal.com,+14150003119,MANAGER,APAC Division Branch 1
CK3120,Karen,King,emp3120@apexglobal.com,+14150003120,EMPLOYEE,APAC Division Branch 2
CK3121,Christopher,Green,emp3121@apexglobal.com,+14150003121,EMPLOYEE,APAC Division Branch 3
CK3122,Lisa,Mitchell,emp3122@apexglobal.com,+14150003122,EMPLOYEE,APAC Division Branch 4
CK3123,Daniel,Diaz,emp3123@apexglobal.com,+14150003123,EMPLOYEE,LATAM Division Branch 1
CK3124,Nancy,Morris,emp3124@apexglobal.com,+14150003124,TRAINER,LATAM Division Branch 2
CK3125,Matthew,Morgan,emp3125@apexglobal.com,+14150003125,MANAGER,LATAM Division Branch 3
CK3126,Betty,Ramos,emp3126@apexglobal.com,+14150003126,EMPLOYEE,Global Engineering Branch 1
CK3127,Anthony,Chavez,emp3127@apexglobal.com,+14150003127,EMPLOYEE,Global Engineering Branch 2
CK3128,Margaret,Hughes,emp3128@apexglobal.com,+14150003128,EMPLOYEE,Global Engineering Branch 3
CK3129,Mark,Long,emp3129@apexglobal.com,+14150003129,EMPLOYEE,Product Innovation Branch 1
CK3130,Sandra,Brown,emp3130@apexglobal.com,+14150003130,TRAINER,Product Innovation Branch 2
CK3131,Donald,Hernandez,emp3131@apexglobal.com,+14150003131,MANAGER,Product Innovation Branch 3
CK3132,Ashley,Moore,emp3132@apexglobal.com,+14150003132,EMPLOYEE,Financial Services Branch 1
CK3133,Steven,Harris,emp3133@apexglobal.com,+14150003133,EMPLOYEE,Financial Services Branch 2
CK3134,Kimberly,Young,emp3134@apexglobal.com,+14150003134,EMPLOYEE,Financial Services Branch 3
CK3135,Paul,Hill,emp3135@apexglobal.com,+14150003135,EMPLOYEE,People and Culture Branch 1
CK3136,Emily,Rivera,emp3136@apexglobal.com,+14150003136,TRAINER,People and Culture Branch 2
CK3137,Andrew,Evans,emp3137@apexglobal.com,+14150003137,MANAGER,People and Culture Branch 3
CK3138,Donna,Reyes,emp3138@apexglobal.com,+14150003138,EMPLOYEE,Legal and Risk Branch 1
CK3139,Joshua,Gutierrez,emp3139@apexglobal.com,+14150003139,EMPLOYEE,Legal and Risk Branch 2
CK3140,Michelle,Kelly,emp3140@apexglobal.com,+14150003140,EMPLOYEE,Legal and Risk Branch 3
CK3141,Kenneth,Watson,emp3141@apexglobal.com,+14150003141,EMPLOYEE,North America Division Branch 1 Unit 1
CK3142,Carol,Mendoza,emp3142@apexglobal.com,+14150003142,TRAINER,North America Division Branch 1 Unit 2
CK3143,Kevin,Patel,emp3143@apexglobal.com,+14150003143,MANAGER,North America Division Branch 2 Unit 1
CK3144,Amanda,Johnson,emp3144@apexglobal.com,+14150003144,EMPLOYEE,North America Division Branch 2 Unit 2
CK3145,Brian,Rodriguez,emp3145@apexglobal.com,+14150003145,EMPLOYEE,North America Division Branch 3 Unit 1
CK3146,Dorothy,Thomas,emp3146@apexglobal.com,+14150003146,EMPLOYEE,North America Division Branch 3 Unit 2
CK3147,George,Thompson,emp3147@apexglobal.com,+14150003147,EMPLOYEE,North America Division Branch 4 Unit 1
CK3148,Melissa,Robinson,emp3148@apexglobal.com,+14150003148,TRAINER,North America Division Branch 4 Unit 2
CK3149,Timothy,Torres,emp3149@apexglobal.com,+14150003149,MANAGER,EMEA Division Branch 1 Unit 1
CK3150,Deborah,Baker,emp3150@apexglobal.com,+14150003150,EMPLOYEE,EMEA Division Branch 1 Unit 2
CK3151,Ronald,Gomez,emp3151@apexglobal.com,+14150003151,EMPLOYEE,EMEA Division Branch 2 Unit 1
CK3152,Stephanie,Edwards,emp3152@apexglobal.com,+14150003152,EMPLOYEE,EMEA Division Branch 2 Unit 2
CK3153,Edward,Cook,emp3153@apexglobal.com,+14150003153,EMPLOYEE,EMEA Division Branch 3 Unit 1
CK3154,Rebecca,Bailey,emp3154@apexglobal.com,+14150003154,TRAINER,EMEA Division Branch 3 Unit 2
CK3155,Jason,Ward,emp3155@apexglobal.com,+14150003155,MANAGER,EMEA Division Branch 4 Unit 1
CK3156,Sharon,Bennett,emp3156@apexglobal.com,+14150003156,EMPLOYEE,EMEA Division Branch 4 Unit 2
CK3157,Jeffrey,Castillo,emp3157@apexglobal.com,+14150003157,EMPLOYEE,APAC Division Branch 1 Unit 1
CK3158,Laura,Jimenez,emp3158@apexglobal.com,+14150003158,EMPLOYEE,APAC Division Branch 1 Unit 2
CK3159,Ryan,Miller,emp3159@apexglobal.com,+14150003159,EMPLOYEE,APAC Division Branch 2 Unit 1
CK3160,Cynthia,Wilson,emp3160@apexglobal.com,+14150003160,TRAINER,APAC Division Branch 2 Unit 2
CK3161,Jacob,Lee,emp3161@apexglobal.com,+14150003161,MANAGER,APAC Division Branch 3 Unit 1
CK3162,Kathleen,Ramirez,emp3162@apexglobal.com,+14150003162,EMPLOYEE,APAC Division Branch 3 Unit 2
CK3163,Gary,Wright,emp3163@apexglobal.com,+14150003163,EMPLOYEE,APAC Division Branch 4 Unit 1
CK3164,Amy,Adams,emp3164@apexglobal.com,+14150003164,EMPLOYEE,APAC Division Branch 4 Unit 2
CK3165,Nicholas,Carter,emp3165@apexglobal.com,+14150003165,EMPLOYEE,LATAM Division Branch 1 Unit 1
CK3166,Angela,Parker,emp3166@apexglobal.com,+14150003166,TRAINER,LATAM Division Branch 1 Unit 2
CK3167,Eric,Morales,emp3167@apexglobal.com,+14150003167,MANAGER,LATAM Division Branch 2 Unit 1
CK3168,Shirley,Cooper,emp3168@apexglobal.com,+14150003168,EMPLOYEE,LATAM Division Branch 2 Unit 2
CK3169,Jonathan,Kim,emp3169@apexglobal.com,+14150003169,EMPLOYEE,LATAM Division Branch 3 Unit 1
CK3170,Anna,Wood,emp3170@apexglobal.com,+14150003170,EMPLOYEE,LATAM Division Branch 3 Unit 2
CK3171,Stephen,Price,emp3171@apexglobal.com,+14150003171,EMPLOYEE,Global Engineering Branch 1 Unit 1
CK3172,Brenda,Ross,emp3172@apexglobal.com,+14150003172,TRAINER,Global Engineering Branch 1 Unit 2
CK3173,Larry,Jones,emp3173@apexglobal.com,+14150003173,MANAGER,Global Engineering Branch 2 Unit 1
CK3174,Pamela,Lopez,emp3174@apexglobal.com,+14150003174,EMPLOYEE,Global Engineering Branch 2 Unit 2
CK3175,Justin,Jackson,emp3175@apexglobal.com,+14150003175,EMPLOYEE,Global Engineering Branch 3 Unit 1
CK3176,Emma,Sanchez,emp3176@apexglobal.com,+14150003176,EMPLOYEE,Global Engineering Branch 3 Unit 2
CK3177,Scott,Allen,emp3177@apexglobal.com,+14150003177,EMPLOYEE,Product Innovation Branch 1 Unit 1
CK3178,Nicole,Flores,emp3178@apexglobal.com,+14150003178,TRAINER,Product Innovation Branch 1 Unit 2
CK3179,Brandon,Campbell,emp3179@apexglobal.com,+14150003179,MANAGER,Product Innovation Branch 2 Unit 1
CK3180,Helen,Turner,emp3180@apexglobal.com,+14150003180,EMPLOYEE,Product Innovation Branch 2 Unit 2
CK3181,Benjamin,Stewart,emp3181@apexglobal.com,+14150003181,EMPLOYEE,Product Innovation Branch 3 Unit 1
CK3182,Samantha,Ortiz,emp3182@apexglobal.com,+14150003182,EMPLOYEE,Product Innovation Branch 3 Unit 2
CK3183,Samuel,Howard,emp3183@apexglobal.com,+14150003183,EMPLOYEE,Financial Services Branch 1 Unit 1
CK3184,Katherine,Brooks,emp3184@apexglobal.com,+14150003184,TRAINER,Financial Services Branch 1 Unit 2
CK3185,Gregory,Ruiz,emp3185@apexglobal.com,+14150003185,MANAGER,Financial Services Branch 2 Unit 1
CK3186,Christine,Myers,emp3186@apexglobal.com,+14150003186,EMPLOYEE,Financial Services Branch 2 Unit 2
CK3187,Alexander,Williams,emp3187@apexglobal.com,+14150003187,EMPLOYEE,Financial Services Branch 3 Unit 1
CK3188,Debra,Martinez,emp3188@apexglobal.com,+14150003188,EMPLOYEE,Financial Services Branch 3 Unit 2
CK3189,Frank,Taylor,emp3189@apexglobal.com,+14150003189,EMPLOYEE,People and Culture Branch 1 Unit 1
CK3190,Rachel,White,emp3190@apexglobal.com,+14150003190,TRAINER,People and Culture Branch 1 Unit 2
CK3191,Patrick,Walker,emp3191@apexglobal.com,+14150003191,MANAGER,People and Culture Branch 2 Unit 1
CK3192,Carolyn,Nguyen,emp3192@apexglobal.com,+14150003192,EMPLOYEE,People and Culture Branch 2 Unit 2
CK3193,Raymond,Hall,emp3193@apexglobal.com,+14150003193,EMPLOYEE,People and Culture Branch 3 Unit 1
CK3194,Janet,Phillips,emp3194@apexglobal.com,+14150003194,EMPLOYEE,People and Culture Branch 3 Unit 2
CK3195,Jack,Collins,emp3195@apexglobal.com,+14150003195,EMPLOYEE,Legal and Risk Branch 1 Unit 1
CK3196,Maria,Rogers,emp3196@apexglobal.com,+14150003196,TRAINER,Legal and Risk Branch 1 Unit 2
CK3197,Dennis,Reed,emp3197@apexglobal.com,+14150003197,MANAGER,Legal and Risk Branch 2 Unit 1
CK3198,Heather,Richardson,emp3198@apexglobal.com,+14150003198,EMPLOYEE,Legal and Risk Branch 2 Unit 2
CK3199,Jerry,Gray,emp3199@apexglobal.com,+14150003199,EMPLOYEE,Legal and Risk Branch 3 Unit 1
CK3200,Diane,Sanders,emp3200@apexglobal.com,+14150003200,EMPLOYEE,Legal and Risk Branch 3 Unit 2
CK3201,James,Smith,emp3201@apexglobal.com,+14150003201,EMPLOYEE,Apex Global Corporation
CK3202,Mary,Davis,emp3202@apexglobal.com,+14150003202,TRAINER,North America Division
CK3203,Robert,Anderson,emp3203@apexglobal.com,+14150003203,MANAGER,EMEA Division
CK3204,Patricia,Perez,emp3204@apexglobal.com,+14150003204,EMPLOYEE,APAC Division
CK3205,John,Lewis,emp3205@apexglobal.com,+14150003205,EMPLOYEE,LATAM Division
CK3206,Jennifer,Scott,emp3206@apexglobal.com,+14150003206,EMPLOYEE,Global Engineering
CK3207,Michael,Nelson,emp3207@apexglobal.com,+14150003207,EMPLOYEE,Product Innovation
CK3208,Linda,Roberts,emp3208@apexglobal.com,+14150003208,TRAINER,Financial Services
CK3209,David,Cruz,emp3209@apexglobal.com,+14150003209,MANAGER,People and Culture
CK3210,Elizabeth,Murphy,emp3210@apexglobal.com,+14150003210,EMPLOYEE,Legal and Risk
CK3211,William,Peterson,emp3211@apexglobal.com,+14150003211,EMPLOYEE,North America Division Branch 1
CK3212,Barbara,Cox,emp3212@apexglobal.com,+14150003212,EMPLOYEE,North America Division Branch 2
CK3213,Richard,James,emp3213@apexglobal.com,+14150003213,EMPLOYEE,North America Division Branch 3
CK3214,Susan,Alvarez,emp3214@apexglobal.com,+14150003214,TRAINER,North America Division Branch 4
CK3215,Joseph,Foster,emp3215@apexglobal.com,+14150003215,MANAGER,EMEA Division Branch 1
CK3216,Jessica,Garcia,emp3216@apexglobal.com,+14150003216,EMPLOYEE,EMEA Division Branch 2
CK3217,Thomas,Gonzalez,emp3217@apexglobal.com,+14150003217,EMPLOYEE,EMEA Division Branch 3
CK3218,Sarah,Martin,emp3218@apexglobal.com,+14150003218,EMPLOYEE,EMEA Division Branch 4
CK3219,Charles,Clark,emp3219@apexglobal.com,+14150003219,EMPLOYEE,APAC Division Branch 1
CK3220,Karen,King,emp3220@apexglobal.com,+14150003220,TRAINER,APAC Division Branch 2
CK3221,Christopher,Green,emp3221@apexglobal.com,+14150003221,MANAGER,APAC Division Branch 3
CK3222,Lisa,Mitchell,emp3222@apexglobal.com,+14150003222,EMPLOYEE,APAC Division Branch 4
CK3223,Daniel,Diaz,emp3223@apexglobal.com,+14150003223,EMPLOYEE,LATAM Division Branch 1
CK3224,Nancy,Morris,emp3224@apexglobal.com,+14150003224,EMPLOYEE,LATAM Division Branch 2
CK3225,Matthew,Morgan,emp3225@apexglobal.com,+14150003225,EMPLOYEE,LATAM Division Branch 3
CK3226,Betty,Ramos,emp3226@apexglobal.com,+14150003226,TRAINER,Global Engineering Branch 1
CK3227,Anthony,Chavez,emp3227@apexglobal.com,+14150003227,MANAGER,Global Engineering Branch 2
CK3228,Margaret,Hughes,emp3228@apexglobal.com,+14150003228,EMPLOYEE,Global Engineering Branch 3
CK3229,Mark,Long,emp3229@apexglobal.com,+14150003229,EMPLOYEE,Product Innovation Branch 1
CK3230,Sandra,Brown,emp3230@apexglobal.com,+14150003230,EMPLOYEE,Product Innovation Branch 2
CK3231,Donald,Hernandez,emp3231@apexglobal.com,+14150003231,EMPLOYEE,Product Innovation Branch 3
CK3232,Ashley,Moore,emp3232@apexglobal.com,+14150003232,TRAINER,Financial Services Branch 1
CK3233,Steven,Harris,emp3233@apexglobal.com,+14150003233,MANAGER,Financial Services Branch 2
CK3234,Kimberly,Young,emp3234@apexglobal.com,+14150003234,EMPLOYEE,Financial Services Branch 3
CK3235,Paul,Hill,emp3235@apexglobal.com,+14150003235,EMPLOYEE,People and Culture Branch 1
CK3236,Emily,Rivera,emp3236@apexglobal.com,+14150003236,EMPLOYEE,People and Culture Branch 2
CK3237,Andrew,Evans,emp3237@apexglobal.com,+14150003237,EMPLOYEE,People and Culture Branch 3
CK3238,Donna,Reyes,emp3238@apexglobal.com,+14150003238,TRAINER,Legal and Risk Branch 1
CK3239,Joshua,Gutierrez,emp3239@apexglobal.com,+14150003239,MANAGER,Legal and Risk Branch 2
CK3240,Michelle,Kelly,emp3240@apexglobal.com,+14150003240,EMPLOYEE,Legal and Risk Branch 3
CK3241,Kenneth,Watson,emp3241@apexglobal.com,+14150003241,EMPLOYEE,North America Division Branch 1 Unit 1
CK3242,Carol,Mendoza,emp3242@apexglobal.com,+14150003242,EMPLOYEE,North America Division Branch 1 Unit 2
CK3243,Kevin,Patel,emp3243@apexglobal.com,+14150003243,EMPLOYEE,North America Division Branch 2 Unit 1
CK3244,Amanda,Johnson,emp3244@apexglobal.com,+14150003244,TRAINER,North America Division Branch 2 Unit 2
CK3245,Brian,Rodriguez,emp3245@apexglobal.com,+14150003245,MANAGER,North America Division Branch 3 Unit 1
CK3246,Dorothy,Thomas,emp3246@apexglobal.com,+14150003246,EMPLOYEE,North America Division Branch 3 Unit 2
CK3247,George,Thompson,emp3247@apexglobal.com,+14150003247,EMPLOYEE,North America Division Branch 4 Unit 1
CK3248,Melissa,Robinson,emp3248@apexglobal.com,+14150003248,EMPLOYEE,North America Division Branch 4 Unit 2
CK3249,Timothy,Torres,emp3249@apexglobal.com,+14150003249,EMPLOYEE,EMEA Division Branch 1 Unit 1
CK3250,Deborah,Baker,emp3250@apexglobal.com,+14150003250,TRAINER,EMEA Division Branch 1 Unit 2
CK3251,Ronald,Gomez,emp3251@apexglobal.com,+14150003251,MANAGER,EMEA Division Branch 2 Unit 1
CK3252,Stephanie,Edwards,emp3252@apexglobal.com,+14150003252,EMPLOYEE,EMEA Division Branch 2 Unit 2
CK3253,Edward,Cook,emp3253@apexglobal.com,+14150003253,EMPLOYEE,EMEA Division Branch 3 Unit 1
CK3254,Rebecca,Bailey,emp3254@apexglobal.com,+14150003254,EMPLOYEE,EMEA Division Branch 3 Unit 2
CK3255,Jason,Ward,emp3255@apexglobal.com,+14150003255,EMPLOYEE,EMEA Division Branch 4 Unit 1
CK3256,Sharon,Bennett,emp3256@apexglobal.com,+14150003256,TRAINER,EMEA Division Branch 4 Unit 2
CK3257,Jeffrey,Castillo,emp3257@apexglobal.com,+14150003257,MANAGER,APAC Division Branch 1 Unit 1
CK3258,Laura,Jimenez,emp3258@apexglobal.com,+14150003258,EMPLOYEE,APAC Division Branch 1 Unit 2
CK3259,Ryan,Miller,emp3259@apexglobal.com,+14150003259,EMPLOYEE,APAC Division Branch 2 Unit 1
CK3260,Cynthia,Wilson,emp3260@apexglobal.com,+14150003260,EMPLOYEE,APAC Division Branch 2 Unit 2
CK3261,Jacob,Lee,emp3261@apexglobal.com,+14150003261,EMPLOYEE,APAC Division Branch 3 Unit 1
CK3262,Kathleen,Ramirez,emp3262@apexglobal.com,+14150003262,TRAINER,APAC Division Branch 3 Unit 2
CK3263,Gary,Wright,emp3263@apexglobal.com,+14150003263,MANAGER,APAC Division Branch 4 Unit 1
CK3264,Amy,Adams,emp3264@apexglobal.com,+14150003264,EMPLOYEE,APAC Division Branch 4 Unit 2
CK3265,Nicholas,Carter,emp3265@apexglobal.com,+14150003265,EMPLOYEE,LATAM Division Branch 1 Unit 1
CK3266,Angela,Parker,emp3266@apexglobal.com,+14150003266,EMPLOYEE,LATAM Division Branch 1 Unit 2
CK3267,Eric,Morales,emp3267@apexglobal.com,+14150003267,EMPLOYEE,LATAM Division Branch 2 Unit 1
CK3268,Shirley,Cooper,emp3268@apexglobal.com,+14150003268,TRAINER,LATAM Division Branch 2 Unit 2
CK3269,Jonathan,Kim,emp3269@apexglobal.com,+14150003269,MANAGER,LATAM Division Branch 3 Unit 1
CK3270,Anna,Wood,emp3270@apexglobal.com,+14150003270,EMPLOYEE,LATAM Division Branch 3 Unit 2
CK3271,Stephen,Price,emp3271@apexglobal.com,+14150003271,EMPLOYEE,Global Engineering Branch 1 Unit 1
CK3272,Brenda,Ross,emp3272@apexglobal.com,+14150003272,EMPLOYEE,Global Engineering Branch 1 Unit 2
CK3273,Larry,Jones,emp3273@apexglobal.com,+14150003273,EMPLOYEE,Global Engineering Branch 2 Unit 1
CK3274,Pamela,Lopez,emp3274@apexglobal.com,+14150003274,TRAINER,Global Engineering Branch 2 Unit 2
CK3275,Justin,Jackson,emp3275@apexglobal.com,+14150003275,MANAGER,Global Engineering Branch 3 Unit 1
CK3276,Emma,Sanchez,emp3276@apexglobal.com,+14150003276,EMPLOYEE,Global Engineering Branch 3 Unit 2
CK3277,Scott,Allen,emp3277@apexglobal.com,+14150003277,EMPLOYEE,Product Innovation Branch 1 Unit 1
CK3278,Nicole,Flores,emp3278@apexglobal.com,+14150003278,EMPLOYEE,Product Innovation Branch 1 Unit 2
CK3279,Brandon,Campbell,emp3279@apexglobal.com,+14150003279,EMPLOYEE,Product Innovation Branch 2 Unit 1
CK3280,Helen,Turner,emp3280@apexglobal.com,+14150003280,TRAINER,Product Innovation Branch 2 Unit 2
CK3281,Benjamin,Stewart,emp3281@apexglobal.com,+14150003281,MANAGER,Product Innovation Branch 3 Unit 1
CK3282,Samantha,Ortiz,emp3282@apexglobal.com,+14150003282,EMPLOYEE,Product Innovation Branch 3 Unit 2
CK3283,Samuel,Howard,emp3283@apexglobal.com,+14150003283,EMPLOYEE,Financial Services Branch 1 Unit 1
CK3284,Katherine,Brooks,emp3284@apexglobal.com,+14150003284,EMPLOYEE,Financial Services Branch 1 Unit 2
CK3285,Gregory,Ruiz,emp3285@apexglobal.com,+14150003285,EMPLOYEE,Financial Services Branch 2 Unit 1
CK3286,Christine,Myers,emp3286@apexglobal.com,+14150003286,TRAINER,Financial Services Branch 2 Unit 2
CK3287,Alexander,Williams,emp3287@apexglobal.com,+14150003287,MANAGER,Financial Services Branch 3 Unit 1
CK3288,Debra,Martinez,emp3288@apexglobal.com,+14150003288,EMPLOYEE,Financial Services Branch 3 Unit 2
CK3289,Frank,Taylor,emp3289@apexglobal.com,+14150003289,EMPLOYEE,People and Culture Branch 1 Unit 1
CK3290,Rachel,White,emp3290@apexglobal.com,+14150003290,EMPLOYEE,People and Culture Branch 1 Unit 2
CK3291,Patrick,Walker,emp3291@apexglobal.com,+14150003291,EMPLOYEE,People and Culture Branch 2 Unit 1
CK3292,Carolyn,Nguyen,emp3292@apexglobal.com,+14150003292,TRAINER,People and Culture Branch 2 Unit 2
CK3293,Raymond,Hall,emp3293@apexglobal.com,+14150003293,MANAGER,People and Culture Branch 3 Unit 1
CK3294,Janet,Phillips,emp3294@apexglobal.com,+14150003294,EMPLOYEE,People and Culture Branch 3 Unit 2
CK3295,Jack,Collins,emp3295@apexglobal.com,+14150003295,EMPLOYEE,Legal and Risk Branch 1 Unit 1
CK3296,Maria,Rogers,emp3296@apexglobal.com,+14150003296,EMPLOYEE,Legal and Risk Branch 1 Unit 2
CK3297,Dennis,Reed,emp3297@apexglobal.com,+14150003297,EMPLOYEE,Legal and Risk Branch 2 Unit 1
CK3298,Heather,Richardson,emp3298@apexglobal.com,+14150003298,TRAINER,Legal and Risk Branch 2 Unit 2
CK3299,Jerry,Gray,emp3299@apexglobal.com,+14150003299,MANAGER,Legal and Risk Branch 3 Unit 1
CK3300,Diane,Sanders,emp3300@apexglobal.com,+14150003300,EMPLOYEE,Legal and Risk Branch 3 Unit 2
CK3301,James,Smith,emp3301@apexglobal.com,+14150003301,EMPLOYEE,Apex Global Corporation
CK3302,Mary,Davis,emp3302@apexglobal.com,+14150003302,EMPLOYEE,North America Division
CK3303,Robert,Anderson,emp3303@apexglobal.com,+14150003303,EMPLOYEE,EMEA Division
CK3304,Patricia,Perez,emp3304@apexglobal.com,+14150003304,TRAINER,APAC Division
CK3305,John,Lewis,emp3305@apexglobal.com,+14150003305,MANAGER,LATAM Division
CK3306,Jennifer,Scott,emp3306@apexglobal.com,+14150003306,EMPLOYEE,Global Engineering
CK3307,Michael,Nelson,emp3307@apexglobal.com,+14150003307,EMPLOYEE,Product Innovation
CK3308,Linda,Roberts,emp3308@apexglobal.com,+14150003308,EMPLOYEE,Financial Services
CK3309,David,Cruz,emp3309@apexglobal.com,+14150003309,EMPLOYEE,People and Culture
CK3310,Elizabeth,Murphy,emp3310@apexglobal.com,+14150003310,TRAINER,Legal and Risk
CK3311,William,Peterson,emp3311@apexglobal.com,+14150003311,MANAGER,North America Division Branch 1
CK3312,Barbara,Cox,emp3312@apexglobal.com,+14150003312,EMPLOYEE,North America Division Branch 2
CK3313,Richard,James,emp3313@apexglobal.com,+14150003313,EMPLOYEE,North America Division Branch 3
CK3314,Susan,Alvarez,emp3314@apexglobal.com,+14150003314,EMPLOYEE,North America Division Branch 4
CK3315,Joseph,Foster,emp3315@apexglobal.com,+14150003315,EMPLOYEE,EMEA Division Branch 1
CK3316,Jessica,Garcia,emp3316@apexglobal.com,+14150003316,TRAINER,EMEA Division Branch 2
CK3317,Thomas,Gonzalez,emp3317@apexglobal.com,+14150003317,MANAGER,EMEA Division Branch 3
CK3318,Sarah,Martin,emp3318@apexglobal.com,+14150003318,EMPLOYEE,EMEA Division Branch 4
CK3319,Charles,Clark,emp3319@apexglobal.com,+14150003319,EMPLOYEE,APAC Division Branch 1
CK3320,Karen,King,emp3320@apexglobal.com,+14150003320,EMPLOYEE,APAC Division Branch 2
CK3321,Christopher,Green,emp3321@apexglobal.com,+14150003321,EMPLOYEE,APAC Division Branch 3
CK3322,Lisa,Mitchell,emp3322@apexglobal.com,+14150003322,TRAINER,APAC Division Branch 4
CK3323,Daniel,Diaz,emp3323@apexglobal.com,+14150003323,MANAGER,LATAM Division Branch 1
CK3324,Nancy,Morris,emp3324@apexglobal.com,+14150003324,EMPLOYEE,LATAM Division Branch 2
CK3325,Matthew,Morgan,emp3325@apexglobal.com,+14150003325,EMPLOYEE,LATAM Division Branch 3
CK3326,Betty,Ramos,emp3326@apexglobal.com,+14150003326,EMPLOYEE,Global Engineering Branch 1
CK3327,Anthony,Chavez,emp3327@apexglobal.com,+14150003327,EMPLOYEE,Global Engineering Branch 2
CK3328,Margaret,Hughes,emp3328@apexglobal.com,+14150003328,TRAINER,Global Engineering Branch 3
CK3329,Mark,Long,emp3329@apexglobal.com,+14150003329,MANAGER,Product Innovation Branch 1
CK3330,Sandra,Brown,emp3330@apexglobal.com,+14150003330,EMPLOYEE,Product Innovation Branch 2
CK3331,Donald,Hernandez,emp3331@apexglobal.com,+14150003331,EMPLOYEE,Product Innovation Branch 3
CK3332,Ashley,Moore,emp3332@apexglobal.com,+14150003332,EMPLOYEE,Financial Services Branch 1
CK3333,Steven,Harris,emp3333@apexglobal.com,+14150003333,EMPLOYEE,Financial Services Branch 2
CK3334,Kimberly,Young,emp3334@apexglobal.com,+14150003334,TRAINER,Financial Services Branch 3
CK3335,Paul,Hill,emp3335@apexglobal.com,+14150003335,MANAGER,People and Culture Branch 1
CK3336,Emily,Rivera,emp3336@apexglobal.com,+14150003336,EMPLOYEE,People and Culture Branch 2
CK3337,Andrew,Evans,emp3337@apexglobal.com,+14150003337,EMPLOYEE,People and Culture Branch 3
CK3338,Donna,Reyes,emp3338@apexglobal.com,+14150003338,EMPLOYEE,Legal and Risk Branch 1
CK3339,Joshua,Gutierrez,emp3339@apexglobal.com,+14150003339,EMPLOYEE,Legal and Risk Branch 2
CK3340,Michelle,Kelly,emp3340@apexglobal.com,+14150003340,TRAINER,Legal and Risk Branch 3
CK3341,Kenneth,Watson,emp3341@apexglobal.com,+14150003341,MANAGER,North America Division Branch 1 Unit 1
CK3342,Carol,Mendoza,emp3342@apexglobal.com,+14150003342,EMPLOYEE,North America Division Branch 1 Unit 2
CK3343,Kevin,Patel,emp3343@apexglobal.com,+14150003343,EMPLOYEE,North America Division Branch 2 Unit 1
CK3344,Amanda,Johnson,emp3344@apexglobal.com,+14150003344,EMPLOYEE,North America Division Branch 2 Unit 2
CK3345,Brian,Rodriguez,emp3345@apexglobal.com,+14150003345,EMPLOYEE,North America Division Branch 3 Unit 1
CK3346,Dorothy,Thomas,emp3346@apexglobal.com,+14150003346,TRAINER,North America Division Branch 3 Unit 2
CK3347,George,Thompson,emp3347@apexglobal.com,+14150003347,MANAGER,North America Division Branch 4 Unit 1
CK3348,Melissa,Robinson,emp3348@apexglobal.com,+14150003348,EMPLOYEE,North America Division Branch 4 Unit 2
CK3349,Timothy,Torres,emp3349@apexglobal.com,+14150003349,EMPLOYEE,EMEA Division Branch 1 Unit 1
CK3350,Deborah,Baker,emp3350@apexglobal.com,+14150003350,EMPLOYEE,EMEA Division Branch 1 Unit 2
CK3351,Ronald,Gomez,emp3351@apexglobal.com,+14150003351,EMPLOYEE,EMEA Division Branch 2 Unit 1
CK3352,Stephanie,Edwards,emp3352@apexglobal.com,+14150003352,TRAINER,EMEA Division Branch 2 Unit 2
CK3353,Edward,Cook,emp3353@apexglobal.com,+14150003353,MANAGER,EMEA Division Branch 3 Unit 1
CK3354,Rebecca,Bailey,emp3354@apexglobal.com,+14150003354,EMPLOYEE,EMEA Division Branch 3 Unit 2
CK3355,Jason,Ward,emp3355@apexglobal.com,+14150003355,EMPLOYEE,EMEA Division Branch 4 Unit 1
CK3356,Sharon,Bennett,emp3356@apexglobal.com,+14150003356,EMPLOYEE,EMEA Division Branch 4 Unit 2
CK3357,Jeffrey,Castillo,emp3357@apexglobal.com,+14150003357,EMPLOYEE,APAC Division Branch 1 Unit 1
CK3358,Laura,Jimenez,emp3358@apexglobal.com,+14150003358,TRAINER,APAC Division Branch 1 Unit 2
CK3359,Ryan,Miller,emp3359@apexglobal.com,+14150003359,MANAGER,APAC Division Branch 2 Unit 1
CK3360,Cynthia,Wilson,emp3360@apexglobal.com,+14150003360,EMPLOYEE,APAC Division Branch 2 Unit 2
CK3361,Jacob,Lee,emp3361@apexglobal.com,+14150003361,EMPLOYEE,APAC Division Branch 3 Unit 1
CK3362,Kathleen,Ramirez,emp3362@apexglobal.com,+14150003362,EMPLOYEE,APAC Division Branch 3 Unit 2
CK3363,Gary,Wright,emp3363@apexglobal.com,+14150003363,EMPLOYEE,APAC Division Branch 4 Unit 1
CK3364,Amy,Adams,emp3364@apexglobal.com,+14150003364,TRAINER,APAC Division Branch 4 Unit 2
CK3365,Nicholas,Carter,emp3365@apexglobal.com,+14150003365,MANAGER,LATAM Division Branch 1 Unit 1
CK3366,Angela,Parker,emp3366@apexglobal.com,+14150003366,EMPLOYEE,LATAM Division Branch 1 Unit 2
CK3367,Eric,Morales,emp3367@apexglobal.com,+14150003367,EMPLOYEE,LATAM Division Branch 2 Unit 1
CK3368,Shirley,Cooper,emp3368@apexglobal.com,+14150003368,EMPLOYEE,LATAM Division Branch 2 Unit 2
CK3369,Jonathan,Kim,emp3369@apexglobal.com,+14150003369,EMPLOYEE,LATAM Division Branch 3 Unit 1
CK3370,Anna,Wood,emp3370@apexglobal.com,+14150003370,TRAINER,LATAM Division Branch 3 Unit 2
CK3371,Stephen,Price,emp3371@apexglobal.com,+14150003371,MANAGER,Global Engineering Branch 1 Unit 1
CK3372,Brenda,Ross,emp3372@apexglobal.com,+14150003372,EMPLOYEE,Global Engineering Branch 1 Unit 2
CK3373,Larry,Jones,emp3373@apexglobal.com,+14150003373,EMPLOYEE,Global Engineering Branch 2 Unit 1
CK3374,Pamela,Lopez,emp3374@apexglobal.com,+14150003374,EMPLOYEE,Global Engineering Branch 2 Unit 2
CK3375,Justin,Jackson,emp3375@apexglobal.com,+14150003375,EMPLOYEE,Global Engineering Branch 3 Unit 1
CK3376,Emma,Sanchez,emp3376@apexglobal.com,+14150003376,TRAINER,Global Engineering Branch 3 Unit 2
CK3377,Scott,Allen,emp3377@apexglobal.com,+14150003377,MANAGER,Product Innovation Branch 1 Unit 1
CK3378,Nicole,Flores,emp3378@apexglobal.com,+14150003378,EMPLOYEE,Product Innovation Branch 1 Unit 2
CK3379,Brandon,Campbell,emp3379@apexglobal.com,+14150003379,EMPLOYEE,Product Innovation Branch 2 Unit 1
CK3380,Helen,Turner,emp3380@apexglobal.com,+14150003380,EMPLOYEE,Product Innovation Branch 2 Unit 2
CK3381,Benjamin,Stewart,emp3381@apexglobal.com,+14150003381,EMPLOYEE,Product Innovation Branch 3 Unit 1
CK3382,Samantha,Ortiz,emp3382@apexglobal.com,+14150003382,TRAINER,Product Innovation Branch 3 Unit 2
CK3383,Samuel,Howard,emp3383@apexglobal.com,+14150003383,MANAGER,Financial Services Branch 1 Unit 1
CK3384,Katherine,Brooks,emp3384@apexglobal.com,+14150003384,EMPLOYEE,Financial Services Branch 1 Unit 2
CK3385,Gregory,Ruiz,emp3385@apexglobal.com,+14150003385,EMPLOYEE,Financial Services Branch 2 Unit 1
CK3386,Christine,Myers,emp3386@apexglobal.com,+14150003386,EMPLOYEE,Financial Services Branch 2 Unit 2
CK3387,Alexander,Williams,emp3387@apexglobal.com,+14150003387,EMPLOYEE,Financial Services Branch 3 Unit 1
CK3388,Debra,Martinez,emp3388@apexglobal.com,+14150003388,TRAINER,Financial Services Branch 3 Unit 2
CK3389,Frank,Taylor,emp3389@apexglobal.com,+14150003389,MANAGER,People and Culture Branch 1 Unit 1
CK3390,Rachel,White,emp3390@apexglobal.com,+14150003390,EMPLOYEE,People and Culture Branch 1 Unit 2
CK3391,Patrick,Walker,emp3391@apexglobal.com,+14150003391,EMPLOYEE,People and Culture Branch 2 Unit 1
CK3392,Carolyn,Nguyen,emp3392@apexglobal.com,+14150003392,EMPLOYEE,People and Culture Branch 2 Unit 2
CK3393,Raymond,Hall,emp3393@apexglobal.com,+14150003393,EMPLOYEE,People and Culture Branch 3 Unit 1
CK3394,Janet,Phillips,emp3394@apexglobal.com,+14150003394,TRAINER,People and Culture Branch 3 Unit 2
CK3395,Jack,Collins,emp3395@apexglobal.com,+14150003395,MANAGER,Legal and Risk Branch 1 Unit 1
CK3396,Maria,Rogers,emp3396@apexglobal.com,+14150003396,EMPLOYEE,Legal and Risk Branch 1 Unit 2
CK3397,Dennis,Reed,emp3397@apexglobal.com,+14150003397,EMPLOYEE,Legal and Risk Branch 2 Unit 1
CK3398,Heather,Richardson,emp3398@apexglobal.com,+14150003398,EMPLOYEE,Legal and Risk Branch 2 Unit 2
CK3399,Jerry,Gray,emp3399@apexglobal.com,+14150003399,EMPLOYEE,Legal and Risk Branch 3 Unit 1
CK3400,Diane,Sanders,emp3400@apexglobal.com,+14150003400,TRAINER,Legal and Risk Branch 3 Unit 2
CK3401,James,Smith,emp3401@apexglobal.com,+14150003401,MANAGER,Apex Global Corporation
CK3402,Mary,Davis,emp3402@apexglobal.com,+14150003402,EMPLOYEE,North America Division
CK3403,Robert,Anderson,emp3403@apexglobal.com,+14150003403,EMPLOYEE,EMEA Division
CK3404,Patricia,Perez,emp3404@apexglobal.com,+14150003404,EMPLOYEE,APAC Division
CK3405,John,Lewis,emp3405@apexglobal.com,+14150003405,EMPLOYEE,LATAM Division
CK3406,Jennifer,Scott,emp3406@apexglobal.com,+14150003406,TRAINER,Global Engineering
CK3407,Michael,Nelson,emp3407@apexglobal.com,+14150003407,MANAGER,Product Innovation
CK3408,Linda,Roberts,emp3408@apexglobal.com,+14150003408,EMPLOYEE,Financial Services
CK3409,David,Cruz,emp3409@apexglobal.com,+14150003409,EMPLOYEE,People and Culture
CK3410,Elizabeth,Murphy,emp3410@apexglobal.com,+14150003410,EMPLOYEE,Legal and Risk
CK3411,William,Peterson,emp3411@apexglobal.com,+14150003411,EMPLOYEE,North America Division Branch 1
CK3412,Barbara,Cox,emp3412@apexglobal.com,+14150003412,TRAINER,North America Division Branch 2
CK3413,Richard,James,emp3413@apexglobal.com,+14150003413,MANAGER,North America Division Branch 3
CK3414,Susan,Alvarez,emp3414@apexglobal.com,+14150003414,EMPLOYEE,North America Division Branch 4
CK3415,Joseph,Foster,emp3415@apexglobal.com,+14150003415,EMPLOYEE,EMEA Division Branch 1
CK3416,Jessica,Garcia,emp3416@apexglobal.com,+14150003416,EMPLOYEE,EMEA Division Branch 2
CK3417,Thomas,Gonzalez,emp3417@apexglobal.com,+14150003417,EMPLOYEE,EMEA Division Branch 3
CK3418,Sarah,Martin,emp3418@apexglobal.com,+14150003418,TRAINER,EMEA Division Branch 4
CK3419,Charles,Clark,emp3419@apexglobal.com,+14150003419,MANAGER,APAC Division Branch 1
CK3420,Karen,King,emp3420@apexglobal.com,+14150003420,EMPLOYEE,APAC Division Branch 2
CK3421,Christopher,Green,emp3421@apexglobal.com,+14150003421,EMPLOYEE,APAC Division Branch 3
CK3422,Lisa,Mitchell,emp3422@apexglobal.com,+14150003422,EMPLOYEE,APAC Division Branch 4
CK3423,Daniel,Diaz,emp3423@apexglobal.com,+14150003423,EMPLOYEE,LATAM Division Branch 1
CK3424,Nancy,Morris,emp3424@apexglobal.com,+14150003424,TRAINER,LATAM Division Branch 2
CK3425,Matthew,Morgan,emp3425@apexglobal.com,+14150003425,MANAGER,LATAM Division Branch 3
CK3426,Betty,Ramos,emp3426@apexglobal.com,+14150003426,EMPLOYEE,Global Engineering Branch 1
CK3427,Anthony,Chavez,emp3427@apexglobal.com,+14150003427,EMPLOYEE,Global Engineering Branch 2
CK3428,Margaret,Hughes,emp3428@apexglobal.com,+14150003428,EMPLOYEE,Global Engineering Branch 3
CK3429,Mark,Long,emp3429@apexglobal.com,+14150003429,EMPLOYEE,Product Innovation Branch 1
CK3430,Sandra,Brown,emp3430@apexglobal.com,+14150003430,TRAINER,Product Innovation Branch 2
CK3431,Donald,Hernandez,emp3431@apexglobal.com,+14150003431,MANAGER,Product Innovation Branch 3
CK3432,Ashley,Moore,emp3432@apexglobal.com,+14150003432,EMPLOYEE,Financial Services Branch 1
CK3433,Steven,Harris,emp3433@apexglobal.com,+14150003433,EMPLOYEE,Financial Services Branch 2
CK3434,Kimberly,Young,emp3434@apexglobal.com,+14150003434,EMPLOYEE,Financial Services Branch 3
CK3435,Paul,Hill,emp3435@apexglobal.com,+14150003435,EMPLOYEE,People and Culture Branch 1
CK3436,Emily,Rivera,emp3436@apexglobal.com,+14150003436,TRAINER,People and Culture Branch 2
CK3437,Andrew,Evans,emp3437@apexglobal.com,+14150003437,MANAGER,People and Culture Branch 3
CK3438,Donna,Reyes,emp3438@apexglobal.com,+14150003438,EMPLOYEE,Legal and Risk Branch 1
CK3439,Joshua,Gutierrez,emp3439@apexglobal.com,+14150003439,EMPLOYEE,Legal and Risk Branch 2
CK3440,Michelle,Kelly,emp3440@apexglobal.com,+14150003440,EMPLOYEE,Legal and Risk Branch 3
CK3441,Kenneth,Watson,emp3441@apexglobal.com,+14150003441,EMPLOYEE,North America Division Branch 1 Unit 1
CK3442,Carol,Mendoza,emp3442@apexglobal.com,+14150003442,TRAINER,North America Division Branch 1 Unit 2
CK3443,Kevin,Patel,emp3443@apexglobal.com,+14150003443,MANAGER,North America Division Branch 2 Unit 1
CK3444,Amanda,Johnson,emp3444@apexglobal.com,+14150003444,EMPLOYEE,North America Division Branch 2 Unit 2
CK3445,Brian,Rodriguez,emp3445@apexglobal.com,+14150003445,EMPLOYEE,North America Division Branch 3 Unit 1
CK3446,Dorothy,Thomas,emp3446@apexglobal.com,+14150003446,EMPLOYEE,North America Division Branch 3 Unit 2
CK3447,George,Thompson,emp3447@apexglobal.com,+14150003447,EMPLOYEE,North America Division Branch 4 Unit 1
CK3448,Melissa,Robinson,emp3448@apexglobal.com,+14150003448,TRAINER,North America Division Branch 4 Unit 2
CK3449,Timothy,Torres,emp3449@apexglobal.com,+14150003449,MANAGER,EMEA Division Branch 1 Unit 1
CK3450,Deborah,Baker,emp3450@apexglobal.com,+14150003450,EMPLOYEE,EMEA Division Branch 1 Unit 2
CK3451,Ronald,Gomez,emp3451@apexglobal.com,+14150003451,EMPLOYEE,EMEA Division Branch 2 Unit 1
CK3452,Stephanie,Edwards,emp3452@apexglobal.com,+14150003452,EMPLOYEE,EMEA Division Branch 2 Unit 2
CK3453,Edward,Cook,emp3453@apexglobal.com,+14150003453,EMPLOYEE,EMEA Division Branch 3 Unit 1
CK3454,Rebecca,Bailey,emp3454@apexglobal.com,+14150003454,TRAINER,EMEA Division Branch 3 Unit 2
CK3455,Jason,Ward,emp3455@apexglobal.com,+14150003455,MANAGER,EMEA Division Branch 4 Unit 1
CK3456,Sharon,Bennett,emp3456@apexglobal.com,+14150003456,EMPLOYEE,EMEA Division Branch 4 Unit 2
CK3457,Jeffrey,Castillo,emp3457@apexglobal.com,+14150003457,EMPLOYEE,APAC Division Branch 1 Unit 1
CK3458,Laura,Jimenez,emp3458@apexglobal.com,+14150003458,EMPLOYEE,APAC Division Branch 1 Unit 2
CK3459,Ryan,Miller,emp3459@apexglobal.com,+14150003459,EMPLOYEE,APAC Division Branch 2 Unit 1
CK3460,Cynthia,Wilson,emp3460@apexglobal.com,+14150003460,TRAINER,APAC Division Branch 2 Unit 2
CK3461,Jacob,Lee,emp3461@apexglobal.com,+14150003461,MANAGER,APAC Division Branch 3 Unit 1
CK3462,Kathleen,Ramirez,emp3462@apexglobal.com,+14150003462,EMPLOYEE,APAC Division Branch 3 Unit 2
CK3463,Gary,Wright,emp3463@apexglobal.com,+14150003463,EMPLOYEE,APAC Division Branch 4 Unit 1
CK3464,Amy,Adams,emp3464@apexglobal.com,+14150003464,EMPLOYEE,APAC Division Branch 4 Unit 2
CK3465,Nicholas,Carter,emp3465@apexglobal.com,+14150003465,EMPLOYEE,LATAM Division Branch 1 Unit 1
CK3466,Angela,Parker,emp3466@apexglobal.com,+14150003466,TRAINER,LATAM Division Branch 1 Unit 2
CK3467,Eric,Morales,emp3467@apexglobal.com,+14150003467,MANAGER,LATAM Division Branch 2 Unit 1
CK3468,Shirley,Cooper,emp3468@apexglobal.com,+14150003468,EMPLOYEE,LATAM Division Branch 2 Unit 2
CK3469,Jonathan,Kim,emp3469@apexglobal.com,+14150003469,EMPLOYEE,LATAM Division Branch 3 Unit 1
CK3470,Anna,Wood,emp3470@apexglobal.com,+14150003470,EMPLOYEE,LATAM Division Branch 3 Unit 2
CK3471,Stephen,Price,emp3471@apexglobal.com,+14150003471,EMPLOYEE,Global Engineering Branch 1 Unit 1
CK3472,Brenda,Ross,emp3472@apexglobal.com,+14150003472,TRAINER,Global Engineering Branch 1 Unit 2
CK3473,Larry,Jones,emp3473@apexglobal.com,+14150003473,MANAGER,Global Engineering Branch 2 Unit 1
CK3474,Pamela,Lopez,emp3474@apexglobal.com,+14150003474,EMPLOYEE,Global Engineering Branch 2 Unit 2
CK3475,Justin,Jackson,emp3475@apexglobal.com,+14150003475,EMPLOYEE,Global Engineering Branch 3 Unit 1
CK3476,Emma,Sanchez,emp3476@apexglobal.com,+14150003476,EMPLOYEE,Global Engineering Branch 3 Unit 2
CK3477,Scott,Allen,emp3477@apexglobal.com,+14150003477,EMPLOYEE,Product Innovation Branch 1 Unit 1
CK3478,Nicole,Flores,emp3478@apexglobal.com,+14150003478,TRAINER,Product Innovation Branch 1 Unit 2
CK3479,Brandon,Campbell,emp3479@apexglobal.com,+14150003479,MANAGER,Product Innovation Branch 2 Unit 1
CK3480,Helen,Turner,emp3480@apexglobal.com,+14150003480,EMPLOYEE,Product Innovation Branch 2 Unit 2
CK3481,Benjamin,Stewart,emp3481@apexglobal.com,+14150003481,EMPLOYEE,Product Innovation Branch 3 Unit 1
CK3482,Samantha,Ortiz,emp3482@apexglobal.com,+14150003482,EMPLOYEE,Product Innovation Branch 3 Unit 2
CK3483,Samuel,Howard,emp3483@apexglobal.com,+14150003483,EMPLOYEE,Financial Services Branch 1 Unit 1
CK3484,Katherine,Brooks,emp3484@apexglobal.com,+14150003484,TRAINER,Financial Services Branch 1 Unit 2
CK3485,Gregory,Ruiz,emp3485@apexglobal.com,+14150003485,MANAGER,Financial Services Branch 2 Unit 1
CK3486,Christine,Myers,emp3486@apexglobal.com,+14150003486,EMPLOYEE,Financial Services Branch 2 Unit 2
CK3487,Alexander,Williams,emp3487@apexglobal.com,+14150003487,EMPLOYEE,Financial Services Branch 3 Unit 1
CK3488,Debra,Martinez,emp3488@apexglobal.com,+14150003488,EMPLOYEE,Financial Services Branch 3 Unit 2
CK3489,Frank,Taylor,emp3489@apexglobal.com,+14150003489,EMPLOYEE,People and Culture Branch 1 Unit 1
CK3490,Rachel,White,emp3490@apexglobal.com,+14150003490,TRAINER,People and Culture Branch 1 Unit 2
CK3491,Patrick,Walker,emp3491@apexglobal.com,+14150003491,MANAGER,People and Culture Branch 2 Unit 1
CK3492,Carolyn,Nguyen,emp3492@apexglobal.com,+14150003492,EMPLOYEE,People and Culture Branch 2 Unit 2
CK3493,Raymond,Hall,emp3493@apexglobal.com,+14150003493,EMPLOYEE,People and Culture Branch 3 Unit 1
CK3494,Janet,Phillips,emp3494@apexglobal.com,+14150003494,EMPLOYEE,People and Culture Branch 3 Unit 2
CK3495,Jack,Collins,emp3495@apexglobal.com,+14150003495,EMPLOYEE,Legal and Risk Branch 1 Unit 1
CK3496,Maria,Rogers,emp3496@apexglobal.com,+14150003496,TRAINER,Legal and Risk Branch 1 Unit 2
CK3497,Dennis,Reed,emp3497@apexglobal.com,+14150003497,MANAGER,Legal and Risk Branch 2 Unit 1
CK3498,Heather,Richardson,emp3498@apexglobal.com,+14150003498,EMPLOYEE,Legal and Risk Branch 2 Unit 2
CK3499,Jerry,Gray,emp3499@apexglobal.com,+14150003499,EMPLOYEE,Legal and Risk Branch 3 Unit 1
CK3500,Diane,Sanders,emp3500@apexglobal.com,+14150003500,EMPLOYEE,Legal and Risk Branch 3 Unit 2
CK3501,James,Smith,emp3501@apexglobal.com,+14150003501,EMPLOYEE,Apex Global Corporation
CK3502,Mary,Davis,emp3502@apexglobal.com,+14150003502,TRAINER,North America Division
CK3503,Robert,Anderson,emp3503@apexglobal.com,+14150003503,MANAGER,EMEA Division
CK3504,Patricia,Perez,emp3504@apexglobal.com,+14150003504,EMPLOYEE,APAC Division
CK3505,John,Lewis,emp3505@apexglobal.com,+14150003505,EMPLOYEE,LATAM Division
CK3506,Jennifer,Scott,emp3506@apexglobal.com,+14150003506,EMPLOYEE,Global Engineering
CK3507,Michael,Nelson,emp3507@apexglobal.com,+14150003507,EMPLOYEE,Product Innovation
CK3508,Linda,Roberts,emp3508@apexglobal.com,+14150003508,TRAINER,Financial Services
CK3509,David,Cruz,emp3509@apexglobal.com,+14150003509,MANAGER,People and Culture
CK3510,Elizabeth,Murphy,emp3510@apexglobal.com,+14150003510,EMPLOYEE,Legal and Risk
CK3511,William,Peterson,emp3511@apexglobal.com,+14150003511,EMPLOYEE,North America Division Branch 1
CK3512,Barbara,Cox,emp3512@apexglobal.com,+14150003512,EMPLOYEE,North America Division Branch 2
CK3513,Richard,James,emp3513@apexglobal.com,+14150003513,EMPLOYEE,North America Division Branch 3
CK3514,Susan,Alvarez,emp3514@apexglobal.com,+14150003514,TRAINER,North America Division Branch 4
CK3515,Joseph,Foster,emp3515@apexglobal.com,+14150003515,MANAGER,EMEA Division Branch 1
CK3516,Jessica,Garcia,emp3516@apexglobal.com,+14150003516,EMPLOYEE,EMEA Division Branch 2
CK3517,Thomas,Gonzalez,emp3517@apexglobal.com,+14150003517,EMPLOYEE,EMEA Division Branch 3
CK3518,Sarah,Martin,emp3518@apexglobal.com,+14150003518,EMPLOYEE,EMEA Division Branch 4
CK3519,Charles,Clark,emp3519@apexglobal.com,+14150003519,EMPLOYEE,APAC Division Branch 1
CK3520,Karen,King,emp3520@apexglobal.com,+14150003520,TRAINER,APAC Division Branch 2
CK3521,Christopher,Green,emp3521@apexglobal.com,+14150003521,MANAGER,APAC Division Branch 3
CK3522,Lisa,Mitchell,emp3522@apexglobal.com,+14150003522,EMPLOYEE,APAC Division Branch 4
CK3523,Daniel,Diaz,emp3523@apexglobal.com,+14150003523,EMPLOYEE,LATAM Division Branch 1
CK3524,Nancy,Morris,emp3524@apexglobal.com,+14150003524,EMPLOYEE,LATAM Division Branch 2
CK3525,Matthew,Morgan,emp3525@apexglobal.com,+14150003525,EMPLOYEE,LATAM Division Branch 3
CK3526,Betty,Ramos,emp3526@apexglobal.com,+14150003526,TRAINER,Global Engineering Branch 1
CK3527,Anthony,Chavez,emp3527@apexglobal.com,+14150003527,MANAGER,Global Engineering Branch 2
CK3528,Margaret,Hughes,emp3528@apexglobal.com,+14150003528,EMPLOYEE,Global Engineering Branch 3
CK3529,Mark,Long,emp3529@apexglobal.com,+14150003529,EMPLOYEE,Product Innovation Branch 1
CK3530,Sandra,Brown,emp3530@apexglobal.com,+14150003530,EMPLOYEE,Product Innovation Branch 2
CK3531,Donald,Hernandez,emp3531@apexglobal.com,+14150003531,EMPLOYEE,Product Innovation Branch 3
CK3532,Ashley,Moore,emp3532@apexglobal.com,+14150003532,TRAINER,Financial Services Branch 1
CK3533,Steven,Harris,emp3533@apexglobal.com,+14150003533,MANAGER,Financial Services Branch 2
CK3534,Kimberly,Young,emp3534@apexglobal.com,+14150003534,EMPLOYEE,Financial Services Branch 3
CK3535,Paul,Hill,emp3535@apexglobal.com,+14150003535,EMPLOYEE,People and Culture Branch 1
CK3536,Emily,Rivera,emp3536@apexglobal.com,+14150003536,EMPLOYEE,People and Culture Branch 2
CK3537,Andrew,Evans,emp3537@apexglobal.com,+14150003537,EMPLOYEE,People and Culture Branch 3
CK3538,Donna,Reyes,emp3538@apexglobal.com,+14150003538,TRAINER,Legal and Risk Branch 1
CK3539,Joshua,Gutierrez,emp3539@apexglobal.com,+14150003539,MANAGER,Legal and Risk Branch 2
CK3540,Michelle,Kelly,emp3540@apexglobal.com,+14150003540,EMPLOYEE,Legal and Risk Branch 3
CK3541,Kenneth,Watson,emp3541@apexglobal.com,+14150003541,EMPLOYEE,North America Division Branch 1 Unit 1
CK3542,Carol,Mendoza,emp3542@apexglobal.com,+14150003542,EMPLOYEE,North America Division Branch 1 Unit 2
CK3543,Kevin,Patel,emp3543@apexglobal.com,+14150003543,EMPLOYEE,North America Division Branch 2 Unit 1
CK3544,Amanda,Johnson,emp3544@apexglobal.com,+14150003544,TRAINER,North America Division Branch 2 Unit 2
CK3545,Brian,Rodriguez,emp3545@apexglobal.com,+14150003545,MANAGER,North America Division Branch 3 Unit 1
CK3546,Dorothy,Thomas,emp3546@apexglobal.com,+14150003546,EMPLOYEE,North America Division Branch 3 Unit 2
CK3547,George,Thompson,emp3547@apexglobal.com,+14150003547,EMPLOYEE,North America Division Branch 4 Unit 1
CK3548,Melissa,Robinson,emp3548@apexglobal.com,+14150003548,EMPLOYEE,North America Division Branch 4 Unit 2
CK3549,Timothy,Torres,emp3549@apexglobal.com,+14150003549,EMPLOYEE,EMEA Division Branch 1 Unit 1
CK3550,Deborah,Baker,emp3550@apexglobal.com,+14150003550,TRAINER,EMEA Division Branch 1 Unit 2
CK3551,Ronald,Gomez,emp3551@apexglobal.com,+14150003551,MANAGER,EMEA Division Branch 2 Unit 1
CK3552,Stephanie,Edwards,emp3552@apexglobal.com,+14150003552,EMPLOYEE,EMEA Division Branch 2 Unit 2
CK3553,Edward,Cook,emp3553@apexglobal.com,+14150003553,EMPLOYEE,EMEA Division Branch 3 Unit 1
CK3554,Rebecca,Bailey,emp3554@apexglobal.com,+14150003554,EMPLOYEE,EMEA Division Branch 3 Unit 2
CK3555,Jason,Ward,emp3555@apexglobal.com,+14150003555,EMPLOYEE,EMEA Division Branch 4 Unit 1
CK3556,Sharon,Bennett,emp3556@apexglobal.com,+14150003556,TRAINER,EMEA Division Branch 4 Unit 2
CK3557,Jeffrey,Castillo,emp3557@apexglobal.com,+14150003557,MANAGER,APAC Division Branch 1 Unit 1
CK3558,Laura,Jimenez,emp3558@apexglobal.com,+14150003558,EMPLOYEE,APAC Division Branch 1 Unit 2
CK3559,Ryan,Miller,emp3559@apexglobal.com,+14150003559,EMPLOYEE,APAC Division Branch 2 Unit 1
CK3560,Cynthia,Wilson,emp3560@apexglobal.com,+14150003560,EMPLOYEE,APAC Division Branch 2 Unit 2
CK3561,Jacob,Lee,emp3561@apexglobal.com,+14150003561,EMPLOYEE,APAC Division Branch 3 Unit 1
CK3562,Kathleen,Ramirez,emp3562@apexglobal.com,+14150003562,TRAINER,APAC Division Branch 3 Unit 2
CK3563,Gary,Wright,emp3563@apexglobal.com,+14150003563,MANAGER,APAC Division Branch 4 Unit 1
CK3564,Amy,Adams,emp3564@apexglobal.com,+14150003564,EMPLOYEE,APAC Division Branch 4 Unit 2
CK3565,Nicholas,Carter,emp3565@apexglobal.com,+14150003565,EMPLOYEE,LATAM Division Branch 1 Unit 1
CK3566,Angela,Parker,emp3566@apexglobal.com,+14150003566,EMPLOYEE,LATAM Division Branch 1 Unit 2
CK3567,Eric,Morales,emp3567@apexglobal.com,+14150003567,EMPLOYEE,LATAM Division Branch 2 Unit 1
CK3568,Shirley,Cooper,emp3568@apexglobal.com,+14150003568,TRAINER,LATAM Division Branch 2 Unit 2
CK3569,Jonathan,Kim,emp3569@apexglobal.com,+14150003569,MANAGER,LATAM Division Branch 3 Unit 1
CK3570,Anna,Wood,emp3570@apexglobal.com,+14150003570,EMPLOYEE,LATAM Division Branch 3 Unit 2
CK3571,Stephen,Price,emp3571@apexglobal.com,+14150003571,EMPLOYEE,Global Engineering Branch 1 Unit 1
CK3572,Brenda,Ross,emp3572@apexglobal.com,+14150003572,EMPLOYEE,Global Engineering Branch 1 Unit 2
CK3573,Larry,Jones,emp3573@apexglobal.com,+14150003573,EMPLOYEE,Global Engineering Branch 2 Unit 1
CK3574,Pamela,Lopez,emp3574@apexglobal.com,+14150003574,TRAINER,Global Engineering Branch 2 Unit 2
CK3575,Justin,Jackson,emp3575@apexglobal.com,+14150003575,MANAGER,Global Engineering Branch 3 Unit 1
CK3576,Emma,Sanchez,emp3576@apexglobal.com,+14150003576,EMPLOYEE,Global Engineering Branch 3 Unit 2
CK3577,Scott,Allen,emp3577@apexglobal.com,+14150003577,EMPLOYEE,Product Innovation Branch 1 Unit 1
CK3578,Nicole,Flores,emp3578@apexglobal.com,+14150003578,EMPLOYEE,Product Innovation Branch 1 Unit 2
CK3579,Brandon,Campbell,emp3579@apexglobal.com,+14150003579,EMPLOYEE,Product Innovation Branch 2 Unit 1
CK3580,Helen,Turner,emp3580@apexglobal.com,+14150003580,TRAINER,Product Innovation Branch 2 Unit 2
CK3581,Benjamin,Stewart,emp3581@apexglobal.com,+14150003581,MANAGER,Product Innovation Branch 3 Unit 1
CK3582,Samantha,Ortiz,emp3582@apexglobal.com,+14150003582,EMPLOYEE,Product Innovation Branch 3 Unit 2
CK3583,Samuel,Howard,emp3583@apexglobal.com,+14150003583,EMPLOYEE,Financial Services Branch 1 Unit 1
CK3584,Katherine,Brooks,emp3584@apexglobal.com,+14150003584,EMPLOYEE,Financial Services Branch 1 Unit 2
CK3585,Gregory,Ruiz,emp3585@apexglobal.com,+14150003585,EMPLOYEE,Financial Services Branch 2 Unit 1
CK3586,Christine,Myers,emp3586@apexglobal.com,+14150003586,TRAINER,Financial Services Branch 2 Unit 2
CK3587,Alexander,Williams,emp3587@apexglobal.com,+14150003587,MANAGER,Financial Services Branch 3 Unit 1
CK3588,Debra,Martinez,emp3588@apexglobal.com,+14150003588,EMPLOYEE,Financial Services Branch 3 Unit 2
CK3589,Frank,Taylor,emp3589@apexglobal.com,+14150003589,EMPLOYEE,People and Culture Branch 1 Unit 1
CK3590,Rachel,White,emp3590@apexglobal.com,+14150003590,EMPLOYEE,People and Culture Branch 1 Unit 2
CK3591,Patrick,Walker,emp3591@apexglobal.com,+14150003591,EMPLOYEE,People and Culture Branch 2 Unit 1
CK3592,Carolyn,Nguyen,emp3592@apexglobal.com,+14150003592,TRAINER,People and Culture Branch 2 Unit 2
CK3593,Raymond,Hall,emp3593@apexglobal.com,+14150003593,MANAGER,People and Culture Branch 3 Unit 1
CK3594,Janet,Phillips,emp3594@apexglobal.com,+14150003594,EMPLOYEE,People and Culture Branch 3 Unit 2
CK3595,Jack,Collins,emp3595@apexglobal.com,+14150003595,EMPLOYEE,Legal and Risk Branch 1 Unit 1
CK3596,Maria,Rogers,emp3596@apexglobal.com,+14150003596,EMPLOYEE,Legal and Risk Branch 1 Unit 2
CK3597,Dennis,Reed,emp3597@apexglobal.com,+14150003597,EMPLOYEE,Legal and Risk Branch 2 Unit 1
CK3598,Heather,Richardson,emp3598@apexglobal.com,+14150003598,TRAINER,Legal and Risk Branch 2 Unit 2
CK3599,Jerry,Gray,emp3599@apexglobal.com,+14150003599,MANAGER,Legal and Risk Branch 3 Unit 1
CK3600,Diane,Sanders,emp3600@apexglobal.com,+14150003600,EMPLOYEE,Legal and Risk Branch 3 Unit 2
CK3601,James,Smith,emp3601@apexglobal.com,+14150003601,EMPLOYEE,Apex Global Corporation
CK3602,Mary,Davis,emp3602@apexglobal.com,+14150003602,EMPLOYEE,North America Division
CK3603,Robert,Anderson,emp3603@apexglobal.com,+14150003603,EMPLOYEE,EMEA Division
CK3604,Patricia,Perez,emp3604@apexglobal.com,+14150003604,TRAINER,APAC Division
CK3605,John,Lewis,emp3605@apexglobal.com,+14150003605,MANAGER,LATAM Division
CK3606,Jennifer,Scott,emp3606@apexglobal.com,+14150003606,EMPLOYEE,Global Engineering
CK3607,Michael,Nelson,emp3607@apexglobal.com,+14150003607,EMPLOYEE,Product Innovation
CK3608,Linda,Roberts,emp3608@apexglobal.com,+14150003608,EMPLOYEE,Financial Services
CK3609,David,Cruz,emp3609@apexglobal.com,+14150003609,EMPLOYEE,People and Culture
CK3610,Elizabeth,Murphy,emp3610@apexglobal.com,+14150003610,TRAINER,Legal and Risk
CK3611,William,Peterson,emp3611@apexglobal.com,+14150003611,MANAGER,North America Division Branch 1
CK3612,Barbara,Cox,emp3612@apexglobal.com,+14150003612,EMPLOYEE,North America Division Branch 2
CK3613,Richard,James,emp3613@apexglobal.com,+14150003613,EMPLOYEE,North America Division Branch 3
CK3614,Susan,Alvarez,emp3614@apexglobal.com,+14150003614,EMPLOYEE,North America Division Branch 4
CK3615,Joseph,Foster,emp3615@apexglobal.com,+14150003615,EMPLOYEE,EMEA Division Branch 1
CK3616,Jessica,Garcia,emp3616@apexglobal.com,+14150003616,TRAINER,EMEA Division Branch 2
CK3617,Thomas,Gonzalez,emp3617@apexglobal.com,+14150003617,MANAGER,EMEA Division Branch 3
CK3618,Sarah,Martin,emp3618@apexglobal.com,+14150003618,EMPLOYEE,EMEA Division Branch 4
CK3619,Charles,Clark,emp3619@apexglobal.com,+14150003619,EMPLOYEE,APAC Division Branch 1
CK3620,Karen,King,emp3620@apexglobal.com,+14150003620,EMPLOYEE,APAC Division Branch 2
CK3621,Christopher,Green,emp3621@apexglobal.com,+14150003621,EMPLOYEE,APAC Division Branch 3
CK3622,Lisa,Mitchell,emp3622@apexglobal.com,+14150003622,TRAINER,APAC Division Branch 4
CK3623,Daniel,Diaz,emp3623@apexglobal.com,+14150003623,MANAGER,LATAM Division Branch 1
CK3624,Nancy,Morris,emp3624@apexglobal.com,+14150003624,EMPLOYEE,LATAM Division Branch 2
CK3625,Matthew,Morgan,emp3625@apexglobal.com,+14150003625,EMPLOYEE,LATAM Division Branch 3
CK3626,Betty,Ramos,emp3626@apexglobal.com,+14150003626,EMPLOYEE,Global Engineering Branch 1
CK3627,Anthony,Chavez,emp3627@apexglobal.com,+14150003627,EMPLOYEE,Global Engineering Branch 2
CK3628,Margaret,Hughes,emp3628@apexglobal.com,+14150003628,TRAINER,Global Engineering Branch 3
CK3629,Mark,Long,emp3629@apexglobal.com,+14150003629,MANAGER,Product Innovation Branch 1
CK3630,Sandra,Brown,emp3630@apexglobal.com,+14150003630,EMPLOYEE,Product Innovation Branch 2
CK3631,Donald,Hernandez,emp3631@apexglobal.com,+14150003631,EMPLOYEE,Product Innovation Branch 3
CK3632,Ashley,Moore,emp3632@apexglobal.com,+14150003632,EMPLOYEE,Financial Services Branch 1
CK3633,Steven,Harris,emp3633@apexglobal.com,+14150003633,EMPLOYEE,Financial Services Branch 2
CK3634,Kimberly,Young,emp3634@apexglobal.com,+14150003634,TRAINER,Financial Services Branch 3
CK3635,Paul,Hill,emp3635@apexglobal.com,+14150003635,MANAGER,People and Culture Branch 1
CK3636,Emily,Rivera,emp3636@apexglobal.com,+14150003636,EMPLOYEE,People and Culture Branch 2
CK3637,Andrew,Evans,emp3637@apexglobal.com,+14150003637,EMPLOYEE,People and Culture Branch 3
CK3638,Donna,Reyes,emp3638@apexglobal.com,+14150003638,EMPLOYEE,Legal and Risk Branch 1
CK3639,Joshua,Gutierrez,emp3639@apexglobal.com,+14150003639,EMPLOYEE,Legal and Risk Branch 2
CK3640,Michelle,Kelly,emp3640@apexglobal.com,+14150003640,TRAINER,Legal and Risk Branch 3
CK3641,Kenneth,Watson,emp3641@apexglobal.com,+14150003641,MANAGER,North America Division Branch 1 Unit 1
CK3642,Carol,Mendoza,emp3642@apexglobal.com,+14150003642,EMPLOYEE,North America Division Branch 1 Unit 2
CK3643,Kevin,Patel,emp3643@apexglobal.com,+14150003643,EMPLOYEE,North America Division Branch 2 Unit 1
CK3644,Amanda,Johnson,emp3644@apexglobal.com,+14150003644,EMPLOYEE,North America Division Branch 2 Unit 2
CK3645,Brian,Rodriguez,emp3645@apexglobal.com,+14150003645,EMPLOYEE,North America Division Branch 3 Unit 1
CK3646,Dorothy,Thomas,emp3646@apexglobal.com,+14150003646,TRAINER,North America Division Branch 3 Unit 2
CK3647,George,Thompson,emp3647@apexglobal.com,+14150003647,MANAGER,North America Division Branch 4 Unit 1
CK3648,Melissa,Robinson,emp3648@apexglobal.com,+14150003648,EMPLOYEE,North America Division Branch 4 Unit 2
CK3649,Timothy,Torres,emp3649@apexglobal.com,+14150003649,EMPLOYEE,EMEA Division Branch 1 Unit 1
CK3650,Deborah,Baker,emp3650@apexglobal.com,+14150003650,EMPLOYEE,EMEA Division Branch 1 Unit 2
CK3651,Ronald,Gomez,emp3651@apexglobal.com,+14150003651,EMPLOYEE,EMEA Division Branch 2 Unit 1
CK3652,Stephanie,Edwards,emp3652@apexglobal.com,+14150003652,TRAINER,EMEA Division Branch 2 Unit 2
CK3653,Edward,Cook,emp3653@apexglobal.com,+14150003653,MANAGER,EMEA Division Branch 3 Unit 1
CK3654,Rebecca,Bailey,emp3654@apexglobal.com,+14150003654,EMPLOYEE,EMEA Division Branch 3 Unit 2
CK3655,Jason,Ward,emp3655@apexglobal.com,+14150003655,EMPLOYEE,EMEA Division Branch 4 Unit 1
CK3656,Sharon,Bennett,emp3656@apexglobal.com,+14150003656,EMPLOYEE,EMEA Division Branch 4 Unit 2
CK3657,Jeffrey,Castillo,emp3657@apexglobal.com,+14150003657,EMPLOYEE,APAC Division Branch 1 Unit 1
CK3658,Laura,Jimenez,emp3658@apexglobal.com,+14150003658,TRAINER,APAC Division Branch 1 Unit 2
CK3659,Ryan,Miller,emp3659@apexglobal.com,+14150003659,MANAGER,APAC Division Branch 2 Unit 1
CK3660,Cynthia,Wilson,emp3660@apexglobal.com,+14150003660,EMPLOYEE,APAC Division Branch 2 Unit 2
CK3661,Jacob,Lee,emp3661@apexglobal.com,+14150003661,EMPLOYEE,APAC Division Branch 3 Unit 1
CK3662,Kathleen,Ramirez,emp3662@apexglobal.com,+14150003662,EMPLOYEE,APAC Division Branch 3 Unit 2
CK3663,Gary,Wright,emp3663@apexglobal.com,+14150003663,EMPLOYEE,APAC Division Branch 4 Unit 1
CK3664,Amy,Adams,emp3664@apexglobal.com,+14150003664,TRAINER,APAC Division Branch 4 Unit 2
CK3665,Nicholas,Carter,emp3665@apexglobal.com,+14150003665,MANAGER,LATAM Division Branch 1 Unit 1
CK3666,Angela,Parker,emp3666@apexglobal.com,+14150003666,EMPLOYEE,LATAM Division Branch 1 Unit 2
CK3667,Eric,Morales,emp3667@apexglobal.com,+14150003667,EMPLOYEE,LATAM Division Branch 2 Unit 1
CK3668,Shirley,Cooper,emp3668@apexglobal.com,+14150003668,EMPLOYEE,LATAM Division Branch 2 Unit 2
CK3669,Jonathan,Kim,emp3669@apexglobal.com,+14150003669,EMPLOYEE,LATAM Division Branch 3 Unit 1
CK3670,Anna,Wood,emp3670@apexglobal.com,+14150003670,TRAINER,LATAM Division Branch 3 Unit 2
CK3671,Stephen,Price,emp3671@apexglobal.com,+14150003671,MANAGER,Global Engineering Branch 1 Unit 1
CK3672,Brenda,Ross,emp3672@apexglobal.com,+14150003672,EMPLOYEE,Global Engineering Branch 1 Unit 2
CK3673,Larry,Jones,emp3673@apexglobal.com,+14150003673,EMPLOYEE,Global Engineering Branch 2 Unit 1
CK3674,Pamela,Lopez,emp3674@apexglobal.com,+14150003674,EMPLOYEE,Global Engineering Branch 2 Unit 2
CK3675,Justin,Jackson,emp3675@apexglobal.com,+14150003675,EMPLOYEE,Global Engineering Branch 3 Unit 1
CK3676,Emma,Sanchez,emp3676@apexglobal.com,+14150003676,TRAINER,Global Engineering Branch 3 Unit 2
CK3677,Scott,Allen,emp3677@apexglobal.com,+14150003677,MANAGER,Product Innovation Branch 1 Unit 1
CK3678,Nicole,Flores,emp3678@apexglobal.com,+14150003678,EMPLOYEE,Product Innovation Branch 1 Unit 2
CK3679,Brandon,Campbell,emp3679@apexglobal.com,+14150003679,EMPLOYEE,Product Innovation Branch 2 Unit 1
CK3680,Helen,Turner,emp3680@apexglobal.com,+14150003680,EMPLOYEE,Product Innovation Branch 2 Unit 2
CK3681,Benjamin,Stewart,emp3681@apexglobal.com,+14150003681,EMPLOYEE,Product Innovation Branch 3 Unit 1
CK3682,Samantha,Ortiz,emp3682@apexglobal.com,+14150003682,TRAINER,Product Innovation Branch 3 Unit 2
CK3683,Samuel,Howard,emp3683@apexglobal.com,+14150003683,MANAGER,Financial Services Branch 1 Unit 1
CK3684,Katherine,Brooks,emp3684@apexglobal.com,+14150003684,EMPLOYEE,Financial Services Branch 1 Unit 2
CK3685,Gregory,Ruiz,emp3685@apexglobal.com,+14150003685,EMPLOYEE,Financial Services Branch 2 Unit 1
CK3686,Christine,Myers,emp3686@apexglobal.com,+14150003686,EMPLOYEE,Financial Services Branch 2 Unit 2
CK3687,Alexander,Williams,emp3687@apexglobal.com,+14150003687,EMPLOYEE,Financial Services Branch 3 Unit 1
CK3688,Debra,Martinez,emp3688@apexglobal.com,+14150003688,TRAINER,Financial Services Branch 3 Unit 2
CK3689,Frank,Taylor,emp3689@apexglobal.com,+14150003689,MANAGER,People and Culture Branch 1 Unit 1
CK3690,Rachel,White,emp3690@apexglobal.com,+14150003690,EMPLOYEE,People and Culture Branch 1 Unit 2
CK3691,Patrick,Walker,emp3691@apexglobal.com,+14150003691,EMPLOYEE,People and Culture Branch 2 Unit 1
CK3692,Carolyn,Nguyen,emp3692@apexglobal.com,+14150003692,EMPLOYEE,People and Culture Branch 2 Unit 2
CK3693,Raymond,Hall,emp3693@apexglobal.com,+14150003693,EMPLOYEE,People and Culture Branch 3 Unit 1
CK3694,Janet,Phillips,emp3694@apexglobal.com,+14150003694,TRAINER,People and Culture Branch 3 Unit 2
CK3695,Jack,Collins,emp3695@apexglobal.com,+14150003695,MANAGER,Legal and Risk Branch 1 Unit 1
CK3696,Maria,Rogers,emp3696@apexglobal.com,+14150003696,EMPLOYEE,Legal and Risk Branch 1 Unit 2
CK3697,Dennis,Reed,emp3697@apexglobal.com,+14150003697,EMPLOYEE,Legal and Risk Branch 2 Unit 1
CK3698,Heather,Richardson,emp3698@apexglobal.com,+14150003698,EMPLOYEE,Legal and Risk Branch 2 Unit 2
CK3699,Jerry,Gray,emp3699@apexglobal.com,+14150003699,EMPLOYEE,Legal and Risk Branch 3 Unit 1
CK3700,Diane,Sanders,emp3700@apexglobal.com,+14150003700,TRAINER,Legal and Risk Branch 3 Unit 2
CK3701,James,Smith,emp3701@apexglobal.com,+14150003701,MANAGER,Apex Global Corporation
CK3702,Mary,Davis,emp3702@apexglobal.com,+14150003702,EMPLOYEE,North America Division
CK3703,Robert,Anderson,emp3703@apexglobal.com,+14150003703,EMPLOYEE,EMEA Division
CK3704,Patricia,Perez,emp3704@apexglobal.com,+14150003704,EMPLOYEE,APAC Division
CK3705,John,Lewis,emp3705@apexglobal.com,+14150003705,EMPLOYEE,LATAM Division
CK3706,Jennifer,Scott,emp3706@apexglobal.com,+14150003706,TRAINER,Global Engineering
CK3707,Michael,Nelson,emp3707@apexglobal.com,+14150003707,MANAGER,Product Innovation
CK3708,Linda,Roberts,emp3708@apexglobal.com,+14150003708,EMPLOYEE,Financial Services
CK3709,David,Cruz,emp3709@apexglobal.com,+14150003709,EMPLOYEE,People and Culture
CK3710,Elizabeth,Murphy,emp3710@apexglobal.com,+14150003710,EMPLOYEE,Legal and Risk
CK3711,William,Peterson,emp3711@apexglobal.com,+14150003711,EMPLOYEE,North America Division Branch 1
CK3712,Barbara,Cox,emp3712@apexglobal.com,+14150003712,TRAINER,North America Division Branch 2
CK3713,Richard,James,emp3713@apexglobal.com,+14150003713,MANAGER,North America Division Branch 3
CK3714,Susan,Alvarez,emp3714@apexglobal.com,+14150003714,EMPLOYEE,North America Division Branch 4
CK3715,Joseph,Foster,emp3715@apexglobal.com,+14150003715,EMPLOYEE,EMEA Division Branch 1
CK3716,Jessica,Garcia,emp3716@apexglobal.com,+14150003716,EMPLOYEE,EMEA Division Branch 2
CK3717,Thomas,Gonzalez,emp3717@apexglobal.com,+14150003717,EMPLOYEE,EMEA Division Branch 3
CK3718,Sarah,Martin,emp3718@apexglobal.com,+14150003718,TRAINER,EMEA Division Branch 4
CK3719,Charles,Clark,emp3719@apexglobal.com,+14150003719,MANAGER,APAC Division Branch 1
CK3720,Karen,King,emp3720@apexglobal.com,+14150003720,EMPLOYEE,APAC Division Branch 2
CK3721,Christopher,Green,emp3721@apexglobal.com,+14150003721,EMPLOYEE,APAC Division Branch 3
CK3722,Lisa,Mitchell,emp3722@apexglobal.com,+14150003722,EMPLOYEE,APAC Division Branch 4
CK3723,Daniel,Diaz,emp3723@apexglobal.com,+14150003723,EMPLOYEE,LATAM Division Branch 1
CK3724,Nancy,Morris,emp3724@apexglobal.com,+14150003724,TRAINER,LATAM Division Branch 2
CK3725,Matthew,Morgan,emp3725@apexglobal.com,+14150003725,MANAGER,LATAM Division Branch 3
CK3726,Betty,Ramos,emp3726@apexglobal.com,+14150003726,EMPLOYEE,Global Engineering Branch 1
CK3727,Anthony,Chavez,emp3727@apexglobal.com,+14150003727,EMPLOYEE,Global Engineering Branch 2
CK3728,Margaret,Hughes,emp3728@apexglobal.com,+14150003728,EMPLOYEE,Global Engineering Branch 3
CK3729,Mark,Long,emp3729@apexglobal.com,+14150003729,EMPLOYEE,Product Innovation Branch 1
CK3730,Sandra,Brown,emp3730@apexglobal.com,+14150003730,TRAINER,Product Innovation Branch 2
CK3731,Donald,Hernandez,emp3731@apexglobal.com,+14150003731,MANAGER,Product Innovation Branch 3
CK3732,Ashley,Moore,emp3732@apexglobal.com,+14150003732,EMPLOYEE,Financial Services Branch 1
CK3733,Steven,Harris,emp3733@apexglobal.com,+14150003733,EMPLOYEE,Financial Services Branch 2
CK3734,Kimberly,Young,emp3734@apexglobal.com,+14150003734,EMPLOYEE,Financial Services Branch 3
CK3735,Paul,Hill,emp3735@apexglobal.com,+14150003735,EMPLOYEE,People and Culture Branch 1
CK3736,Emily,Rivera,emp3736@apexglobal.com,+14150003736,TRAINER,People and Culture Branch 2
CK3737,Andrew,Evans,emp3737@apexglobal.com,+14150003737,MANAGER,People and Culture Branch 3
CK3738,Donna,Reyes,emp3738@apexglobal.com,+14150003738,EMPLOYEE,Legal and Risk Branch 1
CK3739,Joshua,Gutierrez,emp3739@apexglobal.com,+14150003739,EMPLOYEE,Legal and Risk Branch 2
CK3740,Michelle,Kelly,emp3740@apexglobal.com,+14150003740,EMPLOYEE,Legal and Risk Branch 3
CK3741,Kenneth,Watson,emp3741@apexglobal.com,+14150003741,EMPLOYEE,North America Division Branch 1 Unit 1
CK3742,Carol,Mendoza,emp3742@apexglobal.com,+14150003742,TRAINER,North America Division Branch 1 Unit 2
CK3743,Kevin,Patel,emp3743@apexglobal.com,+14150003743,MANAGER,North America Division Branch 2 Unit 1
CK3744,Amanda,Johnson,emp3744@apexglobal.com,+14150003744,EMPLOYEE,North America Division Branch 2 Unit 2
CK3745,Brian,Rodriguez,emp3745@apexglobal.com,+14150003745,EMPLOYEE,North America Division Branch 3 Unit 1
CK3746,Dorothy,Thomas,emp3746@apexglobal.com,+14150003746,EMPLOYEE,North America Division Branch 3 Unit 2
CK3747,George,Thompson,emp3747@apexglobal.com,+14150003747,EMPLOYEE,North America Division Branch 4 Unit 1
CK3748,Melissa,Robinson,emp3748@apexglobal.com,+14150003748,TRAINER,North America Division Branch 4 Unit 2
CK3749,Timothy,Torres,emp3749@apexglobal.com,+14150003749,MANAGER,EMEA Division Branch 1 Unit 1
CK3750,Deborah,Baker,emp3750@apexglobal.com,+14150003750,EMPLOYEE,EMEA Division Branch 1 Unit 2
CK3751,Ronald,Gomez,emp3751@apexglobal.com,+14150003751,EMPLOYEE,EMEA Division Branch 2 Unit 1
CK3752,Stephanie,Edwards,emp3752@apexglobal.com,+14150003752,EMPLOYEE,EMEA Division Branch 2 Unit 2
CK3753,Edward,Cook,emp3753@apexglobal.com,+14150003753,EMPLOYEE,EMEA Division Branch 3 Unit 1
CK3754,Rebecca,Bailey,emp3754@apexglobal.com,+14150003754,TRAINER,EMEA Division Branch 3 Unit 2
CK3755,Jason,Ward,emp3755@apexglobal.com,+14150003755,MANAGER,EMEA Division Branch 4 Unit 1
CK3756,Sharon,Bennett,emp3756@apexglobal.com,+14150003756,EMPLOYEE,EMEA Division Branch 4 Unit 2
CK3757,Jeffrey,Castillo,emp3757@apexglobal.com,+14150003757,EMPLOYEE,APAC Division Branch 1 Unit 1
CK3758,Laura,Jimenez,emp3758@apexglobal.com,+14150003758,EMPLOYEE,APAC Division Branch 1 Unit 2
CK3759,Ryan,Miller,emp3759@apexglobal.com,+14150003759,EMPLOYEE,APAC Division Branch 2 Unit 1
CK3760,Cynthia,Wilson,emp3760@apexglobal.com,+14150003760,TRAINER,APAC Division Branch 2 Unit 2
CK3761,Jacob,Lee,emp3761@apexglobal.com,+14150003761,MANAGER,APAC Division Branch 3 Unit 1
CK3762,Kathleen,Ramirez,emp3762@apexglobal.com,+14150003762,EMPLOYEE,APAC Division Branch 3 Unit 2
CK3763,Gary,Wright,emp3763@apexglobal.com,+14150003763,EMPLOYEE,APAC Division Branch 4 Unit 1
CK3764,Amy,Adams,emp3764@apexglobal.com,+14150003764,EMPLOYEE,APAC Division Branch 4 Unit 2
CK3765,Nicholas,Carter,emp3765@apexglobal.com,+14150003765,EMPLOYEE,LATAM Division Branch 1 Unit 1
CK3766,Angela,Parker,emp3766@apexglobal.com,+14150003766,TRAINER,LATAM Division Branch 1 Unit 2
CK3767,Eric,Morales,emp3767@apexglobal.com,+14150003767,MANAGER,LATAM Division Branch 2 Unit 1
CK3768,Shirley,Cooper,emp3768@apexglobal.com,+14150003768,EMPLOYEE,LATAM Division Branch 2 Unit 2
CK3769,Jonathan,Kim,emp3769@apexglobal.com,+14150003769,EMPLOYEE,LATAM Division Branch 3 Unit 1
CK3770,Anna,Wood,emp3770@apexglobal.com,+14150003770,EMPLOYEE,LATAM Division Branch 3 Unit 2
CK3771,Stephen,Price,emp3771@apexglobal.com,+14150003771,EMPLOYEE,Global Engineering Branch 1 Unit 1
CK3772,Brenda,Ross,emp3772@apexglobal.com,+14150003772,TRAINER,Global Engineering Branch 1 Unit 2
CK3773,Larry,Jones,emp3773@apexglobal.com,+14150003773,MANAGER,Global Engineering Branch 2 Unit 1
CK3774,Pamela,Lopez,emp3774@apexglobal.com,+14150003774,EMPLOYEE,Global Engineering Branch 2 Unit 2
CK3775,Justin,Jackson,emp3775@apexglobal.com,+14150003775,EMPLOYEE,Global Engineering Branch 3 Unit 1
CK3776,Emma,Sanchez,emp3776@apexglobal.com,+14150003776,EMPLOYEE,Global Engineering Branch 3 Unit 2
CK3777,Scott,Allen,emp3777@apexglobal.com,+14150003777,EMPLOYEE,Product Innovation Branch 1 Unit 1
CK3778,Nicole,Flores,emp3778@apexglobal.com,+14150003778,TRAINER,Product Innovation Branch 1 Unit 2
CK3779,Brandon,Campbell,emp3779@apexglobal.com,+14150003779,MANAGER,Product Innovation Branch 2 Unit 1
CK3780,Helen,Turner,emp3780@apexglobal.com,+14150003780,EMPLOYEE,Product Innovation Branch 2 Unit 2
CK3781,Benjamin,Stewart,emp3781@apexglobal.com,+14150003781,EMPLOYEE,Product Innovation Branch 3 Unit 1
CK3782,Samantha,Ortiz,emp3782@apexglobal.com,+14150003782,EMPLOYEE,Product Innovation Branch 3 Unit 2
CK3783,Samuel,Howard,emp3783@apexglobal.com,+14150003783,EMPLOYEE,Financial Services Branch 1 Unit 1
CK3784,Katherine,Brooks,emp3784@apexglobal.com,+14150003784,TRAINER,Financial Services Branch 1 Unit 2
CK3785,Gregory,Ruiz,emp3785@apexglobal.com,+14150003785,MANAGER,Financial Services Branch 2 Unit 1
CK3786,Christine,Myers,emp3786@apexglobal.com,+14150003786,EMPLOYEE,Financial Services Branch 2 Unit 2
CK3787,Alexander,Williams,emp3787@apexglobal.com,+14150003787,EMPLOYEE,Financial Services Branch 3 Unit 1
CK3788,Debra,Martinez,emp3788@apexglobal.com,+14150003788,EMPLOYEE,Financial Services Branch 3 Unit 2
CK3789,Frank,Taylor,emp3789@apexglobal.com,+14150003789,EMPLOYEE,People and Culture Branch 1 Unit 1
CK3790,Rachel,White,emp3790@apexglobal.com,+14150003790,TRAINER,People and Culture Branch 1 Unit 2
CK3791,Patrick,Walker,emp3791@apexglobal.com,+14150003791,MANAGER,People and Culture Branch 2 Unit 1
CK3792,Carolyn,Nguyen,emp3792@apexglobal.com,+14150003792,EMPLOYEE,People and Culture Branch 2 Unit 2
CK3793,Raymond,Hall,emp3793@apexglobal.com,+14150003793,EMPLOYEE,People and Culture Branch 3 Unit 1
CK3794,Janet,Phillips,emp3794@apexglobal.com,+14150003794,EMPLOYEE,People and Culture Branch 3 Unit 2
CK3795,Jack,Collins,emp3795@apexglobal.com,+14150003795,EMPLOYEE,Legal and Risk Branch 1 Unit 1
CK3796,Maria,Rogers,emp3796@apexglobal.com,+14150003796,TRAINER,Legal and Risk Branch 1 Unit 2
CK3797,Dennis,Reed,emp3797@apexglobal.com,+14150003797,MANAGER,Legal and Risk Branch 2 Unit 1
CK3798,Heather,Richardson,emp3798@apexglobal.com,+14150003798,EMPLOYEE,Legal and Risk Branch 2 Unit 2
CK3799,Jerry,Gray,emp3799@apexglobal.com,+14150003799,EMPLOYEE,Legal and Risk Branch 3 Unit 1
CK3800,Diane,Sanders,emp3800@apexglobal.com,+14150003800,EMPLOYEE,Legal and Risk Branch 3 Unit 2
CK3801,James,Smith,emp3801@apexglobal.com,+14150003801,EMPLOYEE,Apex Global Corporation
CK3802,Mary,Davis,emp3802@apexglobal.com,+14150003802,TRAINER,North America Division
CK3803,Robert,Anderson,emp3803@apexglobal.com,+14150003803,MANAGER,EMEA Division
CK3804,Patricia,Perez,emp3804@apexglobal.com,+14150003804,EMPLOYEE,APAC Division
CK3805,John,Lewis,emp3805@apexglobal.com,+14150003805,EMPLOYEE,LATAM Division
CK3806,Jennifer,Scott,emp3806@apexglobal.com,+14150003806,EMPLOYEE,Global Engineering
CK3807,Michael,Nelson,emp3807@apexglobal.com,+14150003807,EMPLOYEE,Product Innovation
CK3808,Linda,Roberts,emp3808@apexglobal.com,+14150003808,TRAINER,Financial Services
CK3809,David,Cruz,emp3809@apexglobal.com,+14150003809,MANAGER,People and Culture
CK3810,Elizabeth,Murphy,emp3810@apexglobal.com,+14150003810,EMPLOYEE,Legal and Risk
CK3811,William,Peterson,emp3811@apexglobal.com,+14150003811,EMPLOYEE,North America Division Branch 1
CK3812,Barbara,Cox,emp3812@apexglobal.com,+14150003812,EMPLOYEE,North America Division Branch 2
CK3813,Richard,James,emp3813@apexglobal.com,+14150003813,EMPLOYEE,North America Division Branch 3
CK3814,Susan,Alvarez,emp3814@apexglobal.com,+14150003814,TRAINER,North America Division Branch 4
CK3815,Joseph,Foster,emp3815@apexglobal.com,+14150003815,MANAGER,EMEA Division Branch 1
CK3816,Jessica,Garcia,emp3816@apexglobal.com,+14150003816,EMPLOYEE,EMEA Division Branch 2
CK3817,Thomas,Gonzalez,emp3817@apexglobal.com,+14150003817,EMPLOYEE,EMEA Division Branch 3
CK3818,Sarah,Martin,emp3818@apexglobal.com,+14150003818,EMPLOYEE,EMEA Division Branch 4
CK3819,Charles,Clark,emp3819@apexglobal.com,+14150003819,EMPLOYEE,APAC Division Branch 1
CK3820,Karen,King,emp3820@apexglobal.com,+14150003820,TRAINER,APAC Division Branch 2
CK3821,Christopher,Green,emp3821@apexglobal.com,+14150003821,MANAGER,APAC Division Branch 3
CK3822,Lisa,Mitchell,emp3822@apexglobal.com,+14150003822,EMPLOYEE,APAC Division Branch 4
CK3823,Daniel,Diaz,emp3823@apexglobal.com,+14150003823,EMPLOYEE,LATAM Division Branch 1
CK3824,Nancy,Morris,emp3824@apexglobal.com,+14150003824,EMPLOYEE,LATAM Division Branch 2
CK3825,Matthew,Morgan,emp3825@apexglobal.com,+14150003825,EMPLOYEE,LATAM Division Branch 3
CK3826,Betty,Ramos,emp3826@apexglobal.com,+14150003826,TRAINER,Global Engineering Branch 1
CK3827,Anthony,Chavez,emp3827@apexglobal.com,+14150003827,MANAGER,Global Engineering Branch 2
CK3828,Margaret,Hughes,emp3828@apexglobal.com,+14150003828,EMPLOYEE,Global Engineering Branch 3
CK3829,Mark,Long,emp3829@apexglobal.com,+14150003829,EMPLOYEE,Product Innovation Branch 1
CK3830,Sandra,Brown,emp3830@apexglobal.com,+14150003830,EMPLOYEE,Product Innovation Branch 2
CK3831,Donald,Hernandez,emp3831@apexglobal.com,+14150003831,EMPLOYEE,Product Innovation Branch 3
CK3832,Ashley,Moore,emp3832@apexglobal.com,+14150003832,TRAINER,Financial Services Branch 1
CK3833,Steven,Harris,emp3833@apexglobal.com,+14150003833,MANAGER,Financial Services Branch 2
CK3834,Kimberly,Young,emp3834@apexglobal.com,+14150003834,EMPLOYEE,Financial Services Branch 3
CK3835,Paul,Hill,emp3835@apexglobal.com,+14150003835,EMPLOYEE,People and Culture Branch 1
CK3836,Emily,Rivera,emp3836@apexglobal.com,+14150003836,EMPLOYEE,People and Culture Branch 2
CK3837,Andrew,Evans,emp3837@apexglobal.com,+14150003837,EMPLOYEE,People and Culture Branch 3
CK3838,Donna,Reyes,emp3838@apexglobal.com,+14150003838,TRAINER,Legal and Risk Branch 1
CK3839,Joshua,Gutierrez,emp3839@apexglobal.com,+14150003839,MANAGER,Legal and Risk Branch 2
CK3840,Michelle,Kelly,emp3840@apexglobal.com,+14150003840,EMPLOYEE,Legal and Risk Branch 3
CK3841,Kenneth,Watson,emp3841@apexglobal.com,+14150003841,EMPLOYEE,North America Division Branch 1 Unit 1
CK3842,Carol,Mendoza,emp3842@apexglobal.com,+14150003842,EMPLOYEE,North America Division Branch 1 Unit 2
CK3843,Kevin,Patel,emp3843@apexglobal.com,+14150003843,EMPLOYEE,North America Division Branch 2 Unit 1
CK3844,Amanda,Johnson,emp3844@apexglobal.com,+14150003844,TRAINER,North America Division Branch 2 Unit 2
CK3845,Brian,Rodriguez,emp3845@apexglobal.com,+14150003845,MANAGER,North America Division Branch 3 Unit 1
CK3846,Dorothy,Thomas,emp3846@apexglobal.com,+14150003846,EMPLOYEE,North America Division Branch 3 Unit 2
CK3847,George,Thompson,emp3847@apexglobal.com,+14150003847,EMPLOYEE,North America Division Branch 4 Unit 1
CK3848,Melissa,Robinson,emp3848@apexglobal.com,+14150003848,EMPLOYEE,North America Division Branch 4 Unit 2
CK3849,Timothy,Torres,emp3849@apexglobal.com,+14150003849,EMPLOYEE,EMEA Division Branch 1 Unit 1
CK3850,Deborah,Baker,emp3850@apexglobal.com,+14150003850,TRAINER,EMEA Division Branch 1 Unit 2
CK3851,Ronald,Gomez,emp3851@apexglobal.com,+14150003851,MANAGER,EMEA Division Branch 2 Unit 1
CK3852,Stephanie,Edwards,emp3852@apexglobal.com,+14150003852,EMPLOYEE,EMEA Division Branch 2 Unit 2
CK3853,Edward,Cook,emp3853@apexglobal.com,+14150003853,EMPLOYEE,EMEA Division Branch 3 Unit 1
CK3854,Rebecca,Bailey,emp3854@apexglobal.com,+14150003854,EMPLOYEE,EMEA Division Branch 3 Unit 2
CK3855,Jason,Ward,emp3855@apexglobal.com,+14150003855,EMPLOYEE,EMEA Division Branch 4 Unit 1
CK3856,Sharon,Bennett,emp3856@apexglobal.com,+14150003856,TRAINER,EMEA Division Branch 4 Unit 2
CK3857,Jeffrey,Castillo,emp3857@apexglobal.com,+14150003857,MANAGER,APAC Division Branch 1 Unit 1
CK3858,Laura,Jimenez,emp3858@apexglobal.com,+14150003858,EMPLOYEE,APAC Division Branch 1 Unit 2
CK3859,Ryan,Miller,emp3859@apexglobal.com,+14150003859,EMPLOYEE,APAC Division Branch 2 Unit 1
CK3860,Cynthia,Wilson,emp3860@apexglobal.com,+14150003860,EMPLOYEE,APAC Division Branch 2 Unit 2
CK3861,Jacob,Lee,emp3861@apexglobal.com,+14150003861,EMPLOYEE,APAC Division Branch 3 Unit 1
CK3862,Kathleen,Ramirez,emp3862@apexglobal.com,+14150003862,TRAINER,APAC Division Branch 3 Unit 2
CK3863,Gary,Wright,emp3863@apexglobal.com,+14150003863,MANAGER,APAC Division Branch 4 Unit 1
CK3864,Amy,Adams,emp3864@apexglobal.com,+14150003864,EMPLOYEE,APAC Division Branch 4 Unit 2
CK3865,Nicholas,Carter,emp3865@apexglobal.com,+14150003865,EMPLOYEE,LATAM Division Branch 1 Unit 1
CK3866,Angela,Parker,emp3866@apexglobal.com,+14150003866,EMPLOYEE,LATAM Division Branch 1 Unit 2
CK3867,Eric,Morales,emp3867@apexglobal.com,+14150003867,EMPLOYEE,LATAM Division Branch 2 Unit 1
CK3868,Shirley,Cooper,emp3868@apexglobal.com,+14150003868,TRAINER,LATAM Division Branch 2 Unit 2
CK3869,Jonathan,Kim,emp3869@apexglobal.com,+14150003869,MANAGER,LATAM Division Branch 3 Unit 1
CK3870,Anna,Wood,emp3870@apexglobal.com,+14150003870,EMPLOYEE,LATAM Division Branch 3 Unit 2
CK3871,Stephen,Price,emp3871@apexglobal.com,+14150003871,EMPLOYEE,Global Engineering Branch 1 Unit 1
CK3872,Brenda,Ross,emp3872@apexglobal.com,+14150003872,EMPLOYEE,Global Engineering Branch 1 Unit 2
CK3873,Larry,Jones,emp3873@apexglobal.com,+14150003873,EMPLOYEE,Global Engineering Branch 2 Unit 1
CK3874,Pamela,Lopez,emp3874@apexglobal.com,+14150003874,TRAINER,Global Engineering Branch 2 Unit 2
CK3875,Justin,Jackson,emp3875@apexglobal.com,+14150003875,MANAGER,Global Engineering Branch 3 Unit 1
CK3876,Emma,Sanchez,emp3876@apexglobal.com,+14150003876,EMPLOYEE,Global Engineering Branch 3 Unit 2
CK3877,Scott,Allen,emp3877@apexglobal.com,+14150003877,EMPLOYEE,Product Innovation Branch 1 Unit 1
CK3878,Nicole,Flores,emp3878@apexglobal.com,+14150003878,EMPLOYEE,Product Innovation Branch 1 Unit 2
CK3879,Brandon,Campbell,emp3879@apexglobal.com,+14150003879,EMPLOYEE,Product Innovation Branch 2 Unit 1
CK3880,Helen,Turner,emp3880@apexglobal.com,+14150003880,TRAINER,Product Innovation Branch 2 Unit 2
CK3881,Benjamin,Stewart,emp3881@apexglobal.com,+14150003881,MANAGER,Product Innovation Branch 3 Unit 1
CK3882,Samantha,Ortiz,emp3882@apexglobal.com,+14150003882,EMPLOYEE,Product Innovation Branch 3 Unit 2
CK3883,Samuel,Howard,emp3883@apexglobal.com,+14150003883,EMPLOYEE,Financial Services Branch 1 Unit 1
CK3884,Katherine,Brooks,emp3884@apexglobal.com,+14150003884,EMPLOYEE,Financial Services Branch 1 Unit 2
CK3885,Gregory,Ruiz,emp3885@apexglobal.com,+14150003885,EMPLOYEE,Financial Services Branch 2 Unit 1
CK3886,Christine,Myers,emp3886@apexglobal.com,+14150003886,TRAINER,Financial Services Branch 2 Unit 2
CK3887,Alexander,Williams,emp3887@apexglobal.com,+14150003887,MANAGER,Financial Services Branch 3 Unit 1
CK3888,Debra,Martinez,emp3888@apexglobal.com,+14150003888,EMPLOYEE,Financial Services Branch 3 Unit 2
CK3889,Frank,Taylor,emp3889@apexglobal.com,+14150003889,EMPLOYEE,People and Culture Branch 1 Unit 1
CK3890,Rachel,White,emp3890@apexglobal.com,+14150003890,EMPLOYEE,People and Culture Branch 1 Unit 2
CK3891,Patrick,Walker,emp3891@apexglobal.com,+14150003891,EMPLOYEE,People and Culture Branch 2 Unit 1
CK3892,Carolyn,Nguyen,emp3892@apexglobal.com,+14150003892,TRAINER,People and Culture Branch 2 Unit 2
CK3893,Raymond,Hall,emp3893@apexglobal.com,+14150003893,MANAGER,People and Culture Branch 3 Unit 1
CK3894,Janet,Phillips,emp3894@apexglobal.com,+14150003894,EMPLOYEE,People and Culture Branch 3 Unit 2
CK3895,Jack,Collins,emp3895@apexglobal.com,+14150003895,EMPLOYEE,Legal and Risk Branch 1 Unit 1
CK3896,Maria,Rogers,emp3896@apexglobal.com,+14150003896,EMPLOYEE,Legal and Risk Branch 1 Unit 2
CK3897,Dennis,Reed,emp3897@apexglobal.com,+14150003897,EMPLOYEE,Legal and Risk Branch 2 Unit 1
CK3898,Heather,Richardson,emp3898@apexglobal.com,+14150003898,TRAINER,Legal and Risk Branch 2 Unit 2
CK3899,Jerry,Gray,emp3899@apexglobal.com,+14150003899,MANAGER,Legal and Risk Branch 3 Unit 1
CK3900,Diane,Sanders,emp3900@apexglobal.com,+14150003900,EMPLOYEE,Legal and Risk Branch 3 Unit 2
CK3901,James,Smith,emp3901@apexglobal.com,+14150003901,EMPLOYEE,Apex Global Corporation
CK3902,Mary,Davis,emp3902@apexglobal.com,+14150003902,EMPLOYEE,North America Division
CK3903,Robert,Anderson,emp3903@apexglobal.com,+14150003903,EMPLOYEE,EMEA Division
CK3904,Patricia,Perez,emp3904@apexglobal.com,+14150003904,TRAINER,APAC Division
CK3905,John,Lewis,emp3905@apexglobal.com,+14150003905,MANAGER,LATAM Division
CK3906,Jennifer,Scott,emp3906@apexglobal.com,+14150003906,EMPLOYEE,Global Engineering
CK3907,Michael,Nelson,emp3907@apexglobal.com,+14150003907,EMPLOYEE,Product Innovation
CK3908,Linda,Roberts,emp3908@apexglobal.com,+14150003908,EMPLOYEE,Financial Services
CK3909,David,Cruz,emp3909@apexglobal.com,+14150003909,EMPLOYEE,People and Culture
CK3910,Elizabeth,Murphy,emp3910@apexglobal.com,+14150003910,TRAINER,Legal and Risk
CK3911,William,Peterson,emp3911@apexglobal.com,+14150003911,MANAGER,North America Division Branch 1
CK3912,Barbara,Cox,emp3912@apexglobal.com,+14150003912,EMPLOYEE,North America Division Branch 2
CK3913,Richard,James,emp3913@apexglobal.com,+14150003913,EMPLOYEE,North America Division Branch 3
CK3914,Susan,Alvarez,emp3914@apexglobal.com,+14150003914,EMPLOYEE,North America Division Branch 4
CK3915,Joseph,Foster,emp3915@apexglobal.com,+14150003915,EMPLOYEE,EMEA Division Branch 1
CK3916,Jessica,Garcia,emp3916@apexglobal.com,+14150003916,TRAINER,EMEA Division Branch 2
CK3917,Thomas,Gonzalez,emp3917@apexglobal.com,+14150003917,MANAGER,EMEA Division Branch 3
CK3918,Sarah,Martin,emp3918@apexglobal.com,+14150003918,EMPLOYEE,EMEA Division Branch 4
CK3919,Charles,Clark,emp3919@apexglobal.com,+14150003919,EMPLOYEE,APAC Division Branch 1
CK3920,Karen,King,emp3920@apexglobal.com,+14150003920,EMPLOYEE,APAC Division Branch 2
CK3921,Christopher,Green,emp3921@apexglobal.com,+14150003921,EMPLOYEE,APAC Division Branch 3
CK3922,Lisa,Mitchell,emp3922@apexglobal.com,+14150003922,TRAINER,APAC Division Branch 4
CK3923,Daniel,Diaz,emp3923@apexglobal.com,+14150003923,MANAGER,LATAM Division Branch 1
CK3924,Nancy,Morris,emp3924@apexglobal.com,+14150003924,EMPLOYEE,LATAM Division Branch 2
CK3925,Matthew,Morgan,emp3925@apexglobal.com,+14150003925,EMPLOYEE,LATAM Division Branch 3
CK3926,Betty,Ramos,emp3926@apexglobal.com,+14150003926,EMPLOYEE,Global Engineering Branch 1
CK3927,Anthony,Chavez,emp3927@apexglobal.com,+14150003927,EMPLOYEE,Global Engineering Branch 2
CK3928,Margaret,Hughes,emp3928@apexglobal.com,+14150003928,TRAINER,Global Engineering Branch 3
CK3929,Mark,Long,emp3929@apexglobal.com,+14150003929,MANAGER,Product Innovation Branch 1
CK3930,Sandra,Brown,emp3930@apexglobal.com,+14150003930,EMPLOYEE,Product Innovation Branch 2
CK3931,Donald,Hernandez,emp3931@apexglobal.com,+14150003931,EMPLOYEE,Product Innovation Branch 3
CK3932,Ashley,Moore,emp3932@apexglobal.com,+14150003932,EMPLOYEE,Financial Services Branch 1
CK3933,Steven,Harris,emp3933@apexglobal.com,+14150003933,EMPLOYEE,Financial Services Branch 2
CK3934,Kimberly,Young,emp3934@apexglobal.com,+14150003934,TRAINER,Financial Services Branch 3
CK3935,Paul,Hill,emp3935@apexglobal.com,+14150003935,MANAGER,People and Culture Branch 1
CK3936,Emily,Rivera,emp3936@apexglobal.com,+14150003936,EMPLOYEE,People and Culture Branch 2
CK3937,Andrew,Evans,emp3937@apexglobal.com,+14150003937,EMPLOYEE,People and Culture Branch 3
CK3938,Donna,Reyes,emp3938@apexglobal.com,+14150003938,EMPLOYEE,Legal and Risk Branch 1
CK3939,Joshua,Gutierrez,emp3939@apexglobal.com,+14150003939,EMPLOYEE,Legal and Risk Branch 2
CK3940,Michelle,Kelly,emp3940@apexglobal.com,+14150003940,TRAINER,Legal and Risk Branch 3
CK3941,Kenneth,Watson,emp3941@apexglobal.com,+14150003941,MANAGER,North America Division Branch 1 Unit 1
CK3942,Carol,Mendoza,emp3942@apexglobal.com,+14150003942,EMPLOYEE,North America Division Branch 1 Unit 2
CK3943,Kevin,Patel,emp3943@apexglobal.com,+14150003943,EMPLOYEE,North America Division Branch 2 Unit 1
CK3944,Amanda,Johnson,emp3944@apexglobal.com,+14150003944,EMPLOYEE,North America Division Branch 2 Unit 2
CK3945,Brian,Rodriguez,emp3945@apexglobal.com,+14150003945,EMPLOYEE,North America Division Branch 3 Unit 1
CK3946,Dorothy,Thomas,emp3946@apexglobal.com,+14150003946,TRAINER,North America Division Branch 3 Unit 2
CK3947,George,Thompson,emp3947@apexglobal.com,+14150003947,MANAGER,North America Division Branch 4 Unit 1
CK3948,Melissa,Robinson,emp3948@apexglobal.com,+14150003948,EMPLOYEE,North America Division Branch 4 Unit 2
CK3949,Timothy,Torres,emp3949@apexglobal.com,+14150003949,EMPLOYEE,EMEA Division Branch 1 Unit 1
CK3950,Deborah,Baker,emp3950@apexglobal.com,+14150003950,EMPLOYEE,EMEA Division Branch 1 Unit 2
CK3951,Ronald,Gomez,emp3951@apexglobal.com,+14150003951,EMPLOYEE,EMEA Division Branch 2 Unit 1
CK3952,Stephanie,Edwards,emp3952@apexglobal.com,+14150003952,TRAINER,EMEA Division Branch 2 Unit 2
CK3953,Edward,Cook,emp3953@apexglobal.com,+14150003953,MANAGER,EMEA Division Branch 3 Unit 1
CK3954,Rebecca,Bailey,emp3954@apexglobal.com,+14150003954,EMPLOYEE,EMEA Division Branch 3 Unit 2
CK3955,Jason,Ward,emp3955@apexglobal.com,+14150003955,EMPLOYEE,EMEA Division Branch 4 Unit 1
CK3956,Sharon,Bennett,emp3956@apexglobal.com,+14150003956,EMPLOYEE,EMEA Division Branch 4 Unit 2
CK3957,Jeffrey,Castillo,emp3957@apexglobal.com,+14150003957,EMPLOYEE,APAC Division Branch 1 Unit 1
CK3958,Laura,Jimenez,emp3958@apexglobal.com,+14150003958,TRAINER,APAC Division Branch 1 Unit 2
CK3959,Ryan,Miller,emp3959@apexglobal.com,+14150003959,MANAGER,APAC Division Branch 2 Unit 1
CK3960,Cynthia,Wilson,emp3960@apexglobal.com,+14150003960,EMPLOYEE,APAC Division Branch 2 Unit 2
CK3961,Jacob,Lee,emp3961@apexglobal.com,+14150003961,EMPLOYEE,APAC Division Branch 3 Unit 1
CK3962,Kathleen,Ramirez,emp3962@apexglobal.com,+14150003962,EMPLOYEE,APAC Division Branch 3 Unit 2
CK3963,Gary,Wright,emp3963@apexglobal.com,+14150003963,EMPLOYEE,APAC Division Branch 4 Unit 1
CK3964,Amy,Adams,emp3964@apexglobal.com,+14150003964,TRAINER,APAC Division Branch 4 Unit 2
CK3965,Nicholas,Carter,emp3965@apexglobal.com,+14150003965,MANAGER,LATAM Division Branch 1 Unit 1
CK3966,Angela,Parker,emp3966@apexglobal.com,+14150003966,EMPLOYEE,LATAM Division Branch 1 Unit 2
CK3967,Eric,Morales,emp3967@apexglobal.com,+14150003967,EMPLOYEE,LATAM Division Branch 2 Unit 1
CK3968,Shirley,Cooper,emp3968@apexglobal.com,+14150003968,EMPLOYEE,LATAM Division Branch 2 Unit 2
CK3969,Jonathan,Kim,emp3969@apexglobal.com,+14150003969,EMPLOYEE,LATAM Division Branch 3 Unit 1
CK3970,Anna,Wood,emp3970@apexglobal.com,+14150003970,TRAINER,LATAM Division Branch 3 Unit 2
CK3971,Stephen,Price,emp3971@apexglobal.com,+14150003971,MANAGER,Global Engineering Branch 1 Unit 1
CK3972,Brenda,Ross,emp3972@apexglobal.com,+14150003972,EMPLOYEE,Global Engineering Branch 1 Unit 2
CK3973,Larry,Jones,emp3973@apexglobal.com,+14150003973,EMPLOYEE,Global Engineering Branch 2 Unit 1
CK3974,Pamela,Lopez,emp3974@apexglobal.com,+14150003974,EMPLOYEE,Global Engineering Branch 2 Unit 2
CK3975,Justin,Jackson,emp3975@apexglobal.com,+14150003975,EMPLOYEE,Global Engineering Branch 3 Unit 1
CK3976,Emma,Sanchez,emp3976@apexglobal.com,+14150003976,TRAINER,Global Engineering Branch 3 Unit 2
CK3977,Scott,Allen,emp3977@apexglobal.com,+14150003977,MANAGER,Product Innovation Branch 1 Unit 1
CK3978,Nicole,Flores,emp3978@apexglobal.com,+14150003978,EMPLOYEE,Product Innovation Branch 1 Unit 2
CK3979,Brandon,Campbell,emp3979@apexglobal.com,+14150003979,EMPLOYEE,Product Innovation Branch 2 Unit 1
CK3980,Helen,Turner,emp3980@apexglobal.com,+14150003980,EMPLOYEE,Product Innovation Branch 2 Unit 2
CK3981,Benjamin,Stewart,emp3981@apexglobal.com,+14150003981,EMPLOYEE,Product Innovation Branch 3 Unit 1
CK3982,Samantha,Ortiz,emp3982@apexglobal.com,+14150003982,TRAINER,Product Innovation Branch 3 Unit 2
CK3983,Samuel,Howard,emp3983@apexglobal.com,+14150003983,MANAGER,Financial Services Branch 1 Unit 1
CK3984,Katherine,Brooks,emp3984@apexglobal.com,+14150003984,EMPLOYEE,Financial Services Branch 1 Unit 2
CK3985,Gregory,Ruiz,emp3985@apexglobal.com,+14150003985,EMPLOYEE,Financial Services Branch 2 Unit 1
CK3986,Christine,Myers,emp3986@apexglobal.com,+14150003986,EMPLOYEE,Financial Services Branch 2 Unit 2
CK3987,Alexander,Williams,emp3987@apexglobal.com,+14150003987,EMPLOYEE,Financial Services Branch 3 Unit 1
CK3988,Debra,Martinez,emp3988@apexglobal.com,+14150003988,TRAINER,Financial Services Branch 3 Unit 2
CK3989,Frank,Taylor,emp3989@apexglobal.com,+14150003989,MANAGER,People and Culture Branch 1 Unit 1
CK3990,Rachel,White,emp3990@apexglobal.com,+14150003990,EMPLOYEE,People and Culture Branch 1 Unit 2
CK3991,Patrick,Walker,emp3991@apexglobal.com,+14150003991,EMPLOYEE,People and Culture Branch 2 Unit 1
CK3992,Carolyn,Nguyen,emp3992@apexglobal.com,+14150003992,EMPLOYEE,People and Culture Branch 2 Unit 2
CK3993,Raymond,Hall,emp3993@apexglobal.com,+14150003993,EMPLOYEE,People and Culture Branch 3 Unit 1
CK3994,Janet,Phillips,emp3994@apexglobal.com,+14150003994,TRAINER,People and Culture Branch 3 Unit 2
CK3995,Jack,Collins,emp3995@apexglobal.com,+14150003995,MANAGER,Legal and Risk Branch 1 Unit 1
CK3996,Maria,Rogers,emp3996@apexglobal.com,+14150003996,EMPLOYEE,Legal and Risk Branch 1 Unit 2
CK3997,Dennis,Reed,emp3997@apexglobal.com,+14150003997,EMPLOYEE,Legal and Risk Branch 2 Unit 1
CK3998,Heather,Richardson,emp3998@apexglobal.com,+14150003998,EMPLOYEE,Legal and Risk Branch 2 Unit 2
CK3999,Jerry,Gray,emp3999@apexglobal.com,+14150003999,EMPLOYEE,Legal and Risk Branch 3 Unit 1
CK4000,Diane,Sanders,emp4000@apexglobal.com,+14150004000,TRAINER,Legal and Risk Branch 3 Unit 2
CK4001,James,Smith,emp4001@apexglobal.com,+14150004001,MANAGER,Apex Global Corporation
CK4002,Mary,Davis,emp4002@apexglobal.com,+14150004002,EMPLOYEE,North America Division
CK4003,Robert,Anderson,emp4003@apexglobal.com,+14150004003,EMPLOYEE,EMEA Division
CK4004,Patricia,Perez,emp4004@apexglobal.com,+14150004004,EMPLOYEE,APAC Division
CK4005,John,Lewis,emp4005@apexglobal.com,+14150004005,EMPLOYEE,LATAM Division
CK4006,Jennifer,Scott,emp4006@apexglobal.com,+14150004006,TRAINER,Global Engineering
CK4007,Michael,Nelson,emp4007@apexglobal.com,+14150004007,MANAGER,Product Innovation
CK4008,Linda,Roberts,emp4008@apexglobal.com,+14150004008,EMPLOYEE,Financial Services
CK4009,David,Cruz,emp4009@apexglobal.com,+14150004009,EMPLOYEE,People and Culture
CK4010,Elizabeth,Murphy,emp4010@apexglobal.com,+14150004010,EMPLOYEE,Legal and Risk
CK4011,William,Peterson,emp4011@apexglobal.com,+14150004011,EMPLOYEE,North America Division Branch 1
CK4012,Barbara,Cox,emp4012@apexglobal.com,+14150004012,TRAINER,North America Division Branch 2
CK4013,Richard,James,emp4013@apexglobal.com,+14150004013,MANAGER,North America Division Branch 3
CK4014,Susan,Alvarez,emp4014@apexglobal.com,+14150004014,EMPLOYEE,North America Division Branch 4
CK4015,Joseph,Foster,emp4015@apexglobal.com,+14150004015,EMPLOYEE,EMEA Division Branch 1
CK4016,Jessica,Garcia,emp4016@apexglobal.com,+14150004016,EMPLOYEE,EMEA Division Branch 2
CK4017,Thomas,Gonzalez,emp4017@apexglobal.com,+14150004017,EMPLOYEE,EMEA Division Branch 3
CK4018,Sarah,Martin,emp4018@apexglobal.com,+14150004018,TRAINER,EMEA Division Branch 4
CK4019,Charles,Clark,emp4019@apexglobal.com,+14150004019,MANAGER,APAC Division Branch 1
CK4020,Karen,King,emp4020@apexglobal.com,+14150004020,EMPLOYEE,APAC Division Branch 2
CK4021,Christopher,Green,emp4021@apexglobal.com,+14150004021,EMPLOYEE,APAC Division Branch 3
CK4022,Lisa,Mitchell,emp4022@apexglobal.com,+14150004022,EMPLOYEE,APAC Division Branch 4
CK4023,Daniel,Diaz,emp4023@apexglobal.com,+14150004023,EMPLOYEE,LATAM Division Branch 1
CK4024,Nancy,Morris,emp4024@apexglobal.com,+14150004024,TRAINER,LATAM Division Branch 2
CK4025,Matthew,Morgan,emp4025@apexglobal.com,+14150004025,MANAGER,LATAM Division Branch 3
CK4026,Betty,Ramos,emp4026@apexglobal.com,+14150004026,EMPLOYEE,Global Engineering Branch 1
CK4027,Anthony,Chavez,emp4027@apexglobal.com,+14150004027,EMPLOYEE,Global Engineering Branch 2
CK4028,Margaret,Hughes,emp4028@apexglobal.com,+14150004028,EMPLOYEE,Global Engineering Branch 3
CK4029,Mark,Long,emp4029@apexglobal.com,+14150004029,EMPLOYEE,Product Innovation Branch 1
CK4030,Sandra,Brown,emp4030@apexglobal.com,+14150004030,TRAINER,Product Innovation Branch 2
CK4031,Donald,Hernandez,emp4031@apexglobal.com,+14150004031,MANAGER,Product Innovation Branch 3
CK4032,Ashley,Moore,emp4032@apexglobal.com,+14150004032,EMPLOYEE,Financial Services Branch 1
CK4033,Steven,Harris,emp4033@apexglobal.com,+14150004033,EMPLOYEE,Financial Services Branch 2
CK4034,Kimberly,Young,emp4034@apexglobal.com,+14150004034,EMPLOYEE,Financial Services Branch 3
CK4035,Paul,Hill,emp4035@apexglobal.com,+14150004035,EMPLOYEE,People and Culture Branch 1
CK4036,Emily,Rivera,emp4036@apexglobal.com,+14150004036,TRAINER,People and Culture Branch 2
CK4037,Andrew,Evans,emp4037@apexglobal.com,+14150004037,MANAGER,People and Culture Branch 3
CK4038,Donna,Reyes,emp4038@apexglobal.com,+14150004038,EMPLOYEE,Legal and Risk Branch 1
CK4039,Joshua,Gutierrez,emp4039@apexglobal.com,+14150004039,EMPLOYEE,Legal and Risk Branch 2
CK4040,Michelle,Kelly,emp4040@apexglobal.com,+14150004040,EMPLOYEE,Legal and Risk Branch 3
CK4041,Kenneth,Watson,emp4041@apexglobal.com,+14150004041,EMPLOYEE,North America Division Branch 1 Unit 1
CK4042,Carol,Mendoza,emp4042@apexglobal.com,+14150004042,TRAINER,North America Division Branch 1 Unit 2
CK4043,Kevin,Patel,emp4043@apexglobal.com,+14150004043,MANAGER,North America Division Branch 2 Unit 1
CK4044,Amanda,Johnson,emp4044@apexglobal.com,+14150004044,EMPLOYEE,North America Division Branch 2 Unit 2
CK4045,Brian,Rodriguez,emp4045@apexglobal.com,+14150004045,EMPLOYEE,North America Division Branch 3 Unit 1
CK4046,Dorothy,Thomas,emp4046@apexglobal.com,+14150004046,EMPLOYEE,North America Division Branch 3 Unit 2
CK4047,George,Thompson,emp4047@apexglobal.com,+14150004047,EMPLOYEE,North America Division Branch 4 Unit 1
CK4048,Melissa,Robinson,emp4048@apexglobal.com,+14150004048,TRAINER,North America Division Branch 4 Unit 2
CK4049,Timothy,Torres,emp4049@apexglobal.com,+14150004049,MANAGER,EMEA Division Branch 1 Unit 1
CK4050,Deborah,Baker,emp4050@apexglobal.com,+14150004050,EMPLOYEE,EMEA Division Branch 1 Unit 2
CK4051,Ronald,Gomez,emp4051@apexglobal.com,+14150004051,EMPLOYEE,EMEA Division Branch 2 Unit 1
CK4052,Stephanie,Edwards,emp4052@apexglobal.com,+14150004052,EMPLOYEE,EMEA Division Branch 2 Unit 2
CK4053,Edward,Cook,emp4053@apexglobal.com,+14150004053,EMPLOYEE,EMEA Division Branch 3 Unit 1
CK4054,Rebecca,Bailey,emp4054@apexglobal.com,+14150004054,TRAINER,EMEA Division Branch 3 Unit 2
CK4055,Jason,Ward,emp4055@apexglobal.com,+14150004055,MANAGER,EMEA Division Branch 4 Unit 1
CK4056,Sharon,Bennett,emp4056@apexglobal.com,+14150004056,EMPLOYEE,EMEA Division Branch 4 Unit 2
CK4057,Jeffrey,Castillo,emp4057@apexglobal.com,+14150004057,EMPLOYEE,APAC Division Branch 1 Unit 1
CK4058,Laura,Jimenez,emp4058@apexglobal.com,+14150004058,EMPLOYEE,APAC Division Branch 1 Unit 2
CK4059,Ryan,Miller,emp4059@apexglobal.com,+14150004059,EMPLOYEE,APAC Division Branch 2 Unit 1
CK4060,Cynthia,Wilson,emp4060@apexglobal.com,+14150004060,TRAINER,APAC Division Branch 2 Unit 2
CK4061,Jacob,Lee,emp4061@apexglobal.com,+14150004061,MANAGER,APAC Division Branch 3 Unit 1
CK4062,Kathleen,Ramirez,emp4062@apexglobal.com,+14150004062,EMPLOYEE,APAC Division Branch 3 Unit 2
CK4063,Gary,Wright,emp4063@apexglobal.com,+14150004063,EMPLOYEE,APAC Division Branch 4 Unit 1
CK4064,Amy,Adams,emp4064@apexglobal.com,+14150004064,EMPLOYEE,APAC Division Branch 4 Unit 2
CK4065,Nicholas,Carter,emp4065@apexglobal.com,+14150004065,EMPLOYEE,LATAM Division Branch 1 Unit 1
CK4066,Angela,Parker,emp4066@apexglobal.com,+14150004066,TRAINER,LATAM Division Branch 1 Unit 2
CK4067,Eric,Morales,emp4067@apexglobal.com,+14150004067,MANAGER,LATAM Division Branch 2 Unit 1
CK4068,Shirley,Cooper,emp4068@apexglobal.com,+14150004068,EMPLOYEE,LATAM Division Branch 2 Unit 2
CK4069,Jonathan,Kim,emp4069@apexglobal.com,+14150004069,EMPLOYEE,LATAM Division Branch 3 Unit 1
CK4070,Anna,Wood,emp4070@apexglobal.com,+14150004070,EMPLOYEE,LATAM Division Branch 3 Unit 2
CK4071,Stephen,Price,emp4071@apexglobal.com,+14150004071,EMPLOYEE,Global Engineering Branch 1 Unit 1
CK4072,Brenda,Ross,emp4072@apexglobal.com,+14150004072,TRAINER,Global Engineering Branch 1 Unit 2
CK4073,Larry,Jones,emp4073@apexglobal.com,+14150004073,MANAGER,Global Engineering Branch 2 Unit 1
CK4074,Pamela,Lopez,emp4074@apexglobal.com,+14150004074,EMPLOYEE,Global Engineering Branch 2 Unit 2
CK4075,Justin,Jackson,emp4075@apexglobal.com,+14150004075,EMPLOYEE,Global Engineering Branch 3 Unit 1
CK4076,Emma,Sanchez,emp4076@apexglobal.com,+14150004076,EMPLOYEE,Global Engineering Branch 3 Unit 2
CK4077,Scott,Allen,emp4077@apexglobal.com,+14150004077,EMPLOYEE,Product Innovation Branch 1 Unit 1
CK4078,Nicole,Flores,emp4078@apexglobal.com,+14150004078,TRAINER,Product Innovation Branch 1 Unit 2
CK4079,Brandon,Campbell,emp4079@apexglobal.com,+14150004079,MANAGER,Product Innovation Branch 2 Unit 1
CK4080,Helen,Turner,emp4080@apexglobal.com,+14150004080,EMPLOYEE,Product Innovation Branch 2 Unit 2
CK4081,Benjamin,Stewart,emp4081@apexglobal.com,+14150004081,EMPLOYEE,Product Innovation Branch 3 Unit 1
CK4082,Samantha,Ortiz,emp4082@apexglobal.com,+14150004082,EMPLOYEE,Product Innovation Branch 3 Unit 2
CK4083,Samuel,Howard,emp4083@apexglobal.com,+14150004083,EMPLOYEE,Financial Services Branch 1 Unit 1
CK4084,Katherine,Brooks,emp4084@apexglobal.com,+14150004084,TRAINER,Financial Services Branch 1 Unit 2
CK4085,Gregory,Ruiz,emp4085@apexglobal.com,+14150004085,MANAGER,Financial Services Branch 2 Unit 1
CK4086,Christine,Myers,emp4086@apexglobal.com,+14150004086,EMPLOYEE,Financial Services Branch 2 Unit 2
CK4087,Alexander,Williams,emp4087@apexglobal.com,+14150004087,EMPLOYEE,Financial Services Branch 3 Unit 1
CK4088,Debra,Martinez,emp4088@apexglobal.com,+14150004088,EMPLOYEE,Financial Services Branch 3 Unit 2
CK4089,Frank,Taylor,emp4089@apexglobal.com,+14150004089,EMPLOYEE,People and Culture Branch 1 Unit 1
CK4090,Rachel,White,emp4090@apexglobal.com,+14150004090,TRAINER,People and Culture Branch 1 Unit 2
CK4091,Patrick,Walker,emp4091@apexglobal.com,+14150004091,MANAGER,People and Culture Branch 2 Unit 1
CK4092,Carolyn,Nguyen,emp4092@apexglobal.com,+14150004092,EMPLOYEE,People and Culture Branch 2 Unit 2
CK4093,Raymond,Hall,emp4093@apexglobal.com,+14150004093,EMPLOYEE,People and Culture Branch 3 Unit 1
CK4094,Janet,Phillips,emp4094@apexglobal.com,+14150004094,EMPLOYEE,People and Culture Branch 3 Unit 2
CK4095,Jack,Collins,emp4095@apexglobal.com,+14150004095,EMPLOYEE,Legal and Risk Branch 1 Unit 1
CK4096,Maria,Rogers,emp4096@apexglobal.com,+14150004096,TRAINER,Legal and Risk Branch 1 Unit 2
CK4097,Dennis,Reed,emp4097@apexglobal.com,+14150004097,MANAGER,Legal and Risk Branch 2 Unit 1
CK4098,Heather,Richardson,emp4098@apexglobal.com,+14150004098,EMPLOYEE,Legal and Risk Branch 2 Unit 2
CK4099,Jerry,Gray,emp4099@apexglobal.com,+14150004099,EMPLOYEE,Legal and Risk Branch 3 Unit 1
CK4100,Diane,Sanders,emp4100@apexglobal.com,+14150004100,EMPLOYEE,Legal and Risk Branch 3 Unit 2
CK4101,James,Smith,emp4101@apexglobal.com,+14150004101,EMPLOYEE,Apex Global Corporation
CK4102,Mary,Davis,emp4102@apexglobal.com,+14150004102,TRAINER,North America Division
CK4103,Robert,Anderson,emp4103@apexglobal.com,+14150004103,MANAGER,EMEA Division
CK4104,Patricia,Perez,emp4104@apexglobal.com,+14150004104,EMPLOYEE,APAC Division
CK4105,John,Lewis,emp4105@apexglobal.com,+14150004105,EMPLOYEE,LATAM Division
CK4106,Jennifer,Scott,emp4106@apexglobal.com,+14150004106,EMPLOYEE,Global Engineering
CK4107,Michael,Nelson,emp4107@apexglobal.com,+14150004107,EMPLOYEE,Product Innovation
CK4108,Linda,Roberts,emp4108@apexglobal.com,+14150004108,TRAINER,Financial Services
CK4109,David,Cruz,emp4109@apexglobal.com,+14150004109,MANAGER,People and Culture
CK4110,Elizabeth,Murphy,emp4110@apexglobal.com,+14150004110,EMPLOYEE,Legal and Risk
CK4111,William,Peterson,emp4111@apexglobal.com,+14150004111,EMPLOYEE,North America Division Branch 1
CK4112,Barbara,Cox,emp4112@apexglobal.com,+14150004112,EMPLOYEE,North America Division Branch 2
CK4113,Richard,James,emp4113@apexglobal.com,+14150004113,EMPLOYEE,North America Division Branch 3
CK4114,Susan,Alvarez,emp4114@apexglobal.com,+14150004114,TRAINER,North America Division Branch 4
CK4115,Joseph,Foster,emp4115@apexglobal.com,+14150004115,MANAGER,EMEA Division Branch 1
CK4116,Jessica,Garcia,emp4116@apexglobal.com,+14150004116,EMPLOYEE,EMEA Division Branch 2
CK4117,Thomas,Gonzalez,emp4117@apexglobal.com,+14150004117,EMPLOYEE,EMEA Division Branch 3
CK4118,Sarah,Martin,emp4118@apexglobal.com,+14150004118,EMPLOYEE,EMEA Division Branch 4
CK4119,Charles,Clark,emp4119@apexglobal.com,+14150004119,EMPLOYEE,APAC Division Branch 1
CK4120,Karen,King,emp4120@apexglobal.com,+14150004120,TRAINER,APAC Division Branch 2
CK4121,Christopher,Green,emp4121@apexglobal.com,+14150004121,MANAGER,APAC Division Branch 3
CK4122,Lisa,Mitchell,emp4122@apexglobal.com,+14150004122,EMPLOYEE,APAC Division Branch 4
CK4123,Daniel,Diaz,emp4123@apexglobal.com,+14150004123,EMPLOYEE,LATAM Division Branch 1
CK4124,Nancy,Morris,emp4124@apexglobal.com,+14150004124,EMPLOYEE,LATAM Division Branch 2
CK4125,Matthew,Morgan,emp4125@apexglobal.com,+14150004125,EMPLOYEE,LATAM Division Branch 3
CK4126,Betty,Ramos,emp4126@apexglobal.com,+14150004126,TRAINER,Global Engineering Branch 1
CK4127,Anthony,Chavez,emp4127@apexglobal.com,+14150004127,MANAGER,Global Engineering Branch 2
CK4128,Margaret,Hughes,emp4128@apexglobal.com,+14150004128,EMPLOYEE,Global Engineering Branch 3
CK4129,Mark,Long,emp4129@apexglobal.com,+14150004129,EMPLOYEE,Product Innovation Branch 1
CK4130,Sandra,Brown,emp4130@apexglobal.com,+14150004130,EMPLOYEE,Product Innovation Branch 2
CK4131,Donald,Hernandez,emp4131@apexglobal.com,+14150004131,EMPLOYEE,Product Innovation Branch 3
CK4132,Ashley,Moore,emp4132@apexglobal.com,+14150004132,TRAINER,Financial Services Branch 1
CK4133,Steven,Harris,emp4133@apexglobal.com,+14150004133,MANAGER,Financial Services Branch 2
CK4134,Kimberly,Young,emp4134@apexglobal.com,+14150004134,EMPLOYEE,Financial Services Branch 3
CK4135,Paul,Hill,emp4135@apexglobal.com,+14150004135,EMPLOYEE,People and Culture Branch 1
CK4136,Emily,Rivera,emp4136@apexglobal.com,+14150004136,EMPLOYEE,People and Culture Branch 2
CK4137,Andrew,Evans,emp4137@apexglobal.com,+14150004137,EMPLOYEE,People and Culture Branch 3
CK4138,Donna,Reyes,emp4138@apexglobal.com,+14150004138,TRAINER,Legal and Risk Branch 1
CK4139,Joshua,Gutierrez,emp4139@apexglobal.com,+14150004139,MANAGER,Legal and Risk Branch 2
CK4140,Michelle,Kelly,emp4140@apexglobal.com,+14150004140,EMPLOYEE,Legal and Risk Branch 3
CK4141,Kenneth,Watson,emp4141@apexglobal.com,+14150004141,EMPLOYEE,North America Division Branch 1 Unit 1
CK4142,Carol,Mendoza,emp4142@apexglobal.com,+14150004142,EMPLOYEE,North America Division Branch 1 Unit 2
CK4143,Kevin,Patel,emp4143@apexglobal.com,+14150004143,EMPLOYEE,North America Division Branch 2 Unit 1
CK4144,Amanda,Johnson,emp4144@apexglobal.com,+14150004144,TRAINER,North America Division Branch 2 Unit 2
CK4145,Brian,Rodriguez,emp4145@apexglobal.com,+14150004145,MANAGER,North America Division Branch 3 Unit 1
CK4146,Dorothy,Thomas,emp4146@apexglobal.com,+14150004146,EMPLOYEE,North America Division Branch 3 Unit 2
CK4147,George,Thompson,emp4147@apexglobal.com,+14150004147,EMPLOYEE,North America Division Branch 4 Unit 1
CK4148,Melissa,Robinson,emp4148@apexglobal.com,+14150004148,EMPLOYEE,North America Division Branch 4 Unit 2
CK4149,Timothy,Torres,emp4149@apexglobal.com,+14150004149,EMPLOYEE,EMEA Division Branch 1 Unit 1
CK4150,Deborah,Baker,emp4150@apexglobal.com,+14150004150,TRAINER,EMEA Division Branch 1 Unit 2
CK4151,Ronald,Gomez,emp4151@apexglobal.com,+14150004151,MANAGER,EMEA Division Branch 2 Unit 1
CK4152,Stephanie,Edwards,emp4152@apexglobal.com,+14150004152,EMPLOYEE,EMEA Division Branch 2 Unit 2
CK4153,Edward,Cook,emp4153@apexglobal.com,+14150004153,EMPLOYEE,EMEA Division Branch 3 Unit 1
CK4154,Rebecca,Bailey,emp4154@apexglobal.com,+14150004154,EMPLOYEE,EMEA Division Branch 3 Unit 2
CK4155,Jason,Ward,emp4155@apexglobal.com,+14150004155,EMPLOYEE,EMEA Division Branch 4 Unit 1
CK4156,Sharon,Bennett,emp4156@apexglobal.com,+14150004156,TRAINER,EMEA Division Branch 4 Unit 2
CK4157,Jeffrey,Castillo,emp4157@apexglobal.com,+14150004157,MANAGER,APAC Division Branch 1 Unit 1
CK4158,Laura,Jimenez,emp4158@apexglobal.com,+14150004158,EMPLOYEE,APAC Division Branch 1 Unit 2
CK4159,Ryan,Miller,emp4159@apexglobal.com,+14150004159,EMPLOYEE,APAC Division Branch 2 Unit 1
CK4160,Cynthia,Wilson,emp4160@apexglobal.com,+14150004160,EMPLOYEE,APAC Division Branch 2 Unit 2
CK4161,Jacob,Lee,emp4161@apexglobal.com,+14150004161,EMPLOYEE,APAC Division Branch 3 Unit 1
CK4162,Kathleen,Ramirez,emp4162@apexglobal.com,+14150004162,TRAINER,APAC Division Branch 3 Unit 2
CK4163,Gary,Wright,emp4163@apexglobal.com,+14150004163,MANAGER,APAC Division Branch 4 Unit 1
CK4164,Amy,Adams,emp4164@apexglobal.com,+14150004164,EMPLOYEE,APAC Division Branch 4 Unit 2
CK4165,Nicholas,Carter,emp4165@apexglobal.com,+14150004165,EMPLOYEE,LATAM Division Branch 1 Unit 1
CK4166,Angela,Parker,emp4166@apexglobal.com,+14150004166,EMPLOYEE,LATAM Division Branch 1 Unit 2
CK4167,Eric,Morales,emp4167@apexglobal.com,+14150004167,EMPLOYEE,LATAM Division Branch 2 Unit 1
CK4168,Shirley,Cooper,emp4168@apexglobal.com,+14150004168,TRAINER,LATAM Division Branch 2 Unit 2
CK4169,Jonathan,Kim,emp4169@apexglobal.com,+14150004169,MANAGER,LATAM Division Branch 3 Unit 1
CK4170,Anna,Wood,emp4170@apexglobal.com,+14150004170,EMPLOYEE,LATAM Division Branch 3 Unit 2
CK4171,Stephen,Price,emp4171@apexglobal.com,+14150004171,EMPLOYEE,Global Engineering Branch 1 Unit 1
CK4172,Brenda,Ross,emp4172@apexglobal.com,+14150004172,EMPLOYEE,Global Engineering Branch 1 Unit 2
CK4173,Larry,Jones,emp4173@apexglobal.com,+14150004173,EMPLOYEE,Global Engineering Branch 2 Unit 1
CK4174,Pamela,Lopez,emp4174@apexglobal.com,+14150004174,TRAINER,Global Engineering Branch 2 Unit 2
CK4175,Justin,Jackson,emp4175@apexglobal.com,+14150004175,MANAGER,Global Engineering Branch 3 Unit 1
CK4176,Emma,Sanchez,emp4176@apexglobal.com,+14150004176,EMPLOYEE,Global Engineering Branch 3 Unit 2
CK4177,Scott,Allen,emp4177@apexglobal.com,+14150004177,EMPLOYEE,Product Innovation Branch 1 Unit 1
CK4178,Nicole,Flores,emp4178@apexglobal.com,+14150004178,EMPLOYEE,Product Innovation Branch 1 Unit 2
CK4179,Brandon,Campbell,emp4179@apexglobal.com,+14150004179,EMPLOYEE,Product Innovation Branch 2 Unit 1
CK4180,Helen,Turner,emp4180@apexglobal.com,+14150004180,TRAINER,Product Innovation Branch 2 Unit 2
CK4181,Benjamin,Stewart,emp4181@apexglobal.com,+14150004181,MANAGER,Product Innovation Branch 3 Unit 1
CK4182,Samantha,Ortiz,emp4182@apexglobal.com,+14150004182,EMPLOYEE,Product Innovation Branch 3 Unit 2
CK4183,Samuel,Howard,emp4183@apexglobal.com,+14150004183,EMPLOYEE,Financial Services Branch 1 Unit 1
CK4184,Katherine,Brooks,emp4184@apexglobal.com,+14150004184,EMPLOYEE,Financial Services Branch 1 Unit 2
CK4185,Gregory,Ruiz,emp4185@apexglobal.com,+14150004185,EMPLOYEE,Financial Services Branch 2 Unit 1
CK4186,Christine,Myers,emp4186@apexglobal.com,+14150004186,TRAINER,Financial Services Branch 2 Unit 2
CK4187,Alexander,Williams,emp4187@apexglobal.com,+14150004187,MANAGER,Financial Services Branch 3 Unit 1
CK4188,Debra,Martinez,emp4188@apexglobal.com,+14150004188,EMPLOYEE,Financial Services Branch 3 Unit 2
CK4189,Frank,Taylor,emp4189@apexglobal.com,+14150004189,EMPLOYEE,People and Culture Branch 1 Unit 1
CK4190,Rachel,White,emp4190@apexglobal.com,+14150004190,EMPLOYEE,People and Culture Branch 1 Unit 2
CK4191,Patrick,Walker,emp4191@apexglobal.com,+14150004191,EMPLOYEE,People and Culture Branch 2 Unit 1
CK4192,Carolyn,Nguyen,emp4192@apexglobal.com,+14150004192,TRAINER,People and Culture Branch 2 Unit 2
CK4193,Raymond,Hall,emp4193@apexglobal.com,+14150004193,MANAGER,People and Culture Branch 3 Unit 1
CK4194,Janet,Phillips,emp4194@apexglobal.com,+14150004194,EMPLOYEE,People and Culture Branch 3 Unit 2
CK4195,Jack,Collins,emp4195@apexglobal.com,+14150004195,EMPLOYEE,Legal and Risk Branch 1 Unit 1
CK4196,Maria,Rogers,emp4196@apexglobal.com,+14150004196,EMPLOYEE,Legal and Risk Branch 1 Unit 2
CK4197,Dennis,Reed,emp4197@apexglobal.com,+14150004197,EMPLOYEE,Legal and Risk Branch 2 Unit 1
CK4198,Heather,Richardson,emp4198@apexglobal.com,+14150004198,TRAINER,Legal and Risk Branch 2 Unit 2
CK4199,Jerry,Gray,emp4199@apexglobal.com,+14150004199,MANAGER,Legal and Risk Branch 3 Unit 1
CK4200,Diane,Sanders,emp4200@apexglobal.com,+14150004200,EMPLOYEE,Legal and Risk Branch 3 Unit 2
CK4201,James,Smith,emp4201@apexglobal.com,+14150004201,EMPLOYEE,Apex Global Corporation
CK4202,Mary,Davis,emp4202@apexglobal.com,+14150004202,EMPLOYEE,North America Division
CK4203,Robert,Anderson,emp4203@apexglobal.com,+14150004203,EMPLOYEE,EMEA Division
CK4204,Patricia,Perez,emp4204@apexglobal.com,+14150004204,TRAINER,APAC Division
CK4205,John,Lewis,emp4205@apexglobal.com,+14150004205,MANAGER,LATAM Division
CK4206,Jennifer,Scott,emp4206@apexglobal.com,+14150004206,EMPLOYEE,Global Engineering
CK4207,Michael,Nelson,emp4207@apexglobal.com,+14150004207,EMPLOYEE,Product Innovation
CK4208,Linda,Roberts,emp4208@apexglobal.com,+14150004208,EMPLOYEE,Financial Services
CK4209,David,Cruz,emp4209@apexglobal.com,+14150004209,EMPLOYEE,People and Culture
CK4210,Elizabeth,Murphy,emp4210@apexglobal.com,+14150004210,TRAINER,Legal and Risk
CK4211,William,Peterson,emp4211@apexglobal.com,+14150004211,MANAGER,North America Division Branch 1
CK4212,Barbara,Cox,emp4212@apexglobal.com,+14150004212,EMPLOYEE,North America Division Branch 2
CK4213,Richard,James,emp4213@apexglobal.com,+14150004213,EMPLOYEE,North America Division Branch 3
CK4214,Susan,Alvarez,emp4214@apexglobal.com,+14150004214,EMPLOYEE,North America Division Branch 4
CK4215,Joseph,Foster,emp4215@apexglobal.com,+14150004215,EMPLOYEE,EMEA Division Branch 1
CK4216,Jessica,Garcia,emp4216@apexglobal.com,+14150004216,TRAINER,EMEA Division Branch 2
CK4217,Thomas,Gonzalez,emp4217@apexglobal.com,+14150004217,MANAGER,EMEA Division Branch 3
CK4218,Sarah,Martin,emp4218@apexglobal.com,+14150004218,EMPLOYEE,EMEA Division Branch 4
CK4219,Charles,Clark,emp4219@apexglobal.com,+14150004219,EMPLOYEE,APAC Division Branch 1
CK4220,Karen,King,emp4220@apexglobal.com,+14150004220,EMPLOYEE,APAC Division Branch 2
CK4221,Christopher,Green,emp4221@apexglobal.com,+14150004221,EMPLOYEE,APAC Division Branch 3
CK4222,Lisa,Mitchell,emp4222@apexglobal.com,+14150004222,TRAINER,APAC Division Branch 4
CK4223,Daniel,Diaz,emp4223@apexglobal.com,+14150004223,MANAGER,LATAM Division Branch 1
CK4224,Nancy,Morris,emp4224@apexglobal.com,+14150004224,EMPLOYEE,LATAM Division Branch 2
CK4225,Matthew,Morgan,emp4225@apexglobal.com,+14150004225,EMPLOYEE,LATAM Division Branch 3
CK4226,Betty,Ramos,emp4226@apexglobal.com,+14150004226,EMPLOYEE,Global Engineering Branch 1
CK4227,Anthony,Chavez,emp4227@apexglobal.com,+14150004227,EMPLOYEE,Global Engineering Branch 2
CK4228,Margaret,Hughes,emp4228@apexglobal.com,+14150004228,TRAINER,Global Engineering Branch 3
CK4229,Mark,Long,emp4229@apexglobal.com,+14150004229,MANAGER,Product Innovation Branch 1
CK4230,Sandra,Brown,emp4230@apexglobal.com,+14150004230,EMPLOYEE,Product Innovation Branch 2
CK4231,Donald,Hernandez,emp4231@apexglobal.com,+14150004231,EMPLOYEE,Product Innovation Branch 3
CK4232,Ashley,Moore,emp4232@apexglobal.com,+14150004232,EMPLOYEE,Financial Services Branch 1
CK4233,Steven,Harris,emp4233@apexglobal.com,+14150004233,EMPLOYEE,Financial Services Branch 2
CK4234,Kimberly,Young,emp4234@apexglobal.com,+14150004234,TRAINER,Financial Services Branch 3
CK4235,Paul,Hill,emp4235@apexglobal.com,+14150004235,MANAGER,People and Culture Branch 1
CK4236,Emily,Rivera,emp4236@apexglobal.com,+14150004236,EMPLOYEE,People and Culture Branch 2
CK4237,Andrew,Evans,emp4237@apexglobal.com,+14150004237,EMPLOYEE,People and Culture Branch 3
CK4238,Donna,Reyes,emp4238@apexglobal.com,+14150004238,EMPLOYEE,Legal and Risk Branch 1
CK4239,Joshua,Gutierrez,emp4239@apexglobal.com,+14150004239,EMPLOYEE,Legal and Risk Branch 2
CK4240,Michelle,Kelly,emp4240@apexglobal.com,+14150004240,TRAINER,Legal and Risk Branch 3
CK4241,Kenneth,Watson,emp4241@apexglobal.com,+14150004241,MANAGER,North America Division Branch 1 Unit 1
CK4242,Carol,Mendoza,emp4242@apexglobal.com,+14150004242,EMPLOYEE,North America Division Branch 1 Unit 2
CK4243,Kevin,Patel,emp4243@apexglobal.com,+14150004243,EMPLOYEE,North America Division Branch 2 Unit 1
CK4244,Amanda,Johnson,emp4244@apexglobal.com,+14150004244,EMPLOYEE,North America Division Branch 2 Unit 2
CK4245,Brian,Rodriguez,emp4245@apexglobal.com,+14150004245,EMPLOYEE,North America Division Branch 3 Unit 1
CK4246,Dorothy,Thomas,emp4246@apexglobal.com,+14150004246,TRAINER,North America Division Branch 3 Unit 2
CK4247,George,Thompson,emp4247@apexglobal.com,+14150004247,MANAGER,North America Division Branch 4 Unit 1
CK4248,Melissa,Robinson,emp4248@apexglobal.com,+14150004248,EMPLOYEE,North America Division Branch 4 Unit 2
CK4249,Timothy,Torres,emp4249@apexglobal.com,+14150004249,EMPLOYEE,EMEA Division Branch 1 Unit 1
CK4250,Deborah,Baker,emp4250@apexglobal.com,+14150004250,EMPLOYEE,EMEA Division Branch 1 Unit 2
CK4251,Ronald,Gomez,emp4251@apexglobal.com,+14150004251,EMPLOYEE,EMEA Division Branch 2 Unit 1
CK4252,Stephanie,Edwards,emp4252@apexglobal.com,+14150004252,TRAINER,EMEA Division Branch 2 Unit 2
CK4253,Edward,Cook,emp4253@apexglobal.com,+14150004253,MANAGER,EMEA Division Branch 3 Unit 1
CK4254,Rebecca,Bailey,emp4254@apexglobal.com,+14150004254,EMPLOYEE,EMEA Division Branch 3 Unit 2
CK4255,Jason,Ward,emp4255@apexglobal.com,+14150004255,EMPLOYEE,EMEA Division Branch 4 Unit 1
CK4256,Sharon,Bennett,emp4256@apexglobal.com,+14150004256,EMPLOYEE,EMEA Division Branch 4 Unit 2
CK4257,Jeffrey,Castillo,emp4257@apexglobal.com,+14150004257,EMPLOYEE,APAC Division Branch 1 Unit 1
CK4258,Laura,Jimenez,emp4258@apexglobal.com,+14150004258,TRAINER,APAC Division Branch 1 Unit 2
CK4259,Ryan,Miller,emp4259@apexglobal.com,+14150004259,MANAGER,APAC Division Branch 2 Unit 1
CK4260,Cynthia,Wilson,emp4260@apexglobal.com,+14150004260,EMPLOYEE,APAC Division Branch 2 Unit 2
CK4261,Jacob,Lee,emp4261@apexglobal.com,+14150004261,EMPLOYEE,APAC Division Branch 3 Unit 1
CK4262,Kathleen,Ramirez,emp4262@apexglobal.com,+14150004262,EMPLOYEE,APAC Division Branch 3 Unit 2
CK4263,Gary,Wright,emp4263@apexglobal.com,+14150004263,EMPLOYEE,APAC Division Branch 4 Unit 1
CK4264,Amy,Adams,emp4264@apexglobal.com,+14150004264,TRAINER,APAC Division Branch 4 Unit 2
CK4265,Nicholas,Carter,emp4265@apexglobal.com,+14150004265,MANAGER,LATAM Division Branch 1 Unit 1
CK4266,Angela,Parker,emp4266@apexglobal.com,+14150004266,EMPLOYEE,LATAM Division Branch 1 Unit 2
CK4267,Eric,Morales,emp4267@apexglobal.com,+14150004267,EMPLOYEE,LATAM Division Branch 2 Unit 1
CK4268,Shirley,Cooper,emp4268@apexglobal.com,+14150004268,EMPLOYEE,LATAM Division Branch 2 Unit 2
CK4269,Jonathan,Kim,emp4269@apexglobal.com,+14150004269,EMPLOYEE,LATAM Division Branch 3 Unit 1
CK4270,Anna,Wood,emp4270@apexglobal.com,+14150004270,TRAINER,LATAM Division Branch 3 Unit 2
CK4271,Stephen,Price,emp4271@apexglobal.com,+14150004271,MANAGER,Global Engineering Branch 1 Unit 1
CK4272,Brenda,Ross,emp4272@apexglobal.com,+14150004272,EMPLOYEE,Global Engineering Branch 1 Unit 2
CK4273,Larry,Jones,emp4273@apexglobal.com,+14150004273,EMPLOYEE,Global Engineering Branch 2 Unit 1
CK4274,Pamela,Lopez,emp4274@apexglobal.com,+14150004274,EMPLOYEE,Global Engineering Branch 2 Unit 2
CK4275,Justin,Jackson,emp4275@apexglobal.com,+14150004275,EMPLOYEE,Global Engineering Branch 3 Unit 1
CK4276,Emma,Sanchez,emp4276@apexglobal.com,+14150004276,TRAINER,Global Engineering Branch 3 Unit 2
CK4277,Scott,Allen,emp4277@apexglobal.com,+14150004277,MANAGER,Product Innovation Branch 1 Unit 1
CK4278,Nicole,Flores,emp4278@apexglobal.com,+14150004278,EMPLOYEE,Product Innovation Branch 1 Unit 2
CK4279,Brandon,Campbell,emp4279@apexglobal.com,+14150004279,EMPLOYEE,Product Innovation Branch 2 Unit 1
CK4280,Helen,Turner,emp4280@apexglobal.com,+14150004280,EMPLOYEE,Product Innovation Branch 2 Unit 2
CK4281,Benjamin,Stewart,emp4281@apexglobal.com,+14150004281,EMPLOYEE,Product Innovation Branch 3 Unit 1
CK4282,Samantha,Ortiz,emp4282@apexglobal.com,+14150004282,TRAINER,Product Innovation Branch 3 Unit 2
CK4283,Samuel,Howard,emp4283@apexglobal.com,+14150004283,MANAGER,Financial Services Branch 1 Unit 1
CK4284,Katherine,Brooks,emp4284@apexglobal.com,+14150004284,EMPLOYEE,Financial Services Branch 1 Unit 2
CK4285,Gregory,Ruiz,emp4285@apexglobal.com,+14150004285,EMPLOYEE,Financial Services Branch 2 Unit 1
CK4286,Christine,Myers,emp4286@apexglobal.com,+14150004286,EMPLOYEE,Financial Services Branch 2 Unit 2
CK4287,Alexander,Williams,emp4287@apexglobal.com,+14150004287,EMPLOYEE,Financial Services Branch 3 Unit 1
CK4288,Debra,Martinez,emp4288@apexglobal.com,+14150004288,TRAINER,Financial Services Branch 3 Unit 2
CK4289,Frank,Taylor,emp4289@apexglobal.com,+14150004289,MANAGER,People and Culture Branch 1 Unit 1
CK4290,Rachel,White,emp4290@apexglobal.com,+14150004290,EMPLOYEE,People and Culture Branch 1 Unit 2
CK4291,Patrick,Walker,emp4291@apexglobal.com,+14150004291,EMPLOYEE,People and Culture Branch 2 Unit 1
CK4292,Carolyn,Nguyen,emp4292@apexglobal.com,+14150004292,EMPLOYEE,People and Culture Branch 2 Unit 2
CK4293,Raymond,Hall,emp4293@apexglobal.com,+14150004293,EMPLOYEE,People and Culture Branch 3 Unit 1
CK4294,Janet,Phillips,emp4294@apexglobal.com,+14150004294,TRAINER,People and Culture Branch 3 Unit 2
CK4295,Jack,Collins,emp4295@apexglobal.com,+14150004295,MANAGER,Legal and Risk Branch 1 Unit 1
CK4296,Maria,Rogers,emp4296@apexglobal.com,+14150004296,EMPLOYEE,Legal and Risk Branch 1 Unit 2
CK4297,Dennis,Reed,emp4297@apexglobal.com,+14150004297,EMPLOYEE,Legal and Risk Branch 2 Unit 1
CK4298,Heather,Richardson,emp4298@apexglobal.com,+14150004298,EMPLOYEE,Legal and Risk Branch 2 Unit 2
CK4299,Jerry,Gray,emp4299@apexglobal.com,+14150004299,EMPLOYEE,Legal and Risk Branch 3 Unit 1
CK4300,Diane,Sanders,emp4300@apexglobal.com,+14150004300,TRAINER,Legal and Risk Branch 3 Unit 2
CK4301,James,Smith,emp4301@apexglobal.com,+14150004301,MANAGER,Apex Global Corporation
CK4302,Mary,Davis,emp4302@apexglobal.com,+14150004302,EMPLOYEE,North America Division
CK4303,Robert,Anderson,emp4303@apexglobal.com,+14150004303,EMPLOYEE,EMEA Division
CK4304,Patricia,Perez,emp4304@apexglobal.com,+14150004304,EMPLOYEE,APAC Division
CK4305,John,Lewis,emp4305@apexglobal.com,+14150004305,EMPLOYEE,LATAM Division
CK4306,Jennifer,Scott,emp4306@apexglobal.com,+14150004306,TRAINER,Global Engineering
CK4307,Michael,Nelson,emp4307@apexglobal.com,+14150004307,MANAGER,Product Innovation
CK4308,Linda,Roberts,emp4308@apexglobal.com,+14150004308,EMPLOYEE,Financial Services
CK4309,David,Cruz,emp4309@apexglobal.com,+14150004309,EMPLOYEE,People and Culture
CK4310,Elizabeth,Murphy,emp4310@apexglobal.com,+14150004310,EMPLOYEE,Legal and Risk
CK4311,William,Peterson,emp4311@apexglobal.com,+14150004311,EMPLOYEE,North America Division Branch 1
CK4312,Barbara,Cox,emp4312@apexglobal.com,+14150004312,TRAINER,North America Division Branch 2
CK4313,Richard,James,emp4313@apexglobal.com,+14150004313,MANAGER,North America Division Branch 3
CK4314,Susan,Alvarez,emp4314@apexglobal.com,+14150004314,EMPLOYEE,North America Division Branch 4
CK4315,Joseph,Foster,emp4315@apexglobal.com,+14150004315,EMPLOYEE,EMEA Division Branch 1
CK4316,Jessica,Garcia,emp4316@apexglobal.com,+14150004316,EMPLOYEE,EMEA Division Branch 2
CK4317,Thomas,Gonzalez,emp4317@apexglobal.com,+14150004317,EMPLOYEE,EMEA Division Branch 3
CK4318,Sarah,Martin,emp4318@apexglobal.com,+14150004318,TRAINER,EMEA Division Branch 4
CK4319,Charles,Clark,emp4319@apexglobal.com,+14150004319,MANAGER,APAC Division Branch 1
CK4320,Karen,King,emp4320@apexglobal.com,+14150004320,EMPLOYEE,APAC Division Branch 2
CK4321,Christopher,Green,emp4321@apexglobal.com,+14150004321,EMPLOYEE,APAC Division Branch 3
CK4322,Lisa,Mitchell,emp4322@apexglobal.com,+14150004322,EMPLOYEE,APAC Division Branch 4
CK4323,Daniel,Diaz,emp4323@apexglobal.com,+14150004323,EMPLOYEE,LATAM Division Branch 1
CK4324,Nancy,Morris,emp4324@apexglobal.com,+14150004324,TRAINER,LATAM Division Branch 2
CK4325,Matthew,Morgan,emp4325@apexglobal.com,+14150004325,MANAGER,LATAM Division Branch 3
CK4326,Betty,Ramos,emp4326@apexglobal.com,+14150004326,EMPLOYEE,Global Engineering Branch 1
CK4327,Anthony,Chavez,emp4327@apexglobal.com,+14150004327,EMPLOYEE,Global Engineering Branch 2
CK4328,Margaret,Hughes,emp4328@apexglobal.com,+14150004328,EMPLOYEE,Global Engineering Branch 3
CK4329,Mark,Long,emp4329@apexglobal.com,+14150004329,EMPLOYEE,Product Innovation Branch 1
CK4330,Sandra,Brown,emp4330@apexglobal.com,+14150004330,TRAINER,Product Innovation Branch 2
CK4331,Donald,Hernandez,emp4331@apexglobal.com,+14150004331,MANAGER,Product Innovation Branch 3
CK4332,Ashley,Moore,emp4332@apexglobal.com,+14150004332,EMPLOYEE,Financial Services Branch 1
CK4333,Steven,Harris,emp4333@apexglobal.com,+14150004333,EMPLOYEE,Financial Services Branch 2
CK4334,Kimberly,Young,emp4334@apexglobal.com,+14150004334,EMPLOYEE,Financial Services Branch 3
CK4335,Paul,Hill,emp4335@apexglobal.com,+14150004335,EMPLOYEE,People and Culture Branch 1
CK4336,Emily,Rivera,emp4336@apexglobal.com,+14150004336,TRAINER,People and Culture Branch 2
CK4337,Andrew,Evans,emp4337@apexglobal.com,+14150004337,MANAGER,People and Culture Branch 3
CK4338,Donna,Reyes,emp4338@apexglobal.com,+14150004338,EMPLOYEE,Legal and Risk Branch 1
CK4339,Joshua,Gutierrez,emp4339@apexglobal.com,+14150004339,EMPLOYEE,Legal and Risk Branch 2
CK4340,Michelle,Kelly,emp4340@apexglobal.com,+14150004340,EMPLOYEE,Legal and Risk Branch 3
CK4341,Kenneth,Watson,emp4341@apexglobal.com,+14150004341,EMPLOYEE,North America Division Branch 1 Unit 1
CK4342,Carol,Mendoza,emp4342@apexglobal.com,+14150004342,TRAINER,North America Division Branch 1 Unit 2
CK4343,Kevin,Patel,emp4343@apexglobal.com,+14150004343,MANAGER,North America Division Branch 2 Unit 1
CK4344,Amanda,Johnson,emp4344@apexglobal.com,+14150004344,EMPLOYEE,North America Division Branch 2 Unit 2
CK4345,Brian,Rodriguez,emp4345@apexglobal.com,+14150004345,EMPLOYEE,North America Division Branch 3 Unit 1
CK4346,Dorothy,Thomas,emp4346@apexglobal.com,+14150004346,EMPLOYEE,North America Division Branch 3 Unit 2
CK4347,George,Thompson,emp4347@apexglobal.com,+14150004347,EMPLOYEE,North America Division Branch 4 Unit 1
CK4348,Melissa,Robinson,emp4348@apexglobal.com,+14150004348,TRAINER,North America Division Branch 4 Unit 2
CK4349,Timothy,Torres,emp4349@apexglobal.com,+14150004349,MANAGER,EMEA Division Branch 1 Unit 1
CK4350,Deborah,Baker,emp4350@apexglobal.com,+14150004350,EMPLOYEE,EMEA Division Branch 1 Unit 2
CK4351,Ronald,Gomez,emp4351@apexglobal.com,+14150004351,EMPLOYEE,EMEA Division Branch 2 Unit 1
CK4352,Stephanie,Edwards,emp4352@apexglobal.com,+14150004352,EMPLOYEE,EMEA Division Branch 2 Unit 2
CK4353,Edward,Cook,emp4353@apexglobal.com,+14150004353,EMPLOYEE,EMEA Division Branch 3 Unit 1
CK4354,Rebecca,Bailey,emp4354@apexglobal.com,+14150004354,TRAINER,EMEA Division Branch 3 Unit 2
CK4355,Jason,Ward,emp4355@apexglobal.com,+14150004355,MANAGER,EMEA Division Branch 4 Unit 1
CK4356,Sharon,Bennett,emp4356@apexglobal.com,+14150004356,EMPLOYEE,EMEA Division Branch 4 Unit 2
CK4357,Jeffrey,Castillo,emp4357@apexglobal.com,+14150004357,EMPLOYEE,APAC Division Branch 1 Unit 1
CK4358,Laura,Jimenez,emp4358@apexglobal.com,+14150004358,EMPLOYEE,APAC Division Branch 1 Unit 2
CK4359,Ryan,Miller,emp4359@apexglobal.com,+14150004359,EMPLOYEE,APAC Division Branch 2 Unit 1
CK4360,Cynthia,Wilson,emp4360@apexglobal.com,+14150004360,TRAINER,APAC Division Branch 2 Unit 2
CK4361,Jacob,Lee,emp4361@apexglobal.com,+14150004361,MANAGER,APAC Division Branch 3 Unit 1
CK4362,Kathleen,Ramirez,emp4362@apexglobal.com,+14150004362,EMPLOYEE,APAC Division Branch 3 Unit 2
CK4363,Gary,Wright,emp4363@apexglobal.com,+14150004363,EMPLOYEE,APAC Division Branch 4 Unit 1
CK4364,Amy,Adams,emp4364@apexglobal.com,+14150004364,EMPLOYEE,APAC Division Branch 4 Unit 2
CK4365,Nicholas,Carter,emp4365@apexglobal.com,+14150004365,EMPLOYEE,LATAM Division Branch 1 Unit 1
CK4366,Angela,Parker,emp4366@apexglobal.com,+14150004366,TRAINER,LATAM Division Branch 1 Unit 2
CK4367,Eric,Morales,emp4367@apexglobal.com,+14150004367,MANAGER,LATAM Division Branch 2 Unit 1
CK4368,Shirley,Cooper,emp4368@apexglobal.com,+14150004368,EMPLOYEE,LATAM Division Branch 2 Unit 2
CK4369,Jonathan,Kim,emp4369@apexglobal.com,+14150004369,EMPLOYEE,LATAM Division Branch 3 Unit 1
CK4370,Anna,Wood,emp4370@apexglobal.com,+14150004370,EMPLOYEE,LATAM Division Branch 3 Unit 2
CK4371,Stephen,Price,emp4371@apexglobal.com,+14150004371,EMPLOYEE,Global Engineering Branch 1 Unit 1
CK4372,Brenda,Ross,emp4372@apexglobal.com,+14150004372,TRAINER,Global Engineering Branch 1 Unit 2
CK4373,Larry,Jones,emp4373@apexglobal.com,+14150004373,MANAGER,Global Engineering Branch 2 Unit 1
CK4374,Pamela,Lopez,emp4374@apexglobal.com,+14150004374,EMPLOYEE,Global Engineering Branch 2 Unit 2
CK4375,Justin,Jackson,emp4375@apexglobal.com,+14150004375,EMPLOYEE,Global Engineering Branch 3 Unit 1
CK4376,Emma,Sanchez,emp4376@apexglobal.com,+14150004376,EMPLOYEE,Global Engineering Branch 3 Unit 2
CK4377,Scott,Allen,emp4377@apexglobal.com,+14150004377,EMPLOYEE,Product Innovation Branch 1 Unit 1
CK4378,Nicole,Flores,emp4378@apexglobal.com,+14150004378,TRAINER,Product Innovation Branch 1 Unit 2
CK4379,Brandon,Campbell,emp4379@apexglobal.com,+14150004379,MANAGER,Product Innovation Branch 2 Unit 1
CK4380,Helen,Turner,emp4380@apexglobal.com,+14150004380,EMPLOYEE,Product Innovation Branch 2 Unit 2
CK4381,Benjamin,Stewart,emp4381@apexglobal.com,+14150004381,EMPLOYEE,Product Innovation Branch 3 Unit 1
CK4382,Samantha,Ortiz,emp4382@apexglobal.com,+14150004382,EMPLOYEE,Product Innovation Branch 3 Unit 2
CK4383,Samuel,Howard,emp4383@apexglobal.com,+14150004383,EMPLOYEE,Financial Services Branch 1 Unit 1
CK4384,Katherine,Brooks,emp4384@apexglobal.com,+14150004384,TRAINER,Financial Services Branch 1 Unit 2
CK4385,Gregory,Ruiz,emp4385@apexglobal.com,+14150004385,MANAGER,Financial Services Branch 2 Unit 1
CK4386,Christine,Myers,emp4386@apexglobal.com,+14150004386,EMPLOYEE,Financial Services Branch 2 Unit 2
CK4387,Alexander,Williams,emp4387@apexglobal.com,+14150004387,EMPLOYEE,Financial Services Branch 3 Unit 1
CK4388,Debra,Martinez,emp4388@apexglobal.com,+14150004388,EMPLOYEE,Financial Services Branch 3 Unit 2
CK4389,Frank,Taylor,emp4389@apexglobal.com,+14150004389,EMPLOYEE,People and Culture Branch 1 Unit 1
CK4390,Rachel,White,emp4390@apexglobal.com,+14150004390,TRAINER,People and Culture Branch 1 Unit 2
CK4391,Patrick,Walker,emp4391@apexglobal.com,+14150004391,MANAGER,People and Culture Branch 2 Unit 1
CK4392,Carolyn,Nguyen,emp4392@apexglobal.com,+14150004392,EMPLOYEE,People and Culture Branch 2 Unit 2
CK4393,Raymond,Hall,emp4393@apexglobal.com,+14150004393,EMPLOYEE,People and Culture Branch 3 Unit 1
CK4394,Janet,Phillips,emp4394@apexglobal.com,+14150004394,EMPLOYEE,People and Culture Branch 3 Unit 2
CK4395,Jack,Collins,emp4395@apexglobal.com,+14150004395,EMPLOYEE,Legal and Risk Branch 1 Unit 1
CK4396,Maria,Rogers,emp4396@apexglobal.com,+14150004396,TRAINER,Legal and Risk Branch 1 Unit 2
CK4397,Dennis,Reed,emp4397@apexglobal.com,+14150004397,MANAGER,Legal and Risk Branch 2 Unit 1
CK4398,Heather,Richardson,emp4398@apexglobal.com,+14150004398,EMPLOYEE,Legal and Risk Branch 2 Unit 2
CK4399,Jerry,Gray,emp4399@apexglobal.com,+14150004399,EMPLOYEE,Legal and Risk Branch 3 Unit 1
CK4400,Diane,Sanders,emp4400@apexglobal.com,+14150004400,EMPLOYEE,Legal and Risk Branch 3 Unit 2
CK4401,James,Smith,emp4401@apexglobal.com,+14150004401,EMPLOYEE,Apex Global Corporation
CK4402,Mary,Davis,emp4402@apexglobal.com,+14150004402,TRAINER,North America Division
CK4403,Robert,Anderson,emp4403@apexglobal.com,+14150004403,MANAGER,EMEA Division
CK4404,Patricia,Perez,emp4404@apexglobal.com,+14150004404,EMPLOYEE,APAC Division
CK4405,John,Lewis,emp4405@apexglobal.com,+14150004405,EMPLOYEE,LATAM Division
CK4406,Jennifer,Scott,emp4406@apexglobal.com,+14150004406,EMPLOYEE,Global Engineering
CK4407,Michael,Nelson,emp4407@apexglobal.com,+14150004407,EMPLOYEE,Product Innovation
CK4408,Linda,Roberts,emp4408@apexglobal.com,+14150004408,TRAINER,Financial Services
CK4409,David,Cruz,emp4409@apexglobal.com,+14150004409,MANAGER,People and Culture
CK4410,Elizabeth,Murphy,emp4410@apexglobal.com,+14150004410,EMPLOYEE,Legal and Risk
CK4411,William,Peterson,emp4411@apexglobal.com,+14150004411,EMPLOYEE,North America Division Branch 1
CK4412,Barbara,Cox,emp4412@apexglobal.com,+14150004412,EMPLOYEE,North America Division Branch 2
CK4413,Richard,James,emp4413@apexglobal.com,+14150004413,EMPLOYEE,North America Division Branch 3
CK4414,Susan,Alvarez,emp4414@apexglobal.com,+14150004414,TRAINER,North America Division Branch 4
CK4415,Joseph,Foster,emp4415@apexglobal.com,+14150004415,MANAGER,EMEA Division Branch 1
CK4416,Jessica,Garcia,emp4416@apexglobal.com,+14150004416,EMPLOYEE,EMEA Division Branch 2
CK4417,Thomas,Gonzalez,emp4417@apexglobal.com,+14150004417,EMPLOYEE,EMEA Division Branch 3
CK4418,Sarah,Martin,emp4418@apexglobal.com,+14150004418,EMPLOYEE,EMEA Division Branch 4
CK4419,Charles,Clark,emp4419@apexglobal.com,+14150004419,EMPLOYEE,APAC Division Branch 1
CK4420,Karen,King,emp4420@apexglobal.com,+14150004420,TRAINER,APAC Division Branch 2
CK4421,Christopher,Green,emp4421@apexglobal.com,+14150004421,MANAGER,APAC Division Branch 3
CK4422,Lisa,Mitchell,emp4422@apexglobal.com,+14150004422,EMPLOYEE,APAC Division Branch 4
CK4423,Daniel,Diaz,emp4423@apexglobal.com,+14150004423,EMPLOYEE,LATAM Division Branch 1
CK4424,Nancy,Morris,emp4424@apexglobal.com,+14150004424,EMPLOYEE,LATAM Division Branch 2
CK4425,Matthew,Morgan,emp4425@apexglobal.com,+14150004425,EMPLOYEE,LATAM Division Branch 3
CK4426,Betty,Ramos,emp4426@apexglobal.com,+14150004426,TRAINER,Global Engineering Branch 1
CK4427,Anthony,Chavez,emp4427@apexglobal.com,+14150004427,MANAGER,Global Engineering Branch 2
CK4428,Margaret,Hughes,emp4428@apexglobal.com,+14150004428,EMPLOYEE,Global Engineering Branch 3
CK4429,Mark,Long,emp4429@apexglobal.com,+14150004429,EMPLOYEE,Product Innovation Branch 1
CK4430,Sandra,Brown,emp4430@apexglobal.com,+14150004430,EMPLOYEE,Product Innovation Branch 2
CK4431,Donald,Hernandez,emp4431@apexglobal.com,+14150004431,EMPLOYEE,Product Innovation Branch 3
CK4432,Ashley,Moore,emp4432@apexglobal.com,+14150004432,TRAINER,Financial Services Branch 1
CK4433,Steven,Harris,emp4433@apexglobal.com,+14150004433,MANAGER,Financial Services Branch 2
CK4434,Kimberly,Young,emp4434@apexglobal.com,+14150004434,EMPLOYEE,Financial Services Branch 3
CK4435,Paul,Hill,emp4435@apexglobal.com,+14150004435,EMPLOYEE,People and Culture Branch 1
CK4436,Emily,Rivera,emp4436@apexglobal.com,+14150004436,EMPLOYEE,People and Culture Branch 2
CK4437,Andrew,Evans,emp4437@apexglobal.com,+14150004437,EMPLOYEE,People and Culture Branch 3
CK4438,Donna,Reyes,emp4438@apexglobal.com,+14150004438,TRAINER,Legal and Risk Branch 1
CK4439,Joshua,Gutierrez,emp4439@apexglobal.com,+14150004439,MANAGER,Legal and Risk Branch 2
CK4440,Michelle,Kelly,emp4440@apexglobal.com,+14150004440,EMPLOYEE,Legal and Risk Branch 3
CK4441,Kenneth,Watson,emp4441@apexglobal.com,+14150004441,EMPLOYEE,North America Division Branch 1 Unit 1
CK4442,Carol,Mendoza,emp4442@apexglobal.com,+14150004442,EMPLOYEE,North America Division Branch 1 Unit 2
CK4443,Kevin,Patel,emp4443@apexglobal.com,+14150004443,EMPLOYEE,North America Division Branch 2 Unit 1
CK4444,Amanda,Johnson,emp4444@apexglobal.com,+14150004444,TRAINER,North America Division Branch 2 Unit 2
CK4445,Brian,Rodriguez,emp4445@apexglobal.com,+14150004445,MANAGER,North America Division Branch 3 Unit 1
CK4446,Dorothy,Thomas,emp4446@apexglobal.com,+14150004446,EMPLOYEE,North America Division Branch 3 Unit 2
CK4447,George,Thompson,emp4447@apexglobal.com,+14150004447,EMPLOYEE,North America Division Branch 4 Unit 1
CK4448,Melissa,Robinson,emp4448@apexglobal.com,+14150004448,EMPLOYEE,North America Division Branch 4 Unit 2
CK4449,Timothy,Torres,emp4449@apexglobal.com,+14150004449,EMPLOYEE,EMEA Division Branch 1 Unit 1
CK4450,Deborah,Baker,emp4450@apexglobal.com,+14150004450,TRAINER,EMEA Division Branch 1 Unit 2
CK4451,Ronald,Gomez,emp4451@apexglobal.com,+14150004451,MANAGER,EMEA Division Branch 2 Unit 1
CK4452,Stephanie,Edwards,emp4452@apexglobal.com,+14150004452,EMPLOYEE,EMEA Division Branch 2 Unit 2
CK4453,Edward,Cook,emp4453@apexglobal.com,+14150004453,EMPLOYEE,EMEA Division Branch 3 Unit 1
CK4454,Rebecca,Bailey,emp4454@apexglobal.com,+14150004454,EMPLOYEE,EMEA Division Branch 3 Unit 2
CK4455,Jason,Ward,emp4455@apexglobal.com,+14150004455,EMPLOYEE,EMEA Division Branch 4 Unit 1
CK4456,Sharon,Bennett,emp4456@apexglobal.com,+14150004456,TRAINER,EMEA Division Branch 4 Unit 2
CK4457,Jeffrey,Castillo,emp4457@apexglobal.com,+14150004457,MANAGER,APAC Division Branch 1 Unit 1
CK4458,Laura,Jimenez,emp4458@apexglobal.com,+14150004458,EMPLOYEE,APAC Division Branch 1 Unit 2
CK4459,Ryan,Miller,emp4459@apexglobal.com,+14150004459,EMPLOYEE,APAC Division Branch 2 Unit 1
CK4460,Cynthia,Wilson,emp4460@apexglobal.com,+14150004460,EMPLOYEE,APAC Division Branch 2 Unit 2
CK4461,Jacob,Lee,emp4461@apexglobal.com,+14150004461,EMPLOYEE,APAC Division Branch 3 Unit 1
CK4462,Kathleen,Ramirez,emp4462@apexglobal.com,+14150004462,TRAINER,APAC Division Branch 3 Unit 2
CK4463,Gary,Wright,emp4463@apexglobal.com,+14150004463,MANAGER,APAC Division Branch 4 Unit 1
CK4464,Amy,Adams,emp4464@apexglobal.com,+14150004464,EMPLOYEE,APAC Division Branch 4 Unit 2
CK4465,Nicholas,Carter,emp4465@apexglobal.com,+14150004465,EMPLOYEE,LATAM Division Branch 1 Unit 1
CK4466,Angela,Parker,emp4466@apexglobal.com,+14150004466,EMPLOYEE,LATAM Division Branch 1 Unit 2
CK4467,Eric,Morales,emp4467@apexglobal.com,+14150004467,EMPLOYEE,LATAM Division Branch 2 Unit 1
CK4468,Shirley,Cooper,emp4468@apexglobal.com,+14150004468,TRAINER,LATAM Division Branch 2 Unit 2
CK4469,Jonathan,Kim,emp4469@apexglobal.com,+14150004469,MANAGER,LATAM Division Branch 3 Unit 1
CK4470,Anna,Wood,emp4470@apexglobal.com,+14150004470,EMPLOYEE,LATAM Division Branch 3 Unit 2
CK4471,Stephen,Price,emp4471@apexglobal.com,+14150004471,EMPLOYEE,Global Engineering Branch 1 Unit 1
CK4472,Brenda,Ross,emp4472@apexglobal.com,+14150004472,EMPLOYEE,Global Engineering Branch 1 Unit 2
CK4473,Larry,Jones,emp4473@apexglobal.com,+14150004473,EMPLOYEE,Global Engineering Branch 2 Unit 1
CK4474,Pamela,Lopez,emp4474@apexglobal.com,+14150004474,TRAINER,Global Engineering Branch 2 Unit 2
CK4475,Justin,Jackson,emp4475@apexglobal.com,+14150004475,MANAGER,Global Engineering Branch 3 Unit 1
CK4476,Emma,Sanchez,emp4476@apexglobal.com,+14150004476,EMPLOYEE,Global Engineering Branch 3 Unit 2
CK4477,Scott,Allen,emp4477@apexglobal.com,+14150004477,EMPLOYEE,Product Innovation Branch 1 Unit 1
CK4478,Nicole,Flores,emp4478@apexglobal.com,+14150004478,EMPLOYEE,Product Innovation Branch 1 Unit 2
CK4479,Brandon,Campbell,emp4479@apexglobal.com,+14150004479,EMPLOYEE,Product Innovation Branch 2 Unit 1
CK4480,Helen,Turner,emp4480@apexglobal.com,+14150004480,TRAINER,Product Innovation Branch 2 Unit 2
CK4481,Benjamin,Stewart,emp4481@apexglobal.com,+14150004481,MANAGER,Product Innovation Branch 3 Unit 1
CK4482,Samantha,Ortiz,emp4482@apexglobal.com,+14150004482,EMPLOYEE,Product Innovation Branch 3 Unit 2
CK4483,Samuel,Howard,emp4483@apexglobal.com,+14150004483,EMPLOYEE,Financial Services Branch 1 Unit 1
CK4484,Katherine,Brooks,emp4484@apexglobal.com,+14150004484,EMPLOYEE,Financial Services Branch 1 Unit 2
CK4485,Gregory,Ruiz,emp4485@apexglobal.com,+14150004485,EMPLOYEE,Financial Services Branch 2 Unit 1
CK4486,Christine,Myers,emp4486@apexglobal.com,+14150004486,TRAINER,Financial Services Branch 2 Unit 2
CK4487,Alexander,Williams,emp4487@apexglobal.com,+14150004487,MANAGER,Financial Services Branch 3 Unit 1
CK4488,Debra,Martinez,emp4488@apexglobal.com,+14150004488,EMPLOYEE,Financial Services Branch 3 Unit 2
CK4489,Frank,Taylor,emp4489@apexglobal.com,+14150004489,EMPLOYEE,People and Culture Branch 1 Unit 1
CK4490,Rachel,White,emp4490@apexglobal.com,+14150004490,EMPLOYEE,People and Culture Branch 1 Unit 2
CK4491,Patrick,Walker,emp4491@apexglobal.com,+14150004491,EMPLOYEE,People and Culture Branch 2 Unit 1
CK4492,Carolyn,Nguyen,emp4492@apexglobal.com,+14150004492,TRAINER,People and Culture Branch 2 Unit 2
CK4493,Raymond,Hall,emp4493@apexglobal.com,+14150004493,MANAGER,People and Culture Branch 3 Unit 1
CK4494,Janet,Phillips,emp4494@apexglobal.com,+14150004494,EMPLOYEE,People and Culture Branch 3 Unit 2
CK4495,Jack,Collins,emp4495@apexglobal.com,+14150004495,EMPLOYEE,Legal and Risk Branch 1 Unit 1
CK4496,Maria,Rogers,emp4496@apexglobal.com,+14150004496,EMPLOYEE,Legal and Risk Branch 1 Unit 2
CK4497,Dennis,Reed,emp4497@apexglobal.com,+14150004497,EMPLOYEE,Legal and Risk Branch 2 Unit 1
CK4498,Heather,Richardson,emp4498@apexglobal.com,+14150004498,TRAINER,Legal and Risk Branch 2 Unit 2
CK4499,Jerry,Gray,emp4499@apexglobal.com,+14150004499,MANAGER,Legal and Risk Branch 3 Unit 1
CK4500,Diane,Sanders,emp4500@apexglobal.com,+14150004500,EMPLOYEE,Legal and Risk Branch 3 Unit 2
CK4501,James,Smith,emp4501@apexglobal.com,+14150004501,EMPLOYEE,Apex Global Corporation
CK4502,Mary,Davis,emp4502@apexglobal.com,+14150004502,EMPLOYEE,North America Division
CK4503,Robert,Anderson,emp4503@apexglobal.com,+14150004503,EMPLOYEE,EMEA Division
CK4504,Patricia,Perez,emp4504@apexglobal.com,+14150004504,TRAINER,APAC Division
CK4505,John,Lewis,emp4505@apexglobal.com,+14150004505,MANAGER,LATAM Division
CK4506,Jennifer,Scott,emp4506@apexglobal.com,+14150004506,EMPLOYEE,Global Engineering
CK4507,Michael,Nelson,emp4507@apexglobal.com,+14150004507,EMPLOYEE,Product Innovation
CK4508,Linda,Roberts,emp4508@apexglobal.com,+14150004508,EMPLOYEE,Financial Services
CK4509,David,Cruz,emp4509@apexglobal.com,+14150004509,EMPLOYEE,People and Culture
CK4510,Elizabeth,Murphy,emp4510@apexglobal.com,+14150004510,TRAINER,Legal and Risk
CK4511,William,Peterson,emp4511@apexglobal.com,+14150004511,MANAGER,North America Division Branch 1
CK4512,Barbara,Cox,emp4512@apexglobal.com,+14150004512,EMPLOYEE,North America Division Branch 2
CK4513,Richard,James,emp4513@apexglobal.com,+14150004513,EMPLOYEE,North America Division Branch 3
CK4514,Susan,Alvarez,emp4514@apexglobal.com,+14150004514,EMPLOYEE,North America Division Branch 4
CK4515,Joseph,Foster,emp4515@apexglobal.com,+14150004515,EMPLOYEE,EMEA Division Branch 1
CK4516,Jessica,Garcia,emp4516@apexglobal.com,+14150004516,TRAINER,EMEA Division Branch 2
CK4517,Thomas,Gonzalez,emp4517@apexglobal.com,+14150004517,MANAGER,EMEA Division Branch 3
CK4518,Sarah,Martin,emp4518@apexglobal.com,+14150004518,EMPLOYEE,EMEA Division Branch 4
CK4519,Charles,Clark,emp4519@apexglobal.com,+14150004519,EMPLOYEE,APAC Division Branch 1
CK4520,Karen,King,emp4520@apexglobal.com,+14150004520,EMPLOYEE,APAC Division Branch 2
CK4521,Christopher,Green,emp4521@apexglobal.com,+14150004521,EMPLOYEE,APAC Division Branch 3
CK4522,Lisa,Mitchell,emp4522@apexglobal.com,+14150004522,TRAINER,APAC Division Branch 4
CK4523,Daniel,Diaz,emp4523@apexglobal.com,+14150004523,MANAGER,LATAM Division Branch 1
CK4524,Nancy,Morris,emp4524@apexglobal.com,+14150004524,EMPLOYEE,LATAM Division Branch 2
CK4525,Matthew,Morgan,emp4525@apexglobal.com,+14150004525,EMPLOYEE,LATAM Division Branch 3
CK4526,Betty,Ramos,emp4526@apexglobal.com,+14150004526,EMPLOYEE,Global Engineering Branch 1
CK4527,Anthony,Chavez,emp4527@apexglobal.com,+14150004527,EMPLOYEE,Global Engineering Branch 2
CK4528,Margaret,Hughes,emp4528@apexglobal.com,+14150004528,TRAINER,Global Engineering Branch 3
CK4529,Mark,Long,emp4529@apexglobal.com,+14150004529,MANAGER,Product Innovation Branch 1
CK4530,Sandra,Brown,emp4530@apexglobal.com,+14150004530,EMPLOYEE,Product Innovation Branch 2
CK4531,Donald,Hernandez,emp4531@apexglobal.com,+14150004531,EMPLOYEE,Product Innovation Branch 3
CK4532,Ashley,Moore,emp4532@apexglobal.com,+14150004532,EMPLOYEE,Financial Services Branch 1
CK4533,Steven,Harris,emp4533@apexglobal.com,+14150004533,EMPLOYEE,Financial Services Branch 2
CK4534,Kimberly,Young,emp4534@apexglobal.com,+14150004534,TRAINER,Financial Services Branch 3
CK4535,Paul,Hill,emp4535@apexglobal.com,+14150004535,MANAGER,People and Culture Branch 1
CK4536,Emily,Rivera,emp4536@apexglobal.com,+14150004536,EMPLOYEE,People and Culture Branch 2
CK4537,Andrew,Evans,emp4537@apexglobal.com,+14150004537,EMPLOYEE,People and Culture Branch 3
CK4538,Donna,Reyes,emp4538@apexglobal.com,+14150004538,EMPLOYEE,Legal and Risk Branch 1
CK4539,Joshua,Gutierrez,emp4539@apexglobal.com,+14150004539,EMPLOYEE,Legal and Risk Branch 2
CK4540,Michelle,Kelly,emp4540@apexglobal.com,+14150004540,TRAINER,Legal and Risk Branch 3
CK4541,Kenneth,Watson,emp4541@apexglobal.com,+14150004541,MANAGER,North America Division Branch 1 Unit 1
CK4542,Carol,Mendoza,emp4542@apexglobal.com,+14150004542,EMPLOYEE,North America Division Branch 1 Unit 2
CK4543,Kevin,Patel,emp4543@apexglobal.com,+14150004543,EMPLOYEE,North America Division Branch 2 Unit 1
CK4544,Amanda,Johnson,emp4544@apexglobal.com,+14150004544,EMPLOYEE,North America Division Branch 2 Unit 2
CK4545,Brian,Rodriguez,emp4545@apexglobal.com,+14150004545,EMPLOYEE,North America Division Branch 3 Unit 1
CK4546,Dorothy,Thomas,emp4546@apexglobal.com,+14150004546,TRAINER,North America Division Branch 3 Unit 2
CK4547,George,Thompson,emp4547@apexglobal.com,+14150004547,MANAGER,North America Division Branch 4 Unit 1
CK4548,Melissa,Robinson,emp4548@apexglobal.com,+14150004548,EMPLOYEE,North America Division Branch 4 Unit 2
CK4549,Timothy,Torres,emp4549@apexglobal.com,+14150004549,EMPLOYEE,EMEA Division Branch 1 Unit 1
CK4550,Deborah,Baker,emp4550@apexglobal.com,+14150004550,EMPLOYEE,EMEA Division Branch 1 Unit 2
CK4551,Ronald,Gomez,emp4551@apexglobal.com,+14150004551,EMPLOYEE,EMEA Division Branch 2 Unit 1
CK4552,Stephanie,Edwards,emp4552@apexglobal.com,+14150004552,TRAINER,EMEA Division Branch 2 Unit 2
CK4553,Edward,Cook,emp4553@apexglobal.com,+14150004553,MANAGER,EMEA Division Branch 3 Unit 1
CK4554,Rebecca,Bailey,emp4554@apexglobal.com,+14150004554,EMPLOYEE,EMEA Division Branch 3 Unit 2
CK4555,Jason,Ward,emp4555@apexglobal.com,+14150004555,EMPLOYEE,EMEA Division Branch 4 Unit 1
CK4556,Sharon,Bennett,emp4556@apexglobal.com,+14150004556,EMPLOYEE,EMEA Division Branch 4 Unit 2
CK4557,Jeffrey,Castillo,emp4557@apexglobal.com,+14150004557,EMPLOYEE,APAC Division Branch 1 Unit 1
CK4558,Laura,Jimenez,emp4558@apexglobal.com,+14150004558,TRAINER,APAC Division Branch 1 Unit 2
CK4559,Ryan,Miller,emp4559@apexglobal.com,+14150004559,MANAGER,APAC Division Branch 2 Unit 1
CK4560,Cynthia,Wilson,emp4560@apexglobal.com,+14150004560,EMPLOYEE,APAC Division Branch 2 Unit 2
CK4561,Jacob,Lee,emp4561@apexglobal.com,+14150004561,EMPLOYEE,APAC Division Branch 3 Unit 1
CK4562,Kathleen,Ramirez,emp4562@apexglobal.com,+14150004562,EMPLOYEE,APAC Division Branch 3 Unit 2
CK4563,Gary,Wright,emp4563@apexglobal.com,+14150004563,EMPLOYEE,APAC Division Branch 4 Unit 1
CK4564,Amy,Adams,emp4564@apexglobal.com,+14150004564,TRAINER,APAC Division Branch 4 Unit 2
CK4565,Nicholas,Carter,emp4565@apexglobal.com,+14150004565,MANAGER,LATAM Division Branch 1 Unit 1
CK4566,Angela,Parker,emp4566@apexglobal.com,+14150004566,EMPLOYEE,LATAM Division Branch 1 Unit 2
CK4567,Eric,Morales,emp4567@apexglobal.com,+14150004567,EMPLOYEE,LATAM Division Branch 2 Unit 1
CK4568,Shirley,Cooper,emp4568@apexglobal.com,+14150004568,EMPLOYEE,LATAM Division Branch 2 Unit 2
CK4569,Jonathan,Kim,emp4569@apexglobal.com,+14150004569,EMPLOYEE,LATAM Division Branch 3 Unit 1
CK4570,Anna,Wood,emp4570@apexglobal.com,+14150004570,TRAINER,LATAM Division Branch 3 Unit 2
CK4571,Stephen,Price,emp4571@apexglobal.com,+14150004571,MANAGER,Global Engineering Branch 1 Unit 1
CK4572,Brenda,Ross,emp4572@apexglobal.com,+14150004572,EMPLOYEE,Global Engineering Branch 1 Unit 2
CK4573,Larry,Jones,emp4573@apexglobal.com,+14150004573,EMPLOYEE,Global Engineering Branch 2 Unit 1
CK4574,Pamela,Lopez,emp4574@apexglobal.com,+14150004574,EMPLOYEE,Global Engineering Branch 2 Unit 2
CK4575,Justin,Jackson,emp4575@apexglobal.com,+14150004575,EMPLOYEE,Global Engineering Branch 3 Unit 1
CK4576,Emma,Sanchez,emp4576@apexglobal.com,+14150004576,TRAINER,Global Engineering Branch 3 Unit 2
CK4577,Scott,Allen,emp4577@apexglobal.com,+14150004577,MANAGER,Product Innovation Branch 1 Unit 1
CK4578,Nicole,Flores,emp4578@apexglobal.com,+14150004578,EMPLOYEE,Product Innovation Branch 1 Unit 2
CK4579,Brandon,Campbell,emp4579@apexglobal.com,+14150004579,EMPLOYEE,Product Innovation Branch 2 Unit 1
CK4580,Helen,Turner,emp4580@apexglobal.com,+14150004580,EMPLOYEE,Product Innovation Branch 2 Unit 2
CK4581,Benjamin,Stewart,emp4581@apexglobal.com,+14150004581,EMPLOYEE,Product Innovation Branch 3 Unit 1
CK4582,Samantha,Ortiz,emp4582@apexglobal.com,+14150004582,TRAINER,Product Innovation Branch 3 Unit 2
CK4583,Samuel,Howard,emp4583@apexglobal.com,+14150004583,MANAGER,Financial Services Branch 1 Unit 1
CK4584,Katherine,Brooks,emp4584@apexglobal.com,+14150004584,EMPLOYEE,Financial Services Branch 1 Unit 2
CK4585,Gregory,Ruiz,emp4585@apexglobal.com,+14150004585,EMPLOYEE,Financial Services Branch 2 Unit 1
CK4586,Christine,Myers,emp4586@apexglobal.com,+14150004586,EMPLOYEE,Financial Services Branch 2 Unit 2
CK4587,Alexander,Williams,emp4587@apexglobal.com,+14150004587,EMPLOYEE,Financial Services Branch 3 Unit 1
CK4588,Debra,Martinez,emp4588@apexglobal.com,+14150004588,TRAINER,Financial Services Branch 3 Unit 2
CK4589,Frank,Taylor,emp4589@apexglobal.com,+14150004589,MANAGER,People and Culture Branch 1 Unit 1
CK4590,Rachel,White,emp4590@apexglobal.com,+14150004590,EMPLOYEE,People and Culture Branch 1 Unit 2
CK4591,Patrick,Walker,emp4591@apexglobal.com,+14150004591,EMPLOYEE,People and Culture Branch 2 Unit 1
CK4592,Carolyn,Nguyen,emp4592@apexglobal.com,+14150004592,EMPLOYEE,People and Culture Branch 2 Unit 2
CK4593,Raymond,Hall,emp4593@apexglobal.com,+14150004593,EMPLOYEE,People and Culture Branch 3 Unit 1
CK4594,Janet,Phillips,emp4594@apexglobal.com,+14150004594,TRAINER,People and Culture Branch 3 Unit 2
CK4595,Jack,Collins,emp4595@apexglobal.com,+14150004595,MANAGER,Legal and Risk Branch 1 Unit 1
CK4596,Maria,Rogers,emp4596@apexglobal.com,+14150004596,EMPLOYEE,Legal and Risk Branch 1 Unit 2
CK4597,Dennis,Reed,emp4597@apexglobal.com,+14150004597,EMPLOYEE,Legal and Risk Branch 2 Unit 1
CK4598,Heather,Richardson,emp4598@apexglobal.com,+14150004598,EMPLOYEE,Legal and Risk Branch 2 Unit 2
CK4599,Jerry,Gray,emp4599@apexglobal.com,+14150004599,EMPLOYEE,Legal and Risk Branch 3 Unit 1
CK4600,Diane,Sanders,emp4600@apexglobal.com,+14150004600,TRAINER,Legal and Risk Branch 3 Unit 2
CK4601,James,Smith,emp4601@apexglobal.com,+14150004601,MANAGER,Apex Global Corporation
CK4602,Mary,Davis,emp4602@apexglobal.com,+14150004602,EMPLOYEE,North America Division
CK4603,Robert,Anderson,emp4603@apexglobal.com,+14150004603,EMPLOYEE,EMEA Division
CK4604,Patricia,Perez,emp4604@apexglobal.com,+14150004604,EMPLOYEE,APAC Division
CK4605,John,Lewis,emp4605@apexglobal.com,+14150004605,EMPLOYEE,LATAM Division
CK4606,Jennifer,Scott,emp4606@apexglobal.com,+14150004606,TRAINER,Global Engineering
CK4607,Michael,Nelson,emp4607@apexglobal.com,+14150004607,MANAGER,Product Innovation
CK4608,Linda,Roberts,emp4608@apexglobal.com,+14150004608,EMPLOYEE,Financial Services
CK4609,David,Cruz,emp4609@apexglobal.com,+14150004609,EMPLOYEE,People and Culture
CK4610,Elizabeth,Murphy,emp4610@apexglobal.com,+14150004610,EMPLOYEE,Legal and Risk
CK4611,William,Peterson,emp4611@apexglobal.com,+14150004611,EMPLOYEE,North America Division Branch 1
CK4612,Barbara,Cox,emp4612@apexglobal.com,+14150004612,TRAINER,North America Division Branch 2
CK4613,Richard,James,emp4613@apexglobal.com,+14150004613,MANAGER,North America Division Branch 3
CK4614,Susan,Alvarez,emp4614@apexglobal.com,+14150004614,EMPLOYEE,North America Division Branch 4
CK4615,Joseph,Foster,emp4615@apexglobal.com,+14150004615,EMPLOYEE,EMEA Division Branch 1
CK4616,Jessica,Garcia,emp4616@apexglobal.com,+14150004616,EMPLOYEE,EMEA Division Branch 2
CK4617,Thomas,Gonzalez,emp4617@apexglobal.com,+14150004617,EMPLOYEE,EMEA Division Branch 3
CK4618,Sarah,Martin,emp4618@apexglobal.com,+14150004618,TRAINER,EMEA Division Branch 4
CK4619,Charles,Clark,emp4619@apexglobal.com,+14150004619,MANAGER,APAC Division Branch 1
CK4620,Karen,King,emp4620@apexglobal.com,+14150004620,EMPLOYEE,APAC Division Branch 2
CK4621,Christopher,Green,emp4621@apexglobal.com,+14150004621,EMPLOYEE,APAC Division Branch 3
CK4622,Lisa,Mitchell,emp4622@apexglobal.com,+14150004622,EMPLOYEE,APAC Division Branch 4
CK4623,Daniel,Diaz,emp4623@apexglobal.com,+14150004623,EMPLOYEE,LATAM Division Branch 1
CK4624,Nancy,Morris,emp4624@apexglobal.com,+14150004624,TRAINER,LATAM Division Branch 2
CK4625,Matthew,Morgan,emp4625@apexglobal.com,+14150004625,MANAGER,LATAM Division Branch 3
CK4626,Betty,Ramos,emp4626@apexglobal.com,+14150004626,EMPLOYEE,Global Engineering Branch 1
CK4627,Anthony,Chavez,emp4627@apexglobal.com,+14150004627,EMPLOYEE,Global Engineering Branch 2
CK4628,Margaret,Hughes,emp4628@apexglobal.com,+14150004628,EMPLOYEE,Global Engineering Branch 3
CK4629,Mark,Long,emp4629@apexglobal.com,+14150004629,EMPLOYEE,Product Innovation Branch 1
CK4630,Sandra,Brown,emp4630@apexglobal.com,+14150004630,TRAINER,Product Innovation Branch 2
CK4631,Donald,Hernandez,emp4631@apexglobal.com,+14150004631,MANAGER,Product Innovation Branch 3
CK4632,Ashley,Moore,emp4632@apexglobal.com,+14150004632,EMPLOYEE,Financial Services Branch 1
CK4633,Steven,Harris,emp4633@apexglobal.com,+14150004633,EMPLOYEE,Financial Services Branch 2
CK4634,Kimberly,Young,emp4634@apexglobal.com,+14150004634,EMPLOYEE,Financial Services Branch 3
CK4635,Paul,Hill,emp4635@apexglobal.com,+14150004635,EMPLOYEE,People and Culture Branch 1
CK4636,Emily,Rivera,emp4636@apexglobal.com,+14150004636,TRAINER,People and Culture Branch 2
CK4637,Andrew,Evans,emp4637@apexglobal.com,+14150004637,MANAGER,People and Culture Branch 3
CK4638,Donna,Reyes,emp4638@apexglobal.com,+14150004638,EMPLOYEE,Legal and Risk Branch 1
CK4639,Joshua,Gutierrez,emp4639@apexglobal.com,+14150004639,EMPLOYEE,Legal and Risk Branch 2
CK4640,Michelle,Kelly,emp4640@apexglobal.com,+14150004640,EMPLOYEE,Legal and Risk Branch 3
CK4641,Kenneth,Watson,emp4641@apexglobal.com,+14150004641,EMPLOYEE,North America Division Branch 1 Unit 1
CK4642,Carol,Mendoza,emp4642@apexglobal.com,+14150004642,TRAINER,North America Division Branch 1 Unit 2
CK4643,Kevin,Patel,emp4643@apexglobal.com,+14150004643,MANAGER,North America Division Branch 2 Unit 1
CK4644,Amanda,Johnson,emp4644@apexglobal.com,+14150004644,EMPLOYEE,North America Division Branch 2 Unit 2
CK4645,Brian,Rodriguez,emp4645@apexglobal.com,+14150004645,EMPLOYEE,North America Division Branch 3 Unit 1
CK4646,Dorothy,Thomas,emp4646@apexglobal.com,+14150004646,EMPLOYEE,North America Division Branch 3 Unit 2
CK4647,George,Thompson,emp4647@apexglobal.com,+14150004647,EMPLOYEE,North America Division Branch 4 Unit 1
CK4648,Melissa,Robinson,emp4648@apexglobal.com,+14150004648,TRAINER,North America Division Branch 4 Unit 2
CK4649,Timothy,Torres,emp4649@apexglobal.com,+14150004649,MANAGER,EMEA Division Branch 1 Unit 1
CK4650,Deborah,Baker,emp4650@apexglobal.com,+14150004650,EMPLOYEE,EMEA Division Branch 1 Unit 2
CK4651,Ronald,Gomez,emp4651@apexglobal.com,+14150004651,EMPLOYEE,EMEA Division Branch 2 Unit 1
CK4652,Stephanie,Edwards,emp4652@apexglobal.com,+14150004652,EMPLOYEE,EMEA Division Branch 2 Unit 2
CK4653,Edward,Cook,emp4653@apexglobal.com,+14150004653,EMPLOYEE,EMEA Division Branch 3 Unit 1
CK4654,Rebecca,Bailey,emp4654@apexglobal.com,+14150004654,TRAINER,EMEA Division Branch 3 Unit 2
CK4655,Jason,Ward,emp4655@apexglobal.com,+14150004655,MANAGER,EMEA Division Branch 4 Unit 1
CK4656,Sharon,Bennett,emp4656@apexglobal.com,+14150004656,EMPLOYEE,EMEA Division Branch 4 Unit 2
CK4657,Jeffrey,Castillo,emp4657@apexglobal.com,+14150004657,EMPLOYEE,APAC Division Branch 1 Unit 1
CK4658,Laura,Jimenez,emp4658@apexglobal.com,+14150004658,EMPLOYEE,APAC Division Branch 1 Unit 2
CK4659,Ryan,Miller,emp4659@apexglobal.com,+14150004659,EMPLOYEE,APAC Division Branch 2 Unit 1
CK4660,Cynthia,Wilson,emp4660@apexglobal.com,+14150004660,TRAINER,APAC Division Branch 2 Unit 2
CK4661,Jacob,Lee,emp4661@apexglobal.com,+14150004661,MANAGER,APAC Division Branch 3 Unit 1
CK4662,Kathleen,Ramirez,emp4662@apexglobal.com,+14150004662,EMPLOYEE,APAC Division Branch 3 Unit 2
CK4663,Gary,Wright,emp4663@apexglobal.com,+14150004663,EMPLOYEE,APAC Division Branch 4 Unit 1
CK4664,Amy,Adams,emp4664@apexglobal.com,+14150004664,EMPLOYEE,APAC Division Branch 4 Unit 2
CK4665,Nicholas,Carter,emp4665@apexglobal.com,+14150004665,EMPLOYEE,LATAM Division Branch 1 Unit 1
CK4666,Angela,Parker,emp4666@apexglobal.com,+14150004666,TRAINER,LATAM Division Branch 1 Unit 2
CK4667,Eric,Morales,emp4667@apexglobal.com,+14150004667,MANAGER,LATAM Division Branch 2 Unit 1
CK4668,Shirley,Cooper,emp4668@apexglobal.com,+14150004668,EMPLOYEE,LATAM Division Branch 2 Unit 2
CK4669,Jonathan,Kim,emp4669@apexglobal.com,+14150004669,EMPLOYEE,LATAM Division Branch 3 Unit 1
CK4670,Anna,Wood,emp4670@apexglobal.com,+14150004670,EMPLOYEE,LATAM Division Branch 3 Unit 2
CK4671,Stephen,Price,emp4671@apexglobal.com,+14150004671,EMPLOYEE,Global Engineering Branch 1 Unit 1
CK4672,Brenda,Ross,emp4672@apexglobal.com,+14150004672,TRAINER,Global Engineering Branch 1 Unit 2
CK4673,Larry,Jones,emp4673@apexglobal.com,+14150004673,MANAGER,Global Engineering Branch 2 Unit 1
CK4674,Pamela,Lopez,emp4674@apexglobal.com,+14150004674,EMPLOYEE,Global Engineering Branch 2 Unit 2
CK4675,Justin,Jackson,emp4675@apexglobal.com,+14150004675,EMPLOYEE,Global Engineering Branch 3 Unit 1
CK4676,Emma,Sanchez,emp4676@apexglobal.com,+14150004676,EMPLOYEE,Global Engineering Branch 3 Unit 2
CK4677,Scott,Allen,emp4677@apexglobal.com,+14150004677,EMPLOYEE,Product Innovation Branch 1 Unit 1
CK4678,Nicole,Flores,emp4678@apexglobal.com,+14150004678,TRAINER,Product Innovation Branch 1 Unit 2
CK4679,Brandon,Campbell,emp4679@apexglobal.com,+14150004679,MANAGER,Product Innovation Branch 2 Unit 1
CK4680,Helen,Turner,emp4680@apexglobal.com,+14150004680,EMPLOYEE,Product Innovation Branch 2 Unit 2
CK4681,Benjamin,Stewart,emp4681@apexglobal.com,+14150004681,EMPLOYEE,Product Innovation Branch 3 Unit 1
CK4682,Samantha,Ortiz,emp4682@apexglobal.com,+14150004682,EMPLOYEE,Product Innovation Branch 3 Unit 2
CK4683,Samuel,Howard,emp4683@apexglobal.com,+14150004683,EMPLOYEE,Financial Services Branch 1 Unit 1
CK4684,Katherine,Brooks,emp4684@apexglobal.com,+14150004684,TRAINER,Financial Services Branch 1 Unit 2
CK4685,Gregory,Ruiz,emp4685@apexglobal.com,+14150004685,MANAGER,Financial Services Branch 2 Unit 1
CK4686,Christine,Myers,emp4686@apexglobal.com,+14150004686,EMPLOYEE,Financial Services Branch 2 Unit 2
CK4687,Alexander,Williams,emp4687@apexglobal.com,+14150004687,EMPLOYEE,Financial Services Branch 3 Unit 1
CK4688,Debra,Martinez,emp4688@apexglobal.com,+14150004688,EMPLOYEE,Financial Services Branch 3 Unit 2
CK4689,Frank,Taylor,emp4689@apexglobal.com,+14150004689,EMPLOYEE,People and Culture Branch 1 Unit 1
CK4690,Rachel,White,emp4690@apexglobal.com,+14150004690,TRAINER,People and Culture Branch 1 Unit 2
CK4691,Patrick,Walker,emp4691@apexglobal.com,+14150004691,MANAGER,People and Culture Branch 2 Unit 1
CK4692,Carolyn,Nguyen,emp4692@apexglobal.com,+14150004692,EMPLOYEE,People and Culture Branch 2 Unit 2
CK4693,Raymond,Hall,emp4693@apexglobal.com,+14150004693,EMPLOYEE,People and Culture Branch 3 Unit 1
CK4694,Janet,Phillips,emp4694@apexglobal.com,+14150004694,EMPLOYEE,People and Culture Branch 3 Unit 2
CK4695,Jack,Collins,emp4695@apexglobal.com,+14150004695,EMPLOYEE,Legal and Risk Branch 1 Unit 1
CK4696,Maria,Rogers,emp4696@apexglobal.com,+14150004696,TRAINER,Legal and Risk Branch 1 Unit 2
CK4697,Dennis,Reed,emp4697@apexglobal.com,+14150004697,MANAGER,Legal and Risk Branch 2 Unit 1
CK4698,Heather,Richardson,emp4698@apexglobal.com,+14150004698,EMPLOYEE,Legal and Risk Branch 2 Unit 2
CK4699,Jerry,Gray,emp4699@apexglobal.com,+14150004699,EMPLOYEE,Legal and Risk Branch 3 Unit 1
CK4700,Diane,Sanders,emp4700@apexglobal.com,+14150004700,EMPLOYEE,Legal and Risk Branch 3 Unit 2
CK4701,James,Smith,emp4701@apexglobal.com,+14150004701,EMPLOYEE,Apex Global Corporation
CK4702,Mary,Davis,emp4702@apexglobal.com,+14150004702,TRAINER,North America Division
CK4703,Robert,Anderson,emp4703@apexglobal.com,+14150004703,MANAGER,EMEA Division
CK4704,Patricia,Perez,emp4704@apexglobal.com,+14150004704,EMPLOYEE,APAC Division
CK4705,John,Lewis,emp4705@apexglobal.com,+14150004705,EMPLOYEE,LATAM Division
CK4706,Jennifer,Scott,emp4706@apexglobal.com,+14150004706,EMPLOYEE,Global Engineering
CK4707,Michael,Nelson,emp4707@apexglobal.com,+14150004707,EMPLOYEE,Product Innovation
CK4708,Linda,Roberts,emp4708@apexglobal.com,+14150004708,TRAINER,Financial Services
CK4709,David,Cruz,emp4709@apexglobal.com,+14150004709,MANAGER,People and Culture
CK4710,Elizabeth,Murphy,emp4710@apexglobal.com,+14150004710,EMPLOYEE,Legal and Risk
CK4711,William,Peterson,emp4711@apexglobal.com,+14150004711,EMPLOYEE,North America Division Branch 1
CK4712,Barbara,Cox,emp4712@apexglobal.com,+14150004712,EMPLOYEE,North America Division Branch 2
CK4713,Richard,James,emp4713@apexglobal.com,+14150004713,EMPLOYEE,North America Division Branch 3
CK4714,Susan,Alvarez,emp4714@apexglobal.com,+14150004714,TRAINER,North America Division Branch 4
CK4715,Joseph,Foster,emp4715@apexglobal.com,+14150004715,MANAGER,EMEA Division Branch 1
CK4716,Jessica,Garcia,emp4716@apexglobal.com,+14150004716,EMPLOYEE,EMEA Division Branch 2
CK4717,Thomas,Gonzalez,emp4717@apexglobal.com,+14150004717,EMPLOYEE,EMEA Division Branch 3
CK4718,Sarah,Martin,emp4718@apexglobal.com,+14150004718,EMPLOYEE,EMEA Division Branch 4
CK4719,Charles,Clark,emp4719@apexglobal.com,+14150004719,EMPLOYEE,APAC Division Branch 1
CK4720,Karen,King,emp4720@apexglobal.com,+14150004720,TRAINER,APAC Division Branch 2
CK4721,Christopher,Green,emp4721@apexglobal.com,+14150004721,MANAGER,APAC Division Branch 3
CK4722,Lisa,Mitchell,emp4722@apexglobal.com,+14150004722,EMPLOYEE,APAC Division Branch 4
CK4723,Daniel,Diaz,emp4723@apexglobal.com,+14150004723,EMPLOYEE,LATAM Division Branch 1
CK4724,Nancy,Morris,emp4724@apexglobal.com,+14150004724,EMPLOYEE,LATAM Division Branch 2
CK4725,Matthew,Morgan,emp4725@apexglobal.com,+14150004725,EMPLOYEE,LATAM Division Branch 3
CK4726,Betty,Ramos,emp4726@apexglobal.com,+14150004726,TRAINER,Global Engineering Branch 1
CK4727,Anthony,Chavez,emp4727@apexglobal.com,+14150004727,MANAGER,Global Engineering Branch 2
CK4728,Margaret,Hughes,emp4728@apexglobal.com,+14150004728,EMPLOYEE,Global Engineering Branch 3
CK4729,Mark,Long,emp4729@apexglobal.com,+14150004729,EMPLOYEE,Product Innovation Branch 1
CK4730,Sandra,Brown,emp4730@apexglobal.com,+14150004730,EMPLOYEE,Product Innovation Branch 2
CK4731,Donald,Hernandez,emp4731@apexglobal.com,+14150004731,EMPLOYEE,Product Innovation Branch 3
CK4732,Ashley,Moore,emp4732@apexglobal.com,+14150004732,TRAINER,Financial Services Branch 1
CK4733,Steven,Harris,emp4733@apexglobal.com,+14150004733,MANAGER,Financial Services Branch 2
CK4734,Kimberly,Young,emp4734@apexglobal.com,+14150004734,EMPLOYEE,Financial Services Branch 3
CK4735,Paul,Hill,emp4735@apexglobal.com,+14150004735,EMPLOYEE,People and Culture Branch 1
CK4736,Emily,Rivera,emp4736@apexglobal.com,+14150004736,EMPLOYEE,People and Culture Branch 2
CK4737,Andrew,Evans,emp4737@apexglobal.com,+14150004737,EMPLOYEE,People and Culture Branch 3
CK4738,Donna,Reyes,emp4738@apexglobal.com,+14150004738,TRAINER,Legal and Risk Branch 1
CK4739,Joshua,Gutierrez,emp4739@apexglobal.com,+14150004739,MANAGER,Legal and Risk Branch 2
CK4740,Michelle,Kelly,emp4740@apexglobal.com,+14150004740,EMPLOYEE,Legal and Risk Branch 3
CK4741,Kenneth,Watson,emp4741@apexglobal.com,+14150004741,EMPLOYEE,North America Division Branch 1 Unit 1
CK4742,Carol,Mendoza,emp4742@apexglobal.com,+14150004742,EMPLOYEE,North America Division Branch 1 Unit 2
CK4743,Kevin,Patel,emp4743@apexglobal.com,+14150004743,EMPLOYEE,North America Division Branch 2 Unit 1
CK4744,Amanda,Johnson,emp4744@apexglobal.com,+14150004744,TRAINER,North America Division Branch 2 Unit 2
CK4745,Brian,Rodriguez,emp4745@apexglobal.com,+14150004745,MANAGER,North America Division Branch 3 Unit 1
CK4746,Dorothy,Thomas,emp4746@apexglobal.com,+14150004746,EMPLOYEE,North America Division Branch 3 Unit 2
CK4747,George,Thompson,emp4747@apexglobal.com,+14150004747,EMPLOYEE,North America Division Branch 4 Unit 1
CK4748,Melissa,Robinson,emp4748@apexglobal.com,+14150004748,EMPLOYEE,North America Division Branch 4 Unit 2
CK4749,Timothy,Torres,emp4749@apexglobal.com,+14150004749,EMPLOYEE,EMEA Division Branch 1 Unit 1
CK4750,Deborah,Baker,emp4750@apexglobal.com,+14150004750,TRAINER,EMEA Division Branch 1 Unit 2
CK4751,Ronald,Gomez,emp4751@apexglobal.com,+14150004751,MANAGER,EMEA Division Branch 2 Unit 1
CK4752,Stephanie,Edwards,emp4752@apexglobal.com,+14150004752,EMPLOYEE,EMEA Division Branch 2 Unit 2
CK4753,Edward,Cook,emp4753@apexglobal.com,+14150004753,EMPLOYEE,EMEA Division Branch 3 Unit 1
CK4754,Rebecca,Bailey,emp4754@apexglobal.com,+14150004754,EMPLOYEE,EMEA Division Branch 3 Unit 2
CK4755,Jason,Ward,emp4755@apexglobal.com,+14150004755,EMPLOYEE,EMEA Division Branch 4 Unit 1
CK4756,Sharon,Bennett,emp4756@apexglobal.com,+14150004756,TRAINER,EMEA Division Branch 4 Unit 2
CK4757,Jeffrey,Castillo,emp4757@apexglobal.com,+14150004757,MANAGER,APAC Division Branch 1 Unit 1
CK4758,Laura,Jimenez,emp4758@apexglobal.com,+14150004758,EMPLOYEE,APAC Division Branch 1 Unit 2
CK4759,Ryan,Miller,emp4759@apexglobal.com,+14150004759,EMPLOYEE,APAC Division Branch 2 Unit 1
CK4760,Cynthia,Wilson,emp4760@apexglobal.com,+14150004760,EMPLOYEE,APAC Division Branch 2 Unit 2
CK4761,Jacob,Lee,emp4761@apexglobal.com,+14150004761,EMPLOYEE,APAC Division Branch 3 Unit 1
CK4762,Kathleen,Ramirez,emp4762@apexglobal.com,+14150004762,TRAINER,APAC Division Branch 3 Unit 2
CK4763,Gary,Wright,emp4763@apexglobal.com,+14150004763,MANAGER,APAC Division Branch 4 Unit 1
CK4764,Amy,Adams,emp4764@apexglobal.com,+14150004764,EMPLOYEE,APAC Division Branch 4 Unit 2
CK4765,Nicholas,Carter,emp4765@apexglobal.com,+14150004765,EMPLOYEE,LATAM Division Branch 1 Unit 1
CK4766,Angela,Parker,emp4766@apexglobal.com,+14150004766,EMPLOYEE,LATAM Division Branch 1 Unit 2
CK4767,Eric,Morales,emp4767@apexglobal.com,+14150004767,EMPLOYEE,LATAM Division Branch 2 Unit 1
CK4768,Shirley,Cooper,emp4768@apexglobal.com,+14150004768,TRAINER,LATAM Division Branch 2 Unit 2
CK4769,Jonathan,Kim,emp4769@apexglobal.com,+14150004769,MANAGER,LATAM Division Branch 3 Unit 1
CK4770,Anna,Wood,emp4770@apexglobal.com,+14150004770,EMPLOYEE,LATAM Division Branch 3 Unit 2
CK4771,Stephen,Price,emp4771@apexglobal.com,+14150004771,EMPLOYEE,Global Engineering Branch 1 Unit 1
CK4772,Brenda,Ross,emp4772@apexglobal.com,+14150004772,EMPLOYEE,Global Engineering Branch 1 Unit 2
CK4773,Larry,Jones,emp4773@apexglobal.com,+14150004773,EMPLOYEE,Global Engineering Branch 2 Unit 1
CK4774,Pamela,Lopez,emp4774@apexglobal.com,+14150004774,TRAINER,Global Engineering Branch 2 Unit 2
CK4775,Justin,Jackson,emp4775@apexglobal.com,+14150004775,MANAGER,Global Engineering Branch 3 Unit 1
CK4776,Emma,Sanchez,emp4776@apexglobal.com,+14150004776,EMPLOYEE,Global Engineering Branch 3 Unit 2
CK4777,Scott,Allen,emp4777@apexglobal.com,+14150004777,EMPLOYEE,Product Innovation Branch 1 Unit 1
CK4778,Nicole,Flores,emp4778@apexglobal.com,+14150004778,EMPLOYEE,Product Innovation Branch 1 Unit 2
CK4779,Brandon,Campbell,emp4779@apexglobal.com,+14150004779,EMPLOYEE,Product Innovation Branch 2 Unit 1
CK4780,Helen,Turner,emp4780@apexglobal.com,+14150004780,TRAINER,Product Innovation Branch 2 Unit 2
CK4781,Benjamin,Stewart,emp4781@apexglobal.com,+14150004781,MANAGER,Product Innovation Branch 3 Unit 1
CK4782,Samantha,Ortiz,emp4782@apexglobal.com,+14150004782,EMPLOYEE,Product Innovation Branch 3 Unit 2
CK4783,Samuel,Howard,emp4783@apexglobal.com,+14150004783,EMPLOYEE,Financial Services Branch 1 Unit 1
CK4784,Katherine,Brooks,emp4784@apexglobal.com,+14150004784,EMPLOYEE,Financial Services Branch 1 Unit 2
CK4785,Gregory,Ruiz,emp4785@apexglobal.com,+14150004785,EMPLOYEE,Financial Services Branch 2 Unit 1
CK4786,Christine,Myers,emp4786@apexglobal.com,+14150004786,TRAINER,Financial Services Branch 2 Unit 2
CK4787,Alexander,Williams,emp4787@apexglobal.com,+14150004787,MANAGER,Financial Services Branch 3 Unit 1
CK4788,Debra,Martinez,emp4788@apexglobal.com,+14150004788,EMPLOYEE,Financial Services Branch 3 Unit 2
CK4789,Frank,Taylor,emp4789@apexglobal.com,+14150004789,EMPLOYEE,People and Culture Branch 1 Unit 1
CK4790,Rachel,White,emp4790@apexglobal.com,+14150004790,EMPLOYEE,People and Culture Branch 1 Unit 2
CK4791,Patrick,Walker,emp4791@apexglobal.com,+14150004791,EMPLOYEE,People and Culture Branch 2 Unit 1
CK4792,Carolyn,Nguyen,emp4792@apexglobal.com,+14150004792,TRAINER,People and Culture Branch 2 Unit 2
CK4793,Raymond,Hall,emp4793@apexglobal.com,+14150004793,MANAGER,People and Culture Branch 3 Unit 1
CK4794,Janet,Phillips,emp4794@apexglobal.com,+14150004794,EMPLOYEE,People and Culture Branch 3 Unit 2
CK4795,Jack,Collins,emp4795@apexglobal.com,+14150004795,EMPLOYEE,Legal and Risk Branch 1 Unit 1
CK4796,Maria,Rogers,emp4796@apexglobal.com,+14150004796,EMPLOYEE,Legal and Risk Branch 1 Unit 2
CK4797,Dennis,Reed,emp4797@apexglobal.com,+14150004797,EMPLOYEE,Legal and Risk Branch 2 Unit 1
CK4798,Heather,Richardson,emp4798@apexglobal.com,+14150004798,TRAINER,Legal and Risk Branch 2 Unit 2
CK4799,Jerry,Gray,emp4799@apexglobal.com,+14150004799,MANAGER,Legal and Risk Branch 3 Unit 1
CK4800,Diane,Sanders,emp4800@apexglobal.com,+14150004800,EMPLOYEE,Legal and Risk Branch 3 Unit 2
CK4801,James,Smith,emp4801@apexglobal.com,+14150004801,EMPLOYEE,Apex Global Corporation
CK4802,Mary,Davis,emp4802@apexglobal.com,+14150004802,EMPLOYEE,North America Division
CK4803,Robert,Anderson,emp4803@apexglobal.com,+14150004803,EMPLOYEE,EMEA Division
CK4804,Patricia,Perez,emp4804@apexglobal.com,+14150004804,TRAINER,APAC Division
CK4805,John,Lewis,emp4805@apexglobal.com,+14150004805,MANAGER,LATAM Division
CK4806,Jennifer,Scott,emp4806@apexglobal.com,+14150004806,EMPLOYEE,Global Engineering
CK4807,Michael,Nelson,emp4807@apexglobal.com,+14150004807,EMPLOYEE,Product Innovation
CK4808,Linda,Roberts,emp4808@apexglobal.com,+14150004808,EMPLOYEE,Financial Services
CK4809,David,Cruz,emp4809@apexglobal.com,+14150004809,EMPLOYEE,People and Culture
CK4810,Elizabeth,Murphy,emp4810@apexglobal.com,+14150004810,TRAINER,Legal and Risk
CK4811,William,Peterson,emp4811@apexglobal.com,+14150004811,MANAGER,North America Division Branch 1
CK4812,Barbara,Cox,emp4812@apexglobal.com,+14150004812,EMPLOYEE,North America Division Branch 2
CK4813,Richard,James,emp4813@apexglobal.com,+14150004813,EMPLOYEE,North America Division Branch 3
CK4814,Susan,Alvarez,emp4814@apexglobal.com,+14150004814,EMPLOYEE,North America Division Branch 4
CK4815,Joseph,Foster,emp4815@apexglobal.com,+14150004815,EMPLOYEE,EMEA Division Branch 1
CK4816,Jessica,Garcia,emp4816@apexglobal.com,+14150004816,TRAINER,EMEA Division Branch 2
CK4817,Thomas,Gonzalez,emp4817@apexglobal.com,+14150004817,MANAGER,EMEA Division Branch 3
CK4818,Sarah,Martin,emp4818@apexglobal.com,+14150004818,EMPLOYEE,EMEA Division Branch 4
CK4819,Charles,Clark,emp4819@apexglobal.com,+14150004819,EMPLOYEE,APAC Division Branch 1
CK4820,Karen,King,emp4820@apexglobal.com,+14150004820,EMPLOYEE,APAC Division Branch 2
CK4821,Christopher,Green,emp4821@apexglobal.com,+14150004821,EMPLOYEE,APAC Division Branch 3
CK4822,Lisa,Mitchell,emp4822@apexglobal.com,+14150004822,TRAINER,APAC Division Branch 4
CK4823,Daniel,Diaz,emp4823@apexglobal.com,+14150004823,MANAGER,LATAM Division Branch 1
CK4824,Nancy,Morris,emp4824@apexglobal.com,+14150004824,EMPLOYEE,LATAM Division Branch 2
CK4825,Matthew,Morgan,emp4825@apexglobal.com,+14150004825,EMPLOYEE,LATAM Division Branch 3
CK4826,Betty,Ramos,emp4826@apexglobal.com,+14150004826,EMPLOYEE,Global Engineering Branch 1
CK4827,Anthony,Chavez,emp4827@apexglobal.com,+14150004827,EMPLOYEE,Global Engineering Branch 2
CK4828,Margaret,Hughes,emp4828@apexglobal.com,+14150004828,TRAINER,Global Engineering Branch 3
CK4829,Mark,Long,emp4829@apexglobal.com,+14150004829,MANAGER,Product Innovation Branch 1
CK4830,Sandra,Brown,emp4830@apexglobal.com,+14150004830,EMPLOYEE,Product Innovation Branch 2
CK4831,Donald,Hernandez,emp4831@apexglobal.com,+14150004831,EMPLOYEE,Product Innovation Branch 3
CK4832,Ashley,Moore,emp4832@apexglobal.com,+14150004832,EMPLOYEE,Financial Services Branch 1
CK4833,Steven,Harris,emp4833@apexglobal.com,+14150004833,EMPLOYEE,Financial Services Branch 2
CK4834,Kimberly,Young,emp4834@apexglobal.com,+14150004834,TRAINER,Financial Services Branch 3
CK4835,Paul,Hill,emp4835@apexglobal.com,+14150004835,MANAGER,People and Culture Branch 1
CK4836,Emily,Rivera,emp4836@apexglobal.com,+14150004836,EMPLOYEE,People and Culture Branch 2
CK4837,Andrew,Evans,emp4837@apexglobal.com,+14150004837,EMPLOYEE,People and Culture Branch 3
CK4838,Donna,Reyes,emp4838@apexglobal.com,+14150004838,EMPLOYEE,Legal and Risk Branch 1
CK4839,Joshua,Gutierrez,emp4839@apexglobal.com,+14150004839,EMPLOYEE,Legal and Risk Branch 2
CK4840,Michelle,Kelly,emp4840@apexglobal.com,+14150004840,TRAINER,Legal and Risk Branch 3
CK4841,Kenneth,Watson,emp4841@apexglobal.com,+14150004841,MANAGER,North America Division Branch 1 Unit 1
CK4842,Carol,Mendoza,emp4842@apexglobal.com,+14150004842,EMPLOYEE,North America Division Branch 1 Unit 2
CK4843,Kevin,Patel,emp4843@apexglobal.com,+14150004843,EMPLOYEE,North America Division Branch 2 Unit 1
CK4844,Amanda,Johnson,emp4844@apexglobal.com,+14150004844,EMPLOYEE,North America Division Branch 2 Unit 2
CK4845,Brian,Rodriguez,emp4845@apexglobal.com,+14150004845,EMPLOYEE,North America Division Branch 3 Unit 1
CK4846,Dorothy,Thomas,emp4846@apexglobal.com,+14150004846,TRAINER,North America Division Branch 3 Unit 2
CK4847,George,Thompson,emp4847@apexglobal.com,+14150004847,MANAGER,North America Division Branch 4 Unit 1
CK4848,Melissa,Robinson,emp4848@apexglobal.com,+14150004848,EMPLOYEE,North America Division Branch 4 Unit 2
CK4849,Timothy,Torres,emp4849@apexglobal.com,+14150004849,EMPLOYEE,EMEA Division Branch 1 Unit 1
CK4850,Deborah,Baker,emp4850@apexglobal.com,+14150004850,EMPLOYEE,EMEA Division Branch 1 Unit 2
CK4851,Ronald,Gomez,emp4851@apexglobal.com,+14150004851,EMPLOYEE,EMEA Division Branch 2 Unit 1
CK4852,Stephanie,Edwards,emp4852@apexglobal.com,+14150004852,TRAINER,EMEA Division Branch 2 Unit 2
CK4853,Edward,Cook,emp4853@apexglobal.com,+14150004853,MANAGER,EMEA Division Branch 3 Unit 1
CK4854,Rebecca,Bailey,emp4854@apexglobal.com,+14150004854,EMPLOYEE,EMEA Division Branch 3 Unit 2
CK4855,Jason,Ward,emp4855@apexglobal.com,+14150004855,EMPLOYEE,EMEA Division Branch 4 Unit 1
CK4856,Sharon,Bennett,emp4856@apexglobal.com,+14150004856,EMPLOYEE,EMEA Division Branch 4 Unit 2
CK4857,Jeffrey,Castillo,emp4857@apexglobal.com,+14150004857,EMPLOYEE,APAC Division Branch 1 Unit 1
CK4858,Laura,Jimenez,emp4858@apexglobal.com,+14150004858,TRAINER,APAC Division Branch 1 Unit 2
CK4859,Ryan,Miller,emp4859@apexglobal.com,+14150004859,MANAGER,APAC Division Branch 2 Unit 1
CK4860,Cynthia,Wilson,emp4860@apexglobal.com,+14150004860,EMPLOYEE,APAC Division Branch 2 Unit 2
CK4861,Jacob,Lee,emp4861@apexglobal.com,+14150004861,EMPLOYEE,APAC Division Branch 3 Unit 1
CK4862,Kathleen,Ramirez,emp4862@apexglobal.com,+14150004862,EMPLOYEE,APAC Division Branch 3 Unit 2
CK4863,Gary,Wright,emp4863@apexglobal.com,+14150004863,EMPLOYEE,APAC Division Branch 4 Unit 1
CK4864,Amy,Adams,emp4864@apexglobal.com,+14150004864,TRAINER,APAC Division Branch 4 Unit 2
CK4865,Nicholas,Carter,emp4865@apexglobal.com,+14150004865,MANAGER,LATAM Division Branch 1 Unit 1
CK4866,Angela,Parker,emp4866@apexglobal.com,+14150004866,EMPLOYEE,LATAM Division Branch 1 Unit 2
CK4867,Eric,Morales,emp4867@apexglobal.com,+14150004867,EMPLOYEE,LATAM Division Branch 2 Unit 1
CK4868,Shirley,Cooper,emp4868@apexglobal.com,+14150004868,EMPLOYEE,LATAM Division Branch 2 Unit 2
CK4869,Jonathan,Kim,emp4869@apexglobal.com,+14150004869,EMPLOYEE,LATAM Division Branch 3 Unit 1
CK4870,Anna,Wood,emp4870@apexglobal.com,+14150004870,TRAINER,LATAM Division Branch 3 Unit 2
CK4871,Stephen,Price,emp4871@apexglobal.com,+14150004871,MANAGER,Global Engineering Branch 1 Unit 1
CK4872,Brenda,Ross,emp4872@apexglobal.com,+14150004872,EMPLOYEE,Global Engineering Branch 1 Unit 2
CK4873,Larry,Jones,emp4873@apexglobal.com,+14150004873,EMPLOYEE,Global Engineering Branch 2 Unit 1
CK4874,Pamela,Lopez,emp4874@apexglobal.com,+14150004874,EMPLOYEE,Global Engineering Branch 2 Unit 2
CK4875,Justin,Jackson,emp4875@apexglobal.com,+14150004875,EMPLOYEE,Global Engineering Branch 3 Unit 1
CK4876,Emma,Sanchez,emp4876@apexglobal.com,+14150004876,TRAINER,Global Engineering Branch 3 Unit 2
CK4877,Scott,Allen,emp4877@apexglobal.com,+14150004877,MANAGER,Product Innovation Branch 1 Unit 1
CK4878,Nicole,Flores,emp4878@apexglobal.com,+14150004878,EMPLOYEE,Product Innovation Branch 1 Unit 2
CK4879,Brandon,Campbell,emp4879@apexglobal.com,+14150004879,EMPLOYEE,Product Innovation Branch 2 Unit 1
CK4880,Helen,Turner,emp4880@apexglobal.com,+14150004880,EMPLOYEE,Product Innovation Branch 2 Unit 2
CK4881,Benjamin,Stewart,emp4881@apexglobal.com,+14150004881,EMPLOYEE,Product Innovation Branch 3 Unit 1
CK4882,Samantha,Ortiz,emp4882@apexglobal.com,+14150004882,TRAINER,Product Innovation Branch 3 Unit 2
CK4883,Samuel,Howard,emp4883@apexglobal.com,+14150004883,MANAGER,Financial Services Branch 1 Unit 1
CK4884,Katherine,Brooks,emp4884@apexglobal.com,+14150004884,EMPLOYEE,Financial Services Branch 1 Unit 2
CK4885,Gregory,Ruiz,emp4885@apexglobal.com,+14150004885,EMPLOYEE,Financial Services Branch 2 Unit 1
CK4886,Christine,Myers,emp4886@apexglobal.com,+14150004886,EMPLOYEE,Financial Services Branch 2 Unit 2
CK4887,Alexander,Williams,emp4887@apexglobal.com,+14150004887,EMPLOYEE,Financial Services Branch 3 Unit 1
CK4888,Debra,Martinez,emp4888@apexglobal.com,+14150004888,TRAINER,Financial Services Branch 3 Unit 2
CK4889,Frank,Taylor,emp4889@apexglobal.com,+14150004889,MANAGER,People and Culture Branch 1 Unit 1
CK4890,Rachel,White,emp4890@apexglobal.com,+14150004890,EMPLOYEE,People and Culture Branch 1 Unit 2
CK4891,Patrick,Walker,emp4891@apexglobal.com,+14150004891,EMPLOYEE,People and Culture Branch 2 Unit 1
CK4892,Carolyn,Nguyen,emp4892@apexglobal.com,+14150004892,EMPLOYEE,People and Culture Branch 2 Unit 2
CK4893,Raymond,Hall,emp4893@apexglobal.com,+14150004893,EMPLOYEE,People and Culture Branch 3 Unit 1
CK4894,Janet,Phillips,emp4894@apexglobal.com,+14150004894,TRAINER,People and Culture Branch 3 Unit 2
CK4895,Jack,Collins,emp4895@apexglobal.com,+14150004895,MANAGER,Legal and Risk Branch 1 Unit 1
CK4896,Maria,Rogers,emp4896@apexglobal.com,+14150004896,EMPLOYEE,Legal and Risk Branch 1 Unit 2
CK4897,Dennis,Reed,emp4897@apexglobal.com,+14150004897,EMPLOYEE,Legal and Risk Branch 2 Unit 1
CK4898,Heather,Richardson,emp4898@apexglobal.com,+14150004898,EMPLOYEE,Legal and Risk Branch 2 Unit 2
CK4899,Jerry,Gray,emp4899@apexglobal.com,+14150004899,EMPLOYEE,Legal and Risk Branch 3 Unit 1
CK4900,Diane,Sanders,emp4900@apexglobal.com,+14150004900,TRAINER,Legal and Risk Branch 3 Unit 2
CK4901,James,Smith,emp4901@apexglobal.com,+14150004901,MANAGER,Apex Global Corporation
CK4902,Mary,Davis,emp4902@apexglobal.com,+14150004902,EMPLOYEE,North America Division
CK4903,Robert,Anderson,emp4903@apexglobal.com,+14150004903,EMPLOYEE,EMEA Division
CK4904,Patricia,Perez,emp4904@apexglobal.com,+14150004904,EMPLOYEE,APAC Division
CK4905,John,Lewis,emp4905@apexglobal.com,+14150004905,EMPLOYEE,LATAM Division
CK4906,Jennifer,Scott,emp4906@apexglobal.com,+14150004906,TRAINER,Global Engineering
CK4907,Michael,Nelson,emp4907@apexglobal.com,+14150004907,MANAGER,Product Innovation
CK4908,Linda,Roberts,emp4908@apexglobal.com,+14150004908,EMPLOYEE,Financial Services
CK4909,David,Cruz,emp4909@apexglobal.com,+14150004909,EMPLOYEE,People and Culture
CK4910,Elizabeth,Murphy,emp4910@apexglobal.com,+14150004910,EMPLOYEE,Legal and Risk
CK4911,William,Peterson,emp4911@apexglobal.com,+14150004911,EMPLOYEE,North America Division Branch 1
CK4912,Barbara,Cox,emp4912@apexglobal.com,+14150004912,TRAINER,North America Division Branch 2
CK4913,Richard,James,emp4913@apexglobal.com,+14150004913,MANAGER,North America Division Branch 3
CK4914,Susan,Alvarez,emp4914@apexglobal.com,+14150004914,EMPLOYEE,North America Division Branch 4
CK4915,Joseph,Foster,emp4915@apexglobal.com,+14150004915,EMPLOYEE,EMEA Division Branch 1
CK4916,Jessica,Garcia,emp4916@apexglobal.com,+14150004916,EMPLOYEE,EMEA Division Branch 2
CK4917,Thomas,Gonzalez,emp4917@apexglobal.com,+14150004917,EMPLOYEE,EMEA Division Branch 3
CK4918,Sarah,Martin,emp4918@apexglobal.com,+14150004918,TRAINER,EMEA Division Branch 4
CK4919,Charles,Clark,emp4919@apexglobal.com,+14150004919,MANAGER,APAC Division Branch 1
CK4920,Karen,King,emp4920@apexglobal.com,+14150004920,EMPLOYEE,APAC Division Branch 2
CK4921,Christopher,Green,emp4921@apexglobal.com,+14150004921,EMPLOYEE,APAC Division Branch 3
CK4922,Lisa,Mitchell,emp4922@apexglobal.com,+14150004922,EMPLOYEE,APAC Division Branch 4
CK4923,Daniel,Diaz,emp4923@apexglobal.com,+14150004923,EMPLOYEE,LATAM Division Branch 1
CK4924,Nancy,Morris,emp4924@apexglobal.com,+14150004924,TRAINER,LATAM Division Branch 2
CK4925,Matthew,Morgan,emp4925@apexglobal.com,+14150004925,MANAGER,LATAM Division Branch 3
CK4926,Betty,Ramos,emp4926@apexglobal.com,+14150004926,EMPLOYEE,Global Engineering Branch 1
CK4927,Anthony,Chavez,emp4927@apexglobal.com,+14150004927,EMPLOYEE,Global Engineering Branch 2
CK4928,Margaret,Hughes,emp4928@apexglobal.com,+14150004928,EMPLOYEE,Global Engineering Branch 3
CK4929,Mark,Long,emp4929@apexglobal.com,+14150004929,EMPLOYEE,Product Innovation Branch 1
CK4930,Sandra,Brown,emp4930@apexglobal.com,+14150004930,TRAINER,Product Innovation Branch 2
CK4931,Donald,Hernandez,emp4931@apexglobal.com,+14150004931,MANAGER,Product Innovation Branch 3
CK4932,Ashley,Moore,emp4932@apexglobal.com,+14150004932,EMPLOYEE,Financial Services Branch 1
CK4933,Steven,Harris,emp4933@apexglobal.com,+14150004933,EMPLOYEE,Financial Services Branch 2
CK4934,Kimberly,Young,emp4934@apexglobal.com,+14150004934,EMPLOYEE,Financial Services Branch 3
CK4935,Paul,Hill,emp4935@apexglobal.com,+14150004935,EMPLOYEE,People and Culture Branch 1
CK4936,Emily,Rivera,emp4936@apexglobal.com,+14150004936,TRAINER,People and Culture Branch 2
CK4937,Andrew,Evans,emp4937@apexglobal.com,+14150004937,MANAGER,People and Culture Branch 3
CK4938,Donna,Reyes,emp4938@apexglobal.com,+14150004938,EMPLOYEE,Legal and Risk Branch 1
CK4939,Joshua,Gutierrez,emp4939@apexglobal.com,+14150004939,EMPLOYEE,Legal and Risk Branch 2
CK4940,Michelle,Kelly,emp4940@apexglobal.com,+14150004940,EMPLOYEE,Legal and Risk Branch 3
CK4941,Kenneth,Watson,emp4941@apexglobal.com,+14150004941,EMPLOYEE,North America Division Branch 1 Unit 1
CK4942,Carol,Mendoza,emp4942@apexglobal.com,+14150004942,TRAINER,North America Division Branch 1 Unit 2
CK4943,Kevin,Patel,emp4943@apexglobal.com,+14150004943,MANAGER,North America Division Branch 2 Unit 1
CK4944,Amanda,Johnson,emp4944@apexglobal.com,+14150004944,EMPLOYEE,North America Division Branch 2 Unit 2
CK4945,Brian,Rodriguez,emp4945@apexglobal.com,+14150004945,EMPLOYEE,North America Division Branch 3 Unit 1
CK4946,Dorothy,Thomas,emp4946@apexglobal.com,+14150004946,EMPLOYEE,North America Division Branch 3 Unit 2
CK4947,George,Thompson,emp4947@apexglobal.com,+14150004947,EMPLOYEE,North America Division Branch 4 Unit 1
CK4948,Melissa,Robinson,emp4948@apexglobal.com,+14150004948,TRAINER,North America Division Branch 4 Unit 2
CK4949,Timothy,Torres,emp4949@apexglobal.com,+14150004949,MANAGER,EMEA Division Branch 1 Unit 1
CK4950,Deborah,Baker,emp4950@apexglobal.com,+14150004950,EMPLOYEE,EMEA Division Branch 1 Unit 2
CK4951,Ronald,Gomez,emp4951@apexglobal.com,+14150004951,EMPLOYEE,EMEA Division Branch 2 Unit 1
CK4952,Stephanie,Edwards,emp4952@apexglobal.com,+14150004952,EMPLOYEE,EMEA Division Branch 2 Unit 2
CK4953,Edward,Cook,emp4953@apexglobal.com,+14150004953,EMPLOYEE,EMEA Division Branch 3 Unit 1
CK4954,Rebecca,Bailey,emp4954@apexglobal.com,+14150004954,TRAINER,EMEA Division Branch 3 Unit 2
CK4955,Jason,Ward,emp4955@apexglobal.com,+14150004955,MANAGER,EMEA Division Branch 4 Unit 1
CK4956,Sharon,Bennett,emp4956@apexglobal.com,+14150004956,EMPLOYEE,EMEA Division Branch 4 Unit 2
CK4957,Jeffrey,Castillo,emp4957@apexglobal.com,+14150004957,EMPLOYEE,APAC Division Branch 1 Unit 1
CK4958,Laura,Jimenez,emp4958@apexglobal.com,+14150004958,EMPLOYEE,APAC Division Branch 1 Unit 2
CK4959,Ryan,Miller,emp4959@apexglobal.com,+14150004959,EMPLOYEE,APAC Division Branch 2 Unit 1
CK4960,Cynthia,Wilson,emp4960@apexglobal.com,+14150004960,TRAINER,APAC Division Branch 2 Unit 2
CK4961,Jacob,Lee,emp4961@apexglobal.com,+14150004961,MANAGER,APAC Division Branch 3 Unit 1
CK4962,Kathleen,Ramirez,emp4962@apexglobal.com,+14150004962,EMPLOYEE,APAC Division Branch 3 Unit 2
CK4963,Gary,Wright,emp4963@apexglobal.com,+14150004963,EMPLOYEE,APAC Division Branch 4 Unit 1
CK4964,Amy,Adams,emp4964@apexglobal.com,+14150004964,EMPLOYEE,APAC Division Branch 4 Unit 2
CK4965,Nicholas,Carter,emp4965@apexglobal.com,+14150004965,EMPLOYEE,LATAM Division Branch 1 Unit 1
CK4966,Angela,Parker,emp4966@apexglobal.com,+14150004966,TRAINER,LATAM Division Branch 1 Unit 2
CK4967,Eric,Morales,emp4967@apexglobal.com,+14150004967,MANAGER,LATAM Division Branch 2 Unit 1
CK4968,Shirley,Cooper,emp4968@apexglobal.com,+14150004968,EMPLOYEE,LATAM Division Branch 2 Unit 2
CK4969,Jonathan,Kim,emp4969@apexglobal.com,+14150004969,EMPLOYEE,LATAM Division Branch 3 Unit 1
CK4970,Anna,Wood,emp4970@apexglobal.com,+14150004970,EMPLOYEE,LATAM Division Branch 3 Unit 2
CK4971,Stephen,Price,emp4971@apexglobal.com,+14150004971,EMPLOYEE,Global Engineering Branch 1 Unit 1
CK4972,Brenda,Ross,emp4972@apexglobal.com,+14150004972,TRAINER,Global Engineering Branch 1 Unit 2
CK4973,Larry,Jones,emp4973@apexglobal.com,+14150004973,MANAGER,Global Engineering Branch 2 Unit 1
CK4974,Pamela,Lopez,emp4974@apexglobal.com,+14150004974,EMPLOYEE,Global Engineering Branch 2 Unit 2
CK4975,Justin,Jackson,emp4975@apexglobal.com,+14150004975,EMPLOYEE,Global Engineering Branch 3 Unit 1
CK4976,Emma,Sanchez,emp4976@apexglobal.com,+14150004976,EMPLOYEE,Global Engineering Branch 3 Unit 2
CK4977,Scott,Allen,emp4977@apexglobal.com,+14150004977,EMPLOYEE,Product Innovation Branch 1 Unit 1
CK4978,Nicole,Flores,emp4978@apexglobal.com,+14150004978,TRAINER,Product Innovation Branch 1 Unit 2
CK4979,Brandon,Campbell,emp4979@apexglobal.com,+14150004979,MANAGER,Product Innovation Branch 2 Unit 1
CK4980,Helen,Turner,emp4980@apexglobal.com,+14150004980,EMPLOYEE,Product Innovation Branch 2 Unit 2
CK4981,Benjamin,Stewart,emp4981@apexglobal.com,+14150004981,EMPLOYEE,Product Innovation Branch 3 Unit 1
CK4982,Samantha,Ortiz,emp4982@apexglobal.com,+14150004982,EMPLOYEE,Product Innovation Branch 3 Unit 2
CK4983,Samuel,Howard,emp4983@apexglobal.com,+14150004983,EMPLOYEE,Financial Services Branch 1 Unit 1
CK4984,Katherine,Brooks,emp4984@apexglobal.com,+14150004984,TRAINER,Financial Services Branch 1 Unit 2
CK4985,Gregory,Ruiz,emp4985@apexglobal.com,+14150004985,MANAGER,Financial Services Branch 2 Unit 1
CK4986,Christine,Myers,emp4986@apexglobal.com,+14150004986,EMPLOYEE,Financial Services Branch 2 Unit 2
CK4987,Alexander,Williams,emp4987@apexglobal.com,+14150004987,EMPLOYEE,Financial Services Branch 3 Unit 1
CK4988,Debra,Martinez,emp4988@apexglobal.com,+14150004988,EMPLOYEE,Financial Services Branch 3 Unit 2
CK4989,Frank,Taylor,emp4989@apexglobal.com,+14150004989,EMPLOYEE,People and Culture Branch 1 Unit 1
CK4990,Rachel,White,emp4990@apexglobal.com,+14150004990,TRAINER,People and Culture Branch 1 Unit 2
CK4991,Patrick,Walker,emp4991@apexglobal.com,+14150004991,MANAGER,People and Culture Branch 2 Unit 1
CK4992,Carolyn,Nguyen,emp4992@apexglobal.com,+14150004992,EMPLOYEE,People and Culture Branch 2 Unit 2
CK4993,Raymond,Hall,emp4993@apexglobal.com,+14150004993,EMPLOYEE,People and Culture Branch 3 Unit 1
CK4994,Janet,Phillips,emp4994@apexglobal.com,+14150004994,EMPLOYEE,People and Culture Branch 3 Unit 2
CK4995,Jack,Collins,emp4995@apexglobal.com,+14150004995,EMPLOYEE,Legal and Risk Branch 1 Unit 1
CK4996,Maria,Rogers,emp4996@apexglobal.com,+14150004996,TRAINER,Legal and Risk Branch 1 Unit 2
CK4997,Dennis,Reed,emp4997@apexglobal.com,+14150004997,MANAGER,Legal and Risk Branch 2 Unit 1
CK4998,Heather,Richardson,emp4998@apexglobal.com,+14150004998,EMPLOYEE,Legal and Risk Branch 2 Unit 2
CK4999,Jerry,Gray,emp4999@apexglobal.com,+14150004999,EMPLOYEE,Legal and Risk Branch 3 Unit 1
CK5000,Diane,Sanders,emp5000@apexglobal.com,+14150005000,EMPLOYEE,Legal and Risk Branch 3 Unit 2
